"Código municipio";"Municipio";"Código provincia";"Provincia";"Código comunidad autónoma";"Comunidad Autónoma";"Clasificación LDSMR (3 tipos)";"Clasificación LDSMR (4 tipos)"
"035";"LANTARÓN";"01";"Álava";"15";"Comunidad Autónoma del País Vasco";"RNC";"RNC"
"034";"LEZA";"01";"Álava";"15";"Comunidad Autónoma del País Vasco";"RNC";"RNC"
"037";"ARRAIA-MAEZTU";"01";"Álava";"15";"Comunidad Autónoma del País Vasco";"RRD";"RRGD"
"039";"MOREDA DE ÁLAVA";"01";"Álava";"15";"Comunidad Autónoma del País Vasco";"RNC";"RNC"
"041";"NAVARIDAS";"01";"Álava";"15";"Comunidad Autónoma del País Vasco";"RNC";"RNC"
"042";"OKONDO";"01";"Álava";"15";"Comunidad Autónoma del País Vasco";"RNC";"RNC"
"043";"OYÓN-OION";"01";"Álava";"15";"Comunidad Autónoma del País Vasco";"RNC";"RNC"
"044";"PEÑACERRADA-URIZAHARRA";"01";"Álava";"15";"Comunidad Autónoma del País Vasco";"RRD";"RRGD"
"046";"RIBERA ALTA";"01";"Álava";"15";"Comunidad Autónoma del País Vasco";"RRD";"RRGD"
"047";"RIBERA BAJA/ERRIBERA BEITIA";"01";"Álava";"15";"Comunidad Autónoma del País Vasco";"RNC";"RNC"
"049";"AÑANA";"01";"Álava";"15";"Comunidad Autónoma del País Vasco";"RRD";"RRGD"
"051";"SALVATIERRA/AGURAIN";"01";"Álava";"15";"Comunidad Autónoma del País Vasco";"URBANO";"URBANO"
"052";"SAMANIEGO";"01";"Álava";"15";"Comunidad Autónoma del País Vasco";"RNC";"RNC"
"053";"SAN MILLÁN/DONEMILIAGA";"01";"Álava";"15";"Comunidad Autónoma del País Vasco";"RRD";"RRD"
"054";"URKABUSTAIZ";"01";"Álava";"15";"Comunidad Autónoma del País Vasco";"RNC";"RNC"
"055";"VALDEGOVÍA";"01";"Álava";"15";"Comunidad Autónoma del País Vasco";"RRD";"RRGD"
"056";"HARANA/VALLE DE ARANA";"01";"Álava";"15";"Comunidad Autónoma del País Vasco";"RRD";"RRGD"
"057";"VILLABUENA DE ÁLAVA/ESKUERNAGA";"01";"Álava";"15";"Comunidad Autónoma del País Vasco";"RNC";"RNC"
"058";"LEGUTIANO";"01";"Álava";"15";"Comunidad Autónoma del País Vasco";"RNC";"RNC"
"059";"VITORIA-GASTEIZ";"01";"Álava";"15";"Comunidad Autónoma del País Vasco";"URBANO";"URBANO"
"060";"YÉCORA/IEKORA";"01";"Álava";"15";"Comunidad Autónoma del País Vasco";"RNC";"RNC"
"061";"ZALDUONDO";"01";"Álava";"15";"Comunidad Autónoma del País Vasco";"RNC";"RNC"
"062";"ZAMBRANA";"01";"Álava";"15";"Comunidad Autónoma del País Vasco";"RRD";"RRD"
"063";"ZUIA";"01";"Álava";"15";"Comunidad Autónoma del País Vasco";"RNC";"RNC"
"064";"COMUNIDAD DE LAÑO PIPAON Y PEÑACERRADA";"01";"Álava";"15";"Comunidad Autónoma del País Vasco";"RRD";"RRGD"
"065";"PARZONERIA DE ENTZIA";"01";"Álava";"15";"Comunidad Autónoma del País Vasco";"RRD";"RRD"
"001";"ALEGRÍA-DULANTZI";"01";"Álava";"15";"Comunidad Autónoma del País Vasco";"URBANO";"URBANO"
"002";"AMURRIO";"01";"Álava";"15";"Comunidad Autónoma del País Vasco";"URBANO";"URBANO"
"003";"ARAMAIO";"01";"Álava";"15";"Comunidad Autónoma del País Vasco";"RNC";"RNC"
"004";"ARTZINIEGA";"01";"Álava";"15";"Comunidad Autónoma del País Vasco";"RNC";"RNC"
"006";"ARMIÑON";"01";"Álava";"15";"Comunidad Autónoma del País Vasco";"RNC";"RNC"
"008";"ARRAZUA-UBARRUNDIA";"01";"Álava";"15";"Comunidad Autónoma del País Vasco";"RNC";"RNC"
"009";"ASPARRENA";"01";"Álava";"15";"Comunidad Autónoma del País Vasco";"RNC";"RNC"
"010";"AYALA/AIARA";"01";"Álava";"15";"Comunidad Autónoma del País Vasco";"RNC";"RNC"
"011";"BAÑOS DE EBRO/MAÑUETA";"01";"Álava";"15";"Comunidad Autónoma del País Vasco";"RNC";"RNC"
"013";"BARRUNDIA";"01";"Álava";"15";"Comunidad Autónoma del País Vasco";"RRD";"RRD"
"014";"BERANTEVILLA";"01";"Álava";"15";"Comunidad Autónoma del País Vasco";"RRD";"RRD"
"016";"BERNEDO";"01";"Álava";"15";"Comunidad Autónoma del País Vasco";"RRD";"RRGD"
"017";"CAMPEZO/KANPEZU";"01";"Álava";"15";"Comunidad Autónoma del País Vasco";"RRD";"RRD"
"018";"ZIGOITIA";"01";"Álava";"15";"Comunidad Autónoma del País Vasco";"RNC";"RNC"
"019";"KRIPAN";"01";"Álava";"15";"Comunidad Autónoma del País Vasco";"RNC";"RNC"
"020";"KUARTANGO";"01";"Álava";"15";"Comunidad Autónoma del País Vasco";"RRD";"RRGD"
"021";"ELBURGO/BURGELU";"01";"Álava";"15";"Comunidad Autónoma del País Vasco";"RNC";"RNC"
"022";"ELCIEGO";"01";"Álava";"15";"Comunidad Autónoma del País Vasco";"RNC";"RNC"
"023";"ELVILLAR/BILAR";"01";"Álava";"15";"Comunidad Autónoma del País Vasco";"RNC";"RNC"
"026";"IRUÑA OKA/IRUÑA DE OCA";"01";"Álava";"15";"Comunidad Autónoma del País Vasco";"RNC";"RNC"
"027";"IRURAIZ-GAUNA";"01";"Álava";"15";"Comunidad Autónoma del País Vasco";"RRD";"RRD"
"028";"LABASTIDA";"01";"Álava";"15";"Comunidad Autónoma del País Vasco";"RNC";"RNC"
"030";"LAGRÁN";"01";"Álava";"15";"Comunidad Autónoma del País Vasco";"RRD";"RRGD"
"031";"LAGUARDIA";"01";"Álava";"15";"Comunidad Autónoma del País Vasco";"RNC";"RNC"
"032";"LANCIEGO/LANTZIEGO";"01";"Álava";"15";"Comunidad Autónoma del País Vasco";"RNC";"RNC"
"033";"LAPUEBLA DE LABARCA";"01";"Álava";"15";"Comunidad Autónoma del País Vasco";"URBANO";"URBANO"
"036";"LLODIO";"01";"Álava";"15";"Comunidad Autónoma del País Vasco";"URBANO";"URBANO"
"016";"BIENSERVIDA";"02";"Albacete";"07";"Comunidad Autónoma de Castilla-La Mancha";"RRD";"RRGD"
"017";"BOGARRA";"02";"Albacete";"07";"Comunidad Autónoma de Castilla-La Mancha";"RRD";"RRGD"
"018";"BONETE";"02";"Albacete";"07";"Comunidad Autónoma de Castilla-La Mancha";"RRD";"RRD"
"019";"BONILLO (EL)";"02";"Albacete";"07";"Comunidad Autónoma de Castilla-La Mancha";"RRD";"RRGD"
"020";"CARCELEN";"02";"Albacete";"07";"Comunidad Autónoma de Castilla-La Mancha";"RRD";"RRGD"
"021";"CASAS DE JUAN NUÑEZ";"02";"Albacete";"07";"Comunidad Autónoma de Castilla-La Mancha";"RNC";"RNC"
"022";"CASAS DE LAZARO";"02";"Albacete";"07";"Comunidad Autónoma de Castilla-La Mancha";"RRD";"RRGD"
"023";"CASAS DE VES";"02";"Albacete";"07";"Comunidad Autónoma de Castilla-La Mancha";"RRD";"RRGD"
"024";"CASAS-IBAÑEZ";"02";"Albacete";"07";"Comunidad Autónoma de Castilla-La Mancha";"RNC";"RNC"
"025";"CAUDETE";"02";"Albacete";"07";"Comunidad Autónoma de Castilla-La Mancha";"RNC";"RNC"
"026";"CENIZATE";"02";"Albacete";"07";"Comunidad Autónoma de Castilla-La Mancha";"RNC";"RNC"
"027";"CORRAL-RUBIO";"02";"Albacete";"07";"Comunidad Autónoma de Castilla-La Mancha";"RRD";"RRGD"
"028";"COTILLAS";"02";"Albacete";"07";"Comunidad Autónoma de Castilla-La Mancha";"RRD";"RRD"
"029";"CHINCHILLA DE MONTE-ARAGON";"02";"Albacete";"07";"Comunidad Autónoma de Castilla-La Mancha";"RRD";"RRGD"
"030";"ELCHE DE LA SIERRA";"02";"Albacete";"07";"Comunidad Autónoma de Castilla-La Mancha";"RNC";"RNC"
"031";"FEREZ";"02";"Albacete";"07";"Comunidad Autónoma de Castilla-La Mancha";"RRD";"RRGD"
"032";"FUENSANTA";"02";"Albacete";"07";"Comunidad Autónoma de Castilla-La Mancha";"RRD";"RRD"
"033";"FUENTE-ALAMO";"02";"Albacete";"07";"Comunidad Autónoma de Castilla-La Mancha";"RNC";"RNC"
"034";"FUENTEALBILLA";"02";"Albacete";"07";"Comunidad Autónoma de Castilla-La Mancha";"RNC";"RNC"
"035";"GINETA (LA)";"02";"Albacete";"07";"Comunidad Autónoma de Castilla-La Mancha";"RNC";"RNC"
"036";"GOLOSALVO";"02";"Albacete";"07";"Comunidad Autónoma de Castilla-La Mancha";"RRD";"RRGD"
"037";"HELLIN";"02";"Albacete";"07";"Comunidad Autónoma de Castilla-La Mancha";"URBANO";"URBANO"
"038";"HERRERA (LA)";"02";"Albacete";"07";"Comunidad Autónoma de Castilla-La Mancha";"RRD";"RRGD"
"039";"HIGUERUELA";"02";"Albacete";"07";"Comunidad Autónoma de Castilla-La Mancha";"RRD";"RRGD"
"040";"HOYA-GONZALO";"02";"Albacete";"07";"Comunidad Autónoma de Castilla-La Mancha";"RRD";"RRGD"
"041";"JORQUERA";"02";"Albacete";"07";"Comunidad Autónoma de Castilla-La Mancha";"RRD";"RRGD"
"042";"LETUR";"02";"Albacete";"07";"Comunidad Autónoma de Castilla-La Mancha";"RRD";"RRGD"
"043";"LEZUZA";"02";"Albacete";"07";"Comunidad Autónoma de Castilla-La Mancha";"RRD";"RRGD"
"044";"LIETOR";"02";"Albacete";"07";"Comunidad Autónoma de Castilla-La Mancha";"RRD";"RRGD"
"045";"MADRIGUERAS";"02";"Albacete";"07";"Comunidad Autónoma de Castilla-La Mancha";"RNC";"RNC"
"046";"MAHORA";"02";"Albacete";"07";"Comunidad Autónoma de Castilla-La Mancha";"RNC";"RNC"
"047";"MASEGOSO";"02";"Albacete";"07";"Comunidad Autónoma de Castilla-La Mancha";"RRD";"RRGD"
"048";"MINAYA";"02";"Albacete";"07";"Comunidad Autónoma de Castilla-La Mancha";"RNC";"RNC"
"049";"MOLINICOS";"02";"Albacete";"07";"Comunidad Autónoma de Castilla-La Mancha";"RRD";"RRGD"
"050";"MONTALVOS";"02";"Albacete";"07";"Comunidad Autónoma de Castilla-La Mancha";"RRD";"RRGD"
"051";"MONTEALEGRE DEL CASTILLO";"02";"Albacete";"07";"Comunidad Autónoma de Castilla-La Mancha";"RRD";"RRD"
"052";"MOTILLEJA";"02";"Albacete";"07";"Comunidad Autónoma de Castilla-La Mancha";"RNC";"RNC"
"053";"MUNERA";"02";"Albacete";"07";"Comunidad Autónoma de Castilla-La Mancha";"RNC";"RNC"
"054";"NAVAS DE JORQUERA";"02";"Albacete";"07";"Comunidad Autónoma de Castilla-La Mancha";"RRD";"RRD"
"055";"NERPIO";"02";"Albacete";"07";"Comunidad Autónoma de Castilla-La Mancha";"RRD";"RRGD"
"056";"ONTUR";"02";"Albacete";"07";"Comunidad Autónoma de Castilla-La Mancha";"RNC";"RNC"
"057";"OSSA DE MONTIEL";"02";"Albacete";"07";"Comunidad Autónoma de Castilla-La Mancha";"RRD";"RRD"
"058";"PATERNA DEL MADERA";"02";"Albacete";"07";"Comunidad Autónoma de Castilla-La Mancha";"RRD";"RRGD"
"059";"PEÑASCOSA";"02";"Albacete";"07";"Comunidad Autónoma de Castilla-La Mancha";"RRD";"RRGD"
"060";"PEÑAS DE SAN PEDRO";"02";"Albacete";"07";"Comunidad Autónoma de Castilla-La Mancha";"RRD";"RRD"
"061";"PETROLA";"02";"Albacete";"07";"Comunidad Autónoma de Castilla-La Mancha";"RRD";"RRD"
"062";"POVEDILLA";"02";"Albacete";"07";"Comunidad Autónoma de Castilla-La Mancha";"RRD";"RRD"
"063";"POZOHONDO";"02";"Albacete";"07";"Comunidad Autónoma de Castilla-La Mancha";"RRD";"RRD"
"064";"POZO-LORENTE";"02";"Albacete";"07";"Comunidad Autónoma de Castilla-La Mancha";"RRD";"RRGD"
"065";"POZUELO";"02";"Albacete";"07";"Comunidad Autónoma de Castilla-La Mancha";"RRD";"RRGD"
"066";"RECUEJA (LA)";"02";"Albacete";"07";"Comunidad Autónoma de Castilla-La Mancha";"RRD";"RRD"
"067";"RIOPAR";"02";"Albacete";"07";"Comunidad Autónoma de Castilla-La Mancha";"RNC";"RNC"
"068";"ROBLEDO";"02";"Albacete";"07";"Comunidad Autónoma de Castilla-La Mancha";"RRD";"RRGD"
"069";"RODA (LA)";"02";"Albacete";"07";"Comunidad Autónoma de Castilla-La Mancha";"RNC";"RNC"
"070";"SALOBRE";"02";"Albacete";"07";"Comunidad Autónoma de Castilla-La Mancha";"RRD";"RRD"
"071";"SAN PEDRO";"02";"Albacete";"07";"Comunidad Autónoma de Castilla-La Mancha";"RNC";"RNC"
"072";"SOCOVOS";"02";"Albacete";"07";"Comunidad Autónoma de Castilla-La Mancha";"RNC";"RNC"
"073";"TARAZONA DE LA MANCHA";"02";"Albacete";"07";"Comunidad Autónoma de Castilla-La Mancha";"RNC";"RNC"
"074";"TOBARRA";"02";"Albacete";"07";"Comunidad Autónoma de Castilla-La Mancha";"RNC";"RNC"
"075";"VALDEGANGA";"02";"Albacete";"07";"Comunidad Autónoma de Castilla-La Mancha";"RNC";"RNC"
"076";"VIANOS";"02";"Albacete";"07";"Comunidad Autónoma de Castilla-La Mancha";"RRD";"RRGD"
"077";"VILLA DE VES";"02";"Albacete";"07";"Comunidad Autónoma de Castilla-La Mancha";"RRD";"RRGD"
"078";"VILLALGORDO DEL JUCAR";"02";"Albacete";"07";"Comunidad Autónoma de Castilla-La Mancha";"RNC";"RNC"
"079";"VILLAMALEA";"02";"Albacete";"07";"Comunidad Autónoma de Castilla-La Mancha";"RNC";"RNC"
"080";"VILLAPALACIOS";"02";"Albacete";"07";"Comunidad Autónoma de Castilla-La Mancha";"RRD";"RRGD"
"081";"VILLARROBLEDO";"02";"Albacete";"07";"Comunidad Autónoma de Castilla-La Mancha";"RNC";"RNC"
"082";"VILLATOYA";"02";"Albacete";"07";"Comunidad Autónoma de Castilla-La Mancha";"RRD";"RRGD"
"083";"VILLAVALIENTE";"02";"Albacete";"07";"Comunidad Autónoma de Castilla-La Mancha";"RRD";"RRGD"
"084";"VILLAVERDE DE GUADALIMAR";"02";"Albacete";"07";"Comunidad Autónoma de Castilla-La Mancha";"RRD";"RRGD"
"085";"VIVEROS";"02";"Albacete";"07";"Comunidad Autónoma de Castilla-La Mancha";"RRD";"RRGD"
"086";"YESTE";"02";"Albacete";"07";"Comunidad Autónoma de Castilla-La Mancha";"RRD";"RRGD"
"087";"POZO CAÑADA";"02";"Albacete";"07";"Comunidad Autónoma de Castilla-La Mancha";"RNC";"RNC"
"900";"ALBACETE";"02";"Albacete";"07";"Comunidad Autónoma de Castilla-La Mancha";"URBANO";"URBANO"
"901";"ALBACETE(Código Antiguo)";"02";"Albacete";"07";"Comunidad Autónoma de Castilla-La Mancha";"URBANO";"URBANO"
"001";"ABENGIBRE";"02";"Albacete";"07";"Comunidad Autónoma de Castilla-La Mancha";"RNC";"RNC"
"002";"ALATOZ";"02";"Albacete";"07";"Comunidad Autónoma de Castilla-La Mancha";"RRD";"RRD"
"004";"ALBATANA";"02";"Albacete";"07";"Comunidad Autónoma de Castilla-La Mancha";"RNC";"RNC"
"005";"ALBOREA";"02";"Albacete";"07";"Comunidad Autónoma de Castilla-La Mancha";"RRD";"RRD"
"006";"ALCADOZO";"02";"Albacete";"07";"Comunidad Autónoma de Castilla-La Mancha";"RRD";"RRGD"
"007";"ALCALA DEL JUCAR";"02";"Albacete";"07";"Comunidad Autónoma de Castilla-La Mancha";"RRD";"RRD"
"008";"ALCARAZ";"02";"Albacete";"07";"Comunidad Autónoma de Castilla-La Mancha";"RRD";"RRGD"
"009";"ALMANSA";"02";"Albacete";"07";"Comunidad Autónoma de Castilla-La Mancha";"RNC";"RNC"
"010";"ALPERA";"02";"Albacete";"07";"Comunidad Autónoma de Castilla-La Mancha";"RNC";"RNC"
"011";"AYNA";"02";"Albacete";"07";"Comunidad Autónoma de Castilla-La Mancha";"RRD";"RRGD"
"012";"BALAZOTE";"02";"Albacete";"07";"Comunidad Autónoma de Castilla-La Mancha";"RNC";"RNC"
"013";"BALSA DE VES";"02";"Albacete";"07";"Comunidad Autónoma de Castilla-La Mancha";"RRD";"RRGD"
"014";"BALLESTERO (EL)";"02";"Albacete";"07";"Comunidad Autónoma de Castilla-La Mancha";"RRD";"RRGD"
"015";"BARRAX";"02";"Albacete";"07";"Comunidad Autónoma de Castilla-La Mancha";"RRD";"RRD"
"002";"AGOST";"03";"Alicante";"17";"Comunidad Valenciana";"RNC";"RNC"
"003";"AGRES";"03";"Alicante";"17";"Comunidad Valenciana";"RNC";"RNC"
"004";"AIGÜES";"03";"Alicante";"17";"Comunidad Valenciana";"RNC";"RNC"
"005";"ALBATERA";"03";"Alicante";"17";"Comunidad Valenciana";"URBANO";"URBANO"
"006";"ALCALALI";"03";"Alicante";"17";"Comunidad Valenciana";"RNC";"RNC"
"007";"ALCOCER DE PLANES";"03";"Alicante";"17";"Comunidad Valenciana";"RNC";"RNC"
"008";"ALCOLEJA";"03";"Alicante";"17";"Comunidad Valenciana";"RRD";"RRD"
"009";"ALCOY/ALCOI";"03";"Alicante";"17";"Comunidad Valenciana";"URBANO";"URBANO"
"010";"ALFAFARA";"03";"Alicante";"17";"Comunidad Valenciana";"RNC";"RNC"
"011";"ALFAS DEL PI (L')";"03";"Alicante";"17";"Comunidad Valenciana";"URBANO";"URBANO"
"012";"ALGORFA";"03";"Alicante";"17";"Comunidad Valenciana";"URBANO";"URBANO"
"013";"ALGUEÑA";"03";"Alicante";"17";"Comunidad Valenciana";"RNC";"RNC"
"015";"ALMORADI";"03";"Alicante";"17";"Comunidad Valenciana";"URBANO";"URBANO"
"017";"ALQUERIA D'ASNAR (L')";"03";"Alicante";"17";"Comunidad Valenciana";"URBANO";"URBANO"
"018";"ALTEA";"03";"Alicante";"17";"Comunidad Valenciana";"URBANO";"URBANO"
"019";"ASPE";"03";"Alicante";"17";"Comunidad Valenciana";"URBANO";"URBANO"
"020";"BALONES";"03";"Alicante";"17";"Comunidad Valenciana";"RRD";"RRD"
"021";"BANYERES DE MARIOLA";"03";"Alicante";"17";"Comunidad Valenciana";"URBANO";"URBANO"
"022";"BENASAU";"03";"Alicante";"17";"Comunidad Valenciana";"RNC";"RNC"
"023";"BENEIXAMA";"03";"Alicante";"17";"Comunidad Valenciana";"RNC";"RNC"
"024";"BENEJUZAR";"03";"Alicante";"17";"Comunidad Valenciana";"URBANO";"URBANO"
"025";"BENFERRI";"03";"Alicante";"17";"Comunidad Valenciana";"URBANO";"URBANO"
"026";"BENIARBEIG";"03";"Alicante";"17";"Comunidad Valenciana";"URBANO";"URBANO"
"027";"BENIARDA";"03";"Alicante";"17";"Comunidad Valenciana";"RRD";"RRD"
"028";"BENIARRES";"03";"Alicante";"17";"Comunidad Valenciana";"RNC";"RNC"
"029";"BENIGEMBLA";"03";"Alicante";"17";"Comunidad Valenciana";"RNC";"RNC"
"030";"BENIDOLEIG";"03";"Alicante";"17";"Comunidad Valenciana";"URBANO";"URBANO"
"031";"BENIDORM";"03";"Alicante";"17";"Comunidad Valenciana";"URBANO";"URBANO"
"032";"BENIFALLIM";"03";"Alicante";"17";"Comunidad Valenciana";"RRD";"RRGD"
"033";"BENIFATO";"03";"Alicante";"17";"Comunidad Valenciana";"RNC";"RNC"
"034";"BENIJOFAR";"03";"Alicante";"17";"Comunidad Valenciana";"URBANO";"URBANO"
"035";"BENILLOBA";"03";"Alicante";"17";"Comunidad Valenciana";"RNC";"RNC"
"036";"BENILLUP";"03";"Alicante";"17";"Comunidad Valenciana";"RNC";"RNC"
"037";"BENIMANTELL";"03";"Alicante";"17";"Comunidad Valenciana";"RNC";"RNC"
"038";"BENIMARFULL";"03";"Alicante";"17";"Comunidad Valenciana";"RNC";"RNC"
"039";"BENIMASSOT";"03";"Alicante";"17";"Comunidad Valenciana";"RRD";"RRD"
"040";"BENIMELI";"03";"Alicante";"17";"Comunidad Valenciana";"URBANO";"URBANO"
"041";"BENISSA";"03";"Alicante";"17";"Comunidad Valenciana";"URBANO";"URBANO"
"042";"BENITACHELL/POBLE NOU DE BENITATXELL (EL)";"03";"Alicante";"17";"Comunidad Valenciana";"URBANO";"URBANO"
"043";"BIAR";"03";"Alicante";"17";"Comunidad Valenciana";"RNC";"RNC"
"044";"BIGASTRO";"03";"Alicante";"17";"Comunidad Valenciana";"URBANO";"URBANO"
"045";"BOLULLA";"03";"Alicante";"17";"Comunidad Valenciana";"RNC";"RNC"
"046";"BUSOT";"03";"Alicante";"17";"Comunidad Valenciana";"RNC";"RNC"
"047";"CALP";"03";"Alicante";"17";"Comunidad Valenciana";"URBANO";"URBANO"
"048";"CALLOSA D'EN SARRIA";"03";"Alicante";"17";"Comunidad Valenciana";"URBANO";"URBANO"
"049";"CALLOSA DE SEGURA";"03";"Alicante";"17";"Comunidad Valenciana";"URBANO";"URBANO"
"050";"CAMPELLO (EL)";"03";"Alicante";"17";"Comunidad Valenciana";"URBANO";"URBANO"
"051";"CAMPO DE MIRRA/CAMP DE MIRRA (EL)";"03";"Alicante";"17";"Comunidad Valenciana";"RNC";"RNC"
"052";"CAÑADA";"03";"Alicante";"17";"Comunidad Valenciana";"RNC";"RNC"
"053";"CASTALLA";"03";"Alicante";"17";"Comunidad Valenciana";"RNC";"RNC"
"054";"CASTELL DE CASTELLS";"03";"Alicante";"17";"Comunidad Valenciana";"RRD";"RRD"
"055";"CATRAL";"03";"Alicante";"17";"Comunidad Valenciana";"URBANO";"URBANO"
"056";"COCENTAINA";"03";"Alicante";"17";"Comunidad Valenciana";"URBANO";"URBANO"
"057";"CONFRIDES";"03";"Alicante";"17";"Comunidad Valenciana";"RRD";"RRGD"
"058";"COX";"03";"Alicante";"17";"Comunidad Valenciana";"URBANO";"URBANO"
"059";"CREVILLENT";"03";"Alicante";"17";"Comunidad Valenciana";"URBANO";"URBANO"
"060";"QUATRETONDETA";"03";"Alicante";"17";"Comunidad Valenciana";"RRD";"RRGD"
"061";"DAYA NUEVA";"03";"Alicante";"17";"Comunidad Valenciana";"URBANO";"URBANO"
"062";"DAYA VIEJA";"03";"Alicante";"17";"Comunidad Valenciana";"URBANO";"URBANO"
"063";"DENIA";"03";"Alicante";"17";"Comunidad Valenciana";"URBANO";"URBANO"
"064";"DOLORES";"03";"Alicante";"17";"Comunidad Valenciana";"URBANO";"URBANO"
"065";"ELCHE/ELX";"03";"Alicante";"17";"Comunidad Valenciana";"URBANO";"URBANO"
"066";"ELDA";"03";"Alicante";"17";"Comunidad Valenciana";"URBANO";"URBANO"
"067";"FACHECA";"03";"Alicante";"17";"Comunidad Valenciana";"RRD";"RRD"
"068";"FAMORCA";"03";"Alicante";"17";"Comunidad Valenciana";"RRD";"RRGD"
"069";"FINESTRAT";"03";"Alicante";"17";"Comunidad Valenciana";"URBANO";"URBANO"
"070";"FORMENTERA DEL SEGURA";"03";"Alicante";"17";"Comunidad Valenciana";"URBANO";"URBANO"
"071";"GATA DE GORGOS";"03";"Alicante";"17";"Comunidad Valenciana";"URBANO";"URBANO"
"072";"GAIANES";"03";"Alicante";"17";"Comunidad Valenciana";"RNC";"RNC"
"073";"GORGA";"03";"Alicante";"17";"Comunidad Valenciana";"RNC";"RNC"
"074";"GRANJA DE ROCAMORA";"03";"Alicante";"17";"Comunidad Valenciana";"URBANO";"URBANO"
"075";"EL CASTELL DE GUADALEST";"03";"Alicante";"17";"Comunidad Valenciana";"RNC";"RNC"
"076";"GUARDAMAR DEL SEGURA";"03";"Alicante";"17";"Comunidad Valenciana";"URBANO";"URBANO"
"077";"FONDÓ DE LES NEUS, EL/HONDÓN DE LAS NIEVES";"03";"Alicante";"17";"Comunidad Valenciana";"RNC";"RNC"
"078";"HONDON DE LOS FRAILES";"03";"Alicante";"17";"Comunidad Valenciana";"RNC";"RNC"
"079";"IBI";"03";"Alicante";"17";"Comunidad Valenciana";"URBANO";"URBANO"
"001";"ADSUBIA";"03";"Alicante";"17";"Comunidad Valenciana";"RNC";"RNC"
"080";"JACARILLA";"03";"Alicante";"17";"Comunidad Valenciana";"URBANO";"URBANO"
"081";"XALO";"03";"Alicante";"17";"Comunidad Valenciana";"RNC";"RNC"
"082";"JAVEA/XABIA";"03";"Alicante";"17";"Comunidad Valenciana";"URBANO";"URBANO"
"083";"JIJONA/XIXONA";"03";"Alicante";"17";"Comunidad Valenciana";"RNC";"RNC"
"084";"LORCHA/ORXA (L')";"03";"Alicante";"17";"Comunidad Valenciana";"RNC";"RNC"
"085";"LLIBER";"03";"Alicante";"17";"Comunidad Valenciana";"RNC";"RNC"
"086";"MILLENA";"03";"Alicante";"17";"Comunidad Valenciana";"RNC";"RNC"
"088";"MONFORTE DEL CID";"03";"Alicante";"17";"Comunidad Valenciana";"RNC";"RNC"
"089";"MONOVAR/MONOVER";"03";"Alicante";"17";"Comunidad Valenciana";"RNC";"RNC"
"090";"MUTXAMEL";"03";"Alicante";"17";"Comunidad Valenciana";"URBANO";"URBANO"
"091";"MURLA";"03";"Alicante";"17";"Comunidad Valenciana";"RNC";"RNC"
"092";"MURO DE ALCOY";"03";"Alicante";"17";"Comunidad Valenciana";"URBANO";"URBANO"
"093";"NOVELDA";"03";"Alicante";"17";"Comunidad Valenciana";"URBANO";"URBANO"
"094";"NUCIA (LA)";"03";"Alicante";"17";"Comunidad Valenciana";"URBANO";"URBANO"
"095";"ONDARA";"03";"Alicante";"17";"Comunidad Valenciana";"URBANO";"URBANO"
"096";"ONIL";"03";"Alicante";"17";"Comunidad Valenciana";"URBANO";"URBANO"
"097";"ORBA";"03";"Alicante";"17";"Comunidad Valenciana";"URBANO";"URBANO"
"098";"ORXETA";"03";"Alicante";"17";"Comunidad Valenciana";"RNC";"RNC"
"099";"ORIHUELA";"03";"Alicante";"17";"Comunidad Valenciana";"URBANO";"URBANO"
"100";"PARCENT";"03";"Alicante";"17";"Comunidad Valenciana";"RNC";"RNC"
"101";"PEDREGUER";"03";"Alicante";"17";"Comunidad Valenciana";"URBANO";"URBANO"
"102";"PEGO";"03";"Alicante";"17";"Comunidad Valenciana";"URBANO";"URBANO"
"103";"PENAGUILA";"03";"Alicante";"17";"Comunidad Valenciana";"RRD";"RRGD"
"104";"PETRER";"03";"Alicante";"17";"Comunidad Valenciana";"URBANO";"URBANO"
"105";"EL PINOS / PINOSO";"03";"Alicante";"17";"Comunidad Valenciana";"RNC";"RNC"
"106";"PLANES";"03";"Alicante";"17";"Comunidad Valenciana";"RNC";"RNC"
"107";"POLOP";"03";"Alicante";"17";"Comunidad Valenciana";"URBANO";"URBANO"
"109";"RAFAL";"03";"Alicante";"17";"Comunidad Valenciana";"URBANO";"URBANO"
"110";"EL RAFOL D'ALMUNIA";"03";"Alicante";"17";"Comunidad Valenciana";"URBANO";"URBANO"
"111";"REDOVAN";"03";"Alicante";"17";"Comunidad Valenciana";"URBANO";"URBANO"
"112";"RELLEU";"03";"Alicante";"17";"Comunidad Valenciana";"RNC";"RNC"
"113";"ROJALES";"03";"Alicante";"17";"Comunidad Valenciana";"URBANO";"URBANO"
"114";"ROMANA (LA)";"03";"Alicante";"17";"Comunidad Valenciana";"RNC";"RNC"
"115";"SAGRA";"03";"Alicante";"17";"Comunidad Valenciana";"RNC";"RNC"
"116";"SALINAS";"03";"Alicante";"17";"Comunidad Valenciana";"RNC";"RNC"
"117";"SANET Y NEGRALS";"03";"Alicante";"17";"Comunidad Valenciana";"URBANO";"URBANO"
"118";"SAN FULGENCIO";"03";"Alicante";"17";"Comunidad Valenciana";"URBANO";"URBANO"
"119";"SANT JOAN D`ALACANT";"03";"Alicante";"17";"Comunidad Valenciana";"URBANO";"URBANO"
"120";"SAN MIGUEL DE SALINAS";"03";"Alicante";"17";"Comunidad Valenciana";"URBANO";"URBANO"
"121";"SANTA POLA";"03";"Alicante";"17";"Comunidad Valenciana";"URBANO";"URBANO"
"122";"SAN VICENTE DEL RASPEIG/SANT VICENT DEL RASPEIG";"03";"Alicante";"17";"Comunidad Valenciana";"URBANO";"URBANO"
"123";"SAX";"03";"Alicante";"17";"Comunidad Valenciana";"URBANO";"URBANO"
"124";"SELLA";"03";"Alicante";"17";"Comunidad Valenciana";"RNC";"RNC"
"125";"SENIJA";"03";"Alicante";"17";"Comunidad Valenciana";"URBANO";"URBANO"
"126";"POBLETS (ELS)";"03";"Alicante";"17";"Comunidad Valenciana";"URBANO";"URBANO"
"127";"TARBENA";"03";"Alicante";"17";"Comunidad Valenciana";"RNC";"RNC"
"128";"TEULADA";"03";"Alicante";"17";"Comunidad Valenciana";"URBANO";"URBANO"
"129";"TIBI";"03";"Alicante";"17";"Comunidad Valenciana";"RNC";"RNC"
"130";"TOLLOS";"03";"Alicante";"17";"Comunidad Valenciana";"RRD";"RRGD"
"131";"TORMOS";"03";"Alicante";"17";"Comunidad Valenciana";"RNC";"RNC"
"132";"TORREMANZANAS/TORRE DE LES MAÇANES, LA";"03";"Alicante";"17";"Comunidad Valenciana";"RNC";"RNC"
"133";"TORREVIEJA";"03";"Alicante";"17";"Comunidad Valenciana";"URBANO";"URBANO"
"134";"VALL D'ALCALA (LA)";"03";"Alicante";"17";"Comunidad Valenciana";"RRD";"RRGD"
"135";"LA VALL D' EBO";"03";"Alicante";"17";"Comunidad Valenciana";"RRD";"RRGD"
"136";"VALL DE GALLINERA";"03";"Alicante";"17";"Comunidad Valenciana";"RRD";"RRD"
"137";"VALL DE LAGUAR(LA)";"03";"Alicante";"17";"Comunidad Valenciana";"RNC";"RNC"
"138";"VERGER (EL)";"03";"Alicante";"17";"Comunidad Valenciana";"URBANO";"URBANO"
"139";"VILLAJOYOSA/VILA JOIOSA (LA)";"03";"Alicante";"17";"Comunidad Valenciana";"URBANO";"URBANO"
"140";"VILLENA";"03";"Alicante";"17";"Comunidad Valenciana";"URBANO";"URBANO"
"141";"MONTESINOS (LOS)";"03";"Alicante";"17";"Comunidad Valenciana";"URBANO";"URBANO"
"142";"PILAR DE LA HORADADA";"03";"Alicante";"17";"Comunidad Valenciana";"URBANO";"URBANO"
"143";"SAN ISIDRO";"03";"Alicante";"17";"Comunidad Valenciana";"URBANO";"URBANO"
"900";"ALICANTE/ALACANT";"03";"Alicante";"17";"Comunidad Valenciana";"URBANO";"URBANO"
"016";"ALMUDAINA";"03";"Alicante";"17";"Comunidad Valenciana";"RRD";"RRD"
"030";"Canjáyar";"04";"Almería";"01";"Comunidad Autónoma de Andalucía";"RNC";"RNC"
"031";"Cantoria";"04";"Almería";"01";"Comunidad Autónoma de Andalucía";"RNC";"RNC"
"032";"Carboneras";"04";"Almería";"01";"Comunidad Autónoma de Andalucía";"RNC";"RNC"
"033";"Castro de Filabres";"04";"Almería";"01";"Comunidad Autónoma de Andalucía";"RRD";"RRGD"
"034";"Cóbdar";"04";"Almería";"01";"Comunidad Autónoma de Andalucía";"RRD";"RRGD"
"035";"Cuevas del Almanzora";"04";"Almería";"01";"Comunidad Autónoma de Andalucía";"RNC";"RNC"
"036";"Chercos";"04";"Almería";"01";"Comunidad Autónoma de Andalucía";"RNC";"RNC"
"037";"Chirivel";"04";"Almería";"01";"Comunidad Autónoma de Andalucía";"RRD";"RRGD"
"038";"Dalías";"04";"Almería";"01";"Comunidad Autónoma de Andalucía";"RNC";"RNC"
"040";"Tres Villas (Las)";"04";"Almería";"01";"Comunidad Autónoma de Andalucía";"RRD";"RRGD"
"041";"Enix";"04";"Almería";"01";"Comunidad Autónoma de Andalucía";"RRD";"RRGD"
"043";"Felix";"04";"Almería";"01";"Comunidad Autónoma de Andalucía";"RRD";"RRGD"
"044";"Fines";"04";"Almería";"01";"Comunidad Autónoma de Andalucía";"RNC";"RNC"
"045";"Fiñana";"04";"Almería";"01";"Comunidad Autónoma de Andalucía";"RNC";"RNC"
"046";"Fondón";"04";"Almería";"01";"Comunidad Autónoma de Andalucía";"RRD";"RRD"
"047";"Gádor";"04";"Almería";"01";"Comunidad Autónoma de Andalucía";"RNC";"RNC"
"048";"Gallardos (Los)";"04";"Almería";"01";"Comunidad Autónoma de Andalucía";"RNC";"RNC"
"049";"Garrucha";"04";"Almería";"01";"Comunidad Autónoma de Andalucía";"URBANO";"URBANO"
"050";"Gérgal";"04";"Almería";"01";"Comunidad Autónoma de Andalucía";"RRD";"RRGD"
"051";"Huécija";"04";"Almería";"01";"Comunidad Autónoma de Andalucía";"RNC";"RNC"
"052";"Huércal de Almería";"04";"Almería";"01";"Comunidad Autónoma de Andalucía";"URBANO";"URBANO"
"053";"Huércal-Overa";"04";"Almería";"01";"Comunidad Autónoma de Andalucía";"RNC";"RNC"
"054";"Illar";"04";"Almería";"01";"Comunidad Autónoma de Andalucía";"RNC";"RNC"
"055";"Instinción";"04";"Almería";"01";"Comunidad Autónoma de Andalucía";"RNC";"RNC"
"056";"Laroya";"04";"Almería";"01";"Comunidad Autónoma de Andalucía";"RRD";"RRGD"
"057";"Laujar de Andarax";"04";"Almería";"01";"Comunidad Autónoma de Andalucía";"RNC";"RNC"
"058";"Líjar";"04";"Almería";"01";"Comunidad Autónoma de Andalucía";"RNC";"RNC"
"059";"Lubrín";"04";"Almería";"01";"Comunidad Autónoma de Andalucía";"RRD";"RRD"
"060";"Lucainena de las Torres";"04";"Almería";"01";"Comunidad Autónoma de Andalucía";"RRD";"RRGD"
"061";"Lúcar";"04";"Almería";"01";"Comunidad Autónoma de Andalucía";"RRD";"RRGD"
"062";"Macael";"04";"Almería";"01";"Comunidad Autónoma de Andalucía";"URBANO";"URBANO"
"063";"María";"04";"Almería";"01";"Comunidad Autónoma de Andalucía";"RRD";"RRGD"
"064";"Mojácar";"04";"Almería";"01";"Comunidad Autónoma de Andalucía";"RNC";"RNC"
"065";"Nacimiento";"04";"Almería";"01";"Comunidad Autónoma de Andalucía";"RRD";"RRGD"
"066";"Níjar";"04";"Almería";"01";"Comunidad Autónoma de Andalucía";"URBANO";"URBANO"
"067";"Ohanes";"04";"Almería";"01";"Comunidad Autónoma de Andalucía";"RNC";"RNC"
"068";"Olula de Castro";"04";"Almería";"01";"Comunidad Autónoma de Andalucía";"RRD";"RRGD"
"069";"Olula del Río";"04";"Almería";"01";"Comunidad Autónoma de Andalucía";"URBANO";"URBANO"
"001";"Abla";"04";"Almería";"01";"Comunidad Autónoma de Andalucía";"RNC";"RNC"
"070";"Oria";"04";"Almería";"01";"Comunidad Autónoma de Andalucía";"RRD";"RRD"
"071";"Padules";"04";"Almería";"01";"Comunidad Autónoma de Andalucía";"RNC";"RNC"
"072";"Partaloa";"04";"Almería";"01";"Comunidad Autónoma de Andalucía";"RNC";"RNC"
"073";"Paterna del Río";"04";"Almería";"01";"Comunidad Autónoma de Andalucía";"RRD";"RRGD"
"074";"Pechina";"04";"Almería";"01";"Comunidad Autónoma de Andalucía";"RNC";"RNC"
"075";"Pulpí";"04";"Almería";"01";"Comunidad Autónoma de Andalucía";"URBANO";"URBANO"
"076";"Purchena";"04";"Almería";"01";"Comunidad Autónoma de Andalucía";"RNC";"RNC"
"077";"Rágol";"04";"Almería";"01";"Comunidad Autónoma de Andalucía";"RRD";"RRD"
"078";"Rioja";"04";"Almería";"01";"Comunidad Autónoma de Andalucía";"RNC";"RNC"
"079";"Roquetas de Mar";"04";"Almería";"01";"Comunidad Autónoma de Andalucía";"URBANO";"URBANO"
"080";"Santa Cruz de Marchena";"04";"Almería";"01";"Comunidad Autónoma de Andalucía";"RRD";"RRD"
"081";"Santa Fe de Mondújar";"04";"Almería";"01";"Comunidad Autónoma de Andalucía";"RRD";"RRD"
"082";"Senés";"04";"Almería";"01";"Comunidad Autónoma de Andalucía";"RRD";"RRGD"
"083";"Serón";"04";"Almería";"01";"Comunidad Autónoma de Andalucía";"RRD";"RRD"
"084";"Sierro";"04";"Almería";"01";"Comunidad Autónoma de Andalucía";"RNC";"RNC"
"085";"Somontín";"04";"Almería";"01";"Comunidad Autónoma de Andalucía";"RNC";"RNC"
"086";"Sorbas";"04";"Almería";"01";"Comunidad Autónoma de Andalucía";"RRD";"RRD"
"087";"Suflí";"04";"Almería";"01";"Comunidad Autónoma de Andalucía";"RNC";"RNC"
"088";"Tabernas";"04";"Almería";"01";"Comunidad Autónoma de Andalucía";"RNC";"RNC"
"089";"Taberno";"04";"Almería";"01";"Comunidad Autónoma de Andalucía";"RNC";"RNC"
"090";"Tahal";"04";"Almería";"01";"Comunidad Autónoma de Andalucía";"RRD";"RRGD"
"091";"Terque";"04";"Almería";"01";"Comunidad Autónoma de Andalucía";"RNC";"RNC"
"092";"Tíjola";"04";"Almería";"01";"Comunidad Autónoma de Andalucía";"RNC";"RNC"
"093";"Turre";"04";"Almería";"01";"Comunidad Autónoma de Andalucía";"RNC";"RNC"
"094";"Turrillas";"04";"Almería";"01";"Comunidad Autónoma de Andalucía";"RRD";"RRGD"
"095";"Uleila del Campo";"04";"Almería";"01";"Comunidad Autónoma de Andalucía";"RNC";"RNC"
"096";"Urrácal";"04";"Almería";"01";"Comunidad Autónoma de Andalucía";"RNC";"RNC"
"097";"Velefique";"04";"Almería";"01";"Comunidad Autónoma de Andalucía";"RRD";"RRGD"
"098";"Vélez-Blanco";"04";"Almería";"01";"Comunidad Autónoma de Andalucía";"RRD";"RRGD"
"099";"Vélez-Rubio";"04";"Almería";"01";"Comunidad Autónoma de Andalucía";"RNC";"RNC"
"100";"Vera";"04";"Almería";"01";"Comunidad Autónoma de Andalucía";"URBANO";"URBANO"
"101";"Viator";"04";"Almería";"01";"Comunidad Autónoma de Andalucía";"URBANO";"URBANO"
"102";"Vícar";"04";"Almería";"01";"Comunidad Autónoma de Andalucía";"URBANO";"URBANO"
"103";"Zurgena";"04";"Almería";"01";"Comunidad Autónoma de Andalucía";"RNC";"RNC"
"104";"Ejido (El)";"04";"Almería";"01";"Comunidad Autónoma de Andalucía";"URBANO";"URBANO"
"105";"Mojonera (La)";"04";"Almería";"01";"Comunidad Autónoma de Andalucía";"URBANO";"URBANO"
"106";"Balanegra";"04";"Almería";"01";"Comunidad Autónoma de Andalucía";"RNC";"RNC"
"900";"Almería";"04";"Almería";"01";"Comunidad Autónoma de Andalucía";"URBANO";"URBANO"
"002";"Abrucena";"04";"Almería";"01";"Comunidad Autónoma de Andalucía";"RNC";"RNC"
"003";"Adra";"04";"Almería";"01";"Comunidad Autónoma de Andalucía";"URBANO";"URBANO"
"004";"Albanchez";"04";"Almería";"01";"Comunidad Autónoma de Andalucía";"RNC";"RNC"
"005";"Alboloduy";"04";"Almería";"01";"Comunidad Autónoma de Andalucía";"RRD";"RRD"
"006";"Albox";"04";"Almería";"01";"Comunidad Autónoma de Andalucía";"RNC";"RNC"
"007";"Alcolea";"04";"Almería";"01";"Comunidad Autónoma de Andalucía";"RRD";"RRD"
"008";"Alcóntar";"04";"Almería";"01";"Comunidad Autónoma de Andalucía";"RRD";"RRGD"
"009";"Alcudia de Monteagudo";"04";"Almería";"01";"Comunidad Autónoma de Andalucía";"RRD";"RRD"
"010";"Alhabia";"04";"Almería";"01";"Comunidad Autónoma de Andalucía";"RNC";"RNC"
"011";"Alhama de Almería";"04";"Almería";"01";"Comunidad Autónoma de Andalucía";"URBANO";"URBANO"
"012";"Alicún";"04";"Almería";"01";"Comunidad Autónoma de Andalucía";"RNC";"RNC"
"014";"Almócita";"04";"Almería";"01";"Comunidad Autónoma de Andalucía";"RRD";"RRGD"
"015";"Alsodux";"04";"Almería";"01";"Comunidad Autónoma de Andalucía";"RRD";"RRGD"
"016";"Antas";"04";"Almería";"01";"Comunidad Autónoma de Andalucía";"RNC";"RNC"
"017";"Arboleas";"04";"Almería";"01";"Comunidad Autónoma de Andalucía";"RNC";"RNC"
"018";"Armuña de Almanzora";"04";"Almería";"01";"Comunidad Autónoma de Andalucía";"RNC";"RNC"
"019";"Bacares";"04";"Almería";"01";"Comunidad Autónoma de Andalucía";"RRD";"RRGD"
"020";"Bayárcal";"04";"Almería";"01";"Comunidad Autónoma de Andalucía";"RRD";"RRGD"
"021";"Bayarque";"04";"Almería";"01";"Comunidad Autónoma de Andalucía";"RRD";"RRGD"
"022";"Bédar";"04";"Almería";"01";"Comunidad Autónoma de Andalucía";"RNC";"RNC"
"023";"Beires";"04";"Almería";"01";"Comunidad Autónoma de Andalucía";"RRD";"RRGD"
"024";"Benahadux";"04";"Almería";"01";"Comunidad Autónoma de Andalucía";"URBANO";"URBANO"
"026";"Benitagla";"04";"Almería";"01";"Comunidad Autónoma de Andalucía";"RRD";"RRD"
"027";"Benizalón";"04";"Almería";"01";"Comunidad Autónoma de Andalucía";"RRD";"RRGD"
"028";"Bentarique";"04";"Almería";"01";"Comunidad Autónoma de Andalucía";"RNC";"RNC"
"029";"Berja";"04";"Almería";"01";"Comunidad Autónoma de Andalucía";"RNC";"RNC"
"073";"FLORES DE AVILA";"05";"Ávila";"08";"Comunidad Autónoma de Castilla y León";"RRD";"RRGD"
"074";"FONTIVEROS";"05";"Ávila";"08";"Comunidad Autónoma de Castilla y León";"RNC";"RNC"
"075";"FRESNEDILLA";"05";"Ávila";"08";"Comunidad Autónoma de Castilla y León";"RRD";"RRGD"
"076";"FRESNO (EL)";"05";"Ávila";"08";"Comunidad Autónoma de Castilla y León";"RNC";"RNC"
"077";"FUENTE EL SAUZ";"05";"Ávila";"08";"Comunidad Autónoma de Castilla y León";"RNC";"RNC"
"078";"FUENTES DE AÑO";"05";"Ávila";"08";"Comunidad Autónoma de Castilla y León";"RRD";"RRGD"
"079";"GALLEGOS DE ALTAMIROS";"05";"Ávila";"08";"Comunidad Autónoma de Castilla y León";"RRD";"RRGD"
"080";"GALLEGOS DE SOBRINOS";"05";"Ávila";"08";"Comunidad Autónoma de Castilla y León";"RRD";"RRGD"
"081";"GARGANTA DEL VILLAR";"05";"Ávila";"08";"Comunidad Autónoma de Castilla y León";"RRD";"RRGD"
"082";"GAVILANES";"05";"Ávila";"08";"Comunidad Autónoma de Castilla y León";"RNC";"RNC"
"083";"GEMUÑO";"05";"Ávila";"08";"Comunidad Autónoma de Castilla y León";"RRD";"RRD"
"084";"GILBUENA";"05";"Ávila";"08";"Comunidad Autónoma de Castilla y León";"RRD";"RRGD"
"085";"GIL GARCIA";"05";"Ávila";"08";"Comunidad Autónoma de Castilla y León";"RRD";"RRGD"
"086";"GIMIALCON";"05";"Ávila";"08";"Comunidad Autónoma de Castilla y León";"RRD";"RRGD"
"087";"GOTARRENDURA";"05";"Ávila";"08";"Comunidad Autónoma de Castilla y León";"RNC";"RNC"
"088";"GRANDES Y SAN MARTIN";"05";"Ávila";"08";"Comunidad Autónoma de Castilla y León";"RRD";"RRGD"
"089";"GUISANDO";"05";"Ávila";"08";"Comunidad Autónoma de Castilla y León";"RNC";"RNC"
"090";"GUTIERRE-MUÑOZ";"05";"Ávila";"08";"Comunidad Autónoma de Castilla y León";"RRD";"RRGD"
"092";"HERNANSANCHO";"05";"Ávila";"08";"Comunidad Autónoma de Castilla y León";"RRD";"RRD"
"093";"HERRADON DE PINARES";"05";"Ávila";"08";"Comunidad Autónoma de Castilla y León";"RRD";"RRD"
"094";"HERREROS DE SUSO";"05";"Ávila";"08";"Comunidad Autónoma de Castilla y León";"RRD";"RRGD"
"095";"HIGUERA DE LAS DUEÑAS";"05";"Ávila";"08";"Comunidad Autónoma de Castilla y León";"RRD";"RRGD"
"096";"HIJA DE DIOS (LA)";"05";"Ávila";"08";"Comunidad Autónoma de Castilla y León";"RRD";"RRGD"
"097";"HORCAJADA (LA)";"05";"Ávila";"08";"Comunidad Autónoma de Castilla y León";"RRD";"RRD"
"099";"HORCAJO DE LAS TORRES";"05";"Ávila";"08";"Comunidad Autónoma de Castilla y León";"RRD";"RRD"
"100";"HORNILLO (EL)";"05";"Ávila";"08";"Comunidad Autónoma de Castilla y León";"RNC";"RNC"
"101";"HOYOCASERO";"05";"Ávila";"08";"Comunidad Autónoma de Castilla y León";"RRD";"RRGD"
"102";"HOYO DE PINARES (EL)";"05";"Ávila";"08";"Comunidad Autónoma de Castilla y León";"RNC";"RNC"
"103";"HOYORREDONDO";"05";"Ávila";"08";"Comunidad Autónoma de Castilla y León";"RRD";"RRGD"
"104";"HOYOS DEL COLLADO";"05";"Ávila";"08";"Comunidad Autónoma de Castilla y León";"RRD";"RRGD"
"105";"HOYOS DEL ESPINO";"05";"Ávila";"08";"Comunidad Autónoma de Castilla y León";"RRD";"RRGD"
"001";"ADANERO";"05";"Ávila";"08";"Comunidad Autónoma de Castilla y León";"RRD";"RRGD"
"002";"ADRADA (LA)";"05";"Ávila";"08";"Comunidad Autónoma de Castilla y León";"RNC";"RNC"
"005";"ALBORNOS";"05";"Ávila";"08";"Comunidad Autónoma de Castilla y León";"RRD";"RRD"
"007";"ALDEANUEVA DE SANTA CRUZ";"05";"Ávila";"08";"Comunidad Autónoma de Castilla y León";"RNC";"RNC"
"008";"ALDEASECA";"05";"Ávila";"08";"Comunidad Autónoma de Castilla y León";"RRD";"RRD"
"010";"ALDEHUELA (LA)";"05";"Ávila";"08";"Comunidad Autónoma de Castilla y León";"RRD";"RRD"
"012";"AMAVIDA";"05";"Ávila";"08";"Comunidad Autónoma de Castilla y León";"RRD";"RRD"
"013";"ARENAL (EL)";"05";"Ávila";"08";"Comunidad Autónoma de Castilla y León";"RNC";"RNC"
"014";"ARENAS DE SAN PEDRO";"05";"Ávila";"08";"Comunidad Autónoma de Castilla y León";"RNC";"RNC"
"015";"AREVALILLO";"05";"Ávila";"08";"Comunidad Autónoma de Castilla y León";"RRD";"RRGD"
"016";"AREVALO";"05";"Ávila";"08";"Comunidad Autónoma de Castilla y León";"URBANO";"URBANO"
"017";"AVEINTE";"05";"Ávila";"08";"Comunidad Autónoma de Castilla y León";"RRD";"RRGD"
"018";"AVELLANEDA";"05";"Ávila";"08";"Comunidad Autónoma de Castilla y León";"RRD";"RRGD"
"021";"BARCO DE AVILA (EL)";"05";"Ávila";"08";"Comunidad Autónoma de Castilla y León";"URBANO";"URBANO"
"022";"BARRACO (EL)";"05";"Ávila";"08";"Comunidad Autónoma de Castilla y León";"RRD";"RRD"
"023";"BARROMAN";"05";"Ávila";"08";"Comunidad Autónoma de Castilla y León";"RRD";"RRD"
"024";"BECEDAS";"05";"Ávila";"08";"Comunidad Autónoma de Castilla y León";"RRD";"RRGD"
"025";"BECEDILLAS";"05";"Ávila";"08";"Comunidad Autónoma de Castilla y León";"RRD";"RRGD"
"026";"BERCIAL DE ZAPARDIEL";"05";"Ávila";"08";"Comunidad Autónoma de Castilla y León";"RRD";"RRD"
"027";"BERLANAS (LAS)";"05";"Ávila";"08";"Comunidad Autónoma de Castilla y León";"RNC";"RNC"
"029";"BERNUY-ZAPARDIEL";"05";"Ávila";"08";"Comunidad Autónoma de Castilla y León";"RRD";"RRGD"
"030";"BERROCALEJO DE ARAGONA";"05";"Ávila";"08";"Comunidad Autónoma de Castilla y León";"RRD";"RRGD"
"033";"BLASCOMILLAN";"05";"Ávila";"08";"Comunidad Autónoma de Castilla y León";"RRD";"RRGD"
"034";"BLASCONUÑO DE MATACABRAS";"05";"Ávila";"08";"Comunidad Autónoma de Castilla y León";"RRD";"RRGD"
"035";"BLASCOSANCHO";"05";"Ávila";"08";"Comunidad Autónoma de Castilla y León";"RRD";"RRGD"
"036";"BOHODON (EL)";"05";"Ávila";"08";"Comunidad Autónoma de Castilla y León";"RRD";"RRGD"
"141";"MUÑOPEPE";"05";"Ávila";"08";"Comunidad Autónoma de Castilla y León";"RNC";"RNC"
"142";"MUÑOSANCHO";"05";"Ávila";"08";"Comunidad Autónoma de Castilla y León";"RRD";"RRGD"
"143";"MUÑOTELLO";"05";"Ávila";"08";"Comunidad Autónoma de Castilla y León";"RRD";"RRGD"
"144";"NARRILLOS DEL ALAMO";"05";"Ávila";"08";"Comunidad Autónoma de Castilla y León";"RRD";"RRGD"
"145";"NARRILLOS DEL REBOLLAR";"05";"Ávila";"08";"Comunidad Autónoma de Castilla y León";"RRD";"RRGD"
"147";"NARROS DEL CASTILLO";"05";"Ávila";"08";"Comunidad Autónoma de Castilla y León";"RRD";"RRGD"
"148";"NARROS DEL PUERTO";"05";"Ávila";"08";"Comunidad Autónoma de Castilla y León";"RRD";"RRGD"
"149";"NARROS DE SALDUEÑA";"05";"Ávila";"08";"Comunidad Autónoma de Castilla y León";"RRD";"RRD"
"151";"NAVACEPEDILLA DE CORNEJA";"05";"Ávila";"08";"Comunidad Autónoma de Castilla y León";"RRD";"RRGD"
"152";"NAVA DE AREVALO";"05";"Ávila";"08";"Comunidad Autónoma de Castilla y León";"RNC";"RNC"
"153";"NAVA DEL BARCO";"05";"Ávila";"08";"Comunidad Autónoma de Castilla y León";"RRD";"RRGD"
"154";"NAVADIJOS";"05";"Ávila";"08";"Comunidad Autónoma de Castilla y León";"RRD";"RRGD"
"155";"NAVAESCURIAL";"05";"Ávila";"08";"Comunidad Autónoma de Castilla y León";"RRD";"RRGD"
"156";"NAVAHONDILLA";"05";"Ávila";"08";"Comunidad Autónoma de Castilla y León";"RNC";"RNC"
"157";"NAVALACRUZ";"05";"Ávila";"08";"Comunidad Autónoma de Castilla y León";"RRD";"RRGD"
"158";"NAVALMORAL";"05";"Ávila";"08";"Comunidad Autónoma de Castilla y León";"RRD";"RRGD"
"159";"NAVALONGUILLA";"05";"Ávila";"08";"Comunidad Autónoma de Castilla y León";"RRD";"RRGD"
"160";"NAVALOSA";"05";"Ávila";"08";"Comunidad Autónoma de Castilla y León";"RRD";"RRD"
"161";"NAVALPERAL DE PINARES";"05";"Ávila";"08";"Comunidad Autónoma de Castilla y León";"RNC";"RNC"
"162";"NAVALPERAL DE TORMES";"05";"Ávila";"08";"Comunidad Autónoma de Castilla y León";"RRD";"RRGD"
"163";"NAVALUENGA";"05";"Ávila";"08";"Comunidad Autónoma de Castilla y León";"RNC";"RNC"
"164";"NAVAQUESERA";"05";"Ávila";"08";"Comunidad Autónoma de Castilla y León";"RRD";"RRGD"
"165";"NAVARREDONDA DE GREDOS";"05";"Ávila";"08";"Comunidad Autónoma de Castilla y León";"RRD";"RRGD"
"166";"NAVARREDONDILLA";"05";"Ávila";"08";"Comunidad Autónoma de Castilla y León";"RRD";"RRD"
"167";"NAVARREVISCA";"05";"Ávila";"08";"Comunidad Autónoma de Castilla y León";"RRD";"RRGD"
"168";"NAVAS DEL MARQUES (LAS)";"05";"Ávila";"08";"Comunidad Autónoma de Castilla y León";"RNC";"RNC"
"169";"NAVATALGORDO";"05";"Ávila";"08";"Comunidad Autónoma de Castilla y León";"RRD";"RRD"
"170";"NAVATEJARES";"05";"Ávila";"08";"Comunidad Autónoma de Castilla y León";"RRD";"RRGD"
"171";"NEILA DE SAN MIGUEL";"05";"Ávila";"08";"Comunidad Autónoma de Castilla y León";"RRD";"RRD"
"172";"NIHARRA";"05";"Ávila";"08";"Comunidad Autónoma de Castilla y León";"RNC";"RNC"
"173";"OJOS-ALBOS";"05";"Ávila";"08";"Comunidad Autónoma de Castilla y León";"RRD";"RRGD"
"037";"BOHOYO";"05";"Ávila";"08";"Comunidad Autónoma de Castilla y León";"RRD";"RRGD"
"038";"BONILLA DE LA SIERRA";"05";"Ávila";"08";"Comunidad Autónoma de Castilla y León";"RRD";"RRGD"
"039";"BRABOS";"05";"Ávila";"08";"Comunidad Autónoma de Castilla y León";"RRD";"RRGD"
"040";"BULARROS";"05";"Ávila";"08";"Comunidad Autónoma de Castilla y León";"RRD";"RRGD"
"041";"BURGOHONDO";"05";"Ávila";"08";"Comunidad Autónoma de Castilla y León";"RNC";"RNC"
"042";"CABEZAS DE ALAMBRE";"05";"Ávila";"08";"Comunidad Autónoma de Castilla y León";"RNC";"RNC"
"043";"CABEZAS DEL POZO";"05";"Ávila";"08";"Comunidad Autónoma de Castilla y León";"RRD";"RRGD"
"044";"CABEZAS DEL VILLAR";"05";"Ávila";"08";"Comunidad Autónoma de Castilla y León";"RRD";"RRGD"
"045";"CABIZUELA";"05";"Ávila";"08";"Comunidad Autónoma de Castilla y León";"RRD";"RRGD"
"046";"CANALES";"05";"Ávila";"08";"Comunidad Autónoma de Castilla y León";"RRD";"RRGD"
"047";"CANDELEDA";"05";"Ávila";"08";"Comunidad Autónoma de Castilla y León";"RNC";"RNC"
"048";"CANTIVEROS";"05";"Ávila";"08";"Comunidad Autónoma de Castilla y León";"RRD";"RRGD"
"049";"CARDEÑOSA";"05";"Ávila";"08";"Comunidad Autónoma de Castilla y León";"RRD";"RRD"
"051";"CARRERA (LA)";"05";"Ávila";"08";"Comunidad Autónoma de Castilla y León";"RNC";"RNC"
"052";"CASAS DEL PUERTO";"05";"Ávila";"08";"Comunidad Autónoma de Castilla y León";"RRD";"RRGD"
"053";"CASASOLA";"05";"Ávila";"08";"Comunidad Autónoma de Castilla y León";"RRD";"RRGD"
"054";"CASAVIEJA";"05";"Ávila";"08";"Comunidad Autónoma de Castilla y León";"RNC";"RNC"
"055";"CASILLAS";"05";"Ávila";"08";"Comunidad Autónoma de Castilla y León";"RNC";"RNC"
"056";"CASTELLANOS DE ZAPARDIEL";"05";"Ávila";"08";"Comunidad Autónoma de Castilla y León";"RRD";"RRGD"
"057";"CEBREROS";"05";"Ávila";"08";"Comunidad Autónoma de Castilla y León";"RNC";"RNC"
"058";"CEPEDA LA MORA";"05";"Ávila";"08";"Comunidad Autónoma de Castilla y León";"RRD";"RRGD"
"059";"CILLAN";"05";"Ávila";"08";"Comunidad Autónoma de Castilla y León";"RRD";"RRGD"
"060";"CISLA";"05";"Ávila";"08";"Comunidad Autónoma de Castilla y León";"RRD";"RRGD"
"061";"COLILLA (LA)";"05";"Ávila";"08";"Comunidad Autónoma de Castilla y León";"RNC";"RNC"
"062";"COLLADO DE CONTRERAS";"05";"Ávila";"08";"Comunidad Autónoma de Castilla y León";"RRD";"RRD"
"063";"COLLADO DEL MIRON";"05";"Ávila";"08";"Comunidad Autónoma de Castilla y León";"RRD";"RRGD"
"064";"CONSTANZANA";"05";"Ávila";"08";"Comunidad Autónoma de Castilla y León";"RRD";"RRGD"
"065";"CRESPOS";"05";"Ávila";"08";"Comunidad Autónoma de Castilla y León";"RNC";"RNC"
"066";"CUEVAS DEL VALLE";"05";"Ávila";"08";"Comunidad Autónoma de Castilla y León";"RNC";"RNC"
"067";"CHAMARTIN";"05";"Ávila";"08";"Comunidad Autónoma de Castilla y León";"RRD";"RRGD"
"069";"DONJIMENO";"05";"Ávila";"08";"Comunidad Autónoma de Castilla y León";"RRD";"RRGD"
"070";"DONVIDAS";"05";"Ávila";"08";"Comunidad Autónoma de Castilla y León";"RRD";"RRGD"
"072";"ESPINOSA DE LOS CABALLEROS";"05";"Ávila";"08";"Comunidad Autónoma de Castilla y León";"RRD";"RRGD"
"209";"SAN GARCIA DE INGELMOS";"05";"Ávila";"08";"Comunidad Autónoma de Castilla y León";"RRD";"RRGD"
"210";"SAN JUAN DE LA ENCINILLA";"05";"Ávila";"08";"Comunidad Autónoma de Castilla y León";"RRD";"RRGD"
"211";"SAN JUAN DE LA NAVA";"05";"Ávila";"08";"Comunidad Autónoma de Castilla y León";"RRD";"RRGD"
"212";"SAN JUAN DEL MOLINILLO";"05";"Ávila";"08";"Comunidad Autónoma de Castilla y León";"RRD";"RRGD"
"213";"SAN JUAN DEL OLMO";"05";"Ávila";"08";"Comunidad Autónoma de Castilla y León";"RRD";"RRGD"
"214";"SAN LORENZO DE TORMES";"05";"Ávila";"08";"Comunidad Autónoma de Castilla y León";"RRD";"RRGD"
"215";"SAN MARTIN DE LA VEGA DEL ALBERCHE";"05";"Ávila";"08";"Comunidad Autónoma de Castilla y León";"RRD";"RRGD"
"216";"SAN MARTIN DEL PIMPOLLAR";"05";"Ávila";"08";"Comunidad Autónoma de Castilla y León";"RRD";"RRGD"
"217";"SAN MIGUEL DE CORNEJA";"05";"Ávila";"08";"Comunidad Autónoma de Castilla y León";"RRD";"RRD"
"218";"SAN MIGUEL DE SERREZUELA";"05";"Ávila";"08";"Comunidad Autónoma de Castilla y León";"RRD";"RRGD"
"219";"SAN PASCUAL";"05";"Ávila";"08";"Comunidad Autónoma de Castilla y León";"RRD";"RRGD"
"220";"SAN PEDRO DEL ARROYO";"05";"Ávila";"08";"Comunidad Autónoma de Castilla y León";"RNC";"RNC"
"221";"SANTA CRUZ DEL VALLE";"05";"Ávila";"08";"Comunidad Autónoma de Castilla y León";"RRD";"RRD"
"222";"SANTA CRUZ DE PINARES";"05";"Ávila";"08";"Comunidad Autónoma de Castilla y León";"RRD";"RRGD"
"224";"SANTA MARIA DEL ARROYO";"05";"Ávila";"08";"Comunidad Autónoma de Castilla y León";"RRD";"RRD"
"225";"SANTA MARIA DEL BERROCAL";"05";"Ávila";"08";"Comunidad Autónoma de Castilla y León";"RNC";"RNC"
"226";"SANTA MARIA DE LOS CABALLEROS";"05";"Ávila";"08";"Comunidad Autónoma de Castilla y León";"RRD";"RRGD"
"227";"SANTA MARIA DEL TIETAR";"05";"Ávila";"08";"Comunidad Autónoma de Castilla y León";"RNC";"RNC"
"228";"SANTIAGO DEL COLLADO";"05";"Ávila";"08";"Comunidad Autónoma de Castilla y León";"RRD";"RRGD"
"229";"SANTO DOMINGO DE LAS POSADAS";"05";"Ávila";"08";"Comunidad Autónoma de Castilla y León";"RRD";"RRGD"
"230";"SANTO TOME DE ZABARCOS";"05";"Ávila";"08";"Comunidad Autónoma de Castilla y León";"RRD";"RRGD"
"231";"SAN VICENTE DE AREVALO";"05";"Ávila";"08";"Comunidad Autónoma de Castilla y León";"RRD";"RRD"
"232";"SERRADA (LA)";"05";"Ávila";"08";"Comunidad Autónoma de Castilla y León";"RNC";"RNC"
"233";"SERRANILLOS";"05";"Ávila";"08";"Comunidad Autónoma de Castilla y León";"RNC";"RNC"
"234";"SIGERES";"05";"Ávila";"08";"Comunidad Autónoma de Castilla y León";"RRD";"RRGD"
"235";"SINLABAJOS";"05";"Ávila";"08";"Comunidad Autónoma de Castilla y León";"RRD";"RRGD"
"236";"SOLANA DE AVILA";"05";"Ávila";"08";"Comunidad Autónoma de Castilla y León";"RRD";"RRGD"
"237";"SOLANA DE RIOALMAR";"05";"Ávila";"08";"Comunidad Autónoma de Castilla y León";"RRD";"RRGD"
"238";"SOLOSANCHO";"05";"Ávila";"08";"Comunidad Autónoma de Castilla y León";"RNC";"RNC"
"239";"SOTALBO";"05";"Ávila";"08";"Comunidad Autónoma de Castilla y León";"RRD";"RRGD"
"240";"SOTILLO DE LA ADRADA";"05";"Ávila";"08";"Comunidad Autónoma de Castilla y León";"URBANO";"URBANO"
"106";"HOYOS DE MIGUEL MUÑOZ";"05";"Ávila";"08";"Comunidad Autónoma de Castilla y León";"RRD";"RRGD"
"107";"HURTUMPASCUAL";"05";"Ávila";"08";"Comunidad Autónoma de Castilla y León";"RRD";"RRGD"
"108";"JUNCIANA";"05";"Ávila";"08";"Comunidad Autónoma de Castilla y León";"RRD";"RRGD"
"109";"LANGA";"05";"Ávila";"08";"Comunidad Autónoma de Castilla y León";"RNC";"RNC"
"110";"LANZAHITA";"05";"Ávila";"08";"Comunidad Autónoma de Castilla y León";"RNC";"RNC"
"112";"LOSAR DEL BARCO (EL)";"05";"Ávila";"08";"Comunidad Autónoma de Castilla y León";"RRD";"RRGD"
"113";"LLANOS DE TORMES (LOS)";"05";"Ávila";"08";"Comunidad Autónoma de Castilla y León";"RRD";"RRGD"
"114";"MADRIGAL DE LAS ALTAS TORRES";"05";"Ávila";"08";"Comunidad Autónoma de Castilla y León";"RNC";"RNC"
"115";"MAELLO";"05";"Ávila";"08";"Comunidad Autónoma de Castilla y León";"RRD";"RRD"
"116";"MALPARTIDA DE CORNEJA";"05";"Ávila";"08";"Comunidad Autónoma de Castilla y León";"RRD";"RRGD"
"117";"MAMBLAS";"05";"Ávila";"08";"Comunidad Autónoma de Castilla y León";"RRD";"RRD"
"118";"MANCERA DE ARRIBA";"05";"Ávila";"08";"Comunidad Autónoma de Castilla y León";"RRD";"RRGD"
"119";"MANJABÁLAGO Y ORTIGOSA DE RIOALMAR";"05";"Ávila";"08";"Comunidad Autónoma de Castilla y León";"RRD";"RRGD"
"120";"MARLIN";"05";"Ávila";"08";"Comunidad Autónoma de Castilla y León";"RRD";"RRGD"
"121";"MARTIHERRERO";"05";"Ávila";"08";"Comunidad Autónoma de Castilla y León";"RNC";"RNC"
"122";"MARTINEZ";"05";"Ávila";"08";"Comunidad Autónoma de Castilla y León";"RRD";"RRGD"
"123";"MEDIANA DE VOLTOYA";"05";"Ávila";"08";"Comunidad Autónoma de Castilla y León";"RRD";"RRGD"
"124";"MEDINILLA";"05";"Ávila";"08";"Comunidad Autónoma de Castilla y León";"RRD";"RRGD"
"125";"MENGAMUÑOZ";"05";"Ávila";"08";"Comunidad Autónoma de Castilla y León";"RRD";"RRGD"
"126";"MESEGAR DE CORNEJA";"05";"Ávila";"08";"Comunidad Autónoma de Castilla y León";"RRD";"RRGD"
"127";"MIJARES";"05";"Ávila";"08";"Comunidad Autónoma de Castilla y León";"RNC";"RNC"
"128";"MINGORRIA";"05";"Ávila";"08";"Comunidad Autónoma de Castilla y León";"RNC";"RNC"
"129";"MIRON (EL)";"05";"Ávila";"08";"Comunidad Autónoma de Castilla y León";"RRD";"RRGD"
"130";"MIRONCILLO";"05";"Ávila";"08";"Comunidad Autónoma de Castilla y León";"RRD";"RRGD"
"131";"MIRUEÑA DE LOS INFANZONES";"05";"Ávila";"08";"Comunidad Autónoma de Castilla y León";"RRD";"RRGD"
"132";"MOMBELTRAN";"05";"Ávila";"08";"Comunidad Autónoma de Castilla y León";"RNC";"RNC"
"133";"MONSALUPE";"05";"Ávila";"08";"Comunidad Autónoma de Castilla y León";"RRD";"RRGD"
"134";"MORALEJA DE MATACABRAS";"05";"Ávila";"08";"Comunidad Autónoma de Castilla y León";"RRD";"RRGD"
"135";"MUÑANA";"05";"Ávila";"08";"Comunidad Autónoma de Castilla y León";"RRD";"RRD"
"136";"MUÑICO";"05";"Ávila";"08";"Comunidad Autónoma de Castilla y León";"RRD";"RRGD"
"138";"MUÑOGALINDO";"05";"Ávila";"08";"Comunidad Autónoma de Castilla y León";"RNC";"RNC"
"139";"MUÑOGRANDE";"05";"Ávila";"08";"Comunidad Autónoma de Castilla y León";"RRD";"RRGD"
"140";"MUÑOMER DEL PECO";"05";"Ávila";"08";"Comunidad Autónoma de Castilla y León";"RNC";"RNC"
"241";"TIEMBLO (EL)";"05";"Ávila";"08";"Comunidad Autónoma de Castilla y León";"RNC";"RNC"
"242";"TIÑOSILLOS";"05";"Ávila";"08";"Comunidad Autónoma de Castilla y León";"RNC";"RNC"
"243";"TOLBAÑOS";"05";"Ávila";"08";"Comunidad Autónoma de Castilla y León";"RRD";"RRGD"
"244";"TORMELLAS";"05";"Ávila";"08";"Comunidad Autónoma de Castilla y León";"RRD";"RRGD"
"245";"TORNADIZOS DE AVILA";"05";"Ávila";"08";"Comunidad Autónoma de Castilla y León";"RRD";"RRGD"
"246";"TORRE (LA)";"05";"Ávila";"08";"Comunidad Autónoma de Castilla y León";"RRD";"RRGD"
"247";"TORTOLES";"05";"Ávila";"08";"Comunidad Autónoma de Castilla y León";"RRD";"RRGD"
"249";"UMBRIAS";"05";"Ávila";"08";"Comunidad Autónoma de Castilla y León";"RRD";"RRD"
"251";"VADILLO DE LA SIERRA";"05";"Ávila";"08";"Comunidad Autónoma de Castilla y León";"RRD";"RRGD"
"252";"VALDECASA";"05";"Ávila";"08";"Comunidad Autónoma de Castilla y León";"RRD";"RRGD"
"253";"VEGA DE SANTA MARIA";"05";"Ávila";"08";"Comunidad Autónoma de Castilla y León";"RRD";"RRGD"
"254";"VELAYOS";"05";"Ávila";"08";"Comunidad Autónoma de Castilla y León";"RRD";"RRD"
"256";"VILLAFLOR";"05";"Ávila";"08";"Comunidad Autónoma de Castilla y León";"RRD";"RRGD"
"257";"VILLAFRANCA DE LA SIERRA";"05";"Ávila";"08";"Comunidad Autónoma de Castilla y León";"RRD";"RRGD"
"258";"VILLANUEVA DE GOMEZ";"05";"Ávila";"08";"Comunidad Autónoma de Castilla y León";"RRD";"RRGD"
"259";"VILLANUEVA DEL ACERAL";"05";"Ávila";"08";"Comunidad Autónoma de Castilla y León";"RRD";"RRGD"
"260";"VILLANUEVA DEL CAMPILLO";"05";"Ávila";"08";"Comunidad Autónoma de Castilla y León";"RRD";"RRGD"
"261";"VILLAR DE CORNEJA";"05";"Ávila";"08";"Comunidad Autónoma de Castilla y León";"RRD";"RRGD"
"262";"VILLAREJO DEL VALLE";"05";"Ávila";"08";"Comunidad Autónoma de Castilla y León";"RRD";"RRD"
"263";"VILLATORO";"05";"Ávila";"08";"Comunidad Autónoma de Castilla y León";"RRD";"RRGD"
"264";"VIÑEGRA DE MORAÑA";"05";"Ávila";"08";"Comunidad Autónoma de Castilla y León";"RRD";"RRGD"
"265";"VITA";"05";"Ávila";"08";"Comunidad Autónoma de Castilla y León";"RRD";"RRGD"
"266";"ZAPARDIEL DE LA CAÑADA";"05";"Ávila";"08";"Comunidad Autónoma de Castilla y León";"RRD";"RRGD"
"267";"ZAPARDIEL DE LA RIBERA";"05";"Ávila";"08";"Comunidad Autónoma de Castilla y León";"RRD";"RRGD"
"269";"SAN JUAN DE GREDOS";"05";"Ávila";"08";"Comunidad Autónoma de Castilla y León";"RRD";"RRGD"
"270";"SANTA MARIA DEL CUBILLO";"05";"Ávila";"08";"Comunidad Autónoma de Castilla y León";"RRD";"RRGD"
"271";"COMUNIDAD ARENAS S. PEDRO-CANDELEDA";"05";"Ávila";"08";"Comunidad Autónoma de Castilla y León";"RNC";"RNC"
"272";"DIEGO DEL CARPIO";"05";"Ávila";"08";"Comunidad Autónoma de Castilla y León";"RRD";"RRGD"
"273";"SANTIAGO DEL TORMES";"05";"Ávila";"08";"Comunidad Autónoma de Castilla y León";"RRD";"RRGD"
"274";"VILLANUEVA DE AVILA";"05";"Ávila";"08";"Comunidad Autónoma de Castilla y León";"RRD";"RRD"
"900";"AVILA";"05";"Ávila";"08";"Comunidad Autónoma de Castilla y León";"URBANO";"URBANO"
"174";"ORBITA";"05";"Ávila";"08";"Comunidad Autónoma de Castilla y León";"RRD";"RRGD"
"175";"OSO (EL)";"05";"Ávila";"08";"Comunidad Autónoma de Castilla y León";"RRD";"RRD"
"176";"PADIERNOS";"05";"Ávila";"08";"Comunidad Autónoma de Castilla y León";"RRD";"RRGD"
"177";"PAJARES DE ADAJA";"05";"Ávila";"08";"Comunidad Autónoma de Castilla y León";"RRD";"RRGD"
"178";"PALACIOS DE GODA";"05";"Ávila";"08";"Comunidad Autónoma de Castilla y León";"RRD";"RRGD"
"179";"PAPATRIGO";"05";"Ávila";"08";"Comunidad Autónoma de Castilla y León";"RRD";"RRD"
"180";"PARRAL (EL)";"05";"Ávila";"08";"Comunidad Autónoma de Castilla y León";"RRD";"RRGD"
"181";"PASCUALCOBO";"05";"Ávila";"08";"Comunidad Autónoma de Castilla y León";"RRD";"RRGD"
"182";"PEDRO BERNARDO";"05";"Ávila";"08";"Comunidad Autónoma de Castilla y León";"RRD";"RRD"
"183";"PEDRO-RODRIGUEZ";"05";"Ávila";"08";"Comunidad Autónoma de Castilla y León";"RRD";"RRD"
"184";"PEGUERINOS";"05";"Ávila";"08";"Comunidad Autónoma de Castilla y León";"RRD";"RRGD"
"185";"PEÑALBA DE AVILA";"05";"Ávila";"08";"Comunidad Autónoma de Castilla y León";"RRD";"RRGD"
"186";"PIEDRAHITA";"05";"Ávila";"08";"Comunidad Autónoma de Castilla y León";"RNC";"RNC"
"187";"PIEDRALAVES";"05";"Ávila";"08";"Comunidad Autónoma de Castilla y León";"RNC";"RNC"
"188";"POVEDA";"05";"Ávila";"08";"Comunidad Autónoma de Castilla y León";"RRD";"RRGD"
"189";"POYALES DEL HOYO";"05";"Ávila";"08";"Comunidad Autónoma de Castilla y León";"URBANO";"URBANO"
"190";"POZANCO";"05";"Ávila";"08";"Comunidad Autónoma de Castilla y León";"RRD";"RRGD"
"191";"PRADOSEGAR";"05";"Ávila";"08";"Comunidad Autónoma de Castilla y León";"RRD";"RRD"
"192";"PUERTO CASTILLA";"05";"Ávila";"08";"Comunidad Autónoma de Castilla y León";"RRD";"RRGD"
"193";"RASUEROS";"05";"Ávila";"08";"Comunidad Autónoma de Castilla y León";"RRD";"RRGD"
"194";"RIOCABADO";"05";"Ávila";"08";"Comunidad Autónoma de Castilla y León";"RRD";"RRGD"
"195";"RIOFRIO";"05";"Ávila";"08";"Comunidad Autónoma de Castilla y León";"RRD";"RRGD"
"196";"RIVILLA DE BARAJAS";"05";"Ávila";"08";"Comunidad Autónoma de Castilla y León";"RRD";"RRGD"
"197";"SALOBRAL";"05";"Ávila";"08";"Comunidad Autónoma de Castilla y León";"RNC";"RNC"
"198";"SALVADIOS";"05";"Ávila";"08";"Comunidad Autónoma de Castilla y León";"RRD";"RRGD"
"199";"SAN BARTOLOME DE BEJAR";"05";"Ávila";"08";"Comunidad Autónoma de Castilla y León";"RRD";"RRGD"
"200";"SAN BARTOLOME DE CORNEJA";"05";"Ávila";"08";"Comunidad Autónoma de Castilla y León";"RRD";"RRGD"
"201";"SAN BARTOLOME DE PINARES";"05";"Ávila";"08";"Comunidad Autónoma de Castilla y León";"RRD";"RRGD"
"204";"SANCHIDRIAN";"05";"Ávila";"08";"Comunidad Autónoma de Castilla y León";"RNC";"RNC"
"205";"SANCHORREJA";"05";"Ávila";"08";"Comunidad Autónoma de Castilla y León";"RRD";"RRGD"
"206";"SAN ESTEBAN DE LOS PATOS";"05";"Ávila";"08";"Comunidad Autónoma de Castilla y León";"RRD";"RRGD"
"207";"SAN ESTEBAN DEL VALLE";"05";"Ávila";"08";"Comunidad Autónoma de Castilla y León";"RNC";"RNC"
"208";"SAN ESTEBAN DE ZAPARDIEL";"05";"Ávila";"08";"Comunidad Autónoma de Castilla y León";"RRD";"RRGD"
"035";"CASTILBLANCO";"06";"Badajoz";"10";"Comunidad Autónoma de Extremadura";"RRD";"RRGD"
"036";"CASTUERA";"06";"Badajoz";"10";"Comunidad Autónoma de Extremadura";"RNC";"RNC"
"037";"CODOSERA (LA)";"06";"Badajoz";"10";"Comunidad Autónoma de Extremadura";"RNC";"RNC"
"038";"CORDOBILLA DE LACARA";"06";"Badajoz";"10";"Comunidad Autónoma de Extremadura";"RNC";"RNC"
"039";"CORONADA (LA)";"06";"Badajoz";"10";"Comunidad Autónoma de Extremadura";"RNC";"RNC"
"040";"CORTE DE PELEAS";"06";"Badajoz";"10";"Comunidad Autónoma de Extremadura";"RNC";"RNC"
"041";"CRISTINA";"06";"Badajoz";"10";"Comunidad Autónoma de Extremadura";"RNC";"RNC"
"042";"CHELES";"06";"Badajoz";"10";"Comunidad Autónoma de Extremadura";"RNC";"RNC"
"043";"DON ALVARO";"06";"Badajoz";"10";"Comunidad Autónoma de Extremadura";"RNC";"RNC"
"044";"DON BENITO";"06";"Badajoz";"10";"Comunidad Autónoma de Extremadura";"URBANO";"URBANO"
"045";"ENTRIN BAJO";"06";"Badajoz";"10";"Comunidad Autónoma de Extremadura";"RNC";"RNC"
"046";"ESPARRAGALEJO";"06";"Badajoz";"10";"Comunidad Autónoma de Extremadura";"RNC";"RNC"
"047";"ESPARRAGOSA DE LA SERENA";"06";"Badajoz";"10";"Comunidad Autónoma de Extremadura";"RNC";"RNC"
"001";"ACEDERA";"06";"Badajoz";"10";"Comunidad Autónoma de Extremadura";"RRD";"RRD"
"002";"ACEUCHAL";"06";"Badajoz";"10";"Comunidad Autónoma de Extremadura";"RNC";"RNC"
"003";"AHILLONES";"06";"Badajoz";"10";"Comunidad Autónoma de Extremadura";"RNC";"RNC"
"004";"ALANGE";"06";"Badajoz";"10";"Comunidad Autónoma de Extremadura";"RRD";"RRD"
"005";"ALBUERA (LA)";"06";"Badajoz";"10";"Comunidad Autónoma de Extremadura";"RNC";"RNC"
"006";"ALBURQUERQUE";"06";"Badajoz";"10";"Comunidad Autónoma de Extremadura";"RRD";"RRD"
"007";"ALCONCHEL";"06";"Badajoz";"10";"Comunidad Autónoma de Extremadura";"RRD";"RRGD"
"008";"ALCONERA";"06";"Badajoz";"10";"Comunidad Autónoma de Extremadura";"RNC";"RNC"
"009";"ALJUCEN";"06";"Badajoz";"10";"Comunidad Autónoma de Extremadura";"RNC";"RNC"
"010";"ALMENDRAL";"06";"Badajoz";"10";"Comunidad Autónoma de Extremadura";"RNC";"RNC"
"011";"ALMENDRALEJO";"06";"Badajoz";"10";"Comunidad Autónoma de Extremadura";"URBANO";"URBANO"
"012";"ARROYO DE SAN SERVAN";"06";"Badajoz";"10";"Comunidad Autónoma de Extremadura";"RNC";"RNC"
"013";"ATALAYA";"06";"Badajoz";"10";"Comunidad Autónoma de Extremadura";"RNC";"RNC"
"014";"AZUAGA";"06";"Badajoz";"10";"Comunidad Autónoma de Extremadura";"RNC";"RNC"
"016";"BARCARROTA";"06";"Badajoz";"10";"Comunidad Autónoma de Extremadura";"RNC";"RNC"
"017";"BATERNO";"06";"Badajoz";"10";"Comunidad Autónoma de Extremadura";"RRD";"RRGD"
"018";"BENQUERENCIA DE LA SERENA";"06";"Badajoz";"10";"Comunidad Autónoma de Extremadura";"RRD";"RRD"
"019";"BERLANGA";"06";"Badajoz";"10";"Comunidad Autónoma de Extremadura";"RNC";"RNC"
"020";"BIENVENIDA";"06";"Badajoz";"10";"Comunidad Autónoma de Extremadura";"RNC";"RNC"
"021";"BODONAL DE LA SIERRA";"06";"Badajoz";"10";"Comunidad Autónoma de Extremadura";"RNC";"RNC"
"022";"BURGUILLOS DEL CERRO";"06";"Badajoz";"10";"Comunidad Autónoma de Extremadura";"RNC";"RNC"
"023";"CABEZA DEL BUEY";"06";"Badajoz";"10";"Comunidad Autónoma de Extremadura";"RRD";"RRD"
"024";"CABEZA LA VACA";"06";"Badajoz";"10";"Comunidad Autónoma de Extremadura";"RNC";"RNC"
"025";"CALAMONTE";"06";"Badajoz";"10";"Comunidad Autónoma de Extremadura";"URBANO";"URBANO"
"026";"CALERA DE LEON";"06";"Badajoz";"10";"Comunidad Autónoma de Extremadura";"RNC";"RNC"
"027";"CALZADILLA DE LOS BARROS";"06";"Badajoz";"10";"Comunidad Autónoma de Extremadura";"RNC";"RNC"
"028";"CAMPANARIO";"06";"Badajoz";"10";"Comunidad Autónoma de Extremadura";"RNC";"RNC"
"029";"CAMPILLO DE LLERENA";"06";"Badajoz";"10";"Comunidad Autónoma de Extremadura";"RRD";"RRGD"
"030";"CAPILLA";"06";"Badajoz";"10";"Comunidad Autónoma de Extremadura";"RRD";"RRGD"
"031";"CARMONITA";"06";"Badajoz";"10";"Comunidad Autónoma de Extremadura";"RNC";"RNC"
"032";"CARRASCALEJO (EL)";"06";"Badajoz";"10";"Comunidad Autónoma de Extremadura";"RRD";"RRGD"
"033";"CASAS DE DON PEDRO";"06";"Badajoz";"10";"Comunidad Autónoma de Extremadura";"RRD";"RRD"
"034";"CASAS DE REINA";"06";"Badajoz";"10";"Comunidad Autónoma de Extremadura";"RRD";"RRGD"
"112";"RETAMAL DE LLERENA";"06";"Badajoz";"10";"Comunidad Autónoma de Extremadura";"RRD";"RRGD"
"113";"RIBERA DEL FRESNO";"06";"Badajoz";"10";"Comunidad Autónoma de Extremadura";"RNC";"RNC"
"114";"RISCO";"06";"Badajoz";"10";"Comunidad Autónoma de Extremadura";"RRD";"RRGD"
"115";"ROCA DE LA SIERRA (LA)";"06";"Badajoz";"10";"Comunidad Autónoma de Extremadura";"RNC";"RNC"
"116";"SALVALEON";"06";"Badajoz";"10";"Comunidad Autónoma de Extremadura";"RNC";"RNC"
"117";"SALVATIERRA DE LOS BARROS";"06";"Badajoz";"10";"Comunidad Autónoma de Extremadura";"RNC";"RNC"
"118";"SANCTI-SPIRITUS";"06";"Badajoz";"10";"Comunidad Autónoma de Extremadura";"RRD";"RRGD"
"119";"SAN PEDRO DE MERIDA";"06";"Badajoz";"10";"Comunidad Autónoma de Extremadura";"RNC";"RNC"
"120";"SANTA AMALIA";"06";"Badajoz";"10";"Comunidad Autónoma de Extremadura";"RNC";"RNC"
"121";"SANTA MARTA";"06";"Badajoz";"10";"Comunidad Autónoma de Extremadura";"RNC";"RNC"
"122";"SANTOS DE MAIMONA (LOS)";"06";"Badajoz";"10";"Comunidad Autónoma de Extremadura";"RNC";"RNC"
"123";"SAN VICENTE DE ALCANTARA";"06";"Badajoz";"10";"Comunidad Autónoma de Extremadura";"RNC";"RNC"
"124";"SEGURA DE LEON";"06";"Badajoz";"10";"Comunidad Autónoma de Extremadura";"RNC";"RNC"
"125";"SIRUELA";"06";"Badajoz";"10";"Comunidad Autónoma de Extremadura";"RRD";"RRD"
"126";"SOLANA DE LOS BARROS";"06";"Badajoz";"10";"Comunidad Autónoma de Extremadura";"RNC";"RNC"
"127";"TALARRUBIAS";"06";"Badajoz";"10";"Comunidad Autónoma de Extremadura";"RRD";"RRD"
"128";"TALAVERA LA REAL";"06";"Badajoz";"10";"Comunidad Autónoma de Extremadura";"RNC";"RNC"
"129";"TALIGA";"06";"Badajoz";"10";"Comunidad Autónoma de Extremadura";"RNC";"RNC"
"130";"TAMUREJO";"06";"Badajoz";"10";"Comunidad Autónoma de Extremadura";"RRD";"RRGD"
"131";"TORRE DE MIGUEL SESMERO";"06";"Badajoz";"10";"Comunidad Autónoma de Extremadura";"RNC";"RNC"
"132";"TORREMAYOR";"06";"Badajoz";"10";"Comunidad Autónoma de Extremadura";"RNC";"RNC"
"133";"TORREMEJIA";"06";"Badajoz";"10";"Comunidad Autónoma de Extremadura";"RNC";"RNC"
"134";"TRASIERRA";"06";"Badajoz";"10";"Comunidad Autónoma de Extremadura";"RRD";"RRD"
"135";"TRUJILLANOS";"06";"Badajoz";"10";"Comunidad Autónoma de Extremadura";"RNC";"RNC"
"136";"USAGRE";"06";"Badajoz";"10";"Comunidad Autónoma de Extremadura";"RRD";"RRGD"
"137";"VALDECABALLEROS";"06";"Badajoz";"10";"Comunidad Autónoma de Extremadura";"RRD";"RRD"
"138";"VALDETORRES";"06";"Badajoz";"10";"Comunidad Autónoma de Extremadura";"RNC";"RNC"
"139";"VALENCIA DE LAS TORRES";"06";"Badajoz";"10";"Comunidad Autónoma de Extremadura";"RRD";"RRGD"
"140";"VALENCIA DEL MOMBUEY";"06";"Badajoz";"10";"Comunidad Autónoma de Extremadura";"RRD";"RRD"
"141";"VALENCIA DEL VENTOSO";"06";"Badajoz";"10";"Comunidad Autónoma de Extremadura";"RNC";"RNC"
"142";"VALVERDE DE BURGUILLOS";"06";"Badajoz";"10";"Comunidad Autónoma de Extremadura";"RNC";"RNC"
"143";"VALVERDE DE LEGANES";"06";"Badajoz";"10";"Comunidad Autónoma de Extremadura";"RNC";"RNC"
"144";"VALVERDE DE LLERENA";"06";"Badajoz";"10";"Comunidad Autónoma de Extremadura";"RNC";"RNC"
"145";"VALVERDE DE MERIDA";"06";"Badajoz";"10";"Comunidad Autónoma de Extremadura";"RNC";"RNC"
"146";"VALLE DE LA SERENA";"06";"Badajoz";"10";"Comunidad Autónoma de Extremadura";"RRD";"RRD"
"147";"VALLE DE MATAMOROS";"06";"Badajoz";"10";"Comunidad Autónoma de Extremadura";"RNC";"RNC"
"148";"VALLE DE SANTA ANA";"06";"Badajoz";"10";"Comunidad Autónoma de Extremadura";"URBANO";"URBANO"
"149";"VILLAFRANCA DE LOS BARROS";"06";"Badajoz";"10";"Comunidad Autónoma de Extremadura";"URBANO";"URBANO"
"150";"VILLAGARCIA DE LA TORRE";"06";"Badajoz";"10";"Comunidad Autónoma de Extremadura";"RNC";"RNC"
"151";"VILLAGONZALO";"06";"Badajoz";"10";"Comunidad Autónoma de Extremadura";"RNC";"RNC"
"152";"VILLALBA DE LOS BARROS";"06";"Badajoz";"10";"Comunidad Autónoma de Extremadura";"RNC";"RNC"
"153";"VILLANUEVA DE LA SERENA";"06";"Badajoz";"10";"Comunidad Autónoma de Extremadura";"URBANO";"URBANO"
"154";"VILLANUEVA DEL FRESNO";"06";"Badajoz";"10";"Comunidad Autónoma de Extremadura";"RRD";"RRD"
"155";"VILLAR DEL REY";"06";"Badajoz";"10";"Comunidad Autónoma de Extremadura";"RNC";"RNC"
"156";"VILLAR DE RENA";"06";"Badajoz";"10";"Comunidad Autónoma de Extremadura";"RNC";"RNC"
"157";"VILLARTA DE LOS MONTES";"06";"Badajoz";"10";"Comunidad Autónoma de Extremadura";"RRD";"RRGD"
"158";"ZAFRA";"06";"Badajoz";"10";"Comunidad Autónoma de Extremadura";"URBANO";"URBANO"
"159";"ZAHINOS";"06";"Badajoz";"10";"Comunidad Autónoma de Extremadura";"RNC";"RNC"
"160";"ZALAMEA DE LA SERENA";"06";"Badajoz";"10";"Comunidad Autónoma de Extremadura";"RNC";"RNC"
"161";"ZARZA-CAPILLA";"06";"Badajoz";"10";"Comunidad Autónoma de Extremadura";"RRD";"RRGD"
"162";"ZARZA (LA)";"06";"Badajoz";"10";"Comunidad Autónoma de Extremadura";"RNC";"RNC"
"165";"GUADIANA DEL CAUDILLO";"06";"Badajoz";"10";"Comunidad Autónoma de Extremadura";"RNC";"RNC"
"167";"PUEBLONUEVO";"06";"Badajoz";"10";"Comunidad Autónoma de Extremadura";"RNC";"RNC"
"169";"VALDELACALZADA";"06";"Badajoz";"10";"Comunidad Autónoma de Extremadura";"RNC";"RNC"
"900";"BADAJOZ";"06";"Badajoz";"10";"Comunidad Autónoma de Extremadura";"URBANO";"URBANO"
"901";"BADAJOZ(Código Antiguo)";"06";"Badajoz";"10";"Comunidad Autónoma de Extremadura";"URBANO";"URBANO"
"048";"ESPARRAGOSA DE LARES";"06";"Badajoz";"10";"Comunidad Autónoma de Extremadura";"RRD";"RRGD"
"049";"FERIA";"06";"Badajoz";"10";"Comunidad Autónoma de Extremadura";"RNC";"RNC"
"050";"FREGENAL DE LA SIERRA";"06";"Badajoz";"10";"Comunidad Autónoma de Extremadura";"RNC";"RNC"
"051";"FUENLABRADA DE LOS MONTES";"06";"Badajoz";"10";"Comunidad Autónoma de Extremadura";"RRD";"RRD"
"052";"FUENTE DE CANTOS";"06";"Badajoz";"10";"Comunidad Autónoma de Extremadura";"RNC";"RNC"
"053";"FUENTE DEL ARCO";"06";"Badajoz";"10";"Comunidad Autónoma de Extremadura";"RRD";"RRGD"
"054";"FUENTE DEL MAESTRE";"06";"Badajoz";"10";"Comunidad Autónoma de Extremadura";"RNC";"RNC"
"055";"FUENTES DE LEON";"06";"Badajoz";"10";"Comunidad Autónoma de Extremadura";"RNC";"RNC"
"056";"GARBAYUELA";"06";"Badajoz";"10";"Comunidad Autónoma de Extremadura";"RRD";"RRGD"
"057";"GARLITOS";"06";"Badajoz";"10";"Comunidad Autónoma de Extremadura";"RRD";"RRGD"
"058";"GARROVILLA (LA)";"06";"Badajoz";"10";"Comunidad Autónoma de Extremadura";"RNC";"RNC"
"059";"GRANJA DE TORREHERMOSA";"06";"Badajoz";"10";"Comunidad Autónoma de Extremadura";"RNC";"RNC"
"060";"GUAREÑA";"06";"Badajoz";"10";"Comunidad Autónoma de Extremadura";"RNC";"RNC"
"061";"HABA (LA)";"06";"Badajoz";"10";"Comunidad Autónoma de Extremadura";"RNC";"RNC"
"062";"HELECHOSA DE LOS MONTES";"06";"Badajoz";"10";"Comunidad Autónoma de Extremadura";"RRD";"RRGD"
"063";"HERRERA DEL DUQUE";"06";"Badajoz";"10";"Comunidad Autónoma de Extremadura";"RNC";"RNC"
"064";"HIGUERA DE LA SERENA";"06";"Badajoz";"10";"Comunidad Autónoma de Extremadura";"RNC";"RNC"
"065";"HIGUERA DE LLERENA";"06";"Badajoz";"10";"Comunidad Autónoma de Extremadura";"RRD";"RRGD"
"066";"HIGUERA DE VARGAS";"06";"Badajoz";"10";"Comunidad Autónoma de Extremadura";"RNC";"RNC"
"067";"HIGUERA LA REAL";"06";"Badajoz";"10";"Comunidad Autónoma de Extremadura";"RNC";"RNC"
"068";"HINOJOSA DEL VALLE";"06";"Badajoz";"10";"Comunidad Autónoma de Extremadura";"RRD";"RRD"
"069";"HORNACHOS";"06";"Badajoz";"10";"Comunidad Autónoma de Extremadura";"RRD";"RRD"
"070";"JEREZ DE LOS CABALLEROS";"06";"Badajoz";"10";"Comunidad Autónoma de Extremadura";"RNC";"RNC"
"071";"LAPA (LA)";"06";"Badajoz";"10";"Comunidad Autónoma de Extremadura";"RNC";"RNC"
"072";"LOBON";"06";"Badajoz";"10";"Comunidad Autónoma de Extremadura";"RNC";"RNC"
"073";"LLERA";"06";"Badajoz";"10";"Comunidad Autónoma de Extremadura";"RRD";"RRD"
"074";"LLERENA";"06";"Badajoz";"10";"Comunidad Autónoma de Extremadura";"RNC";"RNC"
"075";"MAGACELA";"06";"Badajoz";"10";"Comunidad Autónoma de Extremadura";"RRD";"RRGD"
"076";"MAGUILLA";"06";"Badajoz";"10";"Comunidad Autónoma de Extremadura";"RRD";"RRD"
"077";"MALCOCINADO";"06";"Badajoz";"10";"Comunidad Autónoma de Extremadura";"RNC";"RNC"
"078";"MALPARTIDA DE LA SERENA";"06";"Badajoz";"10";"Comunidad Autónoma de Extremadura";"RNC";"RNC"
"079";"MANCHITA";"06";"Badajoz";"10";"Comunidad Autónoma de Extremadura";"RNC";"RNC"
"080";"MEDELLIN";"06";"Badajoz";"10";"Comunidad Autónoma de Extremadura";"RNC";"RNC"
"081";"MEDINA DE LAS TORRES";"06";"Badajoz";"10";"Comunidad Autónoma de Extremadura";"RNC";"RNC"
"082";"MENGABRIL";"06";"Badajoz";"10";"Comunidad Autónoma de Extremadura";"RRD";"RRD"
"083";"MERIDA";"06";"Badajoz";"10";"Comunidad Autónoma de Extremadura";"URBANO";"URBANO"
"084";"MIRANDILLA";"06";"Badajoz";"10";"Comunidad Autónoma de Extremadura";"RNC";"RNC"
"085";"MONESTERIO";"06";"Badajoz";"10";"Comunidad Autónoma de Extremadura";"RNC";"RNC"
"086";"MONTEMOLIN";"06";"Badajoz";"10";"Comunidad Autónoma de Extremadura";"RRD";"RRGD"
"087";"MONTERRUBIO DE LA SERENA";"06";"Badajoz";"10";"Comunidad Autónoma de Extremadura";"RRD";"RRGD"
"088";"MONTIJO";"06";"Badajoz";"10";"Comunidad Autónoma de Extremadura";"URBANO";"URBANO"
"089";"MORERA (LA)";"06";"Badajoz";"10";"Comunidad Autónoma de Extremadura";"RNC";"RNC"
"090";"NAVA DE SANTIAGO (LA)";"06";"Badajoz";"10";"Comunidad Autónoma de Extremadura";"RNC";"RNC"
"091";"NAVALVILLAR DE PELA";"06";"Badajoz";"10";"Comunidad Autónoma de Extremadura";"RNC";"RNC"
"092";"NOGALES";"06";"Badajoz";"10";"Comunidad Autónoma de Extremadura";"RRD";"RRD"
"093";"OLIVA DE LA FRONTERA";"06";"Badajoz";"10";"Comunidad Autónoma de Extremadura";"RNC";"RNC"
"094";"OLIVA DE MERIDA";"06";"Badajoz";"10";"Comunidad Autónoma de Extremadura";"RRD";"RRGD"
"095";"OLIVENZA";"06";"Badajoz";"10";"Comunidad Autónoma de Extremadura";"RNC";"RNC"
"096";"ORELLANA DE LA SIERRA";"06";"Badajoz";"10";"Comunidad Autónoma de Extremadura";"RNC";"RNC"
"097";"ORELLANA LA VIEJA";"06";"Badajoz";"10";"Comunidad Autónoma de Extremadura";"RNC";"RNC"
"098";"PALOMAS";"06";"Badajoz";"10";"Comunidad Autónoma de Extremadura";"RNC";"RNC"
"099";"PARRA (LA)";"06";"Badajoz";"10";"Comunidad Autónoma de Extremadura";"RNC";"RNC"
"100";"PEÑALSORDO";"06";"Badajoz";"10";"Comunidad Autónoma de Extremadura";"RNC";"RNC"
"101";"PERALEDA DEL ZAUCEJO";"06";"Badajoz";"10";"Comunidad Autónoma de Extremadura";"RRD";"RRGD"
"102";"PUEBLA DE ALCOCER";"06";"Badajoz";"10";"Comunidad Autónoma de Extremadura";"RRD";"RRGD"
"103";"PUEBLA DE LA CALZADA";"06";"Badajoz";"10";"Comunidad Autónoma de Extremadura";"URBANO";"URBANO"
"104";"PUEBLA DE LA REINA";"06";"Badajoz";"10";"Comunidad Autónoma de Extremadura";"RRD";"RRGD"
"105";"PUEBLA DEL MAESTRE";"06";"Badajoz";"10";"Comunidad Autónoma de Extremadura";"RRD";"RRD"
"106";"PUEBLA DEL PRIOR";"06";"Badajoz";"10";"Comunidad Autónoma de Extremadura";"RNC";"RNC"
"107";"PUEBLA DE OBANDO";"06";"Badajoz";"10";"Comunidad Autónoma de Extremadura";"RNC";"RNC"
"108";"PUEBLA DE SANCHO PEREZ";"06";"Badajoz";"10";"Comunidad Autónoma de Extremadura";"RNC";"RNC"
"109";"QUINTANA DE LA SERENA";"06";"Badajoz";"10";"Comunidad Autónoma de Extremadura";"RNC";"RNC"
"110";"REINA";"06";"Badajoz";"10";"Comunidad Autónoma de Extremadura";"RRD";"RRGD"
"111";"RENA";"06";"Badajoz";"10";"Comunidad Autónoma de Extremadura";"RNC";"RNC"
"006";"ARTÀ";"07";"Illes Balears";"04";"Comunidad Autónoma de Illes Balears";"RNC";"RNC"
"007";"BANYALBUFAR";"07";"Illes Balears";"04";"Comunidad Autónoma de Illes Balears";"RNC";"RNC"
"008";"BINISSALEM";"07";"Illes Balears";"04";"Comunidad Autónoma de Illes Balears";"URBANO";"URBANO"
"009";"BÚGER";"07";"Illes Balears";"04";"Comunidad Autónoma de Illes Balears";"URBANO";"URBANO"
"010";"BUNYOLA";"07";"Illes Balears";"04";"Comunidad Autónoma de Illes Balears";"RNC";"RNC"
"011";"CALVIÀ";"07";"Illes Balears";"04";"Comunidad Autónoma de Illes Balears";"URBANO";"URBANO"
"012";"CAMPANET";"07";"Illes Balears";"04";"Comunidad Autónoma de Illes Balears";"RNC";"RNC"
"013";"CAMPOS";"07";"Illes Balears";"04";"Comunidad Autónoma de Illes Balears";"RNC";"RNC"
"014";"CAPDEPERA";"07";"Illes Balears";"04";"Comunidad Autónoma de Illes Balears";"URBANO";"URBANO"
"015";"CIUTADELLA DE MENORCA";"07";"Illes Balears";"04";"Comunidad Autónoma de Illes Balears";"URBANO";"URBANO"
"016";"CONSELL";"07";"Illes Balears";"04";"Comunidad Autónoma de Illes Balears";"URBANO";"URBANO"
"017";"COSTITX";"07";"Illes Balears";"04";"Comunidad Autónoma de Illes Balears";"RNC";"RNC"
"018";"DEIÀ";"07";"Illes Balears";"04";"Comunidad Autónoma de Illes Balears";"RNC";"RNC"
"019";"ESCORCA";"07";"Illes Balears";"04";"Comunidad Autónoma de Illes Balears";"RRD";"RRGD"
"020";"ESPORLES";"07";"Illes Balears";"04";"Comunidad Autónoma de Illes Balears";"URBANO";"URBANO"
"021";"ESTELLENCS";"07";"Illes Balears";"04";"Comunidad Autónoma de Illes Balears";"RNC";"RNC"
"022";"FELANITX";"07";"Illes Balears";"04";"Comunidad Autónoma de Illes Balears";"URBANO";"URBANO"
"023";"FERRERIES";"07";"Illes Balears";"04";"Comunidad Autónoma de Illes Balears";"RNC";"RNC"
"024";"FORMENTERA";"07";"Illes Balears";"04";"Comunidad Autónoma de Illes Balears";"URBANO";"URBANO"
"025";"FORNALUTX";"07";"Illes Balears";"04";"Comunidad Autónoma de Illes Balears";"RNC";"RNC"
"026";"EIVISSA";"07";"Illes Balears";"04";"Comunidad Autónoma de Illes Balears";"URBANO";"URBANO"
"027";"INCA";"07";"Illes Balears";"04";"Comunidad Autónoma de Illes Balears";"URBANO";"URBANO"
"028";"LLORET DE VISTALEGRE";"07";"Illes Balears";"04";"Comunidad Autónoma de Illes Balears";"RNC";"RNC"
"029";"LLOSETA";"07";"Illes Balears";"04";"Comunidad Autónoma de Illes Balears";"URBANO";"URBANO"
"030";"LLUBÍ";"07";"Illes Balears";"04";"Comunidad Autónoma de Illes Balears";"RNC";"RNC"
"031";"LLUCMAJOR";"07";"Illes Balears";"04";"Comunidad Autónoma de Illes Balears";"URBANO";"URBANO"
"032";"MAÓ-MAHÓN";"07";"Illes Balears";"04";"Comunidad Autónoma de Illes Balears";"URBANO";"URBANO"
"033";"MANACOR";"07";"Illes Balears";"04";"Comunidad Autónoma de Illes Balears";"URBANO";"URBANO"
"034";"MANCOR DE LA VALL";"07";"Illes Balears";"04";"Comunidad Autónoma de Illes Balears";"RNC";"RNC"
"035";"MARIA DE LA SALUT";"07";"Illes Balears";"04";"Comunidad Autónoma de Illes Balears";"RNC";"RNC"
"036";"MARRATXÍ";"07";"Illes Balears";"04";"Comunidad Autónoma de Illes Balears";"URBANO";"URBANO"
"037";"MERCADAL (ES)";"07";"Illes Balears";"04";"Comunidad Autónoma de Illes Balears";"RNC";"RNC"
"038";"MONTUÏRI";"07";"Illes Balears";"04";"Comunidad Autónoma de Illes Balears";"RNC";"RNC"
"039";"MURO";"07";"Illes Balears";"04";"Comunidad Autónoma de Illes Balears";"URBANO";"URBANO"
"040";"PALMA DE MALLORCA";"07";"Illes Balears";"04";"Comunidad Autónoma de Illes Balears";"URBANO";"URBANO"
"041";"PETRA";"07";"Illes Balears";"04";"Comunidad Autónoma de Illes Balears";"RNC";"RNC"
"042";"POLLENÇA";"07";"Illes Balears";"04";"Comunidad Autónoma de Illes Balears";"URBANO";"URBANO"
"043";"PORRERES";"07";"Illes Balears";"04";"Comunidad Autónoma de Illes Balears";"RNC";"RNC"
"044";"POBLA (SA)";"07";"Illes Balears";"04";"Comunidad Autónoma de Illes Balears";"URBANO";"URBANO"
"045";"PUIGPUNYENT";"07";"Illes Balears";"04";"Comunidad Autónoma de Illes Balears";"RNC";"RNC"
"046";"SANT ANTONI DE PORTMANY";"07";"Illes Balears";"04";"Comunidad Autónoma de Illes Balears";"URBANO";"URBANO"
"047";"SENCELLES";"07";"Illes Balears";"04";"Comunidad Autónoma de Illes Balears";"RNC";"RNC"
"048";"SANT JOSEP DE SA TALAIA";"07";"Illes Balears";"04";"Comunidad Autónoma de Illes Balears";"URBANO";"URBANO"
"049";"SANT JOAN";"07";"Illes Balears";"04";"Comunidad Autónoma de Illes Balears";"RNC";"RNC"
"050";"SANT JOAN DE LABRITJA";"07";"Illes Balears";"04";"Comunidad Autónoma de Illes Balears";"RNC";"RNC"
"051";"SANT LLORENÇ DES CARDASSAR";"07";"Illes Balears";"04";"Comunidad Autónoma de Illes Balears";"URBANO";"URBANO"
"052";"SANT LLUÍS";"07";"Illes Balears";"04";"Comunidad Autónoma de Illes Balears";"URBANO";"URBANO"
"053";"SANTA EUGÈNIA";"07";"Illes Balears";"04";"Comunidad Autónoma de Illes Balears";"RNC";"RNC"
"054";"SANTA EULÀRIA DES RIU";"07";"Illes Balears";"04";"Comunidad Autónoma de Illes Balears";"URBANO";"URBANO"
"055";"SANTA MARGALIDA";"07";"Illes Balears";"04";"Comunidad Autónoma de Illes Balears";"URBANO";"URBANO"
"056";"SANTA MARÍA DEL CAMÍ";"07";"Illes Balears";"04";"Comunidad Autónoma de Illes Balears";"URBANO";"URBANO"
"057";"SANTANYÍ";"07";"Illes Balears";"04";"Comunidad Autónoma de Illes Balears";"RNC";"RNC"
"058";"SELVA";"07";"Illes Balears";"04";"Comunidad Autónoma de Illes Balears";"RNC";"RNC"
"059";"SALINES (SES)";"07";"Illes Balears";"04";"Comunidad Autónoma de Illes Balears";"URBANO";"URBANO"
"060";"SINEU";"07";"Illes Balears";"04";"Comunidad Autónoma de Illes Balears";"RNC";"RNC"
"061";"SÓLLER";"07";"Illes Balears";"04";"Comunidad Autónoma de Illes Balears";"URBANO";"URBANO"
"062";"SON SERVERA";"07";"Illes Balears";"04";"Comunidad Autónoma de Illes Balears";"URBANO";"URBANO"
"063";"VALLDEMOSSA";"07";"Illes Balears";"04";"Comunidad Autónoma de Illes Balears";"RNC";"RNC"
"064";"CASTELL (ES)";"07";"Illes Balears";"04";"Comunidad Autónoma de Illes Balears";"URBANO";"URBANO"
"065";"VILAFRANCA DE BONANY";"07";"Illes Balears";"04";"Comunidad Autónoma de Illes Balears";"URBANO";"URBANO"
"066";"ARIANY";"07";"Illes Balears";"04";"Comunidad Autónoma de Illes Balears";"RNC";"RNC"
"067";"MIGJORN GRAN (ES)";"07";"Illes Balears";"04";"Comunidad Autónoma de Illes Balears";"RNC";"RNC"
"001";"ALARÓ";"07";"Illes Balears";"04";"Comunidad Autónoma de Illes Balears";"URBANO";"URBANO"
"002";"ALAIOR";"07";"Illes Balears";"04";"Comunidad Autónoma de Illes Balears";"RNC";"RNC"
"003";"ALCÚDIA";"07";"Illes Balears";"04";"Comunidad Autónoma de Illes Balears";"URBANO";"URBANO"
"004";"ALGAIDA";"07";"Illes Balears";"04";"Comunidad Autónoma de Illes Balears";"RNC";"RNC"
"005";"ANDRATX";"07";"Illes Balears";"04";"Comunidad Autónoma de Illes Balears";"URBANO";"URBANO"
"021";"BELLPRAT";"08";"Barcelona";"09";"Comunidad Autónoma de Cataluña";"RRD";"RRGD"
"022";"BERGA";"08";"Barcelona";"09";"Comunidad Autónoma de Cataluña";"URBANO";"URBANO"
"023";"BIGUES I RIELLS";"08";"Barcelona";"09";"Comunidad Autónoma de Cataluña";"URBANO";"URBANO"
"024";"BORREDA";"08";"Barcelona";"09";"Comunidad Autónoma de Cataluña";"RRD";"RRD"
"025";"BRUC (EL)";"08";"Barcelona";"09";"Comunidad Autónoma de Cataluña";"RNC";"RNC"
"026";"BRULL (EL)";"08";"Barcelona";"09";"Comunidad Autónoma de Cataluña";"RRD";"RRGD"
"027";"CABANYES (LES)";"08";"Barcelona";"09";"Comunidad Autónoma de Cataluña";"URBANO";"URBANO"
"028";"CABRERA D'ANOIA";"08";"Barcelona";"09";"Comunidad Autónoma de Cataluña";"RNC";"RNC"
"029";"CABRERA DE MAR";"08";"Barcelona";"09";"Comunidad Autónoma de Cataluña";"URBANO";"URBANO"
"030";"CABRILS";"08";"Barcelona";"09";"Comunidad Autónoma de Cataluña";"URBANO";"URBANO"
"031";"CALAF";"08";"Barcelona";"09";"Comunidad Autónoma de Cataluña";"URBANO";"URBANO"
"032";"CALDES D'ESTRAC";"08";"Barcelona";"09";"Comunidad Autónoma de Cataluña";"URBANO";"URBANO"
"033";"CALDES DE MONTBUI";"08";"Barcelona";"09";"Comunidad Autónoma de Cataluña";"URBANO";"URBANO"
"034";"CALDERS";"08";"Barcelona";"09";"Comunidad Autónoma de Cataluña";"RNC";"RNC"
"035";"CALELLA";"08";"Barcelona";"09";"Comunidad Autónoma de Cataluña";"URBANO";"URBANO"
"036";"CALONGE DE SEGARRA";"08";"Barcelona";"09";"Comunidad Autónoma de Cataluña";"RRD";"RRGD"
"037";"CALLUS";"08";"Barcelona";"09";"Comunidad Autónoma de Cataluña";"URBANO";"URBANO"
"038";"CAMPINS";"08";"Barcelona";"09";"Comunidad Autónoma de Cataluña";"RNC";"RNC"
"039";"CANET DE MAR";"08";"Barcelona";"09";"Comunidad Autónoma de Cataluña";"URBANO";"URBANO"
"040";"CANOVELLES";"08";"Barcelona";"09";"Comunidad Autónoma de Cataluña";"URBANO";"URBANO"
"041";"CANOVES I SAMALUS";"08";"Barcelona";"09";"Comunidad Autónoma de Cataluña";"URBANO";"URBANO"
"042";"CANYELLES";"08";"Barcelona";"09";"Comunidad Autónoma de Cataluña";"URBANO";"URBANO"
"043";"CAPELLADES";"08";"Barcelona";"09";"Comunidad Autónoma de Cataluña";"URBANO";"URBANO"
"044";"CAPOLAT";"08";"Barcelona";"09";"Comunidad Autónoma de Cataluña";"RRD";"RRGD"
"045";"CARDEDEU";"08";"Barcelona";"09";"Comunidad Autónoma de Cataluña";"URBANO";"URBANO"
"046";"CARDONA";"08";"Barcelona";"09";"Comunidad Autónoma de Cataluña";"RNC";"RNC"
"047";"CARME";"08";"Barcelona";"09";"Comunidad Autónoma de Cataluña";"RNC";"RNC"
"048";"CASSERRES";"08";"Barcelona";"09";"Comunidad Autónoma de Cataluña";"RNC";"RNC"
"049";"CASTELLAR DEL RIU";"08";"Barcelona";"09";"Comunidad Autónoma de Cataluña";"RRD";"RRGD"
"050";"CASTELLAR DEL VALLES";"08";"Barcelona";"09";"Comunidad Autónoma de Cataluña";"URBANO";"URBANO"
"051";"CASTELLAR DE N'HUG";"08";"Barcelona";"09";"Comunidad Autónoma de Cataluña";"RRD";"RRGD"
"052";"CASTELLBELL I EL VILAR";"08";"Barcelona";"09";"Comunidad Autónoma de Cataluña";"URBANO";"URBANO"
"053";"CASTELLBISBAL";"08";"Barcelona";"09";"Comunidad Autónoma de Cataluña";"URBANO";"URBANO"
"054";"CASTELLCIR";"08";"Barcelona";"09";"Comunidad Autónoma de Cataluña";"RNC";"RNC"
"055";"CASTELLDEFELS";"08";"Barcelona";"09";"Comunidad Autónoma de Cataluña";"URBANO";"URBANO"
"056";"CASTELL DE L'ARENY";"08";"Barcelona";"09";"Comunidad Autónoma de Cataluña";"RRD";"RRGD"
"057";"CASTELLET I LA GORNAL";"08";"Barcelona";"09";"Comunidad Autónoma de Cataluña";"RNC";"RNC"
"058";"CASTELLFOLLIT DEL BOIX";"08";"Barcelona";"09";"Comunidad Autónoma de Cataluña";"RRD";"RRGD"
"059";"CASTELLFOLLIT DE RIUBREGOS";"08";"Barcelona";"09";"Comunidad Autónoma de Cataluña";"RRD";"RRGD"
"060";"CASTELLGALI";"08";"Barcelona";"09";"Comunidad Autónoma de Cataluña";"URBANO";"URBANO"
"061";"CASTELLNOU DE BAGES";"08";"Barcelona";"09";"Comunidad Autónoma de Cataluña";"RNC";"RNC"
"062";"CASTELLOLI";"08";"Barcelona";"09";"Comunidad Autónoma de Cataluña";"RNC";"RNC"
"063";"CASTELLTERÇOL";"08";"Barcelona";"09";"Comunidad Autónoma de Cataluña";"RNC";"RNC"
"064";"CASTELLVI DE LA MARCA";"08";"Barcelona";"09";"Comunidad Autónoma de Cataluña";"RNC";"RNC"
"065";"CASTELLVI DE ROSANES";"08";"Barcelona";"09";"Comunidad Autónoma de Cataluña";"URBANO";"URBANO"
"066";"CENTELLES";"08";"Barcelona";"09";"Comunidad Autónoma de Cataluña";"URBANO";"URBANO"
"067";"CERVELLO";"08";"Barcelona";"09";"Comunidad Autónoma de Cataluña";"URBANO";"URBANO"
"068";"COLLBATO";"08";"Barcelona";"09";"Comunidad Autónoma de Cataluña";"URBANO";"URBANO"
"069";"COLLSUSPINA";"08";"Barcelona";"09";"Comunidad Autónoma de Cataluña";"RNC";"RNC"
"070";"COPONS";"08";"Barcelona";"09";"Comunidad Autónoma de Cataluña";"RNC";"RNC"
"001";"ABRERA";"08";"Barcelona";"09";"Comunidad Autónoma de Cataluña";"URBANO";"URBANO"
"002";"AGUILAR DE SEGARRA";"08";"Barcelona";"09";"Comunidad Autónoma de Cataluña";"RRD";"RRGD"
"003";"ALELLA";"08";"Barcelona";"09";"Comunidad Autónoma de Cataluña";"URBANO";"URBANO"
"004";"ALPENS";"08";"Barcelona";"09";"Comunidad Autónoma de Cataluña";"RNC";"RNC"
"005";"AMETLLA DEL VALLES (L')";"08";"Barcelona";"09";"Comunidad Autónoma de Cataluña";"URBANO";"URBANO"
"085";"FRANQUESES DEL VALLES (LES)";"08";"Barcelona";"09";"Comunidad Autónoma de Cataluña";"URBANO";"URBANO"
"086";"GALLIFA";"08";"Barcelona";"09";"Comunidad Autónoma de Cataluña";"RRD";"RRD"
"087";"GARRIGA (LA)";"08";"Barcelona";"09";"Comunidad Autónoma de Cataluña";"URBANO";"URBANO"
"088";"GAVA";"08";"Barcelona";"09";"Comunidad Autónoma de Cataluña";"URBANO";"URBANO"
"089";"GAIA";"08";"Barcelona";"09";"Comunidad Autónoma de Cataluña";"RRD";"RRGD"
"090";"GELIDA";"08";"Barcelona";"09";"Comunidad Autónoma de Cataluña";"URBANO";"URBANO"
"091";"GIRONELLA";"08";"Barcelona";"09";"Comunidad Autónoma de Cataluña";"URBANO";"URBANO"
"092";"GISCLARENY";"08";"Barcelona";"09";"Comunidad Autónoma de Cataluña";"RRD";"RRGD"
"093";"GRANADA (LA)";"08";"Barcelona";"09";"Comunidad Autónoma de Cataluña";"URBANO";"URBANO"
"094";"GRANERA";"08";"Barcelona";"09";"Comunidad Autónoma de Cataluña";"RRD";"RRGD"
"095";"GRANOLLERS";"08";"Barcelona";"09";"Comunidad Autónoma de Cataluña";"URBANO";"URBANO"
"096";"GUALBA";"08";"Barcelona";"09";"Comunidad Autónoma de Cataluña";"RNC";"RNC"
"097";"SANT SALVADOR DE GUARDIOLA";"08";"Barcelona";"09";"Comunidad Autónoma de Cataluña";"RNC";"RNC"
"098";"GUARDIOLA DE BERGUEDA";"08";"Barcelona";"09";"Comunidad Autónoma de Cataluña";"RNC";"RNC"
"099";"GURB";"08";"Barcelona";"09";"Comunidad Autónoma de Cataluña";"RNC";"RNC"
"100";"HOSPITALET DE LLOBREGAT (L)";"08";"Barcelona";"09";"Comunidad Autónoma de Cataluña";"URBANO";"URBANO"
"101";"IGUALADA";"08";"Barcelona";"09";"Comunidad Autónoma de Cataluña";"URBANO";"URBANO"
"102";"JORBA";"08";"Barcelona";"09";"Comunidad Autónoma de Cataluña";"RNC";"RNC"
"103";"LLACUNA (LA)";"08";"Barcelona";"09";"Comunidad Autónoma de Cataluña";"RNC";"RNC"
"104";"LLAGOSTA (LA)";"08";"Barcelona";"09";"Comunidad Autónoma de Cataluña";"URBANO";"URBANO"
"105";"LLINARS DEL VALLES";"08";"Barcelona";"09";"Comunidad Autónoma de Cataluña";"URBANO";"URBANO"
"106";"LLIÇA D`AMUNT";"08";"Barcelona";"09";"Comunidad Autónoma de Cataluña";"URBANO";"URBANO"
"107";"LLIÇA DE VALL";"08";"Barcelona";"09";"Comunidad Autónoma de Cataluña";"URBANO";"URBANO"
"108";"LLUÇA";"08";"Barcelona";"09";"Comunidad Autónoma de Cataluña";"RRD";"RRGD"
"109";"MALGRAT DE MAR";"08";"Barcelona";"09";"Comunidad Autónoma de Cataluña";"URBANO";"URBANO"
"110";"MALLA";"08";"Barcelona";"09";"Comunidad Autónoma de Cataluña";"RNC";"RNC"
"111";"MANLLEU";"08";"Barcelona";"09";"Comunidad Autónoma de Cataluña";"URBANO";"URBANO"
"112";"MANRESA";"08";"Barcelona";"09";"Comunidad Autónoma de Cataluña";"URBANO";"URBANO"
"113";"MARTORELL";"08";"Barcelona";"09";"Comunidad Autónoma de Cataluña";"URBANO";"URBANO"
"114";"MARTORELLES";"08";"Barcelona";"09";"Comunidad Autónoma de Cataluña";"URBANO";"URBANO"
"115";"MASIES DE RODA (LES)";"08";"Barcelona";"09";"Comunidad Autónoma de Cataluña";"RNC";"RNC"
"116";"MASIES DE VOLTREGA (LES)";"08";"Barcelona";"09";"Comunidad Autónoma de Cataluña";"URBANO";"URBANO"
"117";"MASNOU (EL)";"08";"Barcelona";"09";"Comunidad Autónoma de Cataluña";"URBANO";"URBANO"
"118";"MASQUEFA";"08";"Barcelona";"09";"Comunidad Autónoma de Cataluña";"URBANO";"URBANO"
"119";"MATADEPERA";"08";"Barcelona";"09";"Comunidad Autónoma de Cataluña";"URBANO";"URBANO"
"120";"MATARO";"08";"Barcelona";"09";"Comunidad Autónoma de Cataluña";"URBANO";"URBANO"
"121";"MEDIONA";"08";"Barcelona";"09";"Comunidad Autónoma de Cataluña";"RNC";"RNC"
"122";"MOLINS DE REI";"08";"Barcelona";"09";"Comunidad Autónoma de Cataluña";"URBANO";"URBANO"
"123";"MOLLET DEL VALLES";"08";"Barcelona";"09";"Comunidad Autónoma de Cataluña";"URBANO";"URBANO"
"124";"MONTCADA I REIXAC";"08";"Barcelona";"09";"Comunidad Autónoma de Cataluña";"URBANO";"URBANO"
"125";"MONTGAT";"08";"Barcelona";"09";"Comunidad Autónoma de Cataluña";"URBANO";"URBANO"
"126";"MONISTROL DE MONTSERRAT";"08";"Barcelona";"09";"Comunidad Autónoma de Cataluña";"URBANO";"URBANO"
"127";"MONISTROL DE CALDERS";"08";"Barcelona";"09";"Comunidad Autónoma de Cataluña";"RNC";"RNC"
"128";"MUNTANYOLA";"08";"Barcelona";"09";"Comunidad Autónoma de Cataluña";"RNC";"RNC"
"129";"MONTCLAR";"08";"Barcelona";"09";"Comunidad Autónoma de Cataluña";"RRD";"RRGD"
"130";"MONTESQUIU";"08";"Barcelona";"09";"Comunidad Autónoma de Cataluña";"URBANO";"URBANO"
"131";"MONTMAJOR";"08";"Barcelona";"09";"Comunidad Autónoma de Cataluña";"RRD";"RRGD"
"132";"MONTMANEU";"08";"Barcelona";"09";"Comunidad Autónoma de Cataluña";"RRD";"RRD"
"133";"FIGARO-MONTMANY";"08";"Barcelona";"09";"Comunidad Autónoma de Cataluña";"RNC";"RNC"
"134";"MONTMELO";"08";"Barcelona";"09";"Comunidad Autónoma de Cataluña";"URBANO";"URBANO"
"006";"ARENYS DE MAR";"08";"Barcelona";"09";"Comunidad Autónoma de Cataluña";"URBANO";"URBANO"
"007";"ARENYS DE MUNT";"08";"Barcelona";"09";"Comunidad Autónoma de Cataluña";"URBANO";"URBANO"
"008";"ARGENÇOLA";"08";"Barcelona";"09";"Comunidad Autónoma de Cataluña";"RRD";"RRGD"
"009";"ARGENTONA";"08";"Barcelona";"09";"Comunidad Autónoma de Cataluña";"URBANO";"URBANO"
"010";"ARTES";"08";"Barcelona";"09";"Comunidad Autónoma de Cataluña";"URBANO";"URBANO"
"011";"AVIA";"08";"Barcelona";"09";"Comunidad Autónoma de Cataluña";"RNC";"RNC"
"012";"AVINYO";"08";"Barcelona";"09";"Comunidad Autónoma de Cataluña";"RNC";"RNC"
"013";"AVINYONET DEL PENEDES";"08";"Barcelona";"09";"Comunidad Autónoma de Cataluña";"RNC";"RNC"
"014";"AIGUAFREDA";"08";"Barcelona";"09";"Comunidad Autónoma de Cataluña";"URBANO";"URBANO"
"015";"BADALONA";"08";"Barcelona";"09";"Comunidad Autónoma de Cataluña";"URBANO";"URBANO"
"016";"BAGA";"08";"Barcelona";"09";"Comunidad Autónoma de Cataluña";"RNC";"RNC"
"017";"BALENYA";"08";"Barcelona";"09";"Comunidad Autónoma de Cataluña";"URBANO";"URBANO"
"018";"BALSARENY";"08";"Barcelona";"09";"Comunidad Autónoma de Cataluña";"RNC";"RNC"
"020";"BEGUES";"08";"Barcelona";"09";"Comunidad Autónoma de Cataluña";"URBANO";"URBANO"
"149";"ORIS";"08";"Barcelona";"09";"Comunidad Autónoma de Cataluña";"RRD";"RRD"
"150";"ORISTA";"08";"Barcelona";"09";"Comunidad Autónoma de Cataluña";"RRD";"RRGD"
"151";"ORPI";"08";"Barcelona";"09";"Comunidad Autónoma de Cataluña";"RRD";"RRD"
"152";"ORRIUS";"08";"Barcelona";"09";"Comunidad Autónoma de Cataluña";"URBANO";"URBANO"
"153";"PACS DEL PENEDES";"08";"Barcelona";"09";"Comunidad Autónoma de Cataluña";"URBANO";"URBANO"
"154";"PALAFOLLS";"08";"Barcelona";"09";"Comunidad Autónoma de Cataluña";"URBANO";"URBANO"
"155";"PALAU-SOLITA I PLEGAMANS";"08";"Barcelona";"09";"Comunidad Autónoma de Cataluña";"URBANO";"URBANO"
"156";"PALLEJA";"08";"Barcelona";"09";"Comunidad Autónoma de Cataluña";"URBANO";"URBANO"
"157";"PAPIOL (EL)";"08";"Barcelona";"09";"Comunidad Autónoma de Cataluña";"URBANO";"URBANO"
"158";"PARETS DEL VALLES";"08";"Barcelona";"09";"Comunidad Autónoma de Cataluña";"URBANO";"URBANO"
"159";"PERAFITA";"08";"Barcelona";"09";"Comunidad Autónoma de Cataluña";"RNC";"RNC"
"160";"PIERA";"08";"Barcelona";"09";"Comunidad Autónoma de Cataluña";"URBANO";"URBANO"
"161";"HOSTALETS DE PIEROLA (ELS)";"08";"Barcelona";"09";"Comunidad Autónoma de Cataluña";"RNC";"RNC"
"162";"PINEDA DE MAR";"08";"Barcelona";"09";"Comunidad Autónoma de Cataluña";"URBANO";"URBANO"
"163";"PLA DEL PENEDES (EL)";"08";"Barcelona";"09";"Comunidad Autónoma de Cataluña";"URBANO";"URBANO"
"164";"POBLA DE CLARAMUNT (LA)";"08";"Barcelona";"09";"Comunidad Autónoma de Cataluña";"URBANO";"URBANO"
"165";"POBLA DE LILLET (LA)";"08";"Barcelona";"09";"Comunidad Autónoma de Cataluña";"RNC";"RNC"
"166";"POLINYA";"08";"Barcelona";"09";"Comunidad Autónoma de Cataluña";"URBANO";"URBANO"
"167";"PONTONS";"08";"Barcelona";"09";"Comunidad Autónoma de Cataluña";"RNC";"RNC"
"168";"PRAT DE LLOBREGAT (EL)";"08";"Barcelona";"09";"Comunidad Autónoma de Cataluña";"URBANO";"URBANO"
"169";"PRATS DE REI (ELS)";"08";"Barcelona";"09";"Comunidad Autónoma de Cataluña";"RNC";"RNC"
"170";"PRATS DE LLUÇANES";"08";"Barcelona";"09";"Comunidad Autónoma de Cataluña";"URBANO";"URBANO"
"171";"PREMIA DE MAR";"08";"Barcelona";"09";"Comunidad Autónoma de Cataluña";"URBANO";"URBANO"
"173";"PUIGDALBER";"08";"Barcelona";"09";"Comunidad Autónoma de Cataluña";"URBANO";"URBANO"
"174";"PUIG-REIG";"08";"Barcelona";"09";"Comunidad Autónoma de Cataluña";"RNC";"RNC"
"175";"PUJALT";"08";"Barcelona";"09";"Comunidad Autónoma de Cataluña";"RRD";"RRGD"
"176";"QUAR (LA)";"08";"Barcelona";"09";"Comunidad Autónoma de Cataluña";"RRD";"RRGD"
"177";"RAJADELL";"08";"Barcelona";"09";"Comunidad Autónoma de Cataluña";"RRD";"RRD"
"178";"RELLINARS";"08";"Barcelona";"09";"Comunidad Autónoma de Cataluña";"RNC";"RNC"
"179";"RIPOLLET";"08";"Barcelona";"09";"Comunidad Autónoma de Cataluña";"URBANO";"URBANO"
"180";"ROCA DEL VALLES (LA)";"08";"Barcelona";"09";"Comunidad Autónoma de Cataluña";"URBANO";"URBANO"
"181";"EL PONT DE VILOMARA I ROCAFORT";"08";"Barcelona";"09";"Comunidad Autónoma de Cataluña";"URBANO";"URBANO"
"182";"RODA DE TER";"08";"Barcelona";"09";"Comunidad Autónoma de Cataluña";"URBANO";"URBANO"
"183";"RUBI";"08";"Barcelona";"09";"Comunidad Autónoma de Cataluña";"URBANO";"URBANO"
"184";"RUBIO";"08";"Barcelona";"09";"Comunidad Autónoma de Cataluña";"RRD";"RRGD"
"185";"RUPIT I PRUIT";"08";"Barcelona";"09";"Comunidad Autónoma de Cataluña";"RRD";"RRGD"
"186";"SABADELL";"08";"Barcelona";"09";"Comunidad Autónoma de Cataluña";"URBANO";"URBANO"
"187";"SAGAS";"08";"Barcelona";"09";"Comunidad Autónoma de Cataluña";"RRD";"RRGD"
"188";"SANT PERE SALLAVINERA";"08";"Barcelona";"09";"Comunidad Autónoma de Cataluña";"RRD";"RRGD"
"189";"SALDES";"08";"Barcelona";"09";"Comunidad Autónoma de Cataluña";"RRD";"RRGD"
"190";"SALLENT";"08";"Barcelona";"09";"Comunidad Autónoma de Cataluña";"URBANO";"URBANO"
"191";"SANTPEDOR";"08";"Barcelona";"09";"Comunidad Autónoma de Cataluña";"URBANO";"URBANO"
"192";"SANT ISCLE DE VALLALTA";"08";"Barcelona";"09";"Comunidad Autónoma de Cataluña";"RNC";"RNC"
"193";"SANT ADRIÀ DE BESÒS";"08";"Barcelona";"09";"Comunidad Autónoma de Cataluña";"URBANO";"URBANO"
"194";"SANT AGUSTI DE LLUÇANES";"08";"Barcelona";"09";"Comunidad Autónoma de Cataluña";"RRD";"RRGD"
"195";"SANT ANDREU DE LA BARCA";"08";"Barcelona";"09";"Comunidad Autónoma de Cataluña";"URBANO";"URBANO"
"196";"SANT ANDREU DE LLAVANERES";"08";"Barcelona";"09";"Comunidad Autónoma de Cataluña";"URBANO";"URBANO"
"197";"SANT ANTONI DE VILAMAJOR";"08";"Barcelona";"09";"Comunidad Autónoma de Cataluña";"URBANO";"URBANO"
"198";"SANT BARTOMEU DEL GRAU";"08";"Barcelona";"09";"Comunidad Autónoma de Cataluña";"RNC";"RNC"
"199";"SANT BOI DE LLOBREGAT";"08";"Barcelona";"09";"Comunidad Autónoma de Cataluña";"URBANO";"URBANO"
"071";"CORBERA DE LLOBREGAT";"08";"Barcelona";"09";"Comunidad Autónoma de Cataluña";"URBANO";"URBANO"
"072";"CORNELLA DE LLOBREGAT";"08";"Barcelona";"09";"Comunidad Autónoma de Cataluña";"URBANO";"URBANO"
"073";"CUBELLES";"08";"Barcelona";"09";"Comunidad Autónoma de Cataluña";"URBANO";"URBANO"
"074";"DOSRIUS";"08";"Barcelona";"09";"Comunidad Autónoma de Cataluña";"URBANO";"URBANO"
"075";"ESPARREGUERA";"08";"Barcelona";"09";"Comunidad Autónoma de Cataluña";"URBANO";"URBANO"
"076";"ESPLUGUES DE LLOBREGAT";"08";"Barcelona";"09";"Comunidad Autónoma de Cataluña";"URBANO";"URBANO"
"077";"ESPUNYOLA (L')";"08";"Barcelona";"09";"Comunidad Autónoma de Cataluña";"RRD";"RRGD"
"078";"ESTANY (L')";"08";"Barcelona";"09";"Comunidad Autónoma de Cataluña";"RNC";"RNC"
"079";"FIGOLS";"08";"Barcelona";"09";"Comunidad Autónoma de Cataluña";"RRD";"RRGD"
"080";"FOGARS DE MONTCLUS";"08";"Barcelona";"09";"Comunidad Autónoma de Cataluña";"RRD";"RRD"
"081";"FOGARS DE LA SELVA";"08";"Barcelona";"09";"Comunidad Autónoma de Cataluña";"RNC";"RNC"
"082";"FOLGUEROLES";"08";"Barcelona";"09";"Comunidad Autónoma de Cataluña";"URBANO";"URBANO"
"083";"FONOLLOSA";"08";"Barcelona";"09";"Comunidad Autónoma de Cataluña";"RNC";"RNC"
"084";"FONT-RUBI";"08";"Barcelona";"09";"Comunidad Autónoma de Cataluña";"RNC";"RNC"
"214";"SANT HIPOLIT DE VOLTREGA";"08";"Barcelona";"09";"Comunidad Autónoma de Cataluña";"URBANO";"URBANO"
"215";"SANT JAUME DE FRONTANYA";"08";"Barcelona";"09";"Comunidad Autónoma de Cataluña";"RRD";"RRGD"
"216";"SANT JOAN DESPI";"08";"Barcelona";"09";"Comunidad Autónoma de Cataluña";"URBANO";"URBANO"
"217";"VILASSAR DE MAR";"08";"Barcelona";"09";"Comunidad Autónoma de Cataluña";"URBANO";"URBANO"
"218";"SANT JULIA DE VILATORTA";"08";"Barcelona";"09";"Comunidad Autónoma de Cataluña";"URBANO";"URBANO"
"219";"SANT JUST DESVERN";"08";"Barcelona";"09";"Comunidad Autónoma de Cataluña";"URBANO";"URBANO"
"220";"SANT LLORENÇ D`HORTONS";"08";"Barcelona";"09";"Comunidad Autónoma de Cataluña";"URBANO";"URBANO"
"221";"SANT LLORENÇ SAVALL";"08";"Barcelona";"09";"Comunidad Autónoma de Cataluña";"RNC";"RNC"
"222";"SANT MARTI DE CENTELLES";"08";"Barcelona";"09";"Comunidad Autónoma de Cataluña";"RNC";"RNC"
"223";"SANT MARTI D'ALBARS";"08";"Barcelona";"09";"Comunidad Autónoma de Cataluña";"RRD";"RRGD"
"224";"CALLDETENES";"08";"Barcelona";"09";"Comunidad Autónoma de Cataluña";"URBANO";"URBANO"
"225";"SANT JOAN DE VILATORRADA";"08";"Barcelona";"09";"Comunidad Autónoma de Cataluña";"URBANO";"URBANO"
"226";"SANT MARTI DE TOUS";"08";"Barcelona";"09";"Comunidad Autónoma de Cataluña";"RNC";"RNC"
"227";"SANT MARTI SARROCA";"08";"Barcelona";"09";"Comunidad Autónoma de Cataluña";"RNC";"RNC"
"228";"SANT MARTI SESGUEIOLES";"08";"Barcelona";"09";"Comunidad Autónoma de Cataluña";"RNC";"RNC"
"229";"SANT MATEU DE BAGES";"08";"Barcelona";"09";"Comunidad Autónoma de Cataluña";"RRD";"RRGD"
"230";"PREMIA DE DALT";"08";"Barcelona";"09";"Comunidad Autónoma de Cataluña";"URBANO";"URBANO"
"231";"SANT PERE DE RIBES";"08";"Barcelona";"09";"Comunidad Autónoma de Cataluña";"URBANO";"URBANO"
"232";"SANT PERE DE RIUDEBITLLES";"08";"Barcelona";"09";"Comunidad Autónoma de Cataluña";"URBANO";"URBANO"
"233";"SANT PERE DE TORELLO";"08";"Barcelona";"09";"Comunidad Autónoma de Cataluña";"RNC";"RNC"
"234";"SANT PERE DE VILAMAJOR";"08";"Barcelona";"09";"Comunidad Autónoma de Cataluña";"URBANO";"URBANO"
"235";"SANT POL DE MAR";"08";"Barcelona";"09";"Comunidad Autónoma de Cataluña";"URBANO";"URBANO"
"236";"SANT QUINTI DE MEDIONA";"08";"Barcelona";"09";"Comunidad Autónoma de Cataluña";"URBANO";"URBANO"
"237";"SANT QUIRZE DE BESORA";"08";"Barcelona";"09";"Comunidad Autónoma de Cataluña";"URBANO";"URBANO"
"238";"SANT QUIRZE DEL VALLES";"08";"Barcelona";"09";"Comunidad Autónoma de Cataluña";"URBANO";"URBANO"
"239";"SANT QUIRZE SAFAJA";"08";"Barcelona";"09";"Comunidad Autónoma de Cataluña";"RNC";"RNC"
"240";"SANT SADURNI D'ANOIA";"08";"Barcelona";"09";"Comunidad Autónoma de Cataluña";"URBANO";"URBANO"
"241";"SANT SADURNI D'OSORMORT";"08";"Barcelona";"09";"Comunidad Autónoma de Cataluña";"RRD";"RRGD"
"242";"MARGANELL";"08";"Barcelona";"09";"Comunidad Autónoma de Cataluña";"RNC";"RNC"
"243";"SANTA CECILIA DE VOLTREGA";"08";"Barcelona";"09";"Comunidad Autónoma de Cataluña";"RNC";"RNC"
"244";"SANTA COLOMA DE CERVELLO";"08";"Barcelona";"09";"Comunidad Autónoma de Cataluña";"URBANO";"URBANO"
"245";"SANTA COLOMA DE GRAMENET";"08";"Barcelona";"09";"Comunidad Autónoma de Cataluña";"URBANO";"URBANO"
"246";"SANTA EUGENIA DE BERGA";"08";"Barcelona";"09";"Comunidad Autónoma de Cataluña";"URBANO";"URBANO"
"247";"SANTA EULALIA DE RIUPRIMER";"08";"Barcelona";"09";"Comunidad Autónoma de Cataluña";"RNC";"RNC"
"248";"SANTA EULALIA DE RONÇANA";"08";"Barcelona";"09";"Comunidad Autónoma de Cataluña";"URBANO";"URBANO"
"249";"SANTA FE DEL PENEDES";"08";"Barcelona";"09";"Comunidad Autónoma de Cataluña";"URBANO";"URBANO"
"250";"SANTA MARGARIDA DE MONTBUI";"08";"Barcelona";"09";"Comunidad Autónoma de Cataluña";"URBANO";"URBANO"
"251";"SANTA MARGARIDA I ELS MONJOS";"08";"Barcelona";"09";"Comunidad Autónoma de Cataluña";"URBANO";"URBANO"
"252";"BARBERA DEL VALLES";"08";"Barcelona";"09";"Comunidad Autónoma de Cataluña";"URBANO";"URBANO"
"253";"SANTA MARIA DE BESORA";"08";"Barcelona";"09";"Comunidad Autónoma de Cataluña";"RRD";"RRGD"
"254";"ESQUIROL, L'";"08";"Barcelona";"09";"Comunidad Autónoma de Cataluña";"RNC";"RNC"
"255";"SANTA MARIA DE MERLES";"08";"Barcelona";"09";"Comunidad Autónoma de Cataluña";"RRD";"RRGD"
"256";"SANTA MARIA DE MARTORELLES";"08";"Barcelona";"09";"Comunidad Autónoma de Cataluña";"URBANO";"URBANO"
"257";"SANTA MARIA DE MIRALLES";"08";"Barcelona";"09";"Comunidad Autónoma de Cataluña";"RRD";"RRGD"
"258";"SANTA MARIA D'OLO";"08";"Barcelona";"09";"Comunidad Autónoma de Cataluña";"RNC";"RNC"
"259";"SANTA MARIA DE PALAUTORDERA";"08";"Barcelona";"09";"Comunidad Autónoma de Cataluña";"URBANO";"URBANO"
"260";"SANTA PERPETUA DE MOGODA";"08";"Barcelona";"09";"Comunidad Autónoma de Cataluña";"URBANO";"URBANO"
"261";"SANTA SUSANNA";"08";"Barcelona";"09";"Comunidad Autónoma de Cataluña";"URBANO";"URBANO"
"262";"SANT VICENÇ DE CASTELLET";"08";"Barcelona";"09";"Comunidad Autónoma de Cataluña";"URBANO";"URBANO"
"263";"SANT VICENÇ DELS HORTS";"08";"Barcelona";"09";"Comunidad Autónoma de Cataluña";"URBANO";"URBANO"
"135";"MONTORNES DEL VALLES";"08";"Barcelona";"09";"Comunidad Autónoma de Cataluña";"URBANO";"URBANO"
"136";"MONTSENY";"08";"Barcelona";"09";"Comunidad Autónoma de Cataluña";"RRD";"RRD"
"137";"MOIA";"08";"Barcelona";"09";"Comunidad Autónoma de Cataluña";"RNC";"RNC"
"138";"MURA";"08";"Barcelona";"09";"Comunidad Autónoma de Cataluña";"RRD";"RRGD"
"139";"NAVARCLES";"08";"Barcelona";"09";"Comunidad Autónoma de Cataluña";"URBANO";"URBANO"
"140";"NAVAS";"08";"Barcelona";"09";"Comunidad Autónoma de Cataluña";"RNC";"RNC"
"141";"NOU DE BERGUEDA (LA)";"08";"Barcelona";"09";"Comunidad Autónoma de Cataluña";"RRD";"RRGD"
"142";"ODENA";"08";"Barcelona";"09";"Comunidad Autónoma de Cataluña";"RNC";"RNC"
"143";"OLVAN";"08";"Barcelona";"09";"Comunidad Autónoma de Cataluña";"RNC";"RNC"
"144";"OLERDOLA";"08";"Barcelona";"09";"Comunidad Autónoma de Cataluña";"URBANO";"URBANO"
"145";"OLESA DE BONESVALLS";"08";"Barcelona";"09";"Comunidad Autónoma de Cataluña";"RNC";"RNC"
"146";"OLESA DE MONTSERRAT";"08";"Barcelona";"09";"Comunidad Autónoma de Cataluña";"URBANO";"URBANO"
"147";"OLIVELLA";"08";"Barcelona";"09";"Comunidad Autónoma de Cataluña";"RNC";"RNC"
"148";"OLOST";"08";"Barcelona";"09";"Comunidad Autónoma de Cataluña";"RNC";"RNC"
"264";"SANT VICENÇ DE MONTALT";"08";"Barcelona";"09";"Comunidad Autónoma de Cataluña";"URBANO";"URBANO"
"265";"SANT VICENÇ DE TORELLO";"08";"Barcelona";"09";"Comunidad Autónoma de Cataluña";"URBANO";"URBANO"
"266";"CERDANYOLA DEL VALLES";"08";"Barcelona";"09";"Comunidad Autónoma de Cataluña";"URBANO";"URBANO"
"267";"SENTMENAT";"08";"Barcelona";"09";"Comunidad Autónoma de Cataluña";"URBANO";"URBANO"
"268";"CERCS";"08";"Barcelona";"09";"Comunidad Autónoma de Cataluña";"RNC";"RNC"
"269";"SEVA";"08";"Barcelona";"09";"Comunidad Autónoma de Cataluña";"URBANO";"URBANO"
"270";"SITGES";"08";"Barcelona";"09";"Comunidad Autónoma de Cataluña";"URBANO";"URBANO"
"271";"SOBREMUNT";"08";"Barcelona";"09";"Comunidad Autónoma de Cataluña";"RRD";"RRGD"
"272";"SORA";"08";"Barcelona";"09";"Comunidad Autónoma de Cataluña";"RRD";"RRGD"
"273";"SUBIRATS";"08";"Barcelona";"09";"Comunidad Autónoma de Cataluña";"RNC";"RNC"
"274";"SURIA";"08";"Barcelona";"09";"Comunidad Autónoma de Cataluña";"URBANO";"URBANO"
"275";"TAVERNOLES";"08";"Barcelona";"09";"Comunidad Autónoma de Cataluña";"RNC";"RNC"
"276";"TAGAMANENT";"08";"Barcelona";"09";"Comunidad Autónoma de Cataluña";"RRD";"RRGD"
"277";"TALAMANCA";"08";"Barcelona";"09";"Comunidad Autónoma de Cataluña";"RRD";"RRGD"
"278";"TARADELL";"08";"Barcelona";"09";"Comunidad Autónoma de Cataluña";"URBANO";"URBANO"
"279";"TERRASSA";"08";"Barcelona";"09";"Comunidad Autónoma de Cataluña";"URBANO";"URBANO"
"280";"TAVERTET";"08";"Barcelona";"09";"Comunidad Autónoma de Cataluña";"RRD";"RRGD"
"281";"TEIA";"08";"Barcelona";"09";"Comunidad Autónoma de Cataluña";"URBANO";"URBANO"
"282";"TIANA";"08";"Barcelona";"09";"Comunidad Autónoma de Cataluña";"URBANO";"URBANO"
"283";"TONA";"08";"Barcelona";"09";"Comunidad Autónoma de Cataluña";"URBANO";"URBANO"
"284";"TORDERA";"08";"Barcelona";"09";"Comunidad Autónoma de Cataluña";"URBANO";"URBANO"
"285";"TORELLO";"08";"Barcelona";"09";"Comunidad Autónoma de Cataluña";"URBANO";"URBANO"
"286";"TORRE DE CLARAMUNT (LA)";"08";"Barcelona";"09";"Comunidad Autónoma de Cataluña";"URBANO";"URBANO"
"287";"TORRELAVIT";"08";"Barcelona";"09";"Comunidad Autónoma de Cataluña";"RNC";"RNC"
"288";"TORRELLES DE FOIX";"08";"Barcelona";"09";"Comunidad Autónoma de Cataluña";"RNC";"RNC"
"289";"TORRELLES DE LLOBREGAT";"08";"Barcelona";"09";"Comunidad Autónoma de Cataluña";"URBANO";"URBANO"
"290";"ULLASTRELL";"08";"Barcelona";"09";"Comunidad Autónoma de Cataluña";"URBANO";"URBANO"
"291";"VACARISSES";"08";"Barcelona";"09";"Comunidad Autónoma de Cataluña";"URBANO";"URBANO"
"292";"VALLBONA D'ANOIA";"08";"Barcelona";"09";"Comunidad Autónoma de Cataluña";"URBANO";"URBANO"
"293";"VALLCEBRE";"08";"Barcelona";"09";"Comunidad Autónoma de Cataluña";"RRD";"RRD"
"295";"VALLGORGUINA";"08";"Barcelona";"09";"Comunidad Autónoma de Cataluña";"URBANO";"URBANO"
"296";"VALLIRANA";"08";"Barcelona";"09";"Comunidad Autónoma de Cataluña";"URBANO";"URBANO"
"297";"VALLROMANES";"08";"Barcelona";"09";"Comunidad Autónoma de Cataluña";"URBANO";"URBANO"
"298";"VECIANA";"08";"Barcelona";"09";"Comunidad Autónoma de Cataluña";"RRD";"RRGD"
"299";"VIC";"08";"Barcelona";"09";"Comunidad Autónoma de Cataluña";"URBANO";"URBANO"
"300";"VILADA";"08";"Barcelona";"09";"Comunidad Autónoma de Cataluña";"RNC";"RNC"
"301";"VILADECAVALLS";"08";"Barcelona";"09";"Comunidad Autónoma de Cataluña";"URBANO";"URBANO"
"302";"VILADECANS";"08";"Barcelona";"09";"Comunidad Autónoma de Cataluña";"URBANO";"URBANO"
"303";"VILANOVA DEL CAMI";"08";"Barcelona";"09";"Comunidad Autónoma de Cataluña";"URBANO";"URBANO"
"304";"VILANOVA DE SAU";"08";"Barcelona";"09";"Comunidad Autónoma de Cataluña";"RRD";"RRGD"
"305";"VILOBI DEL PENEDES";"08";"Barcelona";"09";"Comunidad Autónoma de Cataluña";"URBANO";"URBANO"
"306";"VILAFRANCA DEL PENEDES";"08";"Barcelona";"09";"Comunidad Autónoma de Cataluña";"URBANO";"URBANO"
"307";"VILALBA SASSERRA";"08";"Barcelona";"09";"Comunidad Autónoma de Cataluña";"URBANO";"URBANO"
"308";"VILANOVA I LA GELTRU";"08";"Barcelona";"09";"Comunidad Autónoma de Cataluña";"URBANO";"URBANO"
"309";"VIVER I SERRATEIX";"08";"Barcelona";"09";"Comunidad Autónoma de Cataluña";"RRD";"RRGD"
"310";"VILANOVA DEL VALLES";"08";"Barcelona";"09";"Comunidad Autónoma de Cataluña";"URBANO";"URBANO"
"311";"SANT JULIA DE CERDANYOLA";"08";"Barcelona";"09";"Comunidad Autónoma de Cataluña";"RNC";"RNC"
"312";"BADIA DEL VALLÈS";"08";"Barcelona";"09";"Comunidad Autónoma de Cataluña";"URBANO";"URBANO"
"313";"PALMA DE CERVELLO (LA)";"08";"Barcelona";"09";"Comunidad Autónoma de Cataluña";"URBANO";"URBANO"
"900";"BARCELONA";"08";"Barcelona";"09";"Comunidad Autónoma de Cataluña";"URBANO";"URBANO"
"200";"SANT BOI DE LLUÇANES";"08";"Barcelona";"09";"Comunidad Autónoma de Cataluña";"RNC";"RNC"
"201";"SANT CELONI";"08";"Barcelona";"09";"Comunidad Autónoma de Cataluña";"URBANO";"URBANO"
"202";"SANT CEBRIA DE VALLALTA";"08";"Barcelona";"09";"Comunidad Autónoma de Cataluña";"URBANO";"URBANO"
"203";"SANT CLIMENT DE LLOBREGAT";"08";"Barcelona";"09";"Comunidad Autónoma de Cataluña";"URBANO";"URBANO"
"204";"SANT CUGAT DEL VALLES";"08";"Barcelona";"09";"Comunidad Autónoma de Cataluña";"URBANO";"URBANO"
"205";"SANT CUGAT SESGARRIGUES";"08";"Barcelona";"09";"Comunidad Autónoma de Cataluña";"URBANO";"URBANO"
"206";"SANT ESTEVE DE PALAUTORDERA";"08";"Barcelona";"09";"Comunidad Autónoma de Cataluña";"URBANO";"URBANO"
"207";"SANT ESTEVE SESROVIRES";"08";"Barcelona";"09";"Comunidad Autónoma de Cataluña";"URBANO";"URBANO"
"208";"SANT FOST DE CAMPSENTELLES";"08";"Barcelona";"09";"Comunidad Autónoma de Cataluña";"URBANO";"URBANO"
"209";"SANT FELIU DE CODINES";"08";"Barcelona";"09";"Comunidad Autónoma de Cataluña";"URBANO";"URBANO"
"210";"SANT FELIU DE LLOBREGAT";"08";"Barcelona";"09";"Comunidad Autónoma de Cataluña";"URBANO";"URBANO"
"211";"SANT FELIU SASSERRA";"08";"Barcelona";"09";"Comunidad Autónoma de Cataluña";"RNC";"RNC"
"212";"SANT FRUITOS DE BAGES";"08";"Barcelona";"09";"Comunidad Autónoma de Cataluña";"URBANO";"URBANO"
"213";"VILASSAR DE DALT";"08";"Barcelona";"09";"Comunidad Autónoma de Cataluña";"URBANO";"URBANO"
"054";"BERZOSA DE BUREBA";"09";"Burgos";"08";"Comunidad Autónoma de Castilla y León";"RRD";"RRGD"
"056";"BOZOO";"09";"Burgos";"08";"Comunidad Autónoma de Castilla y León";"RRD";"RRGD"
"057";"BRAZACORTA";"09";"Burgos";"08";"Comunidad Autónoma de Castilla y León";"RRD";"RRGD"
"058";"BRIVIESCA";"09";"Burgos";"08";"Comunidad Autónoma de Castilla y León";"RNC";"RNC"
"059";"BUGEDO";"09";"Burgos";"08";"Comunidad Autónoma de Castilla y León";"RNC";"RNC"
"060";"BUNIEL";"09";"Burgos";"08";"Comunidad Autónoma de Castilla y León";"RNC";"RNC"
"062";"BUSTO DE BUREBA";"09";"Burgos";"08";"Comunidad Autónoma de Castilla y León";"RRD";"RRD"
"063";"CABAÑES DE ESGUEVA";"09";"Burgos";"08";"Comunidad Autónoma de Castilla y León";"RRD";"RRGD"
"064";"CABEZON DE LA SIERRA";"09";"Burgos";"08";"Comunidad Autónoma de Castilla y León";"RRD";"RRGD"
"065";"CABIA";"09";"Burgos";"08";"Comunidad Autónoma de Castilla y León";"RNC";"RNC"
"066";"CALERUEGA";"09";"Burgos";"08";"Comunidad Autónoma de Castilla y León";"RRD";"RRD"
"068";"CAMPILLO DE ARANDA";"09";"Burgos";"08";"Comunidad Autónoma de Castilla y León";"RRD";"RRGD"
"069";"CAMPOLARA";"09";"Burgos";"08";"Comunidad Autónoma de Castilla y León";"RRD";"RRGD"
"070";"CANICOSA DE LA SIERRA";"09";"Burgos";"08";"Comunidad Autónoma de Castilla y León";"RNC";"RNC"
"071";"CANTABRANA";"09";"Burgos";"08";"Comunidad Autónoma de Castilla y León";"RRD";"RRD"
"073";"CARAZO";"09";"Burgos";"08";"Comunidad Autónoma de Castilla y León";"RRD";"RRGD"
"074";"CARCEDO DE BUREBA";"09";"Burgos";"08";"Comunidad Autónoma de Castilla y León";"RRD";"RRGD"
"075";"CARCEDO DE BURGOS";"09";"Burgos";"08";"Comunidad Autónoma de Castilla y León";"RNC";"RNC"
"076";"CARDEÑADIJO";"09";"Burgos";"08";"Comunidad Autónoma de Castilla y León";"URBANO";"URBANO"
"077";"CARDEÑAJIMENO";"09";"Burgos";"08";"Comunidad Autónoma de Castilla y León";"RNC";"RNC"
"078";"CARDEÑUELA RIOPICO";"09";"Burgos";"08";"Comunidad Autónoma de Castilla y León";"RRD";"RRD"
"079";"CARRIAS";"09";"Burgos";"08";"Comunidad Autónoma de Castilla y León";"RRD";"RRGD"
"080";"CASCAJARES DE BUREBA";"09";"Burgos";"08";"Comunidad Autónoma de Castilla y León";"RRD";"RRGD"
"081";"CASCAJARES DE LA SIERRA";"09";"Burgos";"08";"Comunidad Autónoma de Castilla y León";"RRD";"RRGD"
"082";"CASTELLANOS DE CASTRO";"09";"Burgos";"08";"Comunidad Autónoma de Castilla y León";"RRD";"RRGD"
"085";"CASTILDELGADO";"09";"Burgos";"08";"Comunidad Autónoma de Castilla y León";"RRD";"RRGD"
"086";"CASTIL DE PEONES";"09";"Burgos";"08";"Comunidad Autónoma de Castilla y León";"RRD";"RRGD"
"087";"CASTRILLO DE LA REINA";"09";"Burgos";"08";"Comunidad Autónoma de Castilla y León";"RNC";"RNC"
"088";"CASTRILLO DE LA VEGA";"09";"Burgos";"08";"Comunidad Autónoma de Castilla y León";"RNC";"RNC"
"089";"CASTRILLO DEL VAL";"09";"Burgos";"08";"Comunidad Autónoma de Castilla y León";"RNC";"RNC"
"091";"CASTRILLO DE RIOPISUERGA";"09";"Burgos";"08";"Comunidad Autónoma de Castilla y León";"RRD";"RRGD"
"093";"CASTRILLO MOTA DE JUDIOS";"09";"Burgos";"08";"Comunidad Autónoma de Castilla y León";"RRD";"RRGD"
"094";"CASTROJERIZ";"09";"Burgos";"08";"Comunidad Autónoma de Castilla y León";"RRD";"RRGD"
"096";"CAYUELA";"09";"Burgos";"08";"Comunidad Autónoma de Castilla y León";"RNC";"RNC"
"097";"CEBRECOS";"09";"Burgos";"08";"Comunidad Autónoma de Castilla y León";"RRD";"RRGD"
"098";"CELADA DEL CAMINO";"09";"Burgos";"08";"Comunidad Autónoma de Castilla y León";"RRD";"RRD"
"101";"CEREZO DE RIO TIRON";"09";"Burgos";"08";"Comunidad Autónoma de Castilla y León";"RRD";"RRD"
"001";"ABAJAS";"09";"Burgos";"08";"Comunidad Autónoma de Castilla y León";"RRD";"RRGD"
"003";"ADRADA DE HAZA";"09";"Burgos";"08";"Comunidad Autónoma de Castilla y León";"RNC";"RNC"
"006";"AGUAS CANDIDAS";"09";"Burgos";"08";"Comunidad Autónoma de Castilla y León";"RRD";"RRGD"
"007";"AGUILAR DE BUREBA";"09";"Burgos";"08";"Comunidad Autónoma de Castilla y León";"RRD";"RRGD"
"009";"ALBILLOS";"09";"Burgos";"08";"Comunidad Autónoma de Castilla y León";"RNC";"RNC"
"010";"ALCOCERO DE MOLA";"09";"Burgos";"08";"Comunidad Autónoma de Castilla y León";"RRD";"RRGD"
"011";"ALFOZ DE BRICIA";"09";"Burgos";"08";"Comunidad Autónoma de Castilla y León";"RRD";"RRGD"
"012";"ALFOZ DE SANTA GADEA";"09";"Burgos";"08";"Comunidad Autónoma de Castilla y León";"RRD";"RRGD"
"013";"ALTABLE";"09";"Burgos";"08";"Comunidad Autónoma de Castilla y León";"RRD";"RRGD"
"014";"ALTOS (LOS)";"09";"Burgos";"08";"Comunidad Autónoma de Castilla y León";"RRD";"RRGD"
"016";"AMEYUGO";"09";"Burgos";"08";"Comunidad Autónoma de Castilla y León";"RRD";"RRD"
"017";"ANGUIX";"09";"Burgos";"08";"Comunidad Autónoma de Castilla y León";"RRD";"RRD"
"018";"ARANDA DE DUERO";"09";"Burgos";"08";"Comunidad Autónoma de Castilla y León";"URBANO";"URBANO"
"019";"ARANDILLA";"09";"Burgos";"08";"Comunidad Autónoma de Castilla y León";"RRD";"RRGD"
"137";"FRIAS";"09";"Burgos";"08";"Comunidad Autónoma de Castilla y León";"RRD";"RRD"
"138";"FUENTEBUREBA";"09";"Burgos";"08";"Comunidad Autónoma de Castilla y León";"RRD";"RRGD"
"139";"FUENTECEN";"09";"Burgos";"08";"Comunidad Autónoma de Castilla y León";"RNC";"RNC"
"140";"FUENTELCESPED";"09";"Burgos";"08";"Comunidad Autónoma de Castilla y León";"RRD";"RRD"
"141";"FUENTELISENDO";"09";"Burgos";"08";"Comunidad Autónoma de Castilla y León";"RRD";"RRD"
"142";"FUENTEMOLINOS";"09";"Burgos";"08";"Comunidad Autónoma de Castilla y León";"RRD";"RRD"
"143";"FUENTENEBRO";"09";"Burgos";"08";"Comunidad Autónoma de Castilla y León";"RRD";"RRGD"
"144";"FUENTESPINA";"09";"Burgos";"08";"Comunidad Autónoma de Castilla y León";"RNC";"RNC"
"146";"GALBARROS";"09";"Burgos";"08";"Comunidad Autónoma de Castilla y León";"RRD";"RRGD"
"147";"GALLEGA (LA)";"09";"Burgos";"08";"Comunidad Autónoma de Castilla y León";"RRD";"RRGD"
"151";"GRIJALBA";"09";"Burgos";"08";"Comunidad Autónoma de Castilla y León";"RRD";"RRGD"
"152";"GRISALEÑA";"09";"Burgos";"08";"Comunidad Autónoma de Castilla y León";"RRD";"RRGD"
"154";"GUMIEL DE IZÁN";"09";"Burgos";"08";"Comunidad Autónoma de Castilla y León";"RRD";"RRGD"
"155";"GUMIEL DE MERCADO";"09";"Burgos";"08";"Comunidad Autónoma de Castilla y León";"RRD";"RRGD"
"157";"HACINAS";"09";"Burgos";"08";"Comunidad Autónoma de Castilla y León";"RNC";"RNC"
"158";"HAZA";"09";"Burgos";"08";"Comunidad Autónoma de Castilla y León";"RRD";"RRGD"
"162";"HONTANAS";"09";"Burgos";"08";"Comunidad Autónoma de Castilla y León";"RRD";"RRGD"
"163";"HONTANGAS";"09";"Burgos";"08";"Comunidad Autónoma de Castilla y León";"RRD";"RRGD"
"165";"HONTORIA DE LA CANTERA";"09";"Burgos";"08";"Comunidad Autónoma de Castilla y León";"RRD";"RRD"
"166";"HONTORIA DEL PINAR";"09";"Burgos";"08";"Comunidad Autónoma de Castilla y León";"RRD";"RRD"
"167";"HONTORIA DE VALDEARADOS";"09";"Burgos";"08";"Comunidad Autónoma de Castilla y León";"RRD";"RRGD"
"169";"HORMAZAS (LAS)";"09";"Burgos";"08";"Comunidad Autónoma de Castilla y León";"RRD";"RRGD"
"170";"HORNILLOS DEL CAMINO";"09";"Burgos";"08";"Comunidad Autónoma de Castilla y León";"RRD";"RRGD"
"171";"HORRA (LA)";"09";"Burgos";"08";"Comunidad Autónoma de Castilla y León";"RRD";"RRD"
"172";"HORTIGÜELA";"09";"Burgos";"08";"Comunidad Autónoma de Castilla y León";"RRD";"RRGD"
"173";"HOYALES DE ROA";"09";"Burgos";"08";"Comunidad Autónoma de Castilla y León";"RNC";"RNC"
"175";"HUERMECES";"09";"Burgos";"08";"Comunidad Autónoma de Castilla y León";"RRD";"RRGD"
"176";"HUERTA DE ARRIBA";"09";"Burgos";"08";"Comunidad Autónoma de Castilla y León";"RRD";"RRGD"
"177";"HUERTA DE REY";"09";"Burgos";"08";"Comunidad Autónoma de Castilla y León";"RRD";"RRD"
"178";"HUMADA";"09";"Burgos";"08";"Comunidad Autónoma de Castilla y León";"RRD";"RRGD"
"179";"HURONES";"09";"Burgos";"08";"Comunidad Autónoma de Castilla y León";"RRD";"RRGD"
"180";"IBEAS DE JUARROS";"09";"Burgos";"08";"Comunidad Autónoma de Castilla y León";"RRD";"RRD"
"181";"IBRILLOS";"09";"Burgos";"08";"Comunidad Autónoma de Castilla y León";"RRD";"RRGD"
"182";"IGLESIARRUBIA";"09";"Burgos";"08";"Comunidad Autónoma de Castilla y León";"RRD";"RRGD"
"183";"IGLESIAS";"09";"Burgos";"08";"Comunidad Autónoma de Castilla y León";"RRD";"RRGD"
"184";"ISAR";"09";"Burgos";"08";"Comunidad Autónoma de Castilla y León";"RRD";"RRGD"
"185";"ITERO DEL CASTILLO";"09";"Burgos";"08";"Comunidad Autónoma de Castilla y León";"RRD";"RRGD"
"020";"ARAUZO DE MIEL";"09";"Burgos";"08";"Comunidad Autónoma de Castilla y León";"RRD";"RRGD"
"021";"ARAUZO DE SALCE";"09";"Burgos";"08";"Comunidad Autónoma de Castilla y León";"RRD";"RRGD"
"022";"ARAUZO DE TORRE";"09";"Burgos";"08";"Comunidad Autónoma de Castilla y León";"RRD";"RRGD"
"023";"ARCOS";"09";"Burgos";"08";"Comunidad Autónoma de Castilla y León";"RNC";"RNC"
"024";"ARENILLAS DE RIOPISUERGA";"09";"Burgos";"08";"Comunidad Autónoma de Castilla y León";"RRD";"RRGD"
"026";"ARIJA";"09";"Burgos";"08";"Comunidad Autónoma de Castilla y León";"RNC";"RNC"
"027";"ARLANZON";"09";"Burgos";"08";"Comunidad Autónoma de Castilla y León";"RRD";"RRGD"
"028";"ARRAYA DE OCA";"09";"Burgos";"08";"Comunidad Autónoma de Castilla y León";"RRD";"RRGD"
"030";"ATAPUERCA";"09";"Burgos";"08";"Comunidad Autónoma de Castilla y León";"RRD";"RRGD"
"031";"AUSINES (LOS)";"09";"Burgos";"08";"Comunidad Autónoma de Castilla y León";"RRD";"RRGD"
"033";"AVELLANOSA DE MUÑO";"09";"Burgos";"08";"Comunidad Autónoma de Castilla y León";"RRD";"RRGD"
"034";"BAHABON DE ESGUEVA";"09";"Burgos";"08";"Comunidad Autónoma de Castilla y León";"RRD";"RRGD"
"035";"BALBASES (LOS)";"09";"Burgos";"08";"Comunidad Autónoma de Castilla y León";"RRD";"RRGD"
"036";"BAÑOS DE VALDEARADOS";"09";"Burgos";"08";"Comunidad Autónoma de Castilla y León";"RRD";"RRD"
"037";"BAÑUELOS DE BUREBA";"09";"Burgos";"08";"Comunidad Autónoma de Castilla y León";"RRD";"RRGD"
"038";"BARBADILLO DE HERREROS";"09";"Burgos";"08";"Comunidad Autónoma de Castilla y León";"RRD";"RRGD"
"039";"BARBADILLO DEL MERCADO";"09";"Burgos";"08";"Comunidad Autónoma de Castilla y León";"RRD";"RRD"
"040";"BARBADILLO DEL PEZ";"09";"Burgos";"08";"Comunidad Autónoma de Castilla y León";"RRD";"RRGD"
"042";"BARRIO DE MUÑO";"09";"Burgos";"08";"Comunidad Autónoma de Castilla y León";"RRD";"RRD"
"044";"BARRIOS DE BUREBA (LOS)";"09";"Burgos";"08";"Comunidad Autónoma de Castilla y León";"RRD";"RRGD"
"045";"BARRIOS DE COLINA";"09";"Burgos";"08";"Comunidad Autónoma de Castilla y León";"RRD";"RRGD"
"047";"BASCONCILLOS DEL TOZO";"09";"Burgos";"08";"Comunidad Autónoma de Castilla y León";"RRD";"RRGD"
"048";"BASCUÑANA";"09";"Burgos";"08";"Comunidad Autónoma de Castilla y León";"RRD";"RRGD"
"049";"BELBIMBRE";"09";"Burgos";"08";"Comunidad Autónoma de Castilla y León";"RRD";"RRGD"
"050";"BELORADO";"09";"Burgos";"08";"Comunidad Autónoma de Castilla y León";"RNC";"RNC"
"052";"BERBERANA";"09";"Burgos";"08";"Comunidad Autónoma de Castilla y León";"RRD";"RRGD"
"053";"BERLANGAS DE ROA";"09";"Burgos";"08";"Comunidad Autónoma de Castilla y León";"RRD";"RRD"
"225";"MIRAVECHE";"09";"Burgos";"08";"Comunidad Autónoma de Castilla y León";"RRD";"RRGD"
"226";"MODUBAR DE LA EMPAREDADA";"09";"Burgos";"08";"Comunidad Autónoma de Castilla y León";"RNC";"RNC"
"228";"MONASTERIO DE LA SIERRA";"09";"Burgos";"08";"Comunidad Autónoma de Castilla y León";"RRD";"RRGD"
"229";"MONASTERIO DE RODILLA";"09";"Burgos";"08";"Comunidad Autónoma de Castilla y León";"RRD";"RRGD"
"230";"MONCALVILLO";"09";"Burgos";"08";"Comunidad Autónoma de Castilla y León";"RRD";"RRGD"
"231";"MONTERRUBIO DE LA DEMANDA";"09";"Burgos";"08";"Comunidad Autónoma de Castilla y León";"RRD";"RRGD"
"232";"MONTORIO";"09";"Burgos";"08";"Comunidad Autónoma de Castilla y León";"RRD";"RRGD"
"233";"MORADILLO DE ROA";"09";"Burgos";"08";"Comunidad Autónoma de Castilla y León";"RRD";"RRD"
"235";"NAVA DE ROA";"09";"Burgos";"08";"Comunidad Autónoma de Castilla y León";"RRD";"RRD"
"236";"NAVAS DE BUREBA";"09";"Burgos";"08";"Comunidad Autónoma de Castilla y León";"RRD";"RRGD"
"237";"NEBREDA";"09";"Burgos";"08";"Comunidad Autónoma de Castilla y León";"RRD";"RRGD"
"238";"NEILA";"09";"Burgos";"08";"Comunidad Autónoma de Castilla y León";"RRD";"RRGD"
"241";"OLMEDILLO DE ROA";"09";"Burgos";"08";"Comunidad Autónoma de Castilla y León";"RRD";"RRGD"
"242";"OLMILLOS DE MUÑO";"09";"Burgos";"08";"Comunidad Autónoma de Castilla y León";"RRD";"RRGD"
"245";"OÑA";"09";"Burgos";"08";"Comunidad Autónoma de Castilla y León";"RRD";"RRGD"
"246";"OQUILLAS";"09";"Burgos";"08";"Comunidad Autónoma de Castilla y León";"RRD";"RRGD"
"248";"ORBANEJA RIOPICO";"09";"Burgos";"08";"Comunidad Autónoma de Castilla y León";"RNC";"RNC"
"250";"PADILLA DE ABAJO";"09";"Burgos";"08";"Comunidad Autónoma de Castilla y León";"RRD";"RRGD"
"251";"PADILLA DE ARRIBA";"09";"Burgos";"08";"Comunidad Autónoma de Castilla y León";"RRD";"RRGD"
"252";"PADRONES DE BUREBA";"09";"Burgos";"08";"Comunidad Autónoma de Castilla y León";"RRD";"RRGD"
"254";"PALACIOS DE LA SIERRA";"09";"Burgos";"08";"Comunidad Autónoma de Castilla y León";"RRD";"RRD"
"255";"PALACIOS DE RIOPISUERGA";"09";"Burgos";"08";"Comunidad Autónoma de Castilla y León";"RRD";"RRGD"
"256";"PALAZUELOS DE LA SIERRA";"09";"Burgos";"08";"Comunidad Autónoma de Castilla y León";"RRD";"RRGD"
"257";"PALAZUELOS DE MUÑO";"09";"Burgos";"08";"Comunidad Autónoma de Castilla y León";"RRD";"RRGD"
"258";"PAMPLIEGA";"09";"Burgos";"08";"Comunidad Autónoma de Castilla y León";"RRD";"RRD"
"259";"PANCORBO";"09";"Burgos";"08";"Comunidad Autónoma de Castilla y León";"RRD";"RRGD"
"261";"PARDILLA";"09";"Burgos";"08";"Comunidad Autónoma de Castilla y León";"RRD";"RRGD"
"263";"PARTIDO DE LA SIERRA EN TOBALINA";"09";"Burgos";"08";"Comunidad Autónoma de Castilla y León";"RRD";"RRGD"
"264";"PEDROSA DE DUERO";"09";"Burgos";"08";"Comunidad Autónoma de Castilla y León";"RRD";"RRGD"
"265";"PEDROSA DEL PARAMO";"09";"Burgos";"08";"Comunidad Autónoma de Castilla y León";"RRD";"RRD"
"266";"PEDROSA DEL PRINCIPE";"09";"Burgos";"08";"Comunidad Autónoma de Castilla y León";"RRD";"RRGD"
"267";"PEDROSA DE RIO URBEL";"09";"Burgos";"08";"Comunidad Autónoma de Castilla y León";"RRD";"RRGD"
"269";"PEÑARANDA DE DUERO";"09";"Burgos";"08";"Comunidad Autónoma de Castilla y León";"RRD";"RRD"
"270";"PERAL DE ARLANZA";"09";"Burgos";"08";"Comunidad Autónoma de Castilla y León";"RRD";"RRGD"
"273";"PIERNIGAS";"09";"Burgos";"08";"Comunidad Autónoma de Castilla y León";"RRD";"RRGD"
"274";"PINEDA DE LA SIERRA";"09";"Burgos";"08";"Comunidad Autónoma de Castilla y León";"RRD";"RRGD"
"275";"PINEDA-TRASMONTE";"09";"Burgos";"08";"Comunidad Autónoma de Castilla y León";"RRD";"RRGD"
"103";"CERRATON DE JUARROS";"09";"Burgos";"08";"Comunidad Autónoma de Castilla y León";"RRD";"RRGD"
"104";"CIADONCHA";"09";"Burgos";"08";"Comunidad Autónoma de Castilla y León";"RRD";"RRGD"
"105";"CILLAPERLATA";"09";"Burgos";"08";"Comunidad Autónoma de Castilla y León";"RRD";"RRGD"
"106";"CILLERUELO DE ABAJO";"09";"Burgos";"08";"Comunidad Autónoma de Castilla y León";"RRD";"RRGD"
"107";"CILLERUELO DE ARRIBA";"09";"Burgos";"08";"Comunidad Autónoma de Castilla y León";"RRD";"RRGD"
"108";"CIRUELOS DE CERVERA";"09";"Burgos";"08";"Comunidad Autónoma de Castilla y León";"RRD";"RRGD"
"111";"COGOLLOS";"09";"Burgos";"08";"Comunidad Autónoma de Castilla y León";"RNC";"RNC"
"112";"CONDADO DE TREVIÑO";"09";"Burgos";"08";"Comunidad Autónoma de Castilla y León";"RRD";"RRGD"
"113";"CONTRERAS";"09";"Burgos";"08";"Comunidad Autónoma de Castilla y León";"RRD";"RRGD"
"115";"CORUÑA DEL CONDE";"09";"Burgos";"08";"Comunidad Autónoma de Castilla y León";"RRD";"RRGD"
"116";"COVARRUBIAS";"09";"Burgos";"08";"Comunidad Autónoma de Castilla y León";"RNC";"RNC"
"117";"CUBILLO DEL CAMPO";"09";"Burgos";"08";"Comunidad Autónoma de Castilla y León";"RRD";"RRGD"
"118";"CUBO DE BUREBA";"09";"Burgos";"08";"Comunidad Autónoma de Castilla y León";"RRD";"RRD"
"120";"CUEVA DE ROA (LA)";"09";"Burgos";"08";"Comunidad Autónoma de Castilla y León";"RRD";"RRGD"
"122";"CUEVAS DE SAN CLEMENTE";"09";"Burgos";"08";"Comunidad Autónoma de Castilla y León";"RRD";"RRGD"
"123";"ENCIO";"09";"Burgos";"08";"Comunidad Autónoma de Castilla y León";"RRD";"RRGD"
"125";"ESPINOSA DE CERVERA";"09";"Burgos";"08";"Comunidad Autónoma de Castilla y León";"RRD";"RRGD"
"126";"ESPINOSA DEL CAMINO";"09";"Burgos";"08";"Comunidad Autónoma de Castilla y León";"RRD";"RRGD"
"127";"ESPINOSA DE LOS MONTEROS";"09";"Burgos";"08";"Comunidad Autónoma de Castilla y León";"RRD";"RRD"
"128";"ESTEPAR";"09";"Burgos";"08";"Comunidad Autónoma de Castilla y León";"RRD";"RRGD"
"130";"FONTIOSO";"09";"Burgos";"08";"Comunidad Autónoma de Castilla y León";"RRD";"RRGD"
"131";"FRANDOVINEZ";"09";"Burgos";"08";"Comunidad Autónoma de Castilla y León";"RRD";"RRD"
"132";"FRESNEDA DE LA SIERRA TIRON";"09";"Burgos";"08";"Comunidad Autónoma de Castilla y León";"RRD";"RRGD"
"133";"FRESNEÑA";"09";"Burgos";"08";"Comunidad Autónoma de Castilla y León";"RRD";"RRGD"
"134";"FRESNILLO DE LAS DUEÑAS";"09";"Burgos";"08";"Comunidad Autónoma de Castilla y León";"RNC";"RNC"
"135";"FRESNO DE RIO TIRON";"09";"Burgos";"08";"Comunidad Autónoma de Castilla y León";"RNC";"RNC"
"136";"FRESNO DE RODILLA";"09";"Burgos";"08";"Comunidad Autónoma de Castilla y León";"RRD";"RRGD"
"316";"REBOLLEDO DE LA TORRE";"09";"Burgos";"08";"Comunidad Autónoma de Castilla y León";"RRD";"RRGD"
"317";"REDECILLA DEL CAMINO";"09";"Burgos";"08";"Comunidad Autónoma de Castilla y León";"RRD";"RRD"
"318";"REDECILLA DEL CAMPO";"09";"Burgos";"08";"Comunidad Autónoma de Castilla y León";"RRD";"RRGD"
"319";"REGUMIEL DE LA SIERRA";"09";"Burgos";"08";"Comunidad Autónoma de Castilla y León";"RNC";"RNC"
"320";"REINOSO";"09";"Burgos";"08";"Comunidad Autónoma de Castilla y León";"RRD";"RRGD"
"322";"RETUERTA";"09";"Burgos";"08";"Comunidad Autónoma de Castilla y León";"RRD";"RRGD"
"323";"REVILLA Y AHEDO (LA)";"09";"Burgos";"08";"Comunidad Autónoma de Castilla y León";"RRD";"RRGD"
"325";"REVILLA DEL CAMPO";"09";"Burgos";"08";"Comunidad Autónoma de Castilla y León";"RRD";"RRGD"
"326";"REVILLARRUZ";"09";"Burgos";"08";"Comunidad Autónoma de Castilla y León";"RNC";"RNC"
"327";"REVILLA VALLEJERA";"09";"Burgos";"08";"Comunidad Autónoma de Castilla y León";"RRD";"RRGD"
"328";"REZMONDO";"09";"Burgos";"08";"Comunidad Autónoma de Castilla y León";"RRD";"RRGD"
"329";"RIOCAVADO DE LA SIERRA";"09";"Burgos";"08";"Comunidad Autónoma de Castilla y León";"RRD";"RRGD"
"331";"VALLE DE LAS NAVAS";"09";"Burgos";"08";"Comunidad Autónoma de Castilla y León";"RRD";"RRGD"
"332";"ROA";"09";"Burgos";"08";"Comunidad Autónoma de Castilla y León";"RNC";"RNC"
"334";"ROJAS";"09";"Burgos";"08";"Comunidad Autónoma de Castilla y León";"RRD";"RRGD"
"336";"ROYUELA DE RIO FRANCO";"09";"Burgos";"08";"Comunidad Autónoma de Castilla y León";"RRD";"RRGD"
"337";"RUBENA";"09";"Burgos";"08";"Comunidad Autónoma de Castilla y León";"RNC";"RNC"
"338";"RUBLACEDO DE ABAJO";"09";"Burgos";"08";"Comunidad Autónoma de Castilla y León";"RRD";"RRGD"
"339";"RUCANDIO";"09";"Burgos";"08";"Comunidad Autónoma de Castilla y León";"RRD";"RRGD"
"340";"SALAS DE BUREBA";"09";"Burgos";"08";"Comunidad Autónoma de Castilla y León";"RRD";"RRD"
"341";"SALAS DE LOS INFANTES";"09";"Burgos";"08";"Comunidad Autónoma de Castilla y León";"RNC";"RNC"
"343";"SALDAÑA DE BURGOS";"09";"Burgos";"08";"Comunidad Autónoma de Castilla y León";"RNC";"RNC"
"345";"SALINILLAS DE BUREBA";"09";"Burgos";"08";"Comunidad Autónoma de Castilla y León";"RRD";"RRGD"
"346";"SAN ADRIAN DE JUARROS";"09";"Burgos";"08";"Comunidad Autónoma de Castilla y León";"RRD";"RRGD"
"348";"SAN JUAN DEL MONTE";"09";"Burgos";"08";"Comunidad Autónoma de Castilla y León";"RRD";"RRGD"
"349";"SAN MAMES DE BURGOS";"09";"Burgos";"08";"Comunidad Autónoma de Castilla y León";"RNC";"RNC"
"350";"SAN MARTIN DE RUBIALES";"09";"Burgos";"08";"Comunidad Autónoma de Castilla y León";"RRD";"RRGD"
"351";"SAN MILLAN DE LARA";"09";"Burgos";"08";"Comunidad Autónoma de Castilla y León";"RRD";"RRGD"
"354";"SANTA CECILIA";"09";"Burgos";"08";"Comunidad Autónoma de Castilla y León";"RRD";"RRD"
"356";"SANTA CRUZ DE LA SALCEDA";"09";"Burgos";"08";"Comunidad Autónoma de Castilla y León";"RRD";"RRGD"
"357";"SANTA CRUZ DEL VALLE URBION";"09";"Burgos";"08";"Comunidad Autónoma de Castilla y León";"RRD";"RRGD"
"358";"SANTA GADEA DEL CID";"09";"Burgos";"08";"Comunidad Autónoma de Castilla y León";"RRD";"RRGD"
"359";"SANTA INES";"09";"Burgos";"08";"Comunidad Autónoma de Castilla y León";"RRD";"RRD"
"361";"SANTA MARIA DEL CAMPO";"09";"Burgos";"08";"Comunidad Autónoma de Castilla y León";"RRD";"RRD"
"362";"SANTA MARIA DEL INVIERNO";"09";"Burgos";"08";"Comunidad Autónoma de Castilla y León";"RRD";"RRGD"
"363";"SANTA MARIA DEL MERCADILLO";"09";"Burgos";"08";"Comunidad Autónoma de Castilla y León";"RRD";"RRGD"
"364";"SANTA MARIA RIVARREDONDA";"09";"Burgos";"08";"Comunidad Autónoma de Castilla y León";"RRD";"RRGD"
"186";"JARAMILLO DE LA FUENTE";"09";"Burgos";"08";"Comunidad Autónoma de Castilla y León";"RRD";"RRGD"
"187";"JARAMILLO QUEMADO";"09";"Burgos";"08";"Comunidad Autónoma de Castilla y León";"RRD";"RRGD"
"191";"VALLE DE LOSA";"09";"Burgos";"08";"Comunidad Autónoma de Castilla y León";"RRD";"RRGD"
"192";"JUNTA DE TRASLALOMA";"09";"Burgos";"08";"Comunidad Autónoma de Castilla y León";"RRD";"RRGD"
"193";"JUNTA DE VILLALBA DE LOSA";"09";"Burgos";"08";"Comunidad Autónoma de Castilla y León";"RRD";"RRGD"
"194";"JURISDICCION DE LARA";"09";"Burgos";"08";"Comunidad Autónoma de Castilla y León";"RRD";"RRGD"
"195";"JURISDICCION DE SAN ZADORNIL";"09";"Burgos";"08";"Comunidad Autónoma de Castilla y León";"RRD";"RRGD"
"197";"LERMA";"09";"Burgos";"08";"Comunidad Autónoma de Castilla y León";"RNC";"RNC"
"199";"LLANO DE BUREBA";"09";"Burgos";"08";"Comunidad Autónoma de Castilla y León";"RRD";"RRGD"
"200";"MADRIGAL DEL MONTE";"09";"Burgos";"08";"Comunidad Autónoma de Castilla y León";"RRD";"RRGD"
"201";"MADRIGALEJO DEL MONTE";"09";"Burgos";"08";"Comunidad Autónoma de Castilla y León";"RRD";"RRGD"
"202";"MAHAMUD";"09";"Burgos";"08";"Comunidad Autónoma de Castilla y León";"RRD";"RRGD"
"203";"MAMBRILLA DE CASTREJON";"09";"Burgos";"08";"Comunidad Autónoma de Castilla y León";"RRD";"RRGD"
"204";"MAMBRILLAS DE LARA";"09";"Burgos";"08";"Comunidad Autónoma de Castilla y León";"RRD";"RRGD"
"205";"MAMOLAR";"09";"Burgos";"08";"Comunidad Autónoma de Castilla y León";"RRD";"RRGD"
"206";"MANCILES";"09";"Burgos";"08";"Comunidad Autónoma de Castilla y León";"RRD";"RRGD"
"211";"MAZUELA";"09";"Burgos";"08";"Comunidad Autónoma de Castilla y León";"RRD";"RRGD"
"213";"MECERREYES";"09";"Burgos";"08";"Comunidad Autónoma de Castilla y León";"RRD";"RRGD"
"214";"MEDINA DE POMAR";"09";"Burgos";"08";"Comunidad Autónoma de Castilla y León";"RNC";"RNC"
"216";"MELGAR DE FERNAMENTAL";"09";"Burgos";"08";"Comunidad Autónoma de Castilla y León";"RNC";"RNC"
"218";"MERINDAD DE CUESTA-URRIA";"09";"Burgos";"08";"Comunidad Autónoma de Castilla y León";"RRD";"RRGD"
"219";"MERINDAD DE MONTIJA";"09";"Burgos";"08";"Comunidad Autónoma de Castilla y León";"RRD";"RRGD"
"220";"MERINDAD DE SOTOSCUEVA";"09";"Burgos";"08";"Comunidad Autónoma de Castilla y León";"RRD";"RRGD"
"221";"MERINDAD DE VALDEPORRES";"09";"Burgos";"08";"Comunidad Autónoma de Castilla y León";"RRD";"RRGD"
"222";"MERINDAD DE VALDIVIELSO";"09";"Burgos";"08";"Comunidad Autónoma de Castilla y León";"RRD";"RRGD"
"223";"MILAGROS";"09";"Burgos";"08";"Comunidad Autónoma de Castilla y León";"RNC";"RNC"
"224";"MIRANDA DE EBRO";"09";"Burgos";"08";"Comunidad Autónoma de Castilla y León";"URBANO";"URBANO"
"401";"TORREPADRE";"09";"Burgos";"08";"Comunidad Autónoma de Castilla y León";"RRD";"RRGD"
"402";"TORRESANDINO";"09";"Burgos";"08";"Comunidad Autónoma de Castilla y León";"RRD";"RRGD"
"403";"TORTOLES DE ESGUEVA";"09";"Burgos";"08";"Comunidad Autónoma de Castilla y León";"RRD";"RRGD"
"404";"TOSANTOS";"09";"Burgos";"08";"Comunidad Autónoma de Castilla y León";"RRD";"RRD"
"406";"TRESPADERNE";"09";"Burgos";"08";"Comunidad Autónoma de Castilla y León";"RNC";"RNC"
"407";"TUBILLA DEL AGUA";"09";"Burgos";"08";"Comunidad Autónoma de Castilla y León";"RRD";"RRGD"
"408";"TUBILLA DEL LAGO";"09";"Burgos";"08";"Comunidad Autónoma de Castilla y León";"RRD";"RRGD"
"409";"MERINDAD DE RIO UBIERNA";"09";"Burgos";"08";"Comunidad Autónoma de Castilla y León";"RRD";"RRGD"
"410";"URBEL DEL CASTILLO";"09";"Burgos";"08";"Comunidad Autónoma de Castilla y León";"RRD";"RRGD"
"412";"VADOCONDES";"09";"Burgos";"08";"Comunidad Autónoma de Castilla y León";"RNC";"RNC"
"415";"VALDEANDE";"09";"Burgos";"08";"Comunidad Autónoma de Castilla y León";"RRD";"RRGD"
"417";"VALDEZATE";"09";"Burgos";"08";"Comunidad Autónoma de Castilla y León";"RRD";"RRGD"
"418";"VALDORROS";"09";"Burgos";"08";"Comunidad Autónoma de Castilla y León";"RNC";"RNC"
"419";"VALMALA";"09";"Burgos";"08";"Comunidad Autónoma de Castilla y León";"RRD";"RRGD"
"420";"VALLARTA DE BUREBA";"09";"Burgos";"08";"Comunidad Autónoma de Castilla y León";"RRD";"RRGD"
"421";"VALLE DE MANZANEDO";"09";"Burgos";"08";"Comunidad Autónoma de Castilla y León";"RRD";"RRGD"
"422";"VALLE DE MENA";"09";"Burgos";"08";"Comunidad Autónoma de Castilla y León";"RNC";"RNC"
"423";"VALLE DE OCA";"09";"Burgos";"08";"Comunidad Autónoma de Castilla y León";"RRD";"RRGD"
"424";"VALLE DE TOBALINA";"09";"Burgos";"08";"Comunidad Autónoma de Castilla y León";"RRD";"RRGD"
"425";"VALLE DE VALDEBEZANA";"09";"Burgos";"08";"Comunidad Autónoma de Castilla y León";"RRD";"RRGD"
"426";"VALLE DE VALDELAGUNA";"09";"Burgos";"08";"Comunidad Autónoma de Castilla y León";"RRD";"RRGD"
"427";"VALLE DE VALDELUCIO";"09";"Burgos";"08";"Comunidad Autónoma de Castilla y León";"RRD";"RRGD"
"428";"VALLE DE ZAMANZAS";"09";"Burgos";"08";"Comunidad Autónoma de Castilla y León";"RRD";"RRGD"
"429";"VALLEJERA";"09";"Burgos";"08";"Comunidad Autónoma de Castilla y León";"RRD";"RRGD"
"430";"VALLES DE PALENZUELA";"09";"Burgos";"08";"Comunidad Autónoma de Castilla y León";"RRD";"RRGD"
"431";"VALLUERCANES";"09";"Burgos";"08";"Comunidad Autónoma de Castilla y León";"RRD";"RRGD"
"433";"VID Y BARRIOS (LA)";"09";"Burgos";"08";"Comunidad Autónoma de Castilla y León";"RRD";"RRGD"
"434";"VID DE BUREBA (LA)";"09";"Burgos";"08";"Comunidad Autónoma de Castilla y León";"RRD";"RRGD"
"435";"VILEÑA";"09";"Burgos";"08";"Comunidad Autónoma de Castilla y León";"RRD";"RRGD"
"436";"VILORIA DE RIOJA";"09";"Burgos";"08";"Comunidad Autónoma de Castilla y León";"RRD";"RRGD"
"437";"VILVIESTRE DEL PINAR";"09";"Burgos";"08";"Comunidad Autónoma de Castilla y León";"RNC";"RNC"
"439";"VILLADIEGO";"09";"Burgos";"08";"Comunidad Autónoma de Castilla y León";"RRD";"RRGD"
"440";"VILLAESCUSA DE ROA";"09";"Burgos";"08";"Comunidad Autónoma de Castilla y León";"RRD";"RRGD"
"441";"VILLAESCUSA LA SOMBRIA";"09";"Burgos";"08";"Comunidad Autónoma de Castilla y León";"RRD";"RRGD"
"442";"VILLAESPASA";"09";"Burgos";"08";"Comunidad Autónoma de Castilla y León";"RRD";"RRGD"
"443";"VILLAFRANCA MONTES DE OCA";"09";"Burgos";"08";"Comunidad Autónoma de Castilla y León";"RRD";"RRGD"
"445";"VILLAFRUELA";"09";"Burgos";"08";"Comunidad Autónoma de Castilla y León";"RRD";"RRGD"
"276";"PINILLA DE LOS BARRUECOS";"09";"Burgos";"08";"Comunidad Autónoma de Castilla y León";"RRD";"RRGD"
"277";"PINILLA DE LOS MOROS";"09";"Burgos";"08";"Comunidad Autónoma de Castilla y León";"RRD";"RRGD"
"278";"PINILLA-TRASMONTE";"09";"Burgos";"08";"Comunidad Autónoma de Castilla y León";"RRD";"RRGD"
"280";"POZA DE LA SAL";"09";"Burgos";"08";"Comunidad Autónoma de Castilla y León";"RRD";"RRGD"
"281";"PRADANOS DE BUREBA";"09";"Burgos";"08";"Comunidad Autónoma de Castilla y León";"RRD";"RRGD"
"282";"PRADOLUENGO";"09";"Burgos";"08";"Comunidad Autónoma de Castilla y León";"RNC";"RNC"
"283";"PRESENCIO";"09";"Burgos";"08";"Comunidad Autónoma de Castilla y León";"RRD";"RRGD"
"284";"LA PUEBLA DE ARGANZON";"09";"Burgos";"08";"Comunidad Autónoma de Castilla y León";"RNC";"RNC"
"285";"PUENTEDURA";"09";"Burgos";"08";"Comunidad Autónoma de Castilla y León";"RRD";"RRGD"
"287";"QUEMADA";"09";"Burgos";"08";"Comunidad Autónoma de Castilla y León";"RRD";"RRD"
"288";"QUINTANABUREBA";"09";"Burgos";"08";"Comunidad Autónoma de Castilla y León";"RRD";"RRGD"
"289";"QUINTANA DEL PIDIO";"09";"Burgos";"08";"Comunidad Autónoma de Castilla y León";"RNC";"RNC"
"290";"ALFOZ DE QUINTANADUEÑAS";"09";"Burgos";"08";"Comunidad Autónoma de Castilla y León";"RNC";"RNC"
"291";"QUINTANAELEZ";"09";"Burgos";"08";"Comunidad Autónoma de Castilla y León";"RRD";"RRGD"
"296";"QUINTANAORTUÑO";"09";"Burgos";"08";"Comunidad Autónoma de Castilla y León";"RNC";"RNC"
"297";"QUINTANAPALLA";"09";"Burgos";"08";"Comunidad Autónoma de Castilla y León";"RRD";"RRGD"
"298";"QUINTANAR DE LA SIERRA";"09";"Burgos";"08";"Comunidad Autónoma de Castilla y León";"RNC";"RNC"
"301";"QUINTANAVIDES";"09";"Burgos";"08";"Comunidad Autónoma de Castilla y León";"RRD";"RRGD"
"303";"QUINTANILLA DEL AGUA-TORDUELES";"09";"Burgos";"08";"Comunidad Autónoma de Castilla y León";"RRD";"RRD"
"304";"QUINTANILLA DE LA MATA";"09";"Burgos";"08";"Comunidad Autónoma de Castilla y León";"RRD";"RRD"
"305";"QUINTANILLA DEL COCO";"09";"Burgos";"08";"Comunidad Autónoma de Castilla y León";"RRD";"RRGD"
"307";"QUINTANILLAS (LAS)";"09";"Burgos";"08";"Comunidad Autónoma de Castilla y León";"RNC";"RNC"
"308";"QUINTANILLA SAN GARCIA";"09";"Burgos";"08";"Comunidad Autónoma de Castilla y León";"RRD";"RRGD"
"311";"QUINTANILLA VIVAR";"09";"Burgos";"08";"Comunidad Autónoma de Castilla y León";"RNC";"RNC"
"312";"RABANERA DEL PINAR";"09";"Burgos";"08";"Comunidad Autónoma de Castilla y León";"RRD";"RRGD"
"313";"RABANOS";"09";"Burgos";"08";"Comunidad Autónoma de Castilla y León";"RRD";"RRGD"
"314";"RABE DE LAS CALZADAS";"09";"Burgos";"08";"Comunidad Autónoma de Castilla y León";"RNC";"RNC"
"446";"VILLAGALIJO";"09";"Burgos";"08";"Comunidad Autónoma de Castilla y León";"RRD";"RRGD"
"447";"VILLAGONZALO PEDERNALES";"09";"Burgos";"08";"Comunidad Autónoma de Castilla y León";"URBANO";"URBANO"
"450";"VILLAHOZ";"09";"Burgos";"08";"Comunidad Autónoma de Castilla y León";"RRD";"RRGD"
"451";"VILLALBA DE DUERO";"09";"Burgos";"08";"Comunidad Autónoma de Castilla y León";"RNC";"RNC"
"452";"VILLALBILLA DE BURGOS";"09";"Burgos";"08";"Comunidad Autónoma de Castilla y León";"RNC";"RNC"
"453";"VILLALBILLA DE GUMIEL";"09";"Burgos";"08";"Comunidad Autónoma de Castilla y León";"RRD";"RRGD"
"455";"VILLALDEMIRO";"09";"Burgos";"08";"Comunidad Autónoma de Castilla y León";"RRD";"RRGD"
"456";"VILLALMANZO";"09";"Burgos";"08";"Comunidad Autónoma de Castilla y León";"RNC";"RNC"
"458";"VILLAMAYOR DE LOS MONTES";"09";"Burgos";"08";"Comunidad Autónoma de Castilla y León";"RRD";"RRGD"
"459";"VILLAMAYOR DE TREVIÑO";"09";"Burgos";"08";"Comunidad Autónoma de Castilla y León";"RRD";"RRGD"
"460";"VILLAMBISTIA";"09";"Burgos";"08";"Comunidad Autónoma de Castilla y León";"RRD";"RRGD"
"461";"VILLAMEDIANILLA";"09";"Burgos";"08";"Comunidad Autónoma de Castilla y León";"RRD";"RRGD"
"462";"VILLAMIEL DE LA SIERRA";"09";"Burgos";"08";"Comunidad Autónoma de Castilla y León";"RRD";"RRGD"
"463";"VILLANGOMEZ";"09";"Burgos";"08";"Comunidad Autónoma de Castilla y León";"RRD";"RRGD"
"464";"VILLANUEVA DE ARGAÑO";"09";"Burgos";"08";"Comunidad Autónoma de Castilla y León";"RNC";"RNC"
"465";"VILLANUEVA DE CARAZO";"09";"Burgos";"08";"Comunidad Autónoma de Castilla y León";"RRD";"RRGD"
"466";"VILLANUEVA DE GUMIEL";"09";"Burgos";"08";"Comunidad Autónoma de Castilla y León";"RRD";"RRD"
"470";"VILLANUEVA DE TEBA";"09";"Burgos";"08";"Comunidad Autónoma de Castilla y León";"RRD";"RRGD"
"471";"VILLAQUIRAN DE LA PUEBLA";"09";"Burgos";"08";"Comunidad Autónoma de Castilla y León";"RRD";"RRGD"
"472";"VILLAQUIRAN DE LOS INFANTES";"09";"Burgos";"08";"Comunidad Autónoma de Castilla y León";"RRD";"RRD"
"473";"VILLARCAYO DE MERINDAD DE CASTILLA LA VIEJA";"09";"Burgos";"08";"Comunidad Autónoma de Castilla y León";"RNC";"RNC"
"474";"VILLARIEZO";"09";"Burgos";"08";"Comunidad Autónoma de Castilla y León";"RNC";"RNC"
"477";"VILLASANDINO";"09";"Burgos";"08";"Comunidad Autónoma de Castilla y León";"RRD";"RRGD"
"480";"VILLASUR DE HERREROS";"09";"Burgos";"08";"Comunidad Autónoma de Castilla y León";"RRD";"RRGD"
"481";"VILLATUELDA";"09";"Burgos";"08";"Comunidad Autónoma de Castilla y León";"RRD";"RRGD"
"483";"VILLAVERDE DEL MONTE";"09";"Burgos";"08";"Comunidad Autónoma de Castilla y León";"RRD";"RRGD"
"484";"VILLAVERDE-MOGINA";"09";"Burgos";"08";"Comunidad Autónoma de Castilla y León";"RRD";"RRGD"
"488";"VILLAYERNO MORQUILLAS";"09";"Burgos";"08";"Comunidad Autónoma de Castilla y León";"RNC";"RNC"
"489";"VILLAZOPEQUE";"09";"Burgos";"08";"Comunidad Autónoma de Castilla y León";"RRD";"RRGD"
"490";"VILLEGAS";"09";"Burgos";"08";"Comunidad Autónoma de Castilla y León";"RRD";"RRGD"
"493";"VILLORUEBO";"09";"Burgos";"08";"Comunidad Autónoma de Castilla y León";"RRD";"RRGD"
"496";"VIZCAINOS";"09";"Burgos";"08";"Comunidad Autónoma de Castilla y León";"RRD";"RRGD"
"498";"ZAEL";"09";"Burgos";"08";"Comunidad Autónoma de Castilla y León";"RRD";"RRGD"
"500";"ZARZOSA DE RIO PISUERGA";"09";"Burgos";"08";"Comunidad Autónoma de Castilla y León";"RRD";"RRGD"
"501";"ZAZUAR";"09";"Burgos";"08";"Comunidad Autónoma de Castilla y León";"RRD";"RRD"
"503";"ZUÑEDA";"09";"Burgos";"08";"Comunidad Autónoma de Castilla y León";"RRD";"RRGD"
"900";"BURGOS";"09";"Burgos";"08";"Comunidad Autónoma de Castilla y León";"URBANO";"URBANO"
"366";"SANTA OLALLA DE BUREBA";"09";"Burgos";"08";"Comunidad Autónoma de Castilla y León";"RRD";"RRGD"
"367";"SANTIBAÑEZ DE ESGUEVA";"09";"Burgos";"08";"Comunidad Autónoma de Castilla y León";"RRD";"RRGD"
"368";"SANTIBAÑEZ DEL VAL";"09";"Burgos";"08";"Comunidad Autónoma de Castilla y León";"RRD";"RRGD"
"369";"VALLE DE SANTIBAÑEZ";"09";"Burgos";"08";"Comunidad Autónoma de Castilla y León";"RRD";"RRGD"
"370";"SANTO DOMINGO DE SILOS";"09";"Burgos";"08";"Comunidad Autónoma de Castilla y León";"RRD";"RRGD"
"372";"SAN VICENTE DEL VALLE";"09";"Burgos";"08";"Comunidad Autónoma de Castilla y León";"RRD";"RRGD"
"373";"SARGENTES DE LA LORA";"09";"Burgos";"08";"Comunidad Autónoma de Castilla y León";"RRD";"RRGD"
"374";"SARRACIN";"09";"Burgos";"08";"Comunidad Autónoma de Castilla y León";"RNC";"RNC"
"375";"SASAMON";"09";"Burgos";"08";"Comunidad Autónoma de Castilla y León";"RRD";"RRD"
"376";"VALLE DE SEDANO";"09";"Burgos";"08";"Comunidad Autónoma de Castilla y León";"RRD";"RRGD"
"377";"SEQUERA DE HAZA (LA)";"09";"Burgos";"08";"Comunidad Autónoma de Castilla y León";"RRD";"RRGD"
"378";"SOLARANA";"09";"Burgos";"08";"Comunidad Autónoma de Castilla y León";"RRD";"RRGD"
"380";"SORDILLOS";"09";"Burgos";"08";"Comunidad Autónoma de Castilla y León";"RRD";"RRGD"
"381";"SOTILLO DE LA RIBERA";"09";"Burgos";"08";"Comunidad Autónoma de Castilla y León";"RRD";"RRD"
"384";"SOTRAGERO";"09";"Burgos";"08";"Comunidad Autónoma de Castilla y León";"RNC";"RNC"
"385";"SOTRESGUDO";"09";"Burgos";"08";"Comunidad Autónoma de Castilla y León";"RRD";"RRGD"
"386";"SUSINOS DEL PARAMO";"09";"Burgos";"08";"Comunidad Autónoma de Castilla y León";"RRD";"RRD"
"387";"TAMARON";"09";"Burgos";"08";"Comunidad Autónoma de Castilla y León";"RRD";"RRGD"
"389";"TARDAJOS";"09";"Burgos";"08";"Comunidad Autónoma de Castilla y León";"RNC";"RNC"
"390";"TEJADA";"09";"Burgos";"08";"Comunidad Autónoma de Castilla y León";"RRD";"RRGD"
"392";"TERRADILLOS DE ESGUEVA";"09";"Burgos";"08";"Comunidad Autónoma de Castilla y León";"RRD";"RRGD"
"393";"TINIEBLAS DE LA SIERRA";"09";"Burgos";"08";"Comunidad Autónoma de Castilla y León";"RRD";"RRGD"
"394";"TOBAR";"09";"Burgos";"08";"Comunidad Autónoma de Castilla y León";"RRD";"RRGD"
"396";"TORDOMAR";"09";"Burgos";"08";"Comunidad Autónoma de Castilla y León";"RRD";"RRD"
"398";"TORRECILLA DEL MONTE";"09";"Burgos";"08";"Comunidad Autónoma de Castilla y León";"RRD";"RRGD"
"399";"TORREGALINDO";"09";"Burgos";"08";"Comunidad Autónoma de Castilla y León";"RRD";"RRD"
"400";"TORRELARA";"09";"Burgos";"08";"Comunidad Autónoma de Castilla y León";"RRD";"RRGD"
"035";"CABEZABELLOSA";"10";"Cáceres";"10";"Comunidad Autónoma de Extremadura";"RRD";"RRD"
"036";"CABEZUELA DEL VALLE";"10";"Cáceres";"10";"Comunidad Autónoma de Extremadura";"RNC";"RNC"
"037";"CABRERO";"10";"Cáceres";"10";"Comunidad Autónoma de Extremadura";"RNC";"RNC"
"039";"CACHORRILLA";"10";"Cáceres";"10";"Comunidad Autónoma de Extremadura";"RRD";"RRGD"
"040";"CADALSO";"10";"Cáceres";"10";"Comunidad Autónoma de Extremadura";"RNC";"RNC"
"041";"CALZADILLA";"10";"Cáceres";"10";"Comunidad Autónoma de Extremadura";"RRD";"RRGD"
"042";"CAMINOMORISCO";"10";"Cáceres";"10";"Comunidad Autónoma de Extremadura";"RRD";"RRD"
"043";"CAMPILLO DE DELEITOSA";"10";"Cáceres";"10";"Comunidad Autónoma de Extremadura";"RRD";"RRGD"
"044";"CAMPO LUGAR";"10";"Cáceres";"10";"Comunidad Autónoma de Extremadura";"RRD";"RRD"
"045";"CAÑAMERO";"10";"Cáceres";"10";"Comunidad Autónoma de Extremadura";"RRD";"RRD"
"046";"CAÑAVERAL";"10";"Cáceres";"10";"Comunidad Autónoma de Extremadura";"RRD";"RRD"
"047";"CARBAJO";"10";"Cáceres";"10";"Comunidad Autónoma de Extremadura";"RRD";"RRGD"
"048";"CARCABOSO";"10";"Cáceres";"10";"Comunidad Autónoma de Extremadura";"RNC";"RNC"
"049";"CARRASCALEJO";"10";"Cáceres";"10";"Comunidad Autónoma de Extremadura";"RRD";"RRGD"
"050";"CASAR DE CACERES";"10";"Cáceres";"10";"Comunidad Autónoma de Extremadura";"RNC";"RNC"
"051";"CASAR DE PALOMERO";"10";"Cáceres";"10";"Comunidad Autónoma de Extremadura";"RNC";"RNC"
"052";"CASARES DE LAS HURDES";"10";"Cáceres";"10";"Comunidad Autónoma de Extremadura";"RNC";"RNC"
"053";"CASAS DE DON ANTONIO";"10";"Cáceres";"10";"Comunidad Autónoma de Extremadura";"RRD";"RRGD"
"054";"CASAS DE DON GOMEZ";"10";"Cáceres";"10";"Comunidad Autónoma de Extremadura";"RRD";"RRD"
"055";"CASAS DEL CASTAÑAR";"10";"Cáceres";"10";"Comunidad Autónoma de Extremadura";"RNC";"RNC"
"056";"CASAS DEL MONTE";"10";"Cáceres";"10";"Comunidad Autónoma de Extremadura";"RNC";"RNC"
"057";"CASAS DE MILLAN";"10";"Cáceres";"10";"Comunidad Autónoma de Extremadura";"RRD";"RRGD"
"058";"CASAS DE MIRAVETE";"10";"Cáceres";"10";"Comunidad Autónoma de Extremadura";"RRD";"RRGD"
"059";"CASATEJADA";"10";"Cáceres";"10";"Comunidad Autónoma de Extremadura";"RRD";"RRD"
"060";"CASILLAS DE CORIA";"10";"Cáceres";"10";"Comunidad Autónoma de Extremadura";"RRD";"RRGD"
"061";"CASTAÑAR DE IBOR";"10";"Cáceres";"10";"Comunidad Autónoma de Extremadura";"RRD";"RRGD"
"062";"CECLAVIN";"10";"Cáceres";"10";"Comunidad Autónoma de Extremadura";"RRD";"RRD"
"063";"CEDILLO";"10";"Cáceres";"10";"Comunidad Autónoma de Extremadura";"RRD";"RRGD"
"064";"CEREZO";"10";"Cáceres";"10";"Comunidad Autónoma de Extremadura";"RRD";"RRD"
"065";"CILLEROS";"10";"Cáceres";"10";"Comunidad Autónoma de Extremadura";"RRD";"RRGD"
"066";"COLLADO DE LA VERA";"10";"Cáceres";"10";"Comunidad Autónoma de Extremadura";"RRD";"RRGD"
"103";"HOYOS";"10";"Cáceres";"10";"Comunidad Autónoma de Extremadura";"RNC";"RNC"
"104";"HUELAGA";"10";"Cáceres";"10";"Comunidad Autónoma de Extremadura";"RNC";"RNC"
"105";"IBAHERNANDO";"10";"Cáceres";"10";"Comunidad Autónoma de Extremadura";"RRD";"RRGD"
"106";"JARAICEJO";"10";"Cáceres";"10";"Comunidad Autónoma de Extremadura";"RRD";"RRGD"
"107";"JARAIZ DE LA VERA";"10";"Cáceres";"10";"Comunidad Autónoma de Extremadura";"URBANO";"URBANO"
"108";"JARANDILLA DE LA VERA";"10";"Cáceres";"10";"Comunidad Autónoma de Extremadura";"RNC";"RNC"
"109";"JARILLA";"10";"Cáceres";"10";"Comunidad Autónoma de Extremadura";"RRD";"RRGD"
"110";"JERTE";"10";"Cáceres";"10";"Comunidad Autónoma de Extremadura";"RNC";"RNC"
"111";"LADRILLAR";"10";"Cáceres";"10";"Comunidad Autónoma de Extremadura";"RRD";"RRGD"
"112";"LOGROSAN";"10";"Cáceres";"10";"Comunidad Autónoma de Extremadura";"RRD";"RRGD"
"113";"LOSAR DE LA VERA";"10";"Cáceres";"10";"Comunidad Autónoma de Extremadura";"RNC";"RNC"
"114";"MADRIGAL DE LA VERA";"10";"Cáceres";"10";"Comunidad Autónoma de Extremadura";"RNC";"RNC"
"115";"MADRIGALEJO";"10";"Cáceres";"10";"Comunidad Autónoma de Extremadura";"RNC";"RNC"
"116";"MADROÑERA";"10";"Cáceres";"10";"Comunidad Autónoma de Extremadura";"RNC";"RNC"
"117";"MAJADAS";"10";"Cáceres";"10";"Comunidad Autónoma de Extremadura";"RNC";"RNC"
"118";"MALPARTIDA DE CACERES";"10";"Cáceres";"10";"Comunidad Autónoma de Extremadura";"URBANO";"URBANO"
"119";"MALPARTIDA DE PLASENCIA";"10";"Cáceres";"10";"Comunidad Autónoma de Extremadura";"RRD";"RRD"
"120";"MARCHAGAZ";"10";"Cáceres";"10";"Comunidad Autónoma de Extremadura";"RNC";"RNC"
"121";"MATA DE ALCANTARA";"10";"Cáceres";"10";"Comunidad Autónoma de Extremadura";"RRD";"RRD"
"122";"MEMBRIO";"10";"Cáceres";"10";"Comunidad Autónoma de Extremadura";"RRD";"RRGD"
"123";"MESAS DE IBOR";"10";"Cáceres";"10";"Comunidad Autónoma de Extremadura";"RRD";"RRGD"
"124";"MIAJADAS";"10";"Cáceres";"10";"Comunidad Autónoma de Extremadura";"RNC";"RNC"
"125";"MILLANES";"10";"Cáceres";"10";"Comunidad Autónoma de Extremadura";"RNC";"RNC"
"126";"MIRABEL";"10";"Cáceres";"10";"Comunidad Autónoma de Extremadura";"RNC";"RNC"
"127";"MOHEDAS DE GRANADILLA";"10";"Cáceres";"10";"Comunidad Autónoma de Extremadura";"RNC";"RNC"
"128";"MONROY";"10";"Cáceres";"10";"Comunidad Autónoma de Extremadura";"RRD";"RRGD"
"129";"MONTANCHEZ";"10";"Cáceres";"10";"Comunidad Autónoma de Extremadura";"RNC";"RNC"
"130";"MONTEHERMOSO";"10";"Cáceres";"10";"Comunidad Autónoma de Extremadura";"RNC";"RNC"
"131";"MORALEJA";"10";"Cáceres";"10";"Comunidad Autónoma de Extremadura";"RNC";"RNC"
"132";"MORCILLO";"10";"Cáceres";"10";"Comunidad Autónoma de Extremadura";"RNC";"RNC"
"133";"NAVACONCEJO";"10";"Cáceres";"10";"Comunidad Autónoma de Extremadura";"RNC";"RNC"
"001";"ABADIA";"10";"Cáceres";"10";"Comunidad Autónoma de Extremadura";"RRD";"RRGD"
"002";"ABERTURA";"10";"Cáceres";"10";"Comunidad Autónoma de Extremadura";"RRD";"RRGD"
"003";"ACEBO";"10";"Cáceres";"10";"Comunidad Autónoma de Extremadura";"RRD";"RRD"
"004";"ACEHUCHE";"10";"Cáceres";"10";"Comunidad Autónoma de Extremadura";"RRD";"RRD"
"005";"ACEITUNA";"10";"Cáceres";"10";"Comunidad Autónoma de Extremadura";"RNC";"RNC"
"006";"AHIGAL";"10";"Cáceres";"10";"Comunidad Autónoma de Extremadura";"RNC";"RNC"
"007";"ALBALA";"10";"Cáceres";"10";"Comunidad Autónoma de Extremadura";"RNC";"RNC"
"008";"ALCANTARA";"10";"Cáceres";"10";"Comunidad Autónoma de Extremadura";"RRD";"RRGD"
"009";"ALCOLLARIN";"10";"Cáceres";"10";"Comunidad Autónoma de Extremadura";"RRD";"RRGD"
"010";"ALCUESCAR";"10";"Cáceres";"10";"Comunidad Autónoma de Extremadura";"RNC";"RNC"
"011";"ALDEACENTENERA";"10";"Cáceres";"10";"Comunidad Autónoma de Extremadura";"RRD";"RRGD"
"012";"ALDEA DEL CANO";"10";"Cáceres";"10";"Comunidad Autónoma de Extremadura";"RNC";"RNC"
"013";"ALDEA DEL OBISPO (LA)";"10";"Cáceres";"10";"Comunidad Autónoma de Extremadura";"RRD";"RRD"
"014";"ALDEANUEVA DE LA VERA";"10";"Cáceres";"10";"Comunidad Autónoma de Extremadura";"RNC";"RNC"
"015";"ALDEANUEVA DEL CAMINO";"10";"Cáceres";"10";"Comunidad Autónoma de Extremadura";"RNC";"RNC"
"016";"ALDEHUELA DE JERTE";"10";"Cáceres";"10";"Comunidad Autónoma de Extremadura";"RNC";"RNC"
"017";"ALIA";"10";"Cáceres";"10";"Comunidad Autónoma de Extremadura";"RRD";"RRGD"
"018";"ALISEDA";"10";"Cáceres";"10";"Comunidad Autónoma de Extremadura";"RNC";"RNC"
"019";"ALMARAZ";"10";"Cáceres";"10";"Comunidad Autónoma de Extremadura";"RNC";"RNC"
"020";"ALMOHARIN";"10";"Cáceres";"10";"Comunidad Autónoma de Extremadura";"RNC";"RNC"
"022";"ARROYO DE LA LUZ";"10";"Cáceres";"10";"Comunidad Autónoma de Extremadura";"RNC";"RNC"
"023";"ARROYOMOLINOS DE LA VERA";"10";"Cáceres";"10";"Comunidad Autónoma de Extremadura";"RNC";"RNC"
"024";"ARROYOMOLINOS";"10";"Cáceres";"10";"Comunidad Autónoma de Extremadura";"RRD";"RRGD"
"025";"BAÑOS DE MONTEMAYOR";"10";"Cáceres";"10";"Comunidad Autónoma de Extremadura";"RNC";"RNC"
"026";"BARRADO";"10";"Cáceres";"10";"Comunidad Autónoma de Extremadura";"RNC";"RNC"
"027";"BELVIS DE MONROY";"10";"Cáceres";"10";"Comunidad Autónoma de Extremadura";"RNC";"RNC"
"028";"BENQUERENCIA";"10";"Cáceres";"10";"Comunidad Autónoma de Extremadura";"RRD";"RRGD"
"029";"BERROCALEJO";"10";"Cáceres";"10";"Comunidad Autónoma de Extremadura";"RRD";"RRGD"
"030";"BERZOCANA";"10";"Cáceres";"10";"Comunidad Autónoma de Extremadura";"RRD";"RRGD"
"031";"BOHONAL DE IBOR";"10";"Cáceres";"10";"Comunidad Autónoma de Extremadura";"RRD";"RRGD"
"032";"BOTIJA";"10";"Cáceres";"10";"Comunidad Autónoma de Extremadura";"RRD";"RRD"
"033";"BROZAS";"10";"Cáceres";"10";"Comunidad Autónoma de Extremadura";"RRD";"RRGD"
"034";"CABAÑAS DEL CASTILLO";"10";"Cáceres";"10";"Comunidad Autónoma de Extremadura";"RRD";"RRGD"
"167";"SAN MARTIN DE TREVEJO";"10";"Cáceres";"10";"Comunidad Autónoma de Extremadura";"RNC";"RNC"
"168";"SANTA ANA";"10";"Cáceres";"10";"Comunidad Autónoma de Extremadura";"RRD";"RRGD"
"169";"SANTA CRUZ DE LA SIERRA";"10";"Cáceres";"10";"Comunidad Autónoma de Extremadura";"RRD";"RRGD"
"170";"SANTA CRUZ DE PANIAGUA";"10";"Cáceres";"10";"Comunidad Autónoma de Extremadura";"RRD";"RRGD"
"171";"SANTA MARTA DE MAGASCA";"10";"Cáceres";"10";"Comunidad Autónoma de Extremadura";"RRD";"RRGD"
"172";"SANTIAGO DE ALCANTARA";"10";"Cáceres";"10";"Comunidad Autónoma de Extremadura";"RRD";"RRGD"
"173";"SANTIAGO DEL CAMPO";"10";"Cáceres";"10";"Comunidad Autónoma de Extremadura";"RRD";"RRGD"
"174";"SANTIBAÑEZ EL ALTO";"10";"Cáceres";"10";"Comunidad Autónoma de Extremadura";"RRD";"RRGD"
"175";"SANTIBAÑEZ EL BAJO";"10";"Cáceres";"10";"Comunidad Autónoma de Extremadura";"RNC";"RNC"
"176";"SAUCEDILLA";"10";"Cáceres";"10";"Comunidad Autónoma de Extremadura";"RNC";"RNC"
"177";"SEGURA DE TORO";"10";"Cáceres";"10";"Comunidad Autónoma de Extremadura";"RNC";"RNC"
"178";"SERRADILLA";"10";"Cáceres";"10";"Comunidad Autónoma de Extremadura";"RRD";"RRGD"
"179";"SERREJON";"10";"Cáceres";"10";"Comunidad Autónoma de Extremadura";"RRD";"RRGD"
"180";"SIERRA DE FUENTES";"10";"Cáceres";"10";"Comunidad Autónoma de Extremadura";"RNC";"RNC"
"181";"TALAVAN";"10";"Cáceres";"10";"Comunidad Autónoma de Extremadura";"RRD";"RRD"
"183";"TALAVERUELA DE LA VERA";"10";"Cáceres";"10";"Comunidad Autónoma de Extremadura";"RNC";"RNC"
"184";"TALAYUELA";"10";"Cáceres";"10";"Comunidad Autónoma de Extremadura";"RNC";"RNC"
"185";"TEJEDA DE TIETAR";"10";"Cáceres";"10";"Comunidad Autónoma de Extremadura";"RNC";"RNC"
"186";"TORIL";"10";"Cáceres";"10";"Comunidad Autónoma de Extremadura";"RRD";"RRGD"
"187";"TORNAVACAS";"10";"Cáceres";"10";"Comunidad Autónoma de Extremadura";"RNC";"RNC"
"188";"TORNO (EL)";"10";"Cáceres";"10";"Comunidad Autónoma de Extremadura";"RNC";"RNC"
"189";"TORRECILLA DE LOS ANGELES";"10";"Cáceres";"10";"Comunidad Autónoma de Extremadura";"RNC";"RNC"
"190";"TORRECILLAS DE LA TIESA";"10";"Cáceres";"10";"Comunidad Autónoma de Extremadura";"RRD";"RRGD"
"191";"TORRE DE DON MIGUEL";"10";"Cáceres";"10";"Comunidad Autónoma de Extremadura";"RNC";"RNC"
"192";"TORRE DE SANTA MARIA";"10";"Cáceres";"10";"Comunidad Autónoma de Extremadura";"RNC";"RNC"
"193";"TORREJONCILLO";"10";"Cáceres";"10";"Comunidad Autónoma de Extremadura";"RNC";"RNC"
"194";"TORREJON EL RUBIO";"10";"Cáceres";"10";"Comunidad Autónoma de Extremadura";"RRD";"RRGD"
"195";"TORREMENGA";"10";"Cáceres";"10";"Comunidad Autónoma de Extremadura";"RNC";"RNC"
"196";"TORREMOCHA";"10";"Cáceres";"10";"Comunidad Autónoma de Extremadura";"RNC";"RNC"
"197";"TORREORGAZ";"10";"Cáceres";"10";"Comunidad Autónoma de Extremadura";"RNC";"RNC"
"198";"TORREQUEMADA";"10";"Cáceres";"10";"Comunidad Autónoma de Extremadura";"RNC";"RNC"
"067";"CONQUISTA DE LA SIERRA";"10";"Cáceres";"10";"Comunidad Autónoma de Extremadura";"RRD";"RRGD"
"068";"CORIA";"10";"Cáceres";"10";"Comunidad Autónoma de Extremadura";"URBANO";"URBANO"
"069";"CUACOS DE YUSTE";"10";"Cáceres";"10";"Comunidad Autónoma de Extremadura";"RNC";"RNC"
"070";"CUMBRE (LA)";"10";"Cáceres";"10";"Comunidad Autónoma de Extremadura";"RRD";"RRGD"
"071";"DELEITOSA";"10";"Cáceres";"10";"Comunidad Autónoma de Extremadura";"RRD";"RRGD"
"072";"DESCARGAMARIA";"10";"Cáceres";"10";"Comunidad Autónoma de Extremadura";"RRD";"RRGD"
"073";"ELJAS";"10";"Cáceres";"10";"Comunidad Autónoma de Extremadura";"RNC";"RNC"
"074";"ESCURIAL";"10";"Cáceres";"10";"Comunidad Autónoma de Extremadura";"RRD";"RRD"
"076";"FRESNEDOSO DE IBOR";"10";"Cáceres";"10";"Comunidad Autónoma de Extremadura";"RRD";"RRGD"
"077";"GALISTEO";"10";"Cáceres";"10";"Comunidad Autónoma de Extremadura";"RNC";"RNC"
"078";"GARCIAZ";"10";"Cáceres";"10";"Comunidad Autónoma de Extremadura";"RRD";"RRGD"
"079";"GARGANTA (LA)";"10";"Cáceres";"10";"Comunidad Autónoma de Extremadura";"RNC";"RNC"
"080";"GARGANTA LA OLLA";"10";"Cáceres";"10";"Comunidad Autónoma de Extremadura";"RNC";"RNC"
"081";"GARGANTILLA";"10";"Cáceres";"10";"Comunidad Autónoma de Extremadura";"RNC";"RNC"
"082";"GARGUERA";"10";"Cáceres";"10";"Comunidad Autónoma de Extremadura";"RRD";"RRGD"
"083";"GARROVILLAS DE ALCONETAR";"10";"Cáceres";"10";"Comunidad Autónoma de Extremadura";"RRD";"RRD"
"084";"GARVIN";"10";"Cáceres";"10";"Comunidad Autónoma de Extremadura";"RRD";"RRGD"
"085";"GATA";"10";"Cáceres";"10";"Comunidad Autónoma de Extremadura";"RNC";"RNC"
"086";"GORDO (EL)";"10";"Cáceres";"10";"Comunidad Autónoma de Extremadura";"RRD";"RRGD"
"088";"GRANJA (LA)";"10";"Cáceres";"10";"Comunidad Autónoma de Extremadura";"RNC";"RNC"
"090";"GUADALUPE";"10";"Cáceres";"10";"Comunidad Autónoma de Extremadura";"RNC";"RNC"
"091";"GUIJO DE CORIA";"10";"Cáceres";"10";"Comunidad Autónoma de Extremadura";"RRD";"RRGD"
"092";"GUIJO DE GALISTEO";"10";"Cáceres";"10";"Comunidad Autónoma de Extremadura";"RNC";"RNC"
"093";"GUIJO DE GRANADILLA";"10";"Cáceres";"10";"Comunidad Autónoma de Extremadura";"RRD";"RRGD"
"094";"GUIJO DE SANTA BARBARA";"10";"Cáceres";"10";"Comunidad Autónoma de Extremadura";"RRD";"RRD"
"095";"HERGUIJUELA";"10";"Cáceres";"10";"Comunidad Autónoma de Extremadura";"RRD";"RRGD"
"096";"HERNAN-PEREZ";"10";"Cáceres";"10";"Comunidad Autónoma de Extremadura";"RNC";"RNC"
"097";"HERRERA DE ALCANTARA";"10";"Cáceres";"10";"Comunidad Autónoma de Extremadura";"RRD";"RRGD"
"098";"HERRERUELA";"10";"Cáceres";"10";"Comunidad Autónoma de Extremadura";"RRD";"RRGD"
"099";"HERVAS";"10";"Cáceres";"10";"Comunidad Autónoma de Extremadura";"RNC";"RNC"
"100";"HIGUERA";"10";"Cáceres";"10";"Comunidad Autónoma de Extremadura";"RRD";"RRGD"
"101";"HINOJAL";"10";"Cáceres";"10";"Comunidad Autónoma de Extremadura";"RRD";"RRGD"
"102";"HOLGUERA";"10";"Cáceres";"10";"Comunidad Autónoma de Extremadura";"RNC";"RNC"
"199";"TRUJILLO";"10";"Cáceres";"10";"Comunidad Autónoma de Extremadura";"RNC";"RNC"
"200";"VALDASTILLAS";"10";"Cáceres";"10";"Comunidad Autónoma de Extremadura";"RNC";"RNC"
"201";"VALDECAÑAS DE TAJO";"10";"Cáceres";"10";"Comunidad Autónoma de Extremadura";"RRD";"RRGD"
"202";"VALDEFUENTES";"10";"Cáceres";"10";"Comunidad Autónoma de Extremadura";"RNC";"RNC"
"203";"VALDEHUNCAR";"10";"Cáceres";"10";"Comunidad Autónoma de Extremadura";"RRD";"RRGD"
"204";"VALDELACASA DE TAJO";"10";"Cáceres";"10";"Comunidad Autónoma de Extremadura";"RRD";"RRGD"
"205";"VALDEMORALES";"10";"Cáceres";"10";"Comunidad Autónoma de Extremadura";"RNC";"RNC"
"206";"VALDEOBISPO";"10";"Cáceres";"10";"Comunidad Autónoma de Extremadura";"RNC";"RNC"
"207";"VALENCIA DE ALCANTARA";"10";"Cáceres";"10";"Comunidad Autónoma de Extremadura";"RRD";"RRD"
"208";"VALVERDE DE LA VERA";"10";"Cáceres";"10";"Comunidad Autónoma de Extremadura";"RRD";"RRD"
"209";"VALVERDE DEL FRESNO";"10";"Cáceres";"10";"Comunidad Autónoma de Extremadura";"RRD";"RRD"
"210";"VIANDAR DE LA VERA";"10";"Cáceres";"10";"Comunidad Autónoma de Extremadura";"RRD";"RRD"
"211";"VILLA DEL CAMPO";"10";"Cáceres";"10";"Comunidad Autónoma de Extremadura";"RRD";"RRD"
"212";"VILLA DEL REY";"10";"Cáceres";"10";"Comunidad Autónoma de Extremadura";"RRD";"RRGD"
"213";"VILLAMESIAS";"10";"Cáceres";"10";"Comunidad Autónoma de Extremadura";"RRD";"RRGD"
"214";"VILLAMIEL";"10";"Cáceres";"10";"Comunidad Autónoma de Extremadura";"RRD";"RRGD"
"215";"VILLANUEVA DE LA SIERRA";"10";"Cáceres";"10";"Comunidad Autónoma de Extremadura";"RRD";"RRD"
"216";"VILLANUEVA DE LA VERA";"10";"Cáceres";"10";"Comunidad Autónoma de Extremadura";"RNC";"RNC"
"217";"VILLAR DEL PEDROSO";"10";"Cáceres";"10";"Comunidad Autónoma de Extremadura";"RRD";"RRGD"
"218";"VILLAR DE PLASENCIA";"10";"Cáceres";"10";"Comunidad Autónoma de Extremadura";"RRD";"RRD"
"219";"VILLASBUENAS DE GATA";"10";"Cáceres";"10";"Comunidad Autónoma de Extremadura";"RRD";"RRGD"
"220";"ZARZA DE GRANADILLA";"10";"Cáceres";"10";"Comunidad Autónoma de Extremadura";"RNC";"RNC"
"221";"ZARZA DE MONTANCHEZ";"10";"Cáceres";"10";"Comunidad Autónoma de Extremadura";"RNC";"RNC"
"222";"ZARZA LA MAYOR";"10";"Cáceres";"10";"Comunidad Autónoma de Extremadura";"RRD";"RRGD"
"223";"ZORITA";"10";"Cáceres";"10";"Comunidad Autónoma de Extremadura";"RRD";"RRGD"
"224";"ALAGÓN DEL RIO";"10";"Cáceres";"10";"Comunidad Autónoma de Extremadura";"RNC";"RNC"
"225";"VEGAVIANA";"10";"Cáceres";"10";"Comunidad Autónoma de Extremadura";"RNC";"RNC"
"226";"TIETAR";"10";"Cáceres";"10";"Comunidad Autónoma de Extremadura";"RNC";"RNC"
"227";"PUEBLONUEVO DE MIRAMONTES";"10";"Cáceres";"10";"Comunidad Autónoma de Extremadura";"RNC";"RNC"
"900";"CACERES";"10";"Cáceres";"10";"Comunidad Autónoma de Extremadura";"URBANO";"URBANO"
"901";"ROSALEJO";"10";"Cáceres";"10";"Comunidad Autónoma de Extremadura";"RNC";"RNC"
"134";"NAVALMORAL DE LA MATA";"10";"Cáceres";"10";"Comunidad Autónoma de Extremadura";"URBANO";"URBANO"
"135";"NAVALVILLAR DE IBOR";"10";"Cáceres";"10";"Comunidad Autónoma de Extremadura";"RRD";"RRGD"
"136";"NAVAS DEL MADROÑO";"10";"Cáceres";"10";"Comunidad Autónoma de Extremadura";"RRD";"RRD"
"137";"NAVEZUELAS";"10";"Cáceres";"10";"Comunidad Autónoma de Extremadura";"RRD";"RRD"
"138";"NUÑOMORAL";"10";"Cáceres";"10";"Comunidad Autónoma de Extremadura";"RNC";"RNC"
"139";"OLIVA DE PLASENCIA";"10";"Cáceres";"10";"Comunidad Autónoma de Extremadura";"RRD";"RRGD"
"140";"PALOMERO";"10";"Cáceres";"10";"Comunidad Autónoma de Extremadura";"RNC";"RNC"
"141";"PASARON DE LA VERA";"10";"Cáceres";"10";"Comunidad Autónoma de Extremadura";"RNC";"RNC"
"142";"PEDROSO DE ACIM";"10";"Cáceres";"10";"Comunidad Autónoma de Extremadura";"RRD";"RRGD"
"143";"PERALEDA DE LA MATA";"10";"Cáceres";"10";"Comunidad Autónoma de Extremadura";"RNC";"RNC"
"144";"PERALEDA DE SAN ROMAN";"10";"Cáceres";"10";"Comunidad Autónoma de Extremadura";"RRD";"RRGD"
"145";"PERALES DEL PUERTO";"10";"Cáceres";"10";"Comunidad Autónoma de Extremadura";"RNC";"RNC"
"146";"PESCUEZA";"10";"Cáceres";"10";"Comunidad Autónoma de Extremadura";"RRD";"RRGD"
"147";"PESGA (LA)";"10";"Cáceres";"10";"Comunidad Autónoma de Extremadura";"RNC";"RNC"
"148";"PIEDRAS ALBAS";"10";"Cáceres";"10";"Comunidad Autónoma de Extremadura";"RNC";"RNC"
"149";"PINOFRANQUEADO";"10";"Cáceres";"10";"Comunidad Autónoma de Extremadura";"RRD";"RRD"
"150";"PIORNAL";"10";"Cáceres";"10";"Comunidad Autónoma de Extremadura";"RNC";"RNC"
"151";"PLASENCIA";"10";"Cáceres";"10";"Comunidad Autónoma de Extremadura";"URBANO";"URBANO"
"152";"PLASENZUELA";"10";"Cáceres";"10";"Comunidad Autónoma de Extremadura";"RNC";"RNC"
"153";"PORTAJE";"10";"Cáceres";"10";"Comunidad Autónoma de Extremadura";"RRD";"RRGD"
"154";"PORTEZUELO";"10";"Cáceres";"10";"Comunidad Autónoma de Extremadura";"RRD";"RRGD"
"155";"POZUELO DE ZARZON";"10";"Cáceres";"10";"Comunidad Autónoma de Extremadura";"RRD";"RRD"
"156";"PUERTO DE SANTA CRUZ";"10";"Cáceres";"10";"Comunidad Autónoma de Extremadura";"RRD";"RRD"
"157";"REBOLLAR";"10";"Cáceres";"10";"Comunidad Autónoma de Extremadura";"RNC";"RNC"
"158";"RIOLOBOS";"10";"Cáceres";"10";"Comunidad Autónoma de Extremadura";"RNC";"RNC"
"159";"ROBLEDILLO DE GATA";"10";"Cáceres";"10";"Comunidad Autónoma de Extremadura";"RRD";"RRGD"
"160";"ROBLEDILLO DE LA VERA";"10";"Cáceres";"10";"Comunidad Autónoma de Extremadura";"RNC";"RNC"
"161";"ROBLEDILLO DE TRUJILLO";"10";"Cáceres";"10";"Comunidad Autónoma de Extremadura";"RRD";"RRD"
"162";"ROBLEDOLLANO";"10";"Cáceres";"10";"Comunidad Autónoma de Extremadura";"RRD";"RRGD"
"163";"ROMANGORDO";"10";"Cáceres";"10";"Comunidad Autónoma de Extremadura";"RRD";"RRGD"
"164";"RUANES";"10";"Cáceres";"10";"Comunidad Autónoma de Extremadura";"RRD";"RRGD"
"165";"SALORINO";"10";"Cáceres";"10";"Comunidad Autónoma de Extremadura";"RRD";"RRGD"
"166";"SALVATIERRA DE SANTIAGO";"10";"Cáceres";"10";"Comunidad Autónoma de Extremadura";"RRD";"RRD"
"035";"Tarifa";"11";"Cádiz";"01";"Comunidad Autónoma de Andalucía";"RNC";"RNC"
"034";"Setenil de las Bodegas";"11";"Cádiz";"01";"Comunidad Autónoma de Andalucía";"RNC";"RNC"
"037";"Trebujena";"11";"Cádiz";"01";"Comunidad Autónoma de Andalucía";"RNC";"RNC"
"038";"Ubrique";"11";"Cádiz";"01";"Comunidad Autónoma de Andalucía";"URBANO";"URBANO"
"039";"Vejer de la Frontera";"11";"Cádiz";"01";"Comunidad Autónoma de Andalucía";"RNC";"RNC"
"040";"Villaluenga del Rosario";"11";"Cádiz";"01";"Comunidad Autónoma de Andalucía";"RRD";"RRGD"
"041";"Villamartín";"11";"Cádiz";"01";"Comunidad Autónoma de Andalucía";"RNC";"RNC"
"042";"Zahara";"11";"Cádiz";"01";"Comunidad Autónoma de Andalucía";"RNC";"RNC"
"043";"Benalup-Casas Viejas";"11";"Cádiz";"01";"Comunidad Autónoma de Andalucía";"URBANO";"URBANO"
"044";"San José del Valle";"11";"Cádiz";"01";"Comunidad Autónoma de Andalucía";"RNC";"RNC"
"045";"San Martin del Tesorillo";"11";"Cádiz";"01";"Comunidad Autónoma de Andalucía";"RNC";"RNC"
"900";"Cádiz";"11";"Cádiz";"01";"Comunidad Autónoma de Andalucía";"URBANO";"URBANO"
"001";"Alcalá de los Gazules";"11";"Cádiz";"01";"Comunidad Autónoma de Andalucía";"RRD";"RRD"
"002";"Alcalá del Valle";"11";"Cádiz";"01";"Comunidad Autónoma de Andalucía";"URBANO";"URBANO"
"003";"Algar";"11";"Cádiz";"01";"Comunidad Autónoma de Andalucía";"RNC";"RNC"
"004";"Algeciras";"11";"Cádiz";"01";"Comunidad Autónoma de Andalucía";"URBANO";"URBANO"
"005";"Algodonales";"11";"Cádiz";"01";"Comunidad Autónoma de Andalucía";"RNC";"RNC"
"006";"Arcos de la Frontera";"11";"Cádiz";"01";"Comunidad Autónoma de Andalucía";"URBANO";"URBANO"
"007";"Barbate";"11";"Cádiz";"01";"Comunidad Autónoma de Andalucía";"URBANO";"URBANO"
"008";"Barrios (Los)";"11";"Cádiz";"01";"Comunidad Autónoma de Andalucía";"RNC";"RNC"
"009";"Benaocaz";"11";"Cádiz";"01";"Comunidad Autónoma de Andalucía";"RRD";"RRD"
"010";"Bornos";"11";"Cádiz";"01";"Comunidad Autónoma de Andalucía";"URBANO";"URBANO"
"011";"Bosque (El)";"11";"Cádiz";"01";"Comunidad Autónoma de Andalucía";"RNC";"RNC"
"013";"Castellar de la Frontera";"11";"Cádiz";"01";"Comunidad Autónoma de Andalucía";"RNC";"RNC"
"014";"Conil de la Frontera";"11";"Cádiz";"01";"Comunidad Autónoma de Andalucía";"URBANO";"URBANO"
"015";"Chiclana de la Frontera";"11";"Cádiz";"01";"Comunidad Autónoma de Andalucía";"URBANO";"URBANO"
"016";"Chipiona";"11";"Cádiz";"01";"Comunidad Autónoma de Andalucía";"URBANO";"URBANO"
"017";"Espera";"11";"Cádiz";"01";"Comunidad Autónoma de Andalucía";"RNC";"RNC"
"018";"Gastor (El)";"11";"Cádiz";"01";"Comunidad Autónoma de Andalucía";"RNC";"RNC"
"019";"Grazalema";"11";"Cádiz";"01";"Comunidad Autónoma de Andalucía";"RNC";"RNC"
"020";"Jerez de la Frontera";"11";"Cádiz";"01";"Comunidad Autónoma de Andalucía";"URBANO";"URBANO"
"021";"Jimena de la Frontera";"11";"Cádiz";"01";"Comunidad Autónoma de Andalucía";"RNC";"RNC"
"022";"Línea de la Concepción (La)";"11";"Cádiz";"01";"Comunidad Autónoma de Andalucía";"URBANO";"URBANO"
"023";"Medina-Sidonia";"11";"Cádiz";"01";"Comunidad Autónoma de Andalucía";"RNC";"RNC"
"024";"Olvera";"11";"Cádiz";"01";"Comunidad Autónoma de Andalucía";"RNC";"RNC"
"025";"Paterna de Rivera";"11";"Cádiz";"01";"Comunidad Autónoma de Andalucía";"URBANO";"URBANO"
"026";"Prado del Rey";"11";"Cádiz";"01";"Comunidad Autónoma de Andalucía";"URBANO";"URBANO"
"027";"Puerto de Santa María (El)";"11";"Cádiz";"01";"Comunidad Autónoma de Andalucía";"URBANO";"URBANO"
"028";"Puerto Real";"11";"Cádiz";"01";"Comunidad Autónoma de Andalucía";"URBANO";"URBANO"
"029";"Puerto Serrano";"11";"Cádiz";"01";"Comunidad Autónoma de Andalucía";"RNC";"RNC"
"030";"Rota";"11";"Cádiz";"01";"Comunidad Autónoma de Andalucía";"URBANO";"URBANO"
"031";"San Fernando";"11";"Cádiz";"01";"Comunidad Autónoma de Andalucía";"URBANO";"URBANO"
"032";"Sanlúcar de Barrameda";"11";"Cádiz";"01";"Comunidad Autónoma de Andalucía";"URBANO";"URBANO"
"033";"San Roque";"11";"Cádiz";"01";"Comunidad Autónoma de Andalucía";"URBANO";"URBANO"
"036";"Torre-Alháquime";"11";"Cádiz";"01";"Comunidad Autónoma de Andalucía";"RNC";"RNC"
"052";"XERT";"12";"Castellon";"17";"Comunidad Valenciana";"RRD";"RRD"
"053";"CHILCHES/XILXES";"12";"Castellon";"17";"Comunidad Valenciana";"URBANO";"URBANO"
"055";"CHODOS/XODOS";"12";"Castellon";"17";"Comunidad Valenciana";"RRD";"RRGD"
"056";"CHOVAR";"12";"Castellon";"17";"Comunidad Valenciana";"RNC";"RNC"
"057";"ESLIDA";"12";"Castellon";"17";"Comunidad Valenciana";"RNC";"RNC"
"058";"ESPADILLA";"12";"Castellon";"17";"Comunidad Valenciana";"RRD";"RRGD"
"059";"FANZARA";"12";"Castellon";"17";"Comunidad Valenciana";"RRD";"RRGD"
"108";"SUERAS/SUERA";"12";"Castellon";"17";"Comunidad Valenciana";"RNC";"RNC"
"109";"TALES";"12";"Castellon";"17";"Comunidad Valenciana";"RNC";"RNC"
"110";"TERESA";"12";"Castellon";"17";"Comunidad Valenciana";"RNC";"RNC"
"111";"TIRIG";"12";"Castellon";"17";"Comunidad Valenciana";"RRD";"RRD"
"112";"TODOLELLA";"12";"Castellon";"17";"Comunidad Valenciana";"RRD";"RRGD"
"113";"TOGA";"12";"Castellon";"17";"Comunidad Valenciana";"RRD";"RRGD"
"114";"TORAS";"12";"Castellon";"17";"Comunidad Valenciana";"RNC";"RNC"
"115";"TORO (EL)";"12";"Castellon";"17";"Comunidad Valenciana";"RRD";"RRGD"
"116";"TORRALBA DEL PINAR";"12";"Castellon";"17";"Comunidad Valenciana";"RRD";"RRGD"
"117";"TORREBLANCA";"12";"Castellon";"17";"Comunidad Valenciana";"URBANO";"URBANO"
"118";"TORRECHIVA";"12";"Castellon";"17";"Comunidad Valenciana";"RRD";"RRGD"
"119";"TORRE D'EN BESORA (LA)";"12";"Castellon";"17";"Comunidad Valenciana";"RNC";"RNC"
"120";"TORRE D'EN DOMENEC";"12";"Castellon";"17";"Comunidad Valenciana";"RNC";"RNC"
"121";"TRAIGUERA";"12";"Castellon";"17";"Comunidad Valenciana";"RNC";"RNC"
"122";"USERAS/USERES (LES)";"12";"Castellon";"17";"Comunidad Valenciana";"RRD";"RRD"
"123";"VALLAT";"12";"Castellon";"17";"Comunidad Valenciana";"RRD";"RRD"
"124";"VALL D'ALBA";"12";"Castellon";"17";"Comunidad Valenciana";"RNC";"RNC"
"125";"VALL DE ALMONACID";"12";"Castellon";"17";"Comunidad Valenciana";"RNC";"RNC"
"126";"VALL D'UIXO (LA)";"12";"Castellon";"17";"Comunidad Valenciana";"URBANO";"URBANO"
"001";"ATZENETA DEL MAESTRAT";"12";"Castellon";"17";"Comunidad Valenciana";"RNC";"RNC"
"002";"AIN";"12";"Castellon";"17";"Comunidad Valenciana";"RRD";"RRD"
"003";"ALBOCASSER";"12";"Castellon";"17";"Comunidad Valenciana";"RNC";"RNC"
"004";"ALCALA DE XIVERT";"12";"Castellon";"17";"Comunidad Valenciana";"RNC";"RNC"
"005";"ALCORA (L')";"12";"Castellon";"17";"Comunidad Valenciana";"URBANO";"URBANO"
"006";"ALCUDIA DE VEO";"12";"Castellon";"17";"Comunidad Valenciana";"RRD";"RRGD"
"007";"ALFONDEGUILLA";"12";"Castellon";"17";"Comunidad Valenciana";"RNC";"RNC"
"008";"ALGIMIA DE ALMONACID";"12";"Castellon";"17";"Comunidad Valenciana";"RNC";"RNC"
"009";"ALMAZORA/ALMASSORA";"12";"Castellon";"17";"Comunidad Valenciana";"URBANO";"URBANO"
"010";"ALMEDIJAR";"12";"Castellon";"17";"Comunidad Valenciana";"RRD";"RRD"
"011";"ALMENARA";"12";"Castellon";"17";"Comunidad Valenciana";"URBANO";"URBANO"
"012";"ALTURA";"12";"Castellon";"17";"Comunidad Valenciana";"RNC";"RNC"
"013";"ARAÑUEL";"12";"Castellon";"17";"Comunidad Valenciana";"RRD";"RRGD"
"014";"ARES DEL MAESTRAT";"12";"Castellon";"17";"Comunidad Valenciana";"RRD";"RRGD"
"015";"ARGELITA";"12";"Castellon";"17";"Comunidad Valenciana";"RRD";"RRGD"
"016";"ARTANA";"12";"Castellon";"17";"Comunidad Valenciana";"RNC";"RNC"
"017";"AYODAR";"12";"Castellon";"17";"Comunidad Valenciana";"RRD";"RRGD"
"018";"AZUEBAR";"12";"Castellon";"17";"Comunidad Valenciana";"RNC";"RNC"
"020";"BARRACAS";"12";"Castellon";"17";"Comunidad Valenciana";"RRD";"RRGD"
"021";"BETXI";"12";"Castellon";"17";"Comunidad Valenciana";"URBANO";"URBANO"
"022";"BEJIS";"12";"Castellon";"17";"Comunidad Valenciana";"RRD";"RRD"
"024";"BENAFER";"12";"Castellon";"17";"Comunidad Valenciana";"RRD";"RRD"
"025";"BENAFIGOS";"12";"Castellon";"17";"Comunidad Valenciana";"RRD";"RRGD"
"026";"BENASAL";"12";"Castellon";"17";"Comunidad Valenciana";"RNC";"RNC"
"027";"BENICARLO";"12";"Castellon";"17";"Comunidad Valenciana";"URBANO";"URBANO"
"028";"BENICASIM/BENICASSIM";"12";"Castellon";"17";"Comunidad Valenciana";"URBANO";"URBANO"
"029";"BENLLOCH";"12";"Castellon";"17";"Comunidad Valenciana";"RNC";"RNC"
"031";"BORRIOL";"12";"Castellon";"17";"Comunidad Valenciana";"RNC";"RNC"
"032";"BORRIANA / BURRIANA";"12";"Castellon";"17";"Comunidad Valenciana";"URBANO";"URBANO"
"033";"CABANES";"12";"Castellon";"17";"Comunidad Valenciana";"RNC";"RNC"
"034";"CALIG";"12";"Castellon";"17";"Comunidad Valenciana";"RNC";"RNC"
"036";"CANET LO ROIG";"12";"Castellon";"17";"Comunidad Valenciana";"RRD";"RRD"
"037";"CASTELL DE CABRES";"12";"Castellon";"17";"Comunidad Valenciana";"RRD";"RRGD"
"038";"CASTELLFORT";"12";"Castellon";"17";"Comunidad Valenciana";"RRD";"RRGD"
"039";"CASTELLNOVO";"12";"Castellon";"17";"Comunidad Valenciana";"RNC";"RNC"
"041";"CASTILLO DE VILLAMALEFA";"12";"Castellon";"17";"Comunidad Valenciana";"RRD";"RRGD"
"042";"CATI";"12";"Castellon";"17";"Comunidad Valenciana";"RRD";"RRGD"
"043";"CAUDIEL";"12";"Castellon";"17";"Comunidad Valenciana";"RRD";"RRD"
"044";"CERVERA DEL MAESTRE";"12";"Castellon";"17";"Comunidad Valenciana";"RRD";"RRGD"
"045";"CINCTORRES";"12";"Castellon";"17";"Comunidad Valenciana";"RRD";"RRD"
"046";"CIRAT";"12";"Castellon";"17";"Comunidad Valenciana";"RRD";"RRGD"
"048";"CORTES DE ARENOSO";"12";"Castellon";"17";"Comunidad Valenciana";"RRD";"RRGD"
"049";"COSTUR";"12";"Castellon";"17";"Comunidad Valenciana";"RNC";"RNC"
"050";"COVES DE VINROMA (LES)";"12";"Castellon";"17";"Comunidad Valenciana";"RNC";"RNC"
"051";"CULLA";"12";"Castellon";"17";"Comunidad Valenciana";"RRD";"RRGD"
"127";"VALLIBONA";"12";"Castellon";"17";"Comunidad Valenciana";"RRD";"RRGD"
"128";"VILAFAMES";"12";"Castellon";"17";"Comunidad Valenciana";"RNC";"RNC"
"129";"VILAFRANCA/VILLAFRANCA DEL CID";"12";"Castellon";"17";"Comunidad Valenciana";"RNC";"RNC"
"130";"VILLAHERMOSA DEL RIO";"12";"Castellon";"17";"Comunidad Valenciana";"RRD";"RRGD"
"131";"VILLAMALUR";"12";"Castellon";"17";"Comunidad Valenciana";"RRD";"RRGD"
"132";"VILANOVA D'ALCOLEA";"12";"Castellon";"17";"Comunidad Valenciana";"RRD";"RRD"
"133";"VILLANUEVA DE VIVER";"12";"Castellon";"17";"Comunidad Valenciana";"RRD";"RRD"
"134";"VILAR DE CANES";"12";"Castellon";"17";"Comunidad Valenciana";"RRD";"RRD"
"135";"VILA-REAL";"12";"Castellon";"17";"Comunidad Valenciana";"URBANO";"URBANO"
"136";"VILAVELLA(LA)";"12";"Castellon";"17";"Comunidad Valenciana";"URBANO";"URBANO"
"137";"VILLORES";"12";"Castellon";"17";"Comunidad Valenciana";"RRD";"RRGD"
"138";"VINAROS";"12";"Castellon";"17";"Comunidad Valenciana";"URBANO";"URBANO"
"139";"VISTABELLA DEL MAESTRAT";"12";"Castellon";"17";"Comunidad Valenciana";"RRD";"RRGD"
"140";"VIVER";"12";"Castellon";"17";"Comunidad Valenciana";"RNC";"RNC"
"141";"ZORITA DEL MAESTRAZGO";"12";"Castellon";"17";"Comunidad Valenciana";"RRD";"RRGD"
"142";"ZUCAINA";"12";"Castellon";"17";"Comunidad Valenciana";"RRD";"RRGD"
"143";"ALQUERIAS DEL NIÑO PERDIDO";"12";"Castellon";"17";"Comunidad Valenciana";"URBANO";"URBANO"
"144";"SANT JOAN DE MORO";"12";"Castellon";"17";"Comunidad Valenciana";"URBANO";"URBANO"
"900";"CASTELLON DE LA PLANA/CASTELLO DE LA PLANA";"12";"Castellon";"17";"Comunidad Valenciana";"URBANO";"URBANO"
"060";"FIGUEROLES";"12";"Castellon";"17";"Comunidad Valenciana";"RNC";"RNC"
"061";"FORCALL";"12";"Castellon";"17";"Comunidad Valenciana";"RRD";"RRD"
"063";"FUENTE LA REINA";"12";"Castellon";"17";"Comunidad Valenciana";"RRD";"RRGD"
"064";"FUENTES DE AYODAR";"12";"Castellon";"17";"Comunidad Valenciana";"RRD";"RRD"
"065";"GAIBIEL";"12";"Castellon";"17";"Comunidad Valenciana";"RRD";"RRD"
"067";"GELDO";"12";"Castellon";"17";"Comunidad Valenciana";"URBANO";"URBANO"
"068";"HERBES";"12";"Castellon";"17";"Comunidad Valenciana";"RRD";"RRGD"
"069";"HIGUERAS";"12";"Castellon";"17";"Comunidad Valenciana";"RRD";"RRGD"
"070";"JANA (LA)";"12";"Castellon";"17";"Comunidad Valenciana";"RNC";"RNC"
"071";"JERICA";"12";"Castellon";"17";"Comunidad Valenciana";"RNC";"RNC"
"072";"LUCENA DEL CID";"12";"Castellon";"17";"Comunidad Valenciana";"RRD";"RRD"
"073";"LUDIENTE";"12";"Castellon";"17";"Comunidad Valenciana";"RRD";"RRGD"
"074";"LLOSA (LA)";"12";"Castellon";"17";"Comunidad Valenciana";"RNC";"RNC"
"075";"MATA DE MORELLA (LA)";"12";"Castellon";"17";"Comunidad Valenciana";"RRD";"RRD"
"076";"MATET";"12";"Castellon";"17";"Comunidad Valenciana";"RRD";"RRGD"
"077";"MONCOFA";"12";"Castellon";"17";"Comunidad Valenciana";"URBANO";"URBANO"
"078";"MONTAN";"12";"Castellon";"17";"Comunidad Valenciana";"RRD";"RRD"
"079";"MONTANEJOS";"12";"Castellon";"17";"Comunidad Valenciana";"RNC";"RNC"
"080";"MORELLA";"12";"Castellon";"17";"Comunidad Valenciana";"RRD";"RRGD"
"081";"NAVAJAS";"12";"Castellon";"17";"Comunidad Valenciana";"RNC";"RNC"
"082";"NULES";"12";"Castellon";"17";"Comunidad Valenciana";"URBANO";"URBANO"
"083";"OLOCAU DEL REY";"12";"Castellon";"17";"Comunidad Valenciana";"RRD";"RRGD"
"084";"ONDA";"12";"Castellon";"17";"Comunidad Valenciana";"URBANO";"URBANO"
"085";"OROPESA DEL MAR/ORPESA";"12";"Castellon";"17";"Comunidad Valenciana";"URBANO";"URBANO"
"087";"PALANQUES";"12";"Castellon";"17";"Comunidad Valenciana";"RRD";"RRGD"
"088";"PAVIAS";"12";"Castellon";"17";"Comunidad Valenciana";"RRD";"RRGD"
"089";"PENISCOLA / PEÑISCOLA";"12";"Castellon";"17";"Comunidad Valenciana";"RNC";"RNC"
"090";"PINA DE MONTALGRAO";"12";"Castellon";"17";"Comunidad Valenciana";"RRD";"RRGD"
"091";"PORTELL DE MORELLA";"12";"Castellon";"17";"Comunidad Valenciana";"RRD";"RRGD"
"092";"PUEBLA DE ARENOSO";"12";"Castellon";"17";"Comunidad Valenciana";"RRD";"RRGD"
"093";"POBLA DE BENIFASSA (LA)";"12";"Castellon";"17";"Comunidad Valenciana";"RRD";"RRGD"
"094";"POBLA TORNESA (LA)";"12";"Castellon";"17";"Comunidad Valenciana";"RNC";"RNC"
"095";"RIBESALBES";"12";"Castellon";"17";"Comunidad Valenciana";"URBANO";"URBANO"
"096";"ROSSELL";"12";"Castellon";"17";"Comunidad Valenciana";"RNC";"RNC"
"097";"SACAÑET";"12";"Castellon";"17";"Comunidad Valenciana";"RRD";"RRGD"
"098";"SALZADELLA (LA)";"12";"Castellon";"17";"Comunidad Valenciana";"RNC";"RNC"
"099";"SANT JORDI/SAN JORGE";"12";"Castellon";"17";"Comunidad Valenciana";"RNC";"RNC"
"100";"SANT MATEU";"12";"Castellon";"17";"Comunidad Valenciana";"RNC";"RNC"
"101";"SAN RAFAEL DEL RIO";"12";"Castellon";"17";"Comunidad Valenciana";"RNC";"RNC"
"102";"SANTA MAGDALENA DE PULPIS";"12";"Castellon";"17";"Comunidad Valenciana";"RRD";"RRD"
"103";"SERRATELLA, LA";"12";"Castellon";"17";"Comunidad Valenciana";"RRD";"RRGD"
"104";"SEGORBE";"12";"Castellon";"17";"Comunidad Valenciana";"RNC";"RNC"
"105";"SIERRA ENGARCERAN";"12";"Castellon";"17";"Comunidad Valenciana";"RRD";"RRD"
"106";"SONEJA";"12";"Castellon";"17";"Comunidad Valenciana";"RNC";"RNC"
"107";"SOT DE FERRER";"12";"Castellon";"17";"Comunidad Valenciana";"RNC";"RNC"
"007";"ALCOLEA DE CALATRAVA";"13";"Ciudad Real";"07";"Comunidad Autónoma de Castilla-La Mancha";"RNC";"RNC"
"008";"ALCUBILLAS";"13";"Ciudad Real";"07";"Comunidad Autónoma de Castilla-La Mancha";"RRD";"RRD"
"009";"ALDEA DEL REY";"13";"Ciudad Real";"07";"Comunidad Autónoma de Castilla-La Mancha";"RRD";"RRD"
"010";"ALHAMBRA";"13";"Ciudad Real";"07";"Comunidad Autónoma de Castilla-La Mancha";"RRD";"RRGD"
"011";"ALMADEN";"13";"Ciudad Real";"07";"Comunidad Autónoma de Castilla-La Mancha";"RNC";"RNC"
"012";"ALMADENEJOS";"13";"Ciudad Real";"07";"Comunidad Autónoma de Castilla-La Mancha";"RRD";"RRGD"
"013";"ALMAGRO";"13";"Ciudad Real";"07";"Comunidad Autónoma de Castilla-La Mancha";"RNC";"RNC"
"014";"ALMEDINA";"13";"Ciudad Real";"07";"Comunidad Autónoma de Castilla-La Mancha";"RRD";"RRD"
"015";"ALMODOVAR DEL CAMPO";"13";"Ciudad Real";"07";"Comunidad Autónoma de Castilla-La Mancha";"RRD";"RRD"
"016";"ALMURADIEL";"13";"Ciudad Real";"07";"Comunidad Autónoma de Castilla-La Mancha";"RRD";"RRD"
"017";"ANCHURAS";"13";"Ciudad Real";"07";"Comunidad Autónoma de Castilla-La Mancha";"RRD";"RRGD"
"018";"ARENAS DE SAN JUAN";"13";"Ciudad Real";"07";"Comunidad Autónoma de Castilla-La Mancha";"RNC";"RNC"
"019";"ARGAMASILLA DE ALBA";"13";"Ciudad Real";"07";"Comunidad Autónoma de Castilla-La Mancha";"RNC";"RNC"
"020";"ARGAMASILLA DE CALATRAVA";"13";"Ciudad Real";"07";"Comunidad Autónoma de Castilla-La Mancha";"RNC";"RNC"
"021";"ARROBA DE LOS MONTES";"13";"Ciudad Real";"07";"Comunidad Autónoma de Castilla-La Mancha";"RRD";"RRGD"
"022";"BALLESTEROS DE CALATRAVA";"13";"Ciudad Real";"07";"Comunidad Autónoma de Castilla-La Mancha";"RRD";"RRGD"
"023";"BOLAÑOS DE CALATRAVA";"13";"Ciudad Real";"07";"Comunidad Autónoma de Castilla-La Mancha";"URBANO";"URBANO"
"024";"BRAZATORTAS";"13";"Ciudad Real";"07";"Comunidad Autónoma de Castilla-La Mancha";"RRD";"RRGD"
"025";"CABEZARADOS";"13";"Ciudad Real";"07";"Comunidad Autónoma de Castilla-La Mancha";"RRD";"RRGD"
"026";"CABEZARRUBIAS DEL PUERTO";"13";"Ciudad Real";"07";"Comunidad Autónoma de Castilla-La Mancha";"RRD";"RRGD"
"027";"CALZADA DE CALATRAVA";"13";"Ciudad Real";"07";"Comunidad Autónoma de Castilla-La Mancha";"RRD";"RRD"
"028";"CAMPO DE CRIPTANA";"13";"Ciudad Real";"07";"Comunidad Autónoma de Castilla-La Mancha";"RNC";"RNC"
"029";"CAÑADA DE CALATRAVA";"13";"Ciudad Real";"07";"Comunidad Autónoma de Castilla-La Mancha";"RRD";"RRGD"
"030";"CARACUEL DE CALATRAVA";"13";"Ciudad Real";"07";"Comunidad Autónoma de Castilla-La Mancha";"RNC";"RNC"
"031";"CARRION DE CALATRAVA";"13";"Ciudad Real";"07";"Comunidad Autónoma de Castilla-La Mancha";"RNC";"RNC"
"032";"CARRIZOSA";"13";"Ciudad Real";"07";"Comunidad Autónoma de Castilla-La Mancha";"RNC";"RNC"
"033";"CASTELLAR DE SANTIAGO";"13";"Ciudad Real";"07";"Comunidad Autónoma de Castilla-La Mancha";"RNC";"RNC"
"035";"CORRAL DE CALATRAVA";"13";"Ciudad Real";"07";"Comunidad Autónoma de Castilla-La Mancha";"RRD";"RRGD"
"036";"CORTIJOS (LOS)";"13";"Ciudad Real";"07";"Comunidad Autónoma de Castilla-La Mancha";"RRD";"RRD"
"037";"COZAR";"13";"Ciudad Real";"07";"Comunidad Autónoma de Castilla-La Mancha";"RNC";"RNC"
"038";"CHILLON";"13";"Ciudad Real";"07";"Comunidad Autónoma de Castilla-La Mancha";"RRD";"RRD"
"039";"DAIMIEL";"13";"Ciudad Real";"07";"Comunidad Autónoma de Castilla-La Mancha";"RNC";"RNC"
"040";"FERNAN CABALLERO";"13";"Ciudad Real";"07";"Comunidad Autónoma de Castilla-La Mancha";"RRD";"RRD"
"041";"FONTANAREJO";"13";"Ciudad Real";"07";"Comunidad Autónoma de Castilla-La Mancha";"RRD";"RRGD"
"042";"FUENCALIENTE";"13";"Ciudad Real";"07";"Comunidad Autónoma de Castilla-La Mancha";"RRD";"RRGD"
"043";"FUENLLANA";"13";"Ciudad Real";"07";"Comunidad Autónoma de Castilla-La Mancha";"RRD";"RRGD"
"044";"FUENTE EL FRESNO";"13";"Ciudad Real";"07";"Comunidad Autónoma de Castilla-La Mancha";"RNC";"RNC"
"045";"GRANATULA DE CALATRAVA";"13";"Ciudad Real";"07";"Comunidad Autónoma de Castilla-La Mancha";"RRD";"RRGD"
"046";"GUADALMEZ";"13";"Ciudad Real";"07";"Comunidad Autónoma de Castilla-La Mancha";"RRD";"RRD"
"047";"HERENCIA";"13";"Ciudad Real";"07";"Comunidad Autónoma de Castilla-La Mancha";"RNC";"RNC"
"048";"HINOJOSAS DE CALATRAVA";"13";"Ciudad Real";"07";"Comunidad Autónoma de Castilla-La Mancha";"RRD";"RRGD"
"049";"HORCAJO DE LOS MONTES";"13";"Ciudad Real";"07";"Comunidad Autónoma de Castilla-La Mancha";"RRD";"RRGD"
"050";"LABORES (LAS)";"13";"Ciudad Real";"07";"Comunidad Autónoma de Castilla-La Mancha";"RNC";"RNC"
"051";"LUCIANA";"13";"Ciudad Real";"07";"Comunidad Autónoma de Castilla-La Mancha";"RRD";"RRGD"
"052";"MALAGON";"13";"Ciudad Real";"07";"Comunidad Autónoma de Castilla-La Mancha";"RNC";"RNC"
"053";"MANZANARES";"13";"Ciudad Real";"07";"Comunidad Autónoma de Castilla-La Mancha";"RNC";"RNC"
"054";"MEMBRILLA";"13";"Ciudad Real";"07";"Comunidad Autónoma de Castilla-La Mancha";"RNC";"RNC"
"055";"MESTANZA";"13";"Ciudad Real";"07";"Comunidad Autónoma de Castilla-La Mancha";"RRD";"RRGD"
"056";"MIGUELTURRA";"13";"Ciudad Real";"07";"Comunidad Autónoma de Castilla-La Mancha";"URBANO";"URBANO"
"057";"MONTIEL";"13";"Ciudad Real";"07";"Comunidad Autónoma de Castilla-La Mancha";"RRD";"RRGD"
"058";"MORAL DE CALATRAVA";"13";"Ciudad Real";"07";"Comunidad Autónoma de Castilla-La Mancha";"RNC";"RNC"
"059";"NAVALPINO";"13";"Ciudad Real";"07";"Comunidad Autónoma de Castilla-La Mancha";"RRD";"RRGD"
"060";"NAVAS DE ESTENA";"13";"Ciudad Real";"07";"Comunidad Autónoma de Castilla-La Mancha";"RRD";"RRGD"
"061";"PEDRO MUÑOZ";"13";"Ciudad Real";"07";"Comunidad Autónoma de Castilla-La Mancha";"RNC";"RNC"
"062";"PICON";"13";"Ciudad Real";"07";"Comunidad Autónoma de Castilla-La Mancha";"RRD";"RRD"
"063";"PIEDRABUENA";"13";"Ciudad Real";"07";"Comunidad Autónoma de Castilla-La Mancha";"RRD";"RRGD"
"064";"POBLETE";"13";"Ciudad Real";"07";"Comunidad Autónoma de Castilla-La Mancha";"RNC";"RNC"
"065";"PORZUNA";"13";"Ciudad Real";"07";"Comunidad Autónoma de Castilla-La Mancha";"RNC";"RNC"
"066";"POZUELO DE CALATRAVA";"13";"Ciudad Real";"07";"Comunidad Autónoma de Castilla-La Mancha";"RNC";"RNC"
"067";"POZUELOS DE CALATRAVA (LOS)";"13";"Ciudad Real";"07";"Comunidad Autónoma de Castilla-La Mancha";"RRD";"RRGD"
"068";"PUEBLA DE DON RODRIGO";"13";"Ciudad Real";"07";"Comunidad Autónoma de Castilla-La Mancha";"RRD";"RRGD"
"069";"PUEBLA DEL PRINCIPE";"13";"Ciudad Real";"07";"Comunidad Autónoma de Castilla-La Mancha";"RNC";"RNC"
"070";"PUERTO LAPICE";"13";"Ciudad Real";"07";"Comunidad Autónoma de Castilla-La Mancha";"RNC";"RNC"
"071";"PUERTOLLANO";"13";"Ciudad Real";"07";"Comunidad Autónoma de Castilla-La Mancha";"URBANO";"URBANO"
"072";"RETUERTA DEL BULLAQUE";"13";"Ciudad Real";"07";"Comunidad Autónoma de Castilla-La Mancha";"RRD";"RRGD"
"073";"SACERUELA";"13";"Ciudad Real";"07";"Comunidad Autónoma de Castilla-La Mancha";"RRD";"RRGD"
"074";"SAN CARLOS DEL VALLE";"13";"Ciudad Real";"07";"Comunidad Autónoma de Castilla-La Mancha";"RNC";"RNC"
"075";"SAN LORENZO DE CALATRAVA";"13";"Ciudad Real";"07";"Comunidad Autónoma de Castilla-La Mancha";"RRD";"RRGD"
"076";"SANTA CRUZ DE LOS CAÑAMOS";"13";"Ciudad Real";"07";"Comunidad Autónoma de Castilla-La Mancha";"RNC";"RNC"
"077";"SANTA CRUZ DE MUDELA";"13";"Ciudad Real";"07";"Comunidad Autónoma de Castilla-La Mancha";"RNC";"RNC"
"078";"SOCUELLAMOS";"13";"Ciudad Real";"07";"Comunidad Autónoma de Castilla-La Mancha";"RNC";"RNC"
"079";"SOLANA (LA)";"13";"Ciudad Real";"07";"Comunidad Autónoma de Castilla-La Mancha";"URBANO";"URBANO"
"080";"SOLANA DEL PINO";"13";"Ciudad Real";"07";"Comunidad Autónoma de Castilla-La Mancha";"RRD";"RRGD"
"081";"TERRINCHES";"13";"Ciudad Real";"07";"Comunidad Autónoma de Castilla-La Mancha";"RNC";"RNC"
"082";"TOMELLOSO";"13";"Ciudad Real";"07";"Comunidad Autónoma de Castilla-La Mancha";"URBANO";"URBANO"
"083";"TORRALBA DE CALATRAVA";"13";"Ciudad Real";"07";"Comunidad Autónoma de Castilla-La Mancha";"RNC";"RNC"
"084";"TORRE DE JUAN ABAD";"13";"Ciudad Real";"07";"Comunidad Autónoma de Castilla-La Mancha";"RRD";"RRGD"
"085";"TORRENUEVA";"13";"Ciudad Real";"07";"Comunidad Autónoma de Castilla-La Mancha";"RNC";"RNC"
"086";"VALDEMANCO DEL ESTERAS";"13";"Ciudad Real";"07";"Comunidad Autónoma de Castilla-La Mancha";"RRD";"RRGD"
"087";"VALDEPEÑAS";"13";"Ciudad Real";"07";"Comunidad Autónoma de Castilla-La Mancha";"URBANO";"URBANO"
"088";"VALENZUELA DE CALATRAVA";"13";"Ciudad Real";"07";"Comunidad Autónoma de Castilla-La Mancha";"RNC";"RNC"
"089";"VILLAHERMOSA";"13";"Ciudad Real";"07";"Comunidad Autónoma de Castilla-La Mancha";"RRD";"RRGD"
"090";"VILLAMANRIQUE";"13";"Ciudad Real";"07";"Comunidad Autónoma de Castilla-La Mancha";"RRD";"RRGD"
"091";"VILLAMAYOR DE CALATRAVA";"13";"Ciudad Real";"07";"Comunidad Autónoma de Castilla-La Mancha";"RRD";"RRGD"
"092";"VILLANUEVA DE LA FUENTE";"13";"Ciudad Real";"07";"Comunidad Autónoma de Castilla-La Mancha";"RNC";"RNC"
"093";"VILLANUEVA DE LOS INFANTES";"13";"Ciudad Real";"07";"Comunidad Autónoma de Castilla-La Mancha";"RNC";"RNC"
"094";"VILLANUEVA DE SAN CARLOS";"13";"Ciudad Real";"07";"Comunidad Autónoma de Castilla-La Mancha";"RRD";"RRGD"
"095";"VILLAR DEL POZO";"13";"Ciudad Real";"07";"Comunidad Autónoma de Castilla-La Mancha";"RRD";"RRGD"
"096";"VILLARRUBIA DE LOS OJOS";"13";"Ciudad Real";"07";"Comunidad Autónoma de Castilla-La Mancha";"RNC";"RNC"
"097";"VILLARTA DE SAN JUAN";"13";"Ciudad Real";"07";"Comunidad Autónoma de Castilla-La Mancha";"RNC";"RNC"
"098";"VISO DEL MARQUES";"13";"Ciudad Real";"07";"Comunidad Autónoma de Castilla-La Mancha";"RRD";"RRGD"
"099";"ROBLEDO (EL)";"13";"Ciudad Real";"07";"Comunidad Autónoma de Castilla-La Mancha";"RRD";"RRD"
"100";"RUIDERA";"13";"Ciudad Real";"07";"Comunidad Autónoma de Castilla-La Mancha";"RNC";"RNC"
"101";"ARENALES DE SAN GREGORIO";"13";"Ciudad Real";"07";"Comunidad Autónoma de Castilla-La Mancha";"RNC";"RNC"
"102";"LLANOS DEL CAUDILLO";"13";"Ciudad Real";"07";"Comunidad Autónoma de Castilla-La Mancha";"RNC";"RNC"
"900";"CIUDAD REAL";"13";"Ciudad Real";"07";"Comunidad Autónoma de Castilla-La Mancha";"URBANO";"URBANO"
"901";"CIUDAD REAL(Código Antiguo)";"13";"Ciudad Real";"07";"Comunidad Autónoma de Castilla-La Mancha";"URBANO";"URBANO"
"001";"ABENOJAR";"13";"Ciudad Real";"07";"Comunidad Autónoma de Castilla-La Mancha";"RRD";"RRGD"
"002";"AGUDO";"13";"Ciudad Real";"07";"Comunidad Autónoma de Castilla-La Mancha";"RRD";"RRGD"
"003";"ALAMILLO";"13";"Ciudad Real";"07";"Comunidad Autónoma de Castilla-La Mancha";"RRD";"RRGD"
"004";"ALBALADEJO";"13";"Ciudad Real";"07";"Comunidad Autónoma de Castilla-La Mancha";"RNC";"RNC"
"005";"ALCAZAR DE SAN JUAN";"13";"Ciudad Real";"07";"Comunidad Autónoma de Castilla-La Mancha";"URBANO";"URBANO"
"006";"ALCOBA";"13";"Ciudad Real";"07";"Comunidad Autónoma de Castilla-La Mancha";"RRD";"RRGD"
"065";"Victoria (La)";"14";"Córdoba";"01";"Comunidad Autónoma de Andalucía";"URBANO";"URBANO"
"066";"Villa del Río";"14";"Córdoba";"01";"Comunidad Autónoma de Andalucía";"URBANO";"URBANO"
"067";"Villafranca de Córdoba";"14";"Córdoba";"01";"Comunidad Autónoma de Andalucía";"RNC";"RNC"
"068";"Villaharta";"14";"Córdoba";"01";"Comunidad Autónoma de Andalucía";"RNC";"RNC"
"069";"Villanueva de Córdoba";"14";"Córdoba";"01";"Comunidad Autónoma de Andalucía";"RNC";"RNC"
"070";"Villanueva del Duque";"14";"Córdoba";"01";"Comunidad Autónoma de Andalucía";"RRD";"RRD"
"071";"Villanueva del Rey";"14";"Córdoba";"01";"Comunidad Autónoma de Andalucía";"RRD";"RRGD"
"001";"Adamuz";"14";"Córdoba";"01";"Comunidad Autónoma de Andalucía";"RRD";"RRD"
"002";"Aguilar de la Frontera";"14";"Córdoba";"01";"Comunidad Autónoma de Andalucía";"RNC";"RNC"
"003";"Alcaracejos";"14";"Córdoba";"01";"Comunidad Autónoma de Andalucía";"RRD";"RRD"
"004";"Almedinilla";"14";"Córdoba";"01";"Comunidad Autónoma de Andalucía";"RNC";"RNC"
"005";"Almodóvar del Río";"14";"Córdoba";"01";"Comunidad Autónoma de Andalucía";"RNC";"RNC"
"006";"Añora";"14";"Córdoba";"01";"Comunidad Autónoma de Andalucía";"RNC";"RNC"
"072";"Villaralto";"14";"Córdoba";"01";"Comunidad Autónoma de Andalucía";"RNC";"RNC"
"073";"Villaviciosa de Córdoba";"14";"Córdoba";"01";"Comunidad Autónoma de Andalucía";"RRD";"RRGD"
"074";"Viso (El)";"14";"Córdoba";"01";"Comunidad Autónoma de Andalucía";"RRD";"RRD"
"075";"Zuheros";"14";"Córdoba";"01";"Comunidad Autónoma de Andalucía";"RNC";"RNC"
"076";"Fuente Carreteros";"14";"Córdoba";"01";"Comunidad Autónoma de Andalucía";"RNC";"RNC"
"077";"La Guijarrosa";"14";"Córdoba";"01";"Comunidad Autónoma de Andalucía";"RRD";"RRD"
"900";"Córdoba";"14";"Córdoba";"01";"Comunidad Autónoma de Andalucía";"URBANO";"URBANO"
"007";"Baena";"14";"Córdoba";"01";"Comunidad Autónoma de Andalucía";"RNC";"RNC"
"008";"Belalcázar";"14";"Córdoba";"01";"Comunidad Autónoma de Andalucía";"RRD";"RRD"
"009";"Belmez";"14";"Córdoba";"01";"Comunidad Autónoma de Andalucía";"RNC";"RNC"
"010";"Benamejí";"14";"Córdoba";"01";"Comunidad Autónoma de Andalucía";"RNC";"RNC"
"011";"Blázquez (Los)";"14";"Córdoba";"01";"Comunidad Autónoma de Andalucía";"RRD";"RRGD"
"012";"Bujalance";"14";"Córdoba";"01";"Comunidad Autónoma de Andalucía";"RNC";"RNC"
"013";"Cabra";"14";"Córdoba";"01";"Comunidad Autónoma de Andalucía";"RNC";"RNC"
"014";"Cañete de las Torres";"14";"Córdoba";"01";"Comunidad Autónoma de Andalucía";"RNC";"RNC"
"015";"Carcabuey";"14";"Córdoba";"01";"Comunidad Autónoma de Andalucía";"RNC";"RNC"
"016";"Cardeña";"14";"Córdoba";"01";"Comunidad Autónoma de Andalucía";"RRD";"RRGD"
"017";"Carlota (La)";"14";"Córdoba";"01";"Comunidad Autónoma de Andalucía";"URBANO";"URBANO"
"018";"Carpio (El)";"14";"Córdoba";"01";"Comunidad Autónoma de Andalucía";"RNC";"RNC"
"019";"Castro del Río";"14";"Córdoba";"01";"Comunidad Autónoma de Andalucía";"RNC";"RNC"
"020";"Conquista";"14";"Córdoba";"01";"Comunidad Autónoma de Andalucía";"RRD";"RRD"
"022";"Doña Mencía";"14";"Córdoba";"01";"Comunidad Autónoma de Andalucía";"URBANO";"URBANO"
"023";"Dos Torres";"14";"Córdoba";"01";"Comunidad Autónoma de Andalucía";"RNC";"RNC"
"024";"Encinas Reales";"14";"Córdoba";"01";"Comunidad Autónoma de Andalucía";"RNC";"RNC"
"025";"Espejo";"14";"Córdoba";"01";"Comunidad Autónoma de Andalucía";"RNC";"RNC"
"026";"Espiel";"14";"Córdoba";"01";"Comunidad Autónoma de Andalucía";"RRD";"RRGD"
"027";"Fernán Núñez";"14";"Córdoba";"01";"Comunidad Autónoma de Andalucía";"URBANO";"URBANO"
"028";"Fuente la Lancha";"14";"Córdoba";"01";"Comunidad Autónoma de Andalucía";"RNC";"RNC"
"029";"Fuente Obejuna";"14";"Córdoba";"01";"Comunidad Autónoma de Andalucía";"RRD";"RRGD"
"030";"Fuente Palmera";"14";"Córdoba";"01";"Comunidad Autónoma de Andalucía";"URBANO";"URBANO"
"031";"Fuente-Tójar";"14";"Córdoba";"01";"Comunidad Autónoma de Andalucía";"RNC";"RNC"
"032";"Granjuela (La)";"14";"Córdoba";"01";"Comunidad Autónoma de Andalucía";"RRD";"RRD"
"033";"Guadalcázar";"14";"Córdoba";"01";"Comunidad Autónoma de Andalucía";"RNC";"RNC"
"034";"Guijo (El)";"14";"Córdoba";"01";"Comunidad Autónoma de Andalucía";"RRD";"RRGD"
"035";"Hinojosa del Duque";"14";"Córdoba";"01";"Comunidad Autónoma de Andalucía";"RNC";"RNC"
"036";"Hornachuelos";"14";"Córdoba";"01";"Comunidad Autónoma de Andalucía";"RRD";"RRGD"
"037";"Iznájar";"14";"Córdoba";"01";"Comunidad Autónoma de Andalucía";"RNC";"RNC"
"038";"Lucena";"14";"Córdoba";"01";"Comunidad Autónoma de Andalucía";"URBANO";"URBANO"
"039";"Luque";"14";"Córdoba";"01";"Comunidad Autónoma de Andalucía";"RNC";"RNC"
"040";"Montalbán de Córdoba";"14";"Córdoba";"01";"Comunidad Autónoma de Andalucía";"URBANO";"URBANO"
"041";"Montemayor";"14";"Córdoba";"01";"Comunidad Autónoma de Andalucía";"RNC";"RNC"
"042";"Montilla";"14";"Córdoba";"01";"Comunidad Autónoma de Andalucía";"URBANO";"URBANO"
"043";"Montoro";"14";"Córdoba";"01";"Comunidad Autónoma de Andalucía";"RNC";"RNC"
"044";"Monturque";"14";"Córdoba";"01";"Comunidad Autónoma de Andalucía";"RNC";"RNC"
"045";"Moriles";"14";"Córdoba";"01";"Comunidad Autónoma de Andalucía";"URBANO";"URBANO"
"046";"Nueva Carteya";"14";"Córdoba";"01";"Comunidad Autónoma de Andalucía";"RNC";"RNC"
"047";"Obejo";"14";"Córdoba";"01";"Comunidad Autónoma de Andalucía";"RRD";"RRD"
"048";"Palenciana";"14";"Córdoba";"01";"Comunidad Autónoma de Andalucía";"RNC";"RNC"
"049";"Palma del Río";"14";"Córdoba";"01";"Comunidad Autónoma de Andalucía";"URBANO";"URBANO"
"050";"Pedro Abad";"14";"Córdoba";"01";"Comunidad Autónoma de Andalucía";"URBANO";"URBANO"
"051";"Pedroche";"14";"Córdoba";"01";"Comunidad Autónoma de Andalucía";"RNC";"RNC"
"052";"Peñarroya-Pueblonuevo";"14";"Córdoba";"01";"Comunidad Autónoma de Andalucía";"URBANO";"URBANO"
"053";"Posadas";"14";"Córdoba";"01";"Comunidad Autónoma de Andalucía";"RNC";"RNC"
"054";"Pozoblanco";"14";"Córdoba";"01";"Comunidad Autónoma de Andalucía";"RNC";"RNC"
"055";"Priego de Córdoba";"14";"Córdoba";"01";"Comunidad Autónoma de Andalucía";"RNC";"RNC"
"056";"Puente Genil";"14";"Córdoba";"01";"Comunidad Autónoma de Andalucía";"URBANO";"URBANO"
"057";"Rambla (La)";"14";"Córdoba";"01";"Comunidad Autónoma de Andalucía";"RNC";"RNC"
"058";"Rute";"14";"Córdoba";"01";"Comunidad Autónoma de Andalucía";"RNC";"RNC"
"059";"San Sebastián de los Ballesteros";"14";"Córdoba";"01";"Comunidad Autónoma de Andalucía";"RNC";"RNC"
"060";"Santaella";"14";"Córdoba";"01";"Comunidad Autónoma de Andalucía";"RNC";"RNC"
"061";"Santa Eufemia";"14";"Córdoba";"01";"Comunidad Autónoma de Andalucía";"RRD";"RRGD"
"062";"Torrecampo";"14";"Córdoba";"01";"Comunidad Autónoma de Andalucía";"RRD";"RRGD"
"063";"Valenzuela";"14";"Córdoba";"01";"Comunidad Autónoma de Andalucía";"RNC";"RNC"
"064";"Valsequillo";"14";"Córdoba";"01";"Comunidad Autónoma de Andalucía";"RRD";"RRGD"
"028";"CORCUBION";"15";"A Coruña";"11";"Comunidad Autónoma de Galicia";"URBANO";"URBANO"
"029";"CORISTANCO";"15";"A Coruña";"11";"Comunidad Autónoma de Galicia";"RNC";"RNC"
"031";"CULLEREDO";"15";"A Coruña";"11";"Comunidad Autónoma de Galicia";"URBANO";"URBANO"
"032";"CURTIS";"15";"A Coruña";"11";"Comunidad Autónoma de Galicia";"RNC";"RNC"
"033";"DODRO";"15";"A Coruña";"11";"Comunidad Autónoma de Galicia";"RNC";"RNC"
"034";"DUMBRIA";"15";"A Coruña";"11";"Comunidad Autónoma de Galicia";"RNC";"RNC"
"036";"FENE";"15";"A Coruña";"11";"Comunidad Autónoma de Galicia";"URBANO";"URBANO"
"037";"FERROL";"15";"A Coruña";"11";"Comunidad Autónoma de Galicia";"URBANO";"URBANO"
"038";"FISTERRA";"15";"A Coruña";"11";"Comunidad Autónoma de Galicia";"URBANO";"URBANO"
"039";"FRADES";"15";"A Coruña";"11";"Comunidad Autónoma de Galicia";"RNC";"RNC"
"040";"IRIXOA";"15";"A Coruña";"11";"Comunidad Autónoma de Galicia";"RNC";"RNC"
"041";"LAXE";"15";"A Coruña";"11";"Comunidad Autónoma de Galicia";"RNC";"RNC"
"042";"A LARACHA";"15";"A Coruña";"11";"Comunidad Autónoma de Galicia";"RNC";"RNC"
"043";"LOUSAME";"15";"A Coruña";"11";"Comunidad Autónoma de Galicia";"RNC";"RNC"
"044";"MALPICA DE BERGANTIÑOS";"15";"A Coruña";"11";"Comunidad Autónoma de Galicia";"RNC";"RNC"
"045";"MAÑON";"15";"A Coruña";"11";"Comunidad Autónoma de Galicia";"RNC";"RNC"
"046";"MAZARICOS";"15";"A Coruña";"11";"Comunidad Autónoma de Galicia";"RNC";"RNC"
"047";"MELIDE";"15";"A Coruña";"11";"Comunidad Autónoma de Galicia";"RNC";"RNC"
"048";"MESIA";"15";"A Coruña";"11";"Comunidad Autónoma de Galicia";"RNC";"RNC"
"049";"MIÑO";"15";"A Coruña";"11";"Comunidad Autónoma de Galicia";"URBANO";"URBANO"
"050";"MOECHE";"15";"A Coruña";"11";"Comunidad Autónoma de Galicia";"RNC";"RNC"
"051";"MONFERO";"15";"A Coruña";"11";"Comunidad Autónoma de Galicia";"RRD";"RRD"
"052";"MUGARDOS";"15";"A Coruña";"11";"Comunidad Autónoma de Galicia";"URBANO";"URBANO"
"053";"MUXIA";"15";"A Coruña";"11";"Comunidad Autónoma de Galicia";"RNC";"RNC"
"054";"MUROS";"15";"A Coruña";"11";"Comunidad Autónoma de Galicia";"URBANO";"URBANO"
"055";"NARON";"15";"A Coruña";"11";"Comunidad Autónoma de Galicia";"URBANO";"URBANO"
"056";"NEDA";"15";"A Coruña";"11";"Comunidad Autónoma de Galicia";"URBANO";"URBANO"
"057";"NEGREIRA";"15";"A Coruña";"11";"Comunidad Autónoma de Galicia";"RNC";"RNC"
"058";"NOIA";"15";"A Coruña";"11";"Comunidad Autónoma de Galicia";"URBANO";"URBANO"
"059";"OLEIROS";"15";"A Coruña";"11";"Comunidad Autónoma de Galicia";"URBANO";"URBANO"
"060";"ORDES";"15";"A Coruña";"11";"Comunidad Autónoma de Galicia";"RNC";"RNC"
"061";"OROSO";"15";"A Coruña";"11";"Comunidad Autónoma de Galicia";"URBANO";"URBANO"
"062";"ORTIGUEIRA";"15";"A Coruña";"11";"Comunidad Autónoma de Galicia";"RNC";"RNC"
"063";"OUTES";"15";"A Coruña";"11";"Comunidad Autónoma de Galicia";"RNC";"RNC"
"064";"OZA DOS RIOS";"15";"A Coruña";"11";"Comunidad Autónoma de Galicia";"RNC";"RNC"
"065";"PADERNE";"15";"A Coruña";"11";"Comunidad Autónoma de Galicia";"RNC";"RNC"
"066";"PADRON";"15";"A Coruña";"11";"Comunidad Autónoma de Galicia";"URBANO";"URBANO"
"067";"PINO (O)";"15";"A Coruña";"11";"Comunidad Autónoma de Galicia";"RNC";"RNC"
"068";"POBRA DO CARAMIÑAL (A)";"15";"A Coruña";"11";"Comunidad Autónoma de Galicia";"URBANO";"URBANO"
"069";"PONTECESO";"15";"A Coruña";"11";"Comunidad Autónoma de Galicia";"RNC";"RNC"
"070";"PONTEDEUME";"15";"A Coruña";"11";"Comunidad Autónoma de Galicia";"URBANO";"URBANO"
"071";"PONTES DE GARCIA RODRIGUEZ (AS)";"15";"A Coruña";"11";"Comunidad Autónoma de Galicia";"RNC";"RNC"
"072";"PORTO DO SON";"15";"A Coruña";"11";"Comunidad Autónoma de Galicia";"RNC";"RNC"
"073";"RIANXO";"15";"A Coruña";"11";"Comunidad Autónoma de Galicia";"URBANO";"URBANO"
"074";"RIBEIRA";"15";"A Coruña";"11";"Comunidad Autónoma de Galicia";"URBANO";"URBANO"
"075";"ROIS";"15";"A Coruña";"11";"Comunidad Autónoma de Galicia";"RNC";"RNC"
"076";"SADA";"15";"A Coruña";"11";"Comunidad Autónoma de Galicia";"URBANO";"URBANO"
"077";"SAN SADURNIÑO";"15";"A Coruña";"11";"Comunidad Autónoma de Galicia";"RNC";"RNC"
"078";"SANTA COMBA";"15";"A Coruña";"11";"Comunidad Autónoma de Galicia";"RNC";"RNC"
"079";"SANTIAGO DE COMPOSTELA";"15";"A Coruña";"11";"Comunidad Autónoma de Galicia";"URBANO";"URBANO"
"080";"SANTISO";"15";"A Coruña";"11";"Comunidad Autónoma de Galicia";"RNC";"RNC"
"081";"SOBRADO";"15";"A Coruña";"11";"Comunidad Autónoma de Galicia";"RNC";"RNC"
"082";"SOMOZAS (AS)";"15";"A Coruña";"11";"Comunidad Autónoma de Galicia";"RNC";"RNC"
"083";"TEO";"15";"A Coruña";"11";"Comunidad Autónoma de Galicia";"URBANO";"URBANO"
"084";"TOQUES";"15";"A Coruña";"11";"Comunidad Autónoma de Galicia";"RNC";"RNC"
"085";"TORDOIA";"15";"A Coruña";"11";"Comunidad Autónoma de Galicia";"RNC";"RNC"
"086";"TOURO";"15";"A Coruña";"11";"Comunidad Autónoma de Galicia";"RNC";"RNC"
"087";"TRAZO";"15";"A Coruña";"11";"Comunidad Autónoma de Galicia";"RNC";"RNC"
"088";"VALDOVIÑO";"15";"A Coruña";"11";"Comunidad Autónoma de Galicia";"RNC";"RNC"
"089";"VAL DO DUBRA";"15";"A Coruña";"11";"Comunidad Autónoma de Galicia";"RNC";"RNC"
"090";"VEDRA";"15";"A Coruña";"11";"Comunidad Autónoma de Galicia";"RNC";"RNC"
"091";"VILASANTAR";"15";"A Coruña";"11";"Comunidad Autónoma de Galicia";"RNC";"RNC"
"092";"VILARMAIOR";"15";"A Coruña";"11";"Comunidad Autónoma de Galicia";"RNC";"RNC"
"093";"VIMIANZO";"15";"A Coruña";"11";"Comunidad Autónoma de Galicia";"RNC";"RNC"
"094";"ZAS";"15";"A Coruña";"11";"Comunidad Autónoma de Galicia";"RNC";"RNC"
"095";"CARIÑO";"15";"A Coruña";"11";"Comunidad Autónoma de Galicia";"RNC";"RNC"
"900";"CORUÑA (A)";"15";"A Coruña";"11";"Comunidad Autónoma de Galicia";"URBANO";"URBANO"
"001";"ABEGONDO";"15";"A Coruña";"11";"Comunidad Autónoma de Galicia";"RNC";"RNC"
"002";"AMES";"15";"A Coruña";"11";"Comunidad Autónoma de Galicia";"URBANO";"URBANO"
"003";"ARANGA";"15";"A Coruña";"11";"Comunidad Autónoma de Galicia";"RNC";"RNC"
"004";"ARES";"15";"A Coruña";"11";"Comunidad Autónoma de Galicia";"URBANO";"URBANO"
"005";"ARTEIXO";"15";"A Coruña";"11";"Comunidad Autónoma de Galicia";"URBANO";"URBANO"
"006";"ARZUA";"15";"A Coruña";"11";"Comunidad Autónoma de Galicia";"RNC";"RNC"
"007";"BAÑA (A)";"15";"A Coruña";"11";"Comunidad Autónoma de Galicia";"RNC";"RNC"
"008";"BERGONDO";"15";"A Coruña";"11";"Comunidad Autónoma de Galicia";"URBANO";"URBANO"
"009";"BETANZOS";"15";"A Coruña";"11";"Comunidad Autónoma de Galicia";"URBANO";"URBANO"
"010";"BOIMORTO";"15";"A Coruña";"11";"Comunidad Autónoma de Galicia";"RNC";"RNC"
"011";"BOIRO";"15";"A Coruña";"11";"Comunidad Autónoma de Galicia";"URBANO";"URBANO"
"012";"BOQUEIXON";"15";"A Coruña";"11";"Comunidad Autónoma de Galicia";"RNC";"RNC"
"013";"BRION";"15";"A Coruña";"11";"Comunidad Autónoma de Galicia";"URBANO";"URBANO"
"014";"CABANA DE BERGANTIÑOS";"15";"A Coruña";"11";"Comunidad Autónoma de Galicia";"RNC";"RNC"
"015";"CABANAS";"15";"A Coruña";"11";"Comunidad Autónoma de Galicia";"URBANO";"URBANO"
"016";"CAMARIÑAS";"15";"A Coruña";"11";"Comunidad Autónoma de Galicia";"URBANO";"URBANO"
"017";"CAMBRE";"15";"A Coruña";"11";"Comunidad Autónoma de Galicia";"URBANO";"URBANO"
"018";"CAPELA (A)";"15";"A Coruña";"11";"Comunidad Autónoma de Galicia";"RNC";"RNC"
"019";"CARBALLO";"15";"A Coruña";"11";"Comunidad Autónoma de Galicia";"URBANO";"URBANO"
"020";"CARNOTA";"15";"A Coruña";"11";"Comunidad Autónoma de Galicia";"RNC";"RNC"
"021";"CARRAL";"15";"A Coruña";"11";"Comunidad Autónoma de Galicia";"URBANO";"URBANO"
"022";"CEDEIRA";"15";"A Coruña";"11";"Comunidad Autónoma de Galicia";"RNC";"RNC"
"023";"CEE";"15";"A Coruña";"11";"Comunidad Autónoma de Galicia";"URBANO";"URBANO"
"024";"CERCEDA";"15";"A Coruña";"11";"Comunidad Autónoma de Galicia";"RNC";"RNC"
"025";"CERDIDO";"15";"A Coruña";"11";"Comunidad Autónoma de Galicia";"RNC";"RNC"
"026";"CESURAS";"15";"A Coruña";"11";"Comunidad Autónoma de Galicia";"RRD";"RRD"
"027";"COIROS";"15";"A Coruña";"11";"Comunidad Autónoma de Galicia";"RNC";"RNC"
"290";"ZARZUELA";"16";"Cuenca";"07";"Comunidad Autónoma de Castilla-La Mancha";"RRD";"RRGD"
"900";"CUENCA";"16";"Cuenca";"07";"Comunidad Autónoma de Castilla-La Mancha";"URBANO";"URBANO"
"224";"TRAGACETE";"16";"Cuenca";"07";"Comunidad Autónoma de Castilla-La Mancha";"RRD";"RRGD"
"225";"TRESJUNCOS";"16";"Cuenca";"07";"Comunidad Autónoma de Castilla-La Mancha";"RRD";"RRGD"
"226";"TRIBALDOS";"16";"Cuenca";"07";"Comunidad Autónoma de Castilla-La Mancha";"RRD";"RRGD"
"227";"UCLES";"16";"Cuenca";"07";"Comunidad Autónoma de Castilla-La Mancha";"RRD";"RRGD"
"228";"UÑA";"16";"Cuenca";"07";"Comunidad Autónoma de Castilla-La Mancha";"RRD";"RRGD"
"229";"VALDECABRAS";"16";"Cuenca";"07";"Comunidad Autónoma de Castilla-La Mancha";"URBANO";"URBANO"
"230";"LOS VALDECOLMENAS";"16";"Cuenca";"07";"Comunidad Autónoma de Castilla-La Mancha";"RRD";"RRGD"
"231";"VALDECOLMENAS DE ARRIBA";"16";"Cuenca";"07";"Comunidad Autónoma de Castilla-La Mancha";"RRD";"RRGD"
"232";"VALDETORTOLA";"16";"Cuenca";"07";"Comunidad Autónoma de Castilla-La Mancha";"RRD";"RRGD"
"233";"VALDEMECA";"16";"Cuenca";"07";"Comunidad Autónoma de Castilla-La Mancha";"RRD";"RRGD"
"234";"VALDEMORILLO DE LA SIERRA";"16";"Cuenca";"07";"Comunidad Autónoma de Castilla-La Mancha";"RRD";"RRGD"
"235";"VALDEMORO DEL REY";"16";"Cuenca";"07";"Comunidad Autónoma de Castilla-La Mancha";"RRD";"RRGD"
"236";"VALDEMORO-SIERRA";"16";"Cuenca";"07";"Comunidad Autónoma de Castilla-La Mancha";"RRD";"RRGD"
"237";"VALDEOLIVAS";"16";"Cuenca";"07";"Comunidad Autónoma de Castilla-La Mancha";"RRD";"RRGD"
"238";"LAS VALERAS";"16";"Cuenca";"07";"Comunidad Autónoma de Castilla-La Mancha";"RNC";"RNC"
"239";"VALERA DE ARRIBA";"16";"Cuenca";"07";"Comunidad Autónoma de Castilla-La Mancha";"RNC";"RNC"
"240";"VALHERMOSO DE LA FUENTE";"16";"Cuenca";"07";"Comunidad Autónoma de Castilla-La Mancha";"RRD";"RRGD"
"241";"VALPARAISO DE ABAJO";"16";"Cuenca";"07";"Comunidad Autónoma de Castilla-La Mancha";"RRD";"RRGD"
"242";"VALPARAISO DE ARRIBA";"16";"Cuenca";"07";"Comunidad Autónoma de Castilla-La Mancha";"RRD";"RRGD"
"243";"VALSALOBRE";"16";"Cuenca";"07";"Comunidad Autónoma de Castilla-La Mancha";"RRD";"RRGD"
"245";"VALVERDE DE JUCAR";"16";"Cuenca";"07";"Comunidad Autónoma de Castilla-La Mancha";"RNC";"RNC"
"246";"VALVERDEJO";"16";"Cuenca";"07";"Comunidad Autónoma de Castilla-La Mancha";"RRD";"RRGD"
"247";"VARA DE REY";"16";"Cuenca";"07";"Comunidad Autónoma de Castilla-La Mancha";"RRD";"RRGD"
"248";"VEGA DEL CODORNO";"16";"Cuenca";"07";"Comunidad Autónoma de Castilla-La Mancha";"RRD";"RRGD"
"249";"VELLISCA";"16";"Cuenca";"07";"Comunidad Autónoma de Castilla-La Mancha";"RRD";"RRGD"
"250";"VENTOSA (LA)";"16";"Cuenca";"07";"Comunidad Autónoma de Castilla-La Mancha";"RRD";"RRGD"
"251";"VERDELPINO DE HUETE";"16";"Cuenca";"07";"Comunidad Autónoma de Castilla-La Mancha";"RRD";"RRGD"
"252";"VILLACONEJOS DE TRABAQUE";"16";"Cuenca";"07";"Comunidad Autónoma de Castilla-La Mancha";"RRD";"RRD"
"253";"VILLAESCUSA DE HARO";"16";"Cuenca";"07";"Comunidad Autónoma de Castilla-La Mancha";"RRD";"RRGD"
"254";"VILLAGARCIA DEL LLANO";"16";"Cuenca";"07";"Comunidad Autónoma de Castilla-La Mancha";"RRD";"RRGD"
"255";"VILLALBA DE LA SIERRA";"16";"Cuenca";"07";"Comunidad Autónoma de Castilla-La Mancha";"RRD";"RRD"
"256";"VILLALBA DEL REY";"16";"Cuenca";"07";"Comunidad Autónoma de Castilla-La Mancha";"RRD";"RRGD"
"257";"VILLALGORDO DEL MARQUESADO";"16";"Cuenca";"07";"Comunidad Autónoma de Castilla-La Mancha";"RRD";"RRGD"
"258";"VILLALPARDO";"16";"Cuenca";"07";"Comunidad Autónoma de Castilla-La Mancha";"RNC";"RNC"
"259";"VILLAMAYOR DE SANTIAGO";"16";"Cuenca";"07";"Comunidad Autónoma de Castilla-La Mancha";"RNC";"RNC"
"260";"VILLANUEVA DE GUADAMEJUD";"16";"Cuenca";"07";"Comunidad Autónoma de Castilla-La Mancha";"RRD";"RRGD"
"261";"VILLANUEVA DE LA JARA";"16";"Cuenca";"07";"Comunidad Autónoma de Castilla-La Mancha";"RNC";"RNC"
"262";"VILLANUEVA DE LOS ESCUDEROS";"16";"Cuenca";"07";"Comunidad Autónoma de Castilla-La Mancha";"URBANO";"URBANO"
"263";"VILLAR DE CAÑAS";"16";"Cuenca";"07";"Comunidad Autónoma de Castilla-La Mancha";"RRD";"RRGD"
"264";"VILLAR DE DOMINGO GARCIA";"16";"Cuenca";"07";"Comunidad Autónoma de Castilla-La Mancha";"RRD";"RRGD"
"265";"VILLAR DE LA ENCINA";"16";"Cuenca";"07";"Comunidad Autónoma de Castilla-La Mancha";"RRD";"RRGD"
"266";"VILLAR DEL AGUILA";"16";"Cuenca";"07";"Comunidad Autónoma de Castilla-La Mancha";"RRD";"RRGD"
"267";"VILLAR DEL HORNO";"16";"Cuenca";"07";"Comunidad Autónoma de Castilla-La Mancha";"RRD";"RRGD"
"268";"VILLAR DEL HUMO";"16";"Cuenca";"07";"Comunidad Autónoma de Castilla-La Mancha";"RRD";"RRGD"
"269";"VILLAR DEL INFANTADO";"16";"Cuenca";"07";"Comunidad Autónoma de Castilla-La Mancha";"RRD";"RRGD"
"270";"VILLAR Y VELASCO";"16";"Cuenca";"07";"Comunidad Autónoma de Castilla-La Mancha";"RRD";"RRGD"
"272";"VILLAR DEL SAZ DE NAVALON";"16";"Cuenca";"07";"Comunidad Autónoma de Castilla-La Mancha";"RRD";"RRGD"
"273";"VILLAR DE OLALLA";"16";"Cuenca";"07";"Comunidad Autónoma de Castilla-La Mancha";"RRD";"RRGD"
"274";"VILLAREJO DE FUENTES";"16";"Cuenca";"07";"Comunidad Autónoma de Castilla-La Mancha";"RRD";"RRGD"
"275";"VILLAREJO DE LA PEÑUELA";"16";"Cuenca";"07";"Comunidad Autónoma de Castilla-La Mancha";"RRD";"RRGD"
"276";"VILLAS DE LA VENTOSA";"16";"Cuenca";"07";"Comunidad Autónoma de Castilla-La Mancha";"RRD";"RRGD"
"277";"VILLAREJO-PERIESTEBAN";"16";"Cuenca";"07";"Comunidad Autónoma de Castilla-La Mancha";"RRD";"RRD"
"278";"VILLAREJO SECO";"16";"Cuenca";"07";"Comunidad Autónoma de Castilla-La Mancha";"RRD";"RRGD"
"279";"VILLAREJO SOBREHUERTA";"16";"Cuenca";"07";"Comunidad Autónoma de Castilla-La Mancha";"RRD";"RRGD"
"280";"VILLARES DEL SAZ";"16";"Cuenca";"07";"Comunidad Autónoma de Castilla-La Mancha";"RRD";"RRGD"
"281";"VILLARRUBIO";"16";"Cuenca";"07";"Comunidad Autónoma de Castilla-La Mancha";"RRD";"RRGD"
"282";"VILLARTA";"16";"Cuenca";"07";"Comunidad Autónoma de Castilla-La Mancha";"RNC";"RNC"
"283";"VILLAVERDE Y PASACONSOL";"16";"Cuenca";"07";"Comunidad Autónoma de Castilla-La Mancha";"RNC";"RNC"
"284";"VILLORA";"16";"Cuenca";"07";"Comunidad Autónoma de Castilla-La Mancha";"RRD";"RRGD"
"285";"VINDEL";"16";"Cuenca";"07";"Comunidad Autónoma de Castilla-La Mancha";"RRD";"RRGD"
"286";"YEMEDA";"16";"Cuenca";"07";"Comunidad Autónoma de Castilla-La Mancha";"RRD";"RRGD"
"287";"ZAFRA DE ZANCARA";"16";"Cuenca";"07";"Comunidad Autónoma de Castilla-La Mancha";"RRD";"RRGD"
"288";"ZAFRILLA";"16";"Cuenca";"07";"Comunidad Autónoma de Castilla-La Mancha";"RRD";"RRGD"
"289";"ZARZA DE TAJO";"16";"Cuenca";"07";"Comunidad Autónoma de Castilla-La Mancha";"RRD";"RRGD"
"159";"PARACUELLOS";"16";"Cuenca";"07";"Comunidad Autónoma de Castilla-La Mancha";"RRD";"RRGD"
"160";"PAREDES";"16";"Cuenca";"07";"Comunidad Autónoma de Castilla-La Mancha";"RRD";"RRGD"
"161";"PARRA DE LAS VEGAS (LA)";"16";"Cuenca";"07";"Comunidad Autónoma de Castilla-La Mancha";"RRD";"RRGD"
"162";"PEDERNOSO (EL)";"16";"Cuenca";"07";"Comunidad Autónoma de Castilla-La Mancha";"RNC";"RNC"
"163";"PEDROÑERAS (LAS)";"16";"Cuenca";"07";"Comunidad Autónoma de Castilla-La Mancha";"RNC";"RNC"
"164";"PERAL (EL)";"16";"Cuenca";"07";"Comunidad Autónoma de Castilla-La Mancha";"RRD";"RRGD"
"165";"PERALEJA (LA)";"16";"Cuenca";"07";"Comunidad Autónoma de Castilla-La Mancha";"RRD";"RRGD"
"166";"PESQUERA (LA)";"16";"Cuenca";"07";"Comunidad Autónoma de Castilla-La Mancha";"RRD";"RRGD"
"167";"PICAZO (EL)";"16";"Cuenca";"07";"Comunidad Autónoma de Castilla-La Mancha";"RNC";"RNC"
"168";"PINAREJO";"16";"Cuenca";"07";"Comunidad Autónoma de Castilla-La Mancha";"RRD";"RRGD"
"169";"PINEDA DE GIGÜELA";"16";"Cuenca";"07";"Comunidad Autónoma de Castilla-La Mancha";"RRD";"RRGD"
"170";"PIQUERAS DEL CASTILLO";"16";"Cuenca";"07";"Comunidad Autónoma de Castilla-La Mancha";"RRD";"RRGD"
"171";"PORTALRUBIO DE GUADAMEJUD";"16";"Cuenca";"07";"Comunidad Autónoma de Castilla-La Mancha";"RRD";"RRGD"
"172";"PORTILLA";"16";"Cuenca";"07";"Comunidad Autónoma de Castilla-La Mancha";"RRD";"RRGD"
"173";"POVEDA DE LA OVISPALIA";"16";"Cuenca";"07";"Comunidad Autónoma de Castilla-La Mancha";"RRD";"RRGD"
"174";"POYATOS";"16";"Cuenca";"07";"Comunidad Autónoma de Castilla-La Mancha";"RRD";"RRGD"
"175";"POZOAMARGO";"16";"Cuenca";"07";"Comunidad Autónoma de Castilla-La Mancha";"RRD";"RRGD"
"176";"POZORRUBIO DE SANTIAGO";"16";"Cuenca";"07";"Comunidad Autónoma de Castilla-La Mancha";"RRD";"RRGD"
"177";"POZORRUBIELOS DE LA MANCHA";"16";"Cuenca";"07";"Comunidad Autónoma de Castilla-La Mancha";"RRD";"RRGD"
"178";"POZUELO (EL)";"16";"Cuenca";"07";"Comunidad Autónoma de Castilla-La Mancha";"RRD";"RRGD"
"179";"PRIEGO";"16";"Cuenca";"07";"Comunidad Autónoma de Castilla-La Mancha";"RRD";"RRD"
"180";"PROVENCIO (EL)";"16";"Cuenca";"07";"Comunidad Autónoma de Castilla-La Mancha";"RNC";"RNC"
"181";"PUEBLA DE ALMENARA";"16";"Cuenca";"07";"Comunidad Autónoma de Castilla-La Mancha";"RRD";"RRD"
"182";"PUEBLA DEL SALVADOR";"16";"Cuenca";"07";"Comunidad Autónoma de Castilla-La Mancha";"RRD";"RRGD"
"183";"QUINTANAR DEL REY";"16";"Cuenca";"07";"Comunidad Autónoma de Castilla-La Mancha";"RNC";"RNC"
"184";"RADA DE HARO";"16";"Cuenca";"07";"Comunidad Autónoma de Castilla-La Mancha";"RRD";"RRGD"
"185";"REILLO";"16";"Cuenca";"07";"Comunidad Autónoma de Castilla-La Mancha";"RRD";"RRGD"
"186";"RIBAGORDA";"16";"Cuenca";"07";"Comunidad Autónoma de Castilla-La Mancha";"RRD";"RRGD"
"187";"RIBATAJADA";"16";"Cuenca";"07";"Comunidad Autónoma de Castilla-La Mancha";"RRD";"RRGD"
"188";"RIBATAJADILLA";"16";"Cuenca";"07";"Comunidad Autónoma de Castilla-La Mancha";"RRD";"RRGD"
"189";"ROZALEN DEL MONTE";"16";"Cuenca";"07";"Comunidad Autónoma de Castilla-La Mancha";"RRD";"RRGD"
"190";"RUBIELOS ALTOS";"16";"Cuenca";"07";"Comunidad Autónoma de Castilla-La Mancha";"RRD";"RRGD"
"191";"RUBIELOS BAJOS";"16";"Cuenca";"07";"Comunidad Autónoma de Castilla-La Mancha";"RRD";"RRGD"
"192";"SACEDA DEL RIO";"16";"Cuenca";"07";"Comunidad Autónoma de Castilla-La Mancha";"RRD";"RRGD"
"193";"SACEDA-TRASIERRA";"16";"Cuenca";"07";"Comunidad Autónoma de Castilla-La Mancha";"RRD";"RRGD"
"194";"SACEDONCILLO";"16";"Cuenca";"07";"Comunidad Autónoma de Castilla-La Mancha";"RRD";"RRGD"
"195";"SAELICES";"16";"Cuenca";"07";"Comunidad Autónoma de Castilla-La Mancha";"RRD";"RRGD"
"196";"SALINAS DEL MANZANO";"16";"Cuenca";"07";"Comunidad Autónoma de Castilla-La Mancha";"RRD";"RRGD"
"197";"SALMERONCILLOS";"16";"Cuenca";"07";"Comunidad Autónoma de Castilla-La Mancha";"RRD";"RRGD"
"198";"SALVACAÑETE";"16";"Cuenca";"07";"Comunidad Autónoma de Castilla-La Mancha";"RRD";"RRGD"
"199";"SAN CLEMENTE";"16";"Cuenca";"07";"Comunidad Autónoma de Castilla-La Mancha";"RNC";"RNC"
"200";"SAN LORENZO DE LA PARRILLA";"16";"Cuenca";"07";"Comunidad Autónoma de Castilla-La Mancha";"RNC";"RNC"
"201";"SAN MARTIN DE BONICHES";"16";"Cuenca";"07";"Comunidad Autónoma de Castilla-La Mancha";"RRD";"RRGD"
"202";"SAN PEDRO PALMICHES";"16";"Cuenca";"07";"Comunidad Autónoma de Castilla-La Mancha";"RRD";"RRGD"
"203";"SANTA CRUZ DE MOYA";"16";"Cuenca";"07";"Comunidad Autónoma de Castilla-La Mancha";"RRD";"RRGD"
"204";"SANTA MARIA DEL CAMPO RUS";"16";"Cuenca";"07";"Comunidad Autónoma de Castilla-La Mancha";"RRD";"RRGD"
"205";"SANTA MARIA DE LOS LLANOS";"16";"Cuenca";"07";"Comunidad Autónoma de Castilla-La Mancha";"RNC";"RNC"
"206";"SANTA MARIA DEL VAL";"16";"Cuenca";"07";"Comunidad Autónoma de Castilla-La Mancha";"RRD";"RRGD"
"207";"SISANTE";"16";"Cuenca";"07";"Comunidad Autónoma de Castilla-La Mancha";"RRD";"RRD"
"208";"SOLERA DE GABALDON";"16";"Cuenca";"07";"Comunidad Autónoma de Castilla-La Mancha";"RRD";"RRGD"
"209";"SOTOCA";"16";"Cuenca";"07";"Comunidad Autónoma de Castilla-La Mancha";"RRD";"RRGD"
"210";"SOTORRIBAS";"16";"Cuenca";"07";"Comunidad Autónoma de Castilla-La Mancha";"RRD";"RRGD"
"211";"TALAYUELAS";"16";"Cuenca";"07";"Comunidad Autónoma de Castilla-La Mancha";"RRD";"RRD"
"212";"TARANCON";"16";"Cuenca";"07";"Comunidad Autónoma de Castilla-La Mancha";"URBANO";"URBANO"
"213";"TEBAR";"16";"Cuenca";"07";"Comunidad Autónoma de Castilla-La Mancha";"RRD";"RRGD"
"214";"TEJADILLOS";"16";"Cuenca";"07";"Comunidad Autónoma de Castilla-La Mancha";"RRD";"RRGD"
"215";"TINAJAS";"16";"Cuenca";"07";"Comunidad Autónoma de Castilla-La Mancha";"RRD";"RRGD"
"217";"TONDOS";"16";"Cuenca";"07";"Comunidad Autónoma de Castilla-La Mancha";"URBANO";"URBANO"
"218";"TORRALBA";"16";"Cuenca";"07";"Comunidad Autónoma de Castilla-La Mancha";"RRD";"RRGD"
"219";"TORRECILLA";"16";"Cuenca";"07";"Comunidad Autónoma de Castilla-La Mancha";"RRD";"RRGD"
"220";"TORREJONCILLO DEL REY";"16";"Cuenca";"07";"Comunidad Autónoma de Castilla-La Mancha";"RRD";"RRGD"
"221";"TORRUBIA DEL CAMPO";"16";"Cuenca";"07";"Comunidad Autónoma de Castilla-La Mancha";"RRD";"RRGD"
"222";"TORRUBIA DEL CASTILLO";"16";"Cuenca";"07";"Comunidad Autónoma de Castilla-La Mancha";"RRD";"RRGD"
"223";"TORTOLA";"16";"Cuenca";"07";"Comunidad Autónoma de Castilla-La Mancha";"RRD";"RRGD"
"095";"FUERTESCUSA";"16";"Cuenca";"07";"Comunidad Autónoma de Castilla-La Mancha";"RRD";"RRGD"
"096";"GABALDON";"16";"Cuenca";"07";"Comunidad Autónoma de Castilla-La Mancha";"RRD";"RRGD"
"097";"GARABALLA";"16";"Cuenca";"07";"Comunidad Autónoma de Castilla-La Mancha";"RRD";"RRGD"
"098";"EL VALLE DE ALTOMIRA";"16";"Cuenca";"07";"Comunidad Autónoma de Castilla-La Mancha";"RRD";"RRGD"
"099";"GASCUEÑA";"16";"Cuenca";"07";"Comunidad Autónoma de Castilla-La Mancha";"RRD";"RRGD"
"100";"GRAJA DE CAMPALBO";"16";"Cuenca";"07";"Comunidad Autónoma de Castilla-La Mancha";"RRD";"RRGD"
"101";"GRAJA DE INIESTA";"16";"Cuenca";"07";"Comunidad Autónoma de Castilla-La Mancha";"RNC";"RNC"
"102";"HENAREJOS";"16";"Cuenca";"07";"Comunidad Autónoma de Castilla-La Mancha";"RRD";"RRGD"
"103";"HERRUMBLAR (EL)";"16";"Cuenca";"07";"Comunidad Autónoma de Castilla-La Mancha";"RNC";"RNC"
"104";"HINOJOSA (LA)";"16";"Cuenca";"07";"Comunidad Autónoma de Castilla-La Mancha";"RRD";"RRGD"
"105";"HINOJOSOS (LOS)";"16";"Cuenca";"07";"Comunidad Autónoma de Castilla-La Mancha";"RRD";"RRGD"
"106";"HITO (EL)";"16";"Cuenca";"07";"Comunidad Autónoma de Castilla-La Mancha";"RRD";"RRGD"
"107";"HONRUBIA";"16";"Cuenca";"07";"Comunidad Autónoma de Castilla-La Mancha";"RNC";"RNC"
"108";"HONTANAYA";"16";"Cuenca";"07";"Comunidad Autónoma de Castilla-La Mancha";"RRD";"RRGD"
"109";"HONTECILLAS";"16";"Cuenca";"07";"Comunidad Autónoma de Castilla-La Mancha";"RRD";"RRGD"
"110";"HORCAJADA DE LA TORRE";"16";"Cuenca";"07";"Comunidad Autónoma de Castilla-La Mancha";"RRD";"RRGD"
"111";"HORCAJO DE SANTIAGO";"16";"Cuenca";"07";"Comunidad Autónoma de Castilla-La Mancha";"RNC";"RNC"
"112";"HUELAMO";"16";"Cuenca";"07";"Comunidad Autónoma de Castilla-La Mancha";"RRD";"RRGD"
"113";"HUELVES";"16";"Cuenca";"07";"Comunidad Autónoma de Castilla-La Mancha";"RRD";"RRGD"
"114";"HUERGUINA";"16";"Cuenca";"07";"Comunidad Autónoma de Castilla-La Mancha";"RRD";"RRGD"
"115";"HUERTA DE LA OBISPALIA";"16";"Cuenca";"07";"Comunidad Autónoma de Castilla-La Mancha";"RRD";"RRGD"
"116";"HUERTA DEL MARQUESADO";"16";"Cuenca";"07";"Comunidad Autónoma de Castilla-La Mancha";"RRD";"RRGD"
"117";"HUETE";"16";"Cuenca";"07";"Comunidad Autónoma de Castilla-La Mancha";"RRD";"RRGD"
"118";"INIESTA";"16";"Cuenca";"07";"Comunidad Autónoma de Castilla-La Mancha";"RNC";"RNC"
"119";"FUENTENAVA DE JABAGA";"16";"Cuenca";"07";"Comunidad Autónoma de Castilla-La Mancha";"RRD";"RRGD"
"120";"JABALERA";"16";"Cuenca";"07";"Comunidad Autónoma de Castilla-La Mancha";"RRD";"RRGD"
"121";"LAGUNA DEL MARQUESADO";"16";"Cuenca";"07";"Comunidad Autónoma de Castilla-La Mancha";"RRD";"RRGD"
"122";"LAGUNASECA";"16";"Cuenca";"07";"Comunidad Autónoma de Castilla-La Mancha";"RRD";"RRGD"
"123";"LANDETE";"16";"Cuenca";"07";"Comunidad Autónoma de Castilla-La Mancha";"RNC";"RNC"
"124";"LEDAÑA";"16";"Cuenca";"07";"Comunidad Autónoma de Castilla-La Mancha";"RNC";"RNC"
"125";"LEGANIEL";"16";"Cuenca";"07";"Comunidad Autónoma de Castilla-La Mancha";"RRD";"RRGD"
"126";"LORANCA DEL CAMPO";"16";"Cuenca";"07";"Comunidad Autónoma de Castilla-La Mancha";"RRD";"RRGD"
"127";"MAJADAS (LAS)";"16";"Cuenca";"07";"Comunidad Autónoma de Castilla-La Mancha";"RRD";"RRGD"
"128";"MARIANA";"16";"Cuenca";"07";"Comunidad Autónoma de Castilla-La Mancha";"RRD";"RRGD"
"129";"MASEGOSA";"16";"Cuenca";"07";"Comunidad Autónoma de Castilla-La Mancha";"RRD";"RRGD"
"130";"MAZARULLEQUE";"16";"Cuenca";"07";"Comunidad Autónoma de Castilla-La Mancha";"RRD";"RRGD"
"131";"MELGOSA";"16";"Cuenca";"07";"Comunidad Autónoma de Castilla-La Mancha";"URBANO";"URBANO"
"132";"MESAS (LAS)";"16";"Cuenca";"07";"Comunidad Autónoma de Castilla-La Mancha";"RNC";"RNC"
"133";"MINGLANILLA";"16";"Cuenca";"07";"Comunidad Autónoma de Castilla-La Mancha";"RNC";"RNC"
"134";"MIRA";"16";"Cuenca";"07";"Comunidad Autónoma de Castilla-La Mancha";"RRD";"RRGD"
"135";"MOHORTE";"16";"Cuenca";"07";"Comunidad Autónoma de Castilla-La Mancha";"URBANO";"URBANO"
"136";"MONCALVILLO";"16";"Cuenca";"07";"Comunidad Autónoma de Castilla-La Mancha";"RRD";"RRGD"
"137";"MONREAL DEL LLANO";"16";"Cuenca";"07";"Comunidad Autónoma de Castilla-La Mancha";"RRD";"RRGD"
"138";"MONTALBANEJO";"16";"Cuenca";"07";"Comunidad Autónoma de Castilla-La Mancha";"RRD";"RRGD"
"139";"MONTALBO";"16";"Cuenca";"07";"Comunidad Autónoma de Castilla-La Mancha";"RRD";"RRD"
"140";"MONTEAGUDO DE LAS SALINAS";"16";"Cuenca";"07";"Comunidad Autónoma de Castilla-La Mancha";"RRD";"RRGD"
"141";"MOTA DE ALTAREJOS";"16";"Cuenca";"07";"Comunidad Autónoma de Castilla-La Mancha";"RRD";"RRGD"
"142";"MOTA DEL CUERVO";"16";"Cuenca";"07";"Comunidad Autónoma de Castilla-La Mancha";"RNC";"RNC"
"143";"MOTILLA DEL PALANCAR";"16";"Cuenca";"07";"Comunidad Autónoma de Castilla-La Mancha";"RNC";"RNC"
"144";"MOYA";"16";"Cuenca";"07";"Comunidad Autónoma de Castilla-La Mancha";"RRD";"RRGD"
"145";"NAHARROS";"16";"Cuenca";"07";"Comunidad Autónoma de Castilla-La Mancha";"RRD";"RRGD"
"146";"NARBONETA";"16";"Cuenca";"07";"Comunidad Autónoma de Castilla-La Mancha";"RRD";"RRGD"
"147";"NAVALON";"16";"Cuenca";"07";"Comunidad Autónoma de Castilla-La Mancha";"RRD";"RRGD"
"148";"OLIVARES DE JUCAR";"16";"Cuenca";"07";"Comunidad Autónoma de Castilla-La Mancha";"RRD";"RRGD"
"149";"OLMEDA DE LA CUESTA";"16";"Cuenca";"07";"Comunidad Autónoma de Castilla-La Mancha";"RRD";"RRGD"
"150";"OLMEDA DEL REY";"16";"Cuenca";"07";"Comunidad Autónoma de Castilla-La Mancha";"RRD";"RRGD"
"151";"OLMEDILLA DE ALARCON";"16";"Cuenca";"07";"Comunidad Autónoma de Castilla-La Mancha";"RRD";"RRGD"
"152";"OLMEDILLA DE ELIZ";"16";"Cuenca";"07";"Comunidad Autónoma de Castilla-La Mancha";"RRD";"RRGD"
"153";"OLMEDILLA DEL CAMPO";"16";"Cuenca";"07";"Comunidad Autónoma de Castilla-La Mancha";"RRD";"RRGD"
"154";"OSA DE LA VEGA";"16";"Cuenca";"07";"Comunidad Autónoma de Castilla-La Mancha";"RRD";"RRD"
"155";"PAJARON";"16";"Cuenca";"07";"Comunidad Autónoma de Castilla-La Mancha";"RRD";"RRGD"
"156";"PAJARONCILLO";"16";"Cuenca";"07";"Comunidad Autónoma de Castilla-La Mancha";"RRD";"RRGD"
"157";"PALOMARES DEL CAMPO";"16";"Cuenca";"07";"Comunidad Autónoma de Castilla-La Mancha";"RRD";"RRD"
"158";"PALOMERA";"16";"Cuenca";"07";"Comunidad Autónoma de Castilla-La Mancha";"RRD";"RRGD"
"028";"BARBALIMPIA";"16";"Cuenca";"07";"Comunidad Autónoma de Castilla-La Mancha";"RRD";"RRGD"
"029";"BARCHIN DEL HOYO";"16";"Cuenca";"07";"Comunidad Autónoma de Castilla-La Mancha";"RRD";"RRGD"
"030";"BASCUÑANA DE SAN PEDRO";"16";"Cuenca";"07";"Comunidad Autónoma de Castilla-La Mancha";"RRD";"RRGD"
"031";"BEAMUD";"16";"Cuenca";"07";"Comunidad Autónoma de Castilla-La Mancha";"RRD";"RRGD"
"032";"BELINCHON";"16";"Cuenca";"07";"Comunidad Autónoma de Castilla-La Mancha";"RRD";"RRGD"
"033";"BELMONTE";"16";"Cuenca";"07";"Comunidad Autónoma de Castilla-La Mancha";"RNC";"RNC"
"034";"BELMONTEJO";"16";"Cuenca";"07";"Comunidad Autónoma de Castilla-La Mancha";"RRD";"RRGD"
"035";"BETETA";"16";"Cuenca";"07";"Comunidad Autónoma de Castilla-La Mancha";"RRD";"RRGD"
"036";"BOLLIGA";"16";"Cuenca";"07";"Comunidad Autónoma de Castilla-La Mancha";"RRD";"RRGD"
"037";"BONICHES";"16";"Cuenca";"07";"Comunidad Autónoma de Castilla-La Mancha";"RRD";"RRGD"
"038";"BONILLA";"16";"Cuenca";"07";"Comunidad Autónoma de Castilla-La Mancha";"RRD";"RRGD"
"039";"BUCIEGAS";"16";"Cuenca";"07";"Comunidad Autónoma de Castilla-La Mancha";"RRD";"RRGD"
"040";"BUENACHE DE ALARCON";"16";"Cuenca";"07";"Comunidad Autónoma de Castilla-La Mancha";"RRD";"RRGD"
"041";"BUENACHE DE LA SIERRA";"16";"Cuenca";"07";"Comunidad Autónoma de Castilla-La Mancha";"RRD";"RRGD"
"042";"BUENDIA";"16";"Cuenca";"07";"Comunidad Autónoma de Castilla-La Mancha";"RRD";"RRGD"
"043";"CAMPILLO DE ALTOBUEY";"16";"Cuenca";"07";"Comunidad Autónoma de Castilla-La Mancha";"RRD";"RRGD"
"044";"CAMPILLOS-PARAVIENTOS";"16";"Cuenca";"07";"Comunidad Autónoma de Castilla-La Mancha";"RRD";"RRGD"
"045";"CAMPILLOS-SIERRA";"16";"Cuenca";"07";"Comunidad Autónoma de Castilla-La Mancha";"RRD";"RRGD"
"046";"CANALEJAS DEL ARROYO";"16";"Cuenca";"07";"Comunidad Autónoma de Castilla-La Mancha";"RRD";"RRGD"
"047";"CAÑADA DEL HOYO";"16";"Cuenca";"07";"Comunidad Autónoma de Castilla-La Mancha";"RRD";"RRGD"
"048";"CAÑADA JUNCOSA";"16";"Cuenca";"07";"Comunidad Autónoma de Castilla-La Mancha";"RRD";"RRGD"
"049";"CAÑAMARES";"16";"Cuenca";"07";"Comunidad Autónoma de Castilla-La Mancha";"RRD";"RRD"
"050";"CAÑAVATE (EL)";"16";"Cuenca";"07";"Comunidad Autónoma de Castilla-La Mancha";"RRD";"RRGD"
"051";"CAÑAVERAS";"16";"Cuenca";"07";"Comunidad Autónoma de Castilla-La Mancha";"RRD";"RRGD"
"052";"CAÑAVERUELAS";"16";"Cuenca";"07";"Comunidad Autónoma de Castilla-La Mancha";"RRD";"RRGD"
"053";"CAÑETE";"16";"Cuenca";"07";"Comunidad Autónoma de Castilla-La Mancha";"RRD";"RRD"
"054";"CAÑIZARES";"16";"Cuenca";"07";"Comunidad Autónoma de Castilla-La Mancha";"RRD";"RRGD"
"055";"CARACENILLA";"16";"Cuenca";"07";"Comunidad Autónoma de Castilla-La Mancha";"RRD";"RRGD"
"056";"CARBONERAS DE GUADAZAON";"16";"Cuenca";"07";"Comunidad Autónoma de Castilla-La Mancha";"RRD";"RRGD"
"057";"CARDENETE";"16";"Cuenca";"07";"Comunidad Autónoma de Castilla-La Mancha";"RRD";"RRGD"
"058";"CARRASCOSA";"16";"Cuenca";"07";"Comunidad Autónoma de Castilla-La Mancha";"RRD";"RRGD"
"059";"CARRASCOSA DE HARO";"16";"Cuenca";"07";"Comunidad Autónoma de Castilla-La Mancha";"RRD";"RRGD"
"060";"CAMPOS DEL PARAISO";"16";"Cuenca";"07";"Comunidad Autónoma de Castilla-La Mancha";"RRD";"RRGD"
"061";"CASAS DE BENITEZ";"16";"Cuenca";"07";"Comunidad Autónoma de Castilla-La Mancha";"RNC";"RNC"
"062";"CASAS DE FERNANDO ALONSO";"16";"Cuenca";"07";"Comunidad Autónoma de Castilla-La Mancha";"RNC";"RNC"
"063";"CASAS DE GARCIMOLINA";"16";"Cuenca";"07";"Comunidad Autónoma de Castilla-La Mancha";"RRD";"RRGD"
"064";"CASAS DE GUIJARRO";"16";"Cuenca";"07";"Comunidad Autónoma de Castilla-La Mancha";"RNC";"RNC"
"065";"CASAS DE HARO";"16";"Cuenca";"07";"Comunidad Autónoma de Castilla-La Mancha";"RRD";"RRGD"
"066";"CASAS DE LOS PINOS";"16";"Cuenca";"07";"Comunidad Autónoma de Castilla-La Mancha";"RRD";"RRGD"
"067";"CASASIMARRO";"16";"Cuenca";"07";"Comunidad Autónoma de Castilla-La Mancha";"RNC";"RNC"
"068";"CASTEJON";"16";"Cuenca";"07";"Comunidad Autónoma de Castilla-La Mancha";"RRD";"RRGD"
"069";"CASTILLEJO DE INIESTA";"16";"Cuenca";"07";"Comunidad Autónoma de Castilla-La Mancha";"RRD";"RRGD"
"070";"CASTILLEJO DEL ROMERAL";"16";"Cuenca";"07";"Comunidad Autónoma de Castilla-La Mancha";"RRD";"RRGD"
"071";"CASTILLEJO-SIERRA";"16";"Cuenca";"07";"Comunidad Autónoma de Castilla-La Mancha";"RRD";"RRGD"
"072";"CASTILLO-ALBARAÑEZ";"16";"Cuenca";"07";"Comunidad Autónoma de Castilla-La Mancha";"RRD";"RRGD"
"073";"CASTILLO DE GARCIMUÑOZ";"16";"Cuenca";"07";"Comunidad Autónoma de Castilla-La Mancha";"RRD";"RRGD"
"074";"CERVERA DEL LLANO";"16";"Cuenca";"07";"Comunidad Autónoma de Castilla-La Mancha";"RRD";"RRGD"
"075";"CIERVA (LA)";"16";"Cuenca";"07";"Comunidad Autónoma de Castilla-La Mancha";"RRD";"RRGD"
"076";"COLLADOS";"16";"Cuenca";"07";"Comunidad Autónoma de Castilla-La Mancha";"RRD";"RRGD"
"077";"COLLIGA";"16";"Cuenca";"07";"Comunidad Autónoma de Castilla-La Mancha";"URBANO";"URBANO"
"080";"CUEVA DEL HIERRO";"16";"Cuenca";"07";"Comunidad Autónoma de Castilla-La Mancha";"RRD";"RRGD"
"081";"CUEVAS DE VELASCO";"16";"Cuenca";"07";"Comunidad Autónoma de Castilla-La Mancha";"RRD";"RRGD"
"082";"CULEBRAS";"16";"Cuenca";"07";"Comunidad Autónoma de Castilla-La Mancha";"RRD";"RRGD"
"084";"CHUMILLAS";"16";"Cuenca";"07";"Comunidad Autónoma de Castilla-La Mancha";"RRD";"RRGD"
"085";"ENGUIDANOS";"16";"Cuenca";"07";"Comunidad Autónoma de Castilla-La Mancha";"RRD";"RRGD"
"086";"FRESNEDA DE ALTAREJOS";"16";"Cuenca";"07";"Comunidad Autónoma de Castilla-La Mancha";"RRD";"RRGD"
"087";"FRESNEDA DE LA SIERRA";"16";"Cuenca";"07";"Comunidad Autónoma de Castilla-La Mancha";"RRD";"RRGD"
"088";"FRONTERA (LA)";"16";"Cuenca";"07";"Comunidad Autónoma de Castilla-La Mancha";"RRD";"RRGD"
"089";"FUENTE DE PEDRO NAHARRO";"16";"Cuenca";"07";"Comunidad Autónoma de Castilla-La Mancha";"RNC";"RNC"
"090";"FUENTELESPINO DE HARO";"16";"Cuenca";"07";"Comunidad Autónoma de Castilla-La Mancha";"RRD";"RRGD"
"091";"FUENTELESPINO DE MOYA";"16";"Cuenca";"07";"Comunidad Autónoma de Castilla-La Mancha";"RRD";"RRGD"
"092";"FUENTES";"16";"Cuenca";"07";"Comunidad Autónoma de Castilla-La Mancha";"RRD";"RRGD"
"093";"FUENTESBUENAS";"16";"Cuenca";"07";"Comunidad Autónoma de Castilla-La Mancha";"RRD";"RRGD"
"094";"FUENTESCLARAS DEL CHILLARON";"16";"Cuenca";"07";"Comunidad Autónoma de Castilla-La Mancha";"RRD";"RRGD"
"001";"ABIA DE LA OBISPALIA";"16";"Cuenca";"07";"Comunidad Autónoma de Castilla-La Mancha";"RRD";"RRGD"
"002";"ACEBRON (EL)";"16";"Cuenca";"07";"Comunidad Autónoma de Castilla-La Mancha";"RRD";"RRD"
"003";"ALARCON";"16";"Cuenca";"07";"Comunidad Autónoma de Castilla-La Mancha";"RRD";"RRGD"
"004";"ALBALADEJO DEL CUENDE";"16";"Cuenca";"07";"Comunidad Autónoma de Castilla-La Mancha";"RRD";"RRGD"
"005";"ALBALATE DE LAS NOGUERAS";"16";"Cuenca";"07";"Comunidad Autónoma de Castilla-La Mancha";"RRD";"RRGD"
"006";"ALBENDEA";"16";"Cuenca";"07";"Comunidad Autónoma de Castilla-La Mancha";"RRD";"RRGD"
"007";"ALBERCA DE ZANCARA (LA)";"16";"Cuenca";"07";"Comunidad Autónoma de Castilla-La Mancha";"RNC";"RNC"
"008";"ALCALA DE LA VEGA";"16";"Cuenca";"07";"Comunidad Autónoma de Castilla-La Mancha";"RRD";"RRGD"
"009";"ALCANTUD";"16";"Cuenca";"07";"Comunidad Autónoma de Castilla-La Mancha";"RRD";"RRGD"
"010";"ALCAZAR DEL REY";"16";"Cuenca";"07";"Comunidad Autónoma de Castilla-La Mancha";"RRD";"RRGD"
"011";"ALCOHUJATE";"16";"Cuenca";"07";"Comunidad Autónoma de Castilla-La Mancha";"RRD";"RRGD"
"012";"ALCONCHEL DE LA ESTRELLA";"16";"Cuenca";"07";"Comunidad Autónoma de Castilla-La Mancha";"RRD";"RRGD"
"013";"ALGARRA";"16";"Cuenca";"07";"Comunidad Autónoma de Castilla-La Mancha";"RRD";"RRGD"
"014";"ALIAGUILLA";"16";"Cuenca";"07";"Comunidad Autónoma de Castilla-La Mancha";"RRD";"RRGD"
"015";"ALMARCHA (LA)";"16";"Cuenca";"07";"Comunidad Autónoma de Castilla-La Mancha";"RRD";"RRGD"
"016";"ALMENDROS";"16";"Cuenca";"07";"Comunidad Autónoma de Castilla-La Mancha";"RRD";"RRGD"
"017";"ALMODOVAR DEL PINAR";"16";"Cuenca";"07";"Comunidad Autónoma de Castilla-La Mancha";"RRD";"RRGD"
"018";"ALMONACID DEL MARQUESADO";"16";"Cuenca";"07";"Comunidad Autónoma de Castilla-La Mancha";"RRD";"RRD"
"019";"ALTAREJOS";"16";"Cuenca";"07";"Comunidad Autónoma de Castilla-La Mancha";"RRD";"RRGD"
"020";"ARANDILLA DEL ARROYO";"16";"Cuenca";"07";"Comunidad Autónoma de Castilla-La Mancha";"RRD";"RRGD"
"021";"ARCAS";"16";"Cuenca";"07";"Comunidad Autónoma de Castilla-La Mancha";"RNC";"RNC"
"022";"CHILLARON DE CUENCA";"16";"Cuenca";"07";"Comunidad Autónoma de Castilla-La Mancha";"RNC";"RNC"
"023";"ARCOS DE LA SIERRA";"16";"Cuenca";"07";"Comunidad Autónoma de Castilla-La Mancha";"RRD";"RRGD"
"024";"ARGUISUELAS";"16";"Cuenca";"07";"Comunidad Autónoma de Castilla-La Mancha";"RRD";"RRGD"
"025";"ARRANCACEPAS";"16";"Cuenca";"07";"Comunidad Autónoma de Castilla-La Mancha";"RRD";"RRGD"
"026";"ATALAYA DEL CAÑAVATE";"16";"Cuenca";"07";"Comunidad Autónoma de Castilla-La Mancha";"RRD";"RRGD"
"027";"BARAJAS DE MELO";"16";"Cuenca";"07";"Comunidad Autónoma de Castilla-La Mancha";"RRD";"RRGD"
"036";"FONTANALS DE CERDANYA";"17";"Girona";"09";"Comunidad Autónoma de Cataluña";"RNC";"RNC"
"037";"CALDES DE MALAVELLA";"17";"Girona";"09";"Comunidad Autónoma de Cataluña";"URBANO";"URBANO"
"038";"CALONGE";"17";"Girona";"09";"Comunidad Autónoma de Cataluña";"URBANO";"URBANO"
"039";"CAMOS";"17";"Girona";"09";"Comunidad Autónoma de Cataluña";"RNC";"RNC"
"040";"CAMPDEVANOL";"17";"Girona";"09";"Comunidad Autónoma de Cataluña";"RNC";"RNC"
"041";"CAMPELLES";"17";"Girona";"09";"Comunidad Autónoma de Cataluña";"RRD";"RRGD"
"042";"CAMPLLONG";"17";"Girona";"09";"Comunidad Autónoma de Cataluña";"RNC";"RNC"
"043";"CAMPRODON";"17";"Girona";"09";"Comunidad Autónoma de Cataluña";"RNC";"RNC"
"044";"CANET D`ADRI";"17";"Girona";"09";"Comunidad Autónoma de Cataluña";"RNC";"RNC"
"045";"CANTALLOPS";"17";"Girona";"09";"Comunidad Autónoma de Cataluña";"RNC";"RNC"
"046";"CAPMANY";"17";"Girona";"09";"Comunidad Autónoma de Cataluña";"RNC";"RNC"
"047";"QUERALBS";"17";"Girona";"09";"Comunidad Autónoma de Cataluña";"RRD";"RRGD"
"049";"CASSA DE LA SELVA";"17";"Girona";"09";"Comunidad Autónoma de Cataluña";"URBANO";"URBANO"
"051";"CASTELLFOLLIT DE LA ROCA";"17";"Girona";"09";"Comunidad Autónoma de Cataluña";"URBANO";"URBANO"
"052";"CASTELLO D'EMPURIES";"17";"Girona";"09";"Comunidad Autónoma de Cataluña";"URBANO";"URBANO"
"053";"CASTELL-PLATJA D`ARO";"17";"Girona";"09";"Comunidad Autónoma de Cataluña";"URBANO";"URBANO"
"054";"CELRA";"17";"Girona";"09";"Comunidad Autónoma de Cataluña";"URBANO";"URBANO"
"055";"CERVIA DE TER";"17";"Girona";"09";"Comunidad Autónoma de Cataluña";"RNC";"RNC"
"056";"CISTELLA";"17";"Girona";"09";"Comunidad Autónoma de Cataluña";"RRD";"RRD"
"057";"SIURANA";"17";"Girona";"09";"Comunidad Autónoma de Cataluña";"RNC";"RNC"
"059";"COLERA";"17";"Girona";"09";"Comunidad Autónoma de Cataluña";"RNC";"RNC"
"060";"COLOMERS";"17";"Girona";"09";"Comunidad Autónoma de Cataluña";"RNC";"RNC"
"061";"CORNELLA DEL TERRI";"17";"Girona";"09";"Comunidad Autónoma de Cataluña";"RNC";"RNC"
"062";"CORÇA";"17";"Girona";"09";"Comunidad Autónoma de Cataluña";"RNC";"RNC"
"063";"CRESPIA";"17";"Girona";"09";"Comunidad Autónoma de Cataluña";"RNC";"RNC"
"064";"CRUÏLLES, MONELLS I SANT SADURNÍ DE L'HEURA";"17";"Girona";"09";"Comunidad Autónoma de Cataluña";"RNC";"RNC"
"065";"DARNIUS";"17";"Girona";"09";"Comunidad Autónoma de Cataluña";"RNC";"RNC"
"066";"DAS";"17";"Girona";"09";"Comunidad Autónoma de Cataluña";"RNC";"RNC"
"068";"ESCALA (L')";"17";"Girona";"09";"Comunidad Autónoma de Cataluña";"URBANO";"URBANO"
"069";"ESPINELVES";"17";"Girona";"09";"Comunidad Autónoma de Cataluña";"RRD";"RRD"
"104";"MADREMANYA";"17";"Girona";"09";"Comunidad Autónoma de Cataluña";"RNC";"RNC"
"105";"MERANGES";"17";"Girona";"09";"Comunidad Autónoma de Cataluña";"RRD";"RRGD"
"106";"MASARAC";"17";"Girona";"09";"Comunidad Autónoma de Cataluña";"RNC";"RNC"
"107";"MASSANES";"17";"Girona";"09";"Comunidad Autónoma de Cataluña";"RNC";"RNC"
"108";"MAÇANET DE CABRENYS";"17";"Girona";"09";"Comunidad Autónoma de Cataluña";"RRD";"RRD"
"109";"MAÇANET DE LA SELVA";"17";"Girona";"09";"Comunidad Autónoma de Cataluña";"URBANO";"URBANO"
"110";"MAIA DE MONTCAL";"17";"Girona";"09";"Comunidad Autónoma de Cataluña";"RNC";"RNC"
"112";"MIERES";"17";"Girona";"09";"Comunidad Autónoma de Cataluña";"RRD";"RRD"
"113";"MOLLET DE PERALADA";"17";"Girona";"09";"Comunidad Autónoma de Cataluña";"RNC";"RNC"
"114";"MOLLO";"17";"Girona";"09";"Comunidad Autónoma de Cataluña";"RRD";"RRGD"
"116";"MONTAGUT I OIX";"17";"Girona";"09";"Comunidad Autónoma de Cataluña";"RRD";"RRD"
"117";"MONT-RAS";"17";"Girona";"09";"Comunidad Autónoma de Cataluña";"URBANO";"URBANO"
"118";"NAVATA";"17";"Girona";"09";"Comunidad Autónoma de Cataluña";"RNC";"RNC"
"119";"OGASSA";"17";"Girona";"09";"Comunidad Autónoma de Cataluña";"RRD";"RRGD"
"121";"OLOT";"17";"Girona";"09";"Comunidad Autónoma de Cataluña";"URBANO";"URBANO"
"122";"ORDIS";"17";"Girona";"09";"Comunidad Autónoma de Cataluña";"RNC";"RNC"
"123";"OSOR";"17";"Girona";"09";"Comunidad Autónoma de Cataluña";"RRD";"RRGD"
"124";"PALAFRUGELL";"17";"Girona";"09";"Comunidad Autónoma de Cataluña";"URBANO";"URBANO"
"125";"PALAMOS";"17";"Girona";"09";"Comunidad Autónoma de Cataluña";"URBANO";"URBANO"
"126";"PALAU DE SANTA EULALIA";"17";"Girona";"09";"Comunidad Autónoma de Cataluña";"RRD";"RRD"
"127";"PALAU-SAVERDERA";"17";"Girona";"09";"Comunidad Autónoma de Cataluña";"RNC";"RNC"
"129";"PALAU-SATOR";"17";"Girona";"09";"Comunidad Autónoma de Cataluña";"RNC";"RNC"
"131";"PALOL DE REVARDIT";"17";"Girona";"09";"Comunidad Autónoma de Cataluña";"RNC";"RNC"
"132";"PALS";"17";"Girona";"09";"Comunidad Autónoma de Cataluña";"RNC";"RNC"
"133";"PARDINES";"17";"Girona";"09";"Comunidad Autónoma de Cataluña";"RRD";"RRGD"
"134";"PARLAVA";"17";"Girona";"09";"Comunidad Autónoma de Cataluña";"RNC";"RNC"
"136";"PAU";"17";"Girona";"09";"Comunidad Autónoma de Cataluña";"RNC";"RNC"
"137";"PEDRET I MARZA";"17";"Girona";"09";"Comunidad Autónoma de Cataluña";"RNC";"RNC"
"138";"PERA (LA)";"17";"Girona";"09";"Comunidad Autónoma de Cataluña";"RNC";"RNC"
"140";"PERALADA";"17";"Girona";"09";"Comunidad Autónoma de Cataluña";"RNC";"RNC"
"142";"PLANES D'HOSTOLES (LES)";"17";"Girona";"09";"Comunidad Autónoma de Cataluña";"RNC";"RNC"
"143";"PLANOLES";"17";"Girona";"09";"Comunidad Autónoma de Cataluña";"RNC";"RNC"
"001";"AGULLANA";"17";"Girona";"09";"Comunidad Autónoma de Cataluña";"RNC";"RNC"
"002";"AIGUAVIVA";"17";"Girona";"09";"Comunidad Autónoma de Cataluña";"RNC";"RNC"
"003";"ALBANYA";"17";"Girona";"09";"Comunidad Autónoma de Cataluña";"RRD";"RRGD"
"004";"ALBONS";"17";"Girona";"09";"Comunidad Autónoma de Cataluña";"RNC";"RNC"
"005";"FAR D'EMPORDA (EL)";"17";"Girona";"09";"Comunidad Autónoma de Cataluña";"RNC";"RNC"
"006";"ALP";"17";"Girona";"09";"Comunidad Autónoma de Cataluña";"RNC";"RNC"
"007";"AMER";"17";"Girona";"09";"Comunidad Autónoma de Cataluña";"RNC";"RNC"
"008";"ANGLES";"17";"Girona";"09";"Comunidad Autónoma de Cataluña";"URBANO";"URBANO"
"009";"ARBUCIES";"17";"Girona";"09";"Comunidad Autónoma de Cataluña";"RNC";"RNC"
"010";"ARGELAGUER";"17";"Girona";"09";"Comunidad Autónoma de Cataluña";"RNC";"RNC"
"011";"ARMENTERA (L')";"17";"Girona";"09";"Comunidad Autónoma de Cataluña";"URBANO";"URBANO"
"012";"AVINYONET DE PUIGVENTOS";"17";"Girona";"09";"Comunidad Autónoma de Cataluña";"URBANO";"URBANO"
"014";"BEGUR";"17";"Girona";"09";"Comunidad Autónoma de Cataluña";"URBANO";"URBANO"
"015";"VAJOL (LA)";"17";"Girona";"09";"Comunidad Autónoma de Cataluña";"RNC";"RNC"
"016";"BANYOLES";"17";"Girona";"09";"Comunidad Autónoma de Cataluña";"URBANO";"URBANO"
"017";"VALL D'EN BAS (LA)";"17";"Girona";"09";"Comunidad Autónoma de Cataluña";"RNC";"RNC"
"018";"BASCARA";"17";"Girona";"09";"Comunidad Autónoma de Cataluña";"RNC";"RNC"
"021";"BELLCAIRE D'EMPORDA";"17";"Girona";"09";"Comunidad Autónoma de Cataluña";"RNC";"RNC"
"022";"BESALU";"17";"Girona";"09";"Comunidad Autónoma de Cataluña";"URBANO";"URBANO"
"023";"BESCANO";"17";"Girona";"09";"Comunidad Autónoma de Cataluña";"URBANO";"URBANO"
"024";"BEUDA";"17";"Girona";"09";"Comunidad Autónoma de Cataluña";"RRD";"RRGD"
"025";"BISBAL D'EMPORDÀ, LA";"17";"Girona";"09";"Comunidad Autónoma de Cataluña";"URBANO";"URBANO"
"026";"BLANES";"17";"Girona";"09";"Comunidad Autónoma de Cataluña";"URBANO";"URBANO"
"027";"BOLVIR";"17";"Girona";"09";"Comunidad Autónoma de Cataluña";"RNC";"RNC"
"028";"BORDILS";"17";"Girona";"09";"Comunidad Autónoma de Cataluña";"URBANO";"URBANO"
"029";"BORRASSA";"17";"Girona";"09";"Comunidad Autónoma de Cataluña";"RNC";"RNC"
"030";"BREDA";"17";"Girona";"09";"Comunidad Autónoma de Cataluña";"URBANO";"URBANO"
"031";"BRUNYOLA";"17";"Girona";"09";"Comunidad Autónoma de Cataluña";"RRD";"RRD"
"032";"BOADELLA I LES ESCAULES";"17";"Girona";"09";"Comunidad Autónoma de Cataluña";"RNC";"RNC"
"033";"CABANES";"17";"Girona";"09";"Comunidad Autónoma de Cataluña";"RNC";"RNC"
"034";"CABANELLES";"17";"Girona";"09";"Comunidad Autónoma de Cataluña";"RRD";"RRGD"
"035";"CADAQUES";"17";"Girona";"09";"Comunidad Autónoma de Cataluña";"URBANO";"URBANO"
"178";"SANT JOAN DE MOLLET";"17";"Girona";"09";"Comunidad Autónoma de Cataluña";"URBANO";"URBANO"
"179";"SANT JULIA DE RAMIS";"17";"Girona";"09";"Comunidad Autónoma de Cataluña";"URBANO";"URBANO"
"180";"SANT LLORENÇ DE LA MUGA";"17";"Girona";"09";"Comunidad Autónoma de Cataluña";"RRD";"RRGD"
"181";"SANT MARTI DE LLEMENA";"17";"Girona";"09";"Comunidad Autónoma de Cataluña";"RNC";"RNC"
"182";"SANT MARTI VELL";"17";"Girona";"09";"Comunidad Autónoma de Cataluña";"RNC";"RNC"
"183";"SANT MIQUEL DE CAMPMAJOR";"17";"Girona";"09";"Comunidad Autónoma de Cataluña";"RRD";"RRGD"
"184";"SANT MIQUEL DE FLUVIA";"17";"Girona";"09";"Comunidad Autónoma de Cataluña";"URBANO";"URBANO"
"185";"SANT MORI";"17";"Girona";"09";"Comunidad Autónoma de Cataluña";"RNC";"RNC"
"186";"SANT PAU DE SEGURIES";"17";"Girona";"09";"Comunidad Autónoma de Cataluña";"RNC";"RNC"
"187";"SANT PERE PESCADOR";"17";"Girona";"09";"Comunidad Autónoma de Cataluña";"URBANO";"URBANO"
"191";"SANTA COLOMA DE FARNERS";"17";"Girona";"09";"Comunidad Autónoma de Cataluña";"URBANO";"URBANO"
"192";"SANTA CRISTINA D'ARO";"17";"Girona";"09";"Comunidad Autónoma de Cataluña";"RNC";"RNC"
"194";"SANTA LLOGAIA D'ALGUEMA";"17";"Girona";"09";"Comunidad Autónoma de Cataluña";"URBANO";"URBANO"
"195";"SANT ANIOL DE FINESTRES";"17";"Girona";"09";"Comunidad Autónoma de Cataluña";"RRD";"RRGD"
"196";"SANTA PAU";"17";"Girona";"09";"Comunidad Autónoma de Cataluña";"RNC";"RNC"
"197";"SANT JOAN LES FONTS";"17";"Girona";"09";"Comunidad Autónoma de Cataluña";"RNC";"RNC"
"198";"SARRIA DE TER";"17";"Girona";"09";"Comunidad Autónoma de Cataluña";"URBANO";"URBANO"
"199";"SAUS, CAMALLERA I LLAMPAIES";"17";"Girona";"09";"Comunidad Autónoma de Cataluña";"RNC";"RNC"
"200";"SELVA DE MAR (LA)";"17";"Girona";"09";"Comunidad Autónoma de Cataluña";"RNC";"RNC"
"201";"CELLERA DE TER (LA)";"17";"Girona";"09";"Comunidad Autónoma de Cataluña";"URBANO";"URBANO"
"202";"SERINYA";"17";"Girona";"09";"Comunidad Autónoma de Cataluña";"RNC";"RNC"
"203";"SERRA DE DARO";"17";"Girona";"09";"Comunidad Autónoma de Cataluña";"RNC";"RNC"
"204";"SETCASES";"17";"Girona";"09";"Comunidad Autónoma de Cataluña";"RRD";"RRGD"
"205";"SILS";"17";"Girona";"09";"Comunidad Autónoma de Cataluña";"URBANO";"URBANO"
"206";"SUSQUEDA";"17";"Girona";"09";"Comunidad Autónoma de Cataluña";"RRD";"RRGD"
"207";"TALLADA D'EMPORDÀ, LA";"17";"Girona";"09";"Comunidad Autónoma de Cataluña";"RNC";"RNC"
"209";"TERRADES";"17";"Girona";"09";"Comunidad Autónoma de Cataluña";"RNC";"RNC"
"210";"TORRENT";"17";"Girona";"09";"Comunidad Autónoma de Cataluña";"RNC";"RNC"
"211";"TORROELLA DE FLUVIA";"17";"Girona";"09";"Comunidad Autónoma de Cataluña";"RNC";"RNC"
"212";"TORROELLA DE MONTGRI";"17";"Girona";"09";"Comunidad Autónoma de Cataluña";"URBANO";"URBANO"
"213";"TORTELLA";"17";"Girona";"09";"Comunidad Autónoma de Cataluña";"RNC";"RNC"
"214";"TOSES";"17";"Girona";"09";"Comunidad Autónoma de Cataluña";"RRD";"RRGD"
"070";"ESPOLLA";"17";"Girona";"09";"Comunidad Autónoma de Cataluña";"RRD";"RRD"
"071";"ESPONELLA";"17";"Girona";"09";"Comunidad Autónoma de Cataluña";"RNC";"RNC"
"072";"FIGUERES";"17";"Girona";"09";"Comunidad Autónoma de Cataluña";"URBANO";"URBANO"
"073";"FLAÇA";"17";"Girona";"09";"Comunidad Autónoma de Cataluña";"URBANO";"URBANO"
"074";"FOIXA";"17";"Girona";"09";"Comunidad Autónoma de Cataluña";"RNC";"RNC"
"075";"FONTANILLES";"17";"Girona";"09";"Comunidad Autónoma de Cataluña";"RNC";"RNC"
"076";"FONTCOBERTA";"17";"Girona";"09";"Comunidad Autónoma de Cataluña";"RNC";"RNC"
"077";"FORALLAC";"17";"Girona";"09";"Comunidad Autónoma de Cataluña";"RNC";"RNC"
"078";"FORNELLS DE LA SELVA";"17";"Girona";"09";"Comunidad Autónoma de Cataluña";"URBANO";"URBANO"
"079";"FORTIA";"17";"Girona";"09";"Comunidad Autónoma de Cataluña";"RNC";"RNC"
"081";"GARRIGAS";"17";"Girona";"09";"Comunidad Autónoma de Cataluña";"RNC";"RNC"
"082";"GARRIGOLES";"17";"Girona";"09";"Comunidad Autónoma de Cataluña";"RNC";"RNC"
"083";"GARRIGUELLA";"17";"Girona";"09";"Comunidad Autónoma de Cataluña";"RNC";"RNC"
"084";"GER";"17";"Girona";"09";"Comunidad Autónoma de Cataluña";"RNC";"RNC"
"085";"GIRONA";"17";"Girona";"09";"Comunidad Autónoma de Cataluña";"URBANO";"URBANO"
"086";"GOMBREN";"17";"Girona";"09";"Comunidad Autónoma de Cataluña";"RRD";"RRGD"
"087";"GUALTA";"17";"Girona";"09";"Comunidad Autónoma de Cataluña";"RNC";"RNC"
"088";"GUILS DE CERDANYA";"17";"Girona";"09";"Comunidad Autónoma de Cataluña";"RNC";"RNC"
"089";"HOSTALRIC";"17";"Girona";"09";"Comunidad Autónoma de Cataluña";"URBANO";"URBANO"
"090";"ISOVOL";"17";"Girona";"09";"Comunidad Autónoma de Cataluña";"RNC";"RNC"
"091";"JAFRE";"17";"Girona";"09";"Comunidad Autónoma de Cataluña";"RNC";"RNC"
"093";"JONQUERA (LA)";"17";"Girona";"09";"Comunidad Autónoma de Cataluña";"RNC";"RNC"
"094";"JUIA";"17";"Girona";"09";"Comunidad Autónoma de Cataluña";"RNC";"RNC"
"095";"LLADO";"17";"Girona";"09";"Comunidad Autónoma de Cataluña";"RNC";"RNC"
"096";"LLAGOSTERA";"17";"Girona";"09";"Comunidad Autónoma de Cataluña";"URBANO";"URBANO"
"097";"LLAMBILLES";"17";"Girona";"09";"Comunidad Autónoma de Cataluña";"RNC";"RNC"
"098";"LLANARS";"17";"Girona";"09";"Comunidad Autónoma de Cataluña";"RNC";"RNC"
"099";"LLANÇA";"17";"Girona";"09";"Comunidad Autónoma de Cataluña";"URBANO";"URBANO"
"100";"LLERS";"17";"Girona";"09";"Comunidad Autónoma de Cataluña";"RNC";"RNC"
"101";"LLIVIA";"17";"Girona";"09";"Comunidad Autónoma de Cataluña";"URBANO";"URBANO"
"102";"LLORET DE MAR";"17";"Girona";"09";"Comunidad Autónoma de Cataluña";"URBANO";"URBANO"
"103";"LLOSSES (LES)";"17";"Girona";"09";"Comunidad Autónoma de Cataluña";"RRD";"RRGD"
"215";"TOSSA DE MAR";"17";"Girona";"09";"Comunidad Autónoma de Cataluña";"URBANO";"URBANO"
"216";"ULTRAMORT";"17";"Girona";"09";"Comunidad Autónoma de Cataluña";"RNC";"RNC"
"217";"ULLA";"17";"Girona";"09";"Comunidad Autónoma de Cataluña";"URBANO";"URBANO"
"218";"ULLASTRET";"17";"Girona";"09";"Comunidad Autónoma de Cataluña";"RNC";"RNC"
"220";"URUS";"17";"Girona";"09";"Comunidad Autónoma de Cataluña";"RRD";"RRD"
"221";"VALL DE BIANYA (LA)";"17";"Girona";"09";"Comunidad Autónoma de Cataluña";"RNC";"RNC"
"222";"VALLFOGONA DE RIPOLLES";"17";"Girona";"09";"Comunidad Autónoma de Cataluña";"RRD";"RRGD"
"223";"VALL-LLOBREGA";"17";"Girona";"09";"Comunidad Autónoma de Cataluña";"URBANO";"URBANO"
"224";"VENTALLO";"17";"Girona";"09";"Comunidad Autónoma de Cataluña";"RNC";"RNC"
"225";"VERGES";"17";"Girona";"09";"Comunidad Autónoma de Cataluña";"URBANO";"URBANO"
"226";"VIDRA";"17";"Girona";"09";"Comunidad Autónoma de Cataluña";"RRD";"RRGD"
"227";"VIDRERES";"17";"Girona";"09";"Comunidad Autónoma de Cataluña";"URBANO";"URBANO"
"228";"VILABERTRAN";"17";"Girona";"09";"Comunidad Autónoma de Cataluña";"URBANO";"URBANO"
"229";"VILABLAREIX";"17";"Girona";"09";"Comunidad Autónoma de Cataluña";"URBANO";"URBANO"
"230";"VILADASENS";"17";"Girona";"09";"Comunidad Autónoma de Cataluña";"RNC";"RNC"
"231";"VILADAMAT";"17";"Girona";"09";"Comunidad Autónoma de Cataluña";"RNC";"RNC"
"232";"VILADEMULS";"17";"Girona";"09";"Comunidad Autónoma de Cataluña";"RNC";"RNC"
"234";"VILADRAU";"17";"Girona";"09";"Comunidad Autónoma de Cataluña";"RNC";"RNC"
"235";"VILAFANT";"17";"Girona";"09";"Comunidad Autónoma de Cataluña";"URBANO";"URBANO"
"236";"VILAÜR";"17";"Girona";"09";"Comunidad Autónoma de Cataluña";"RNC";"RNC"
"237";"VILAJUÏGA";"17";"Girona";"09";"Comunidad Autónoma de Cataluña";"RNC";"RNC"
"238";"VILALLONGA DE TER";"17";"Girona";"09";"Comunidad Autónoma de Cataluña";"RRD";"RRGD"
"240";"VILAMACOLUM";"17";"Girona";"09";"Comunidad Autónoma de Cataluña";"RNC";"RNC"
"241";"VILAMALLA";"17";"Girona";"09";"Comunidad Autónoma de Cataluña";"URBANO";"URBANO"
"242";"VILAMANISCLE";"17";"Girona";"09";"Comunidad Autónoma de Cataluña";"RNC";"RNC"
"243";"VILANANT";"17";"Girona";"09";"Comunidad Autónoma de Cataluña";"RNC";"RNC"
"245";"VILA-SACRA";"17";"Girona";"09";"Comunidad Autónoma de Cataluña";"URBANO";"URBANO"
"247";"VILOPRIU";"17";"Girona";"09";"Comunidad Autónoma de Cataluña";"RRD";"RRD"
"248";"VILOBI D'ONYAR";"17";"Girona";"09";"Comunidad Autónoma de Cataluña";"RNC";"RNC"
"249";"BIURE";"17";"Girona";"09";"Comunidad Autónoma de Cataluña";"RNC";"RNC"
"251";"SANT JULIA DEL LLOR I BONMATI";"17";"Girona";"09";"Comunidad Autónoma de Cataluña";"URBANO";"URBANO"
"900";"GIRONA(Código Antiguo)";"17";"Girona";"09";"Comunidad Autónoma de Cataluña";"URBANO";"URBANO"
"144";"PONT DE MOLINS";"17";"Girona";"09";"Comunidad Autónoma de Cataluña";"RNC";"RNC"
"145";"PONTOS";"17";"Girona";"09";"Comunidad Autónoma de Cataluña";"RNC";"RNC"
"146";"PORQUERES";"17";"Girona";"09";"Comunidad Autónoma de Cataluña";"URBANO";"URBANO"
"147";"PORTBOU";"17";"Girona";"09";"Comunidad Autónoma de Cataluña";"URBANO";"URBANO"
"148";"PRESES (LES)";"17";"Girona";"09";"Comunidad Autónoma de Cataluña";"URBANO";"URBANO"
"149";"PORT DE LA SELVA (EL)";"17";"Girona";"09";"Comunidad Autónoma de Cataluña";"RNC";"RNC"
"150";"PUIGCERDA";"17";"Girona";"09";"Comunidad Autónoma de Cataluña";"URBANO";"URBANO"
"151";"QUART";"17";"Girona";"09";"Comunidad Autónoma de Cataluña";"RNC";"RNC"
"152";"RABOS";"17";"Girona";"09";"Comunidad Autónoma de Cataluña";"RRD";"RRGD"
"153";"REGENCOS";"17";"Girona";"09";"Comunidad Autónoma de Cataluña";"RNC";"RNC"
"154";"RIBES DE FRESER";"17";"Girona";"09";"Comunidad Autónoma de Cataluña";"RNC";"RNC"
"155";"RIELLS I VIABREA";"17";"Girona";"09";"Comunidad Autónoma de Cataluña";"URBANO";"URBANO"
"156";"RIPOLL";"17";"Girona";"09";"Comunidad Autónoma de Cataluña";"URBANO";"URBANO"
"157";"RIUDARENES";"17";"Girona";"09";"Comunidad Autónoma de Cataluña";"RNC";"RNC"
"158";"RIUDAURA";"17";"Girona";"09";"Comunidad Autónoma de Cataluña";"RNC";"RNC"
"159";"RIUDELLOTS DE LA SELVA";"17";"Girona";"09";"Comunidad Autónoma de Cataluña";"URBANO";"URBANO"
"160";"RIUMORS";"17";"Girona";"09";"Comunidad Autónoma de Cataluña";"RNC";"RNC"
"161";"ROSES";"17";"Girona";"09";"Comunidad Autónoma de Cataluña";"URBANO";"URBANO"
"162";"RUPIA";"17";"Girona";"09";"Comunidad Autónoma de Cataluña";"RNC";"RNC"
"163";"SALES DE LLIERCA";"17";"Girona";"09";"Comunidad Autónoma de Cataluña";"RRD";"RRGD"
"164";"SALT";"17";"Girona";"09";"Comunidad Autónoma de Cataluña";"URBANO";"URBANO"
"166";"SANT ANDREU SALOU";"17";"Girona";"09";"Comunidad Autónoma de Cataluña";"RNC";"RNC"
"167";"SANT CLIMENT SESCEBES";"17";"Girona";"09";"Comunidad Autónoma de Cataluña";"RNC";"RNC"
"169";"SANT FELIU DE BUIXALLEU";"17";"Girona";"09";"Comunidad Autónoma de Cataluña";"RNC";"RNC"
"170";"SANT FELIU DE GUIXOLS";"17";"Girona";"09";"Comunidad Autónoma de Cataluña";"URBANO";"URBANO"
"171";"SANT FELIU DE PALLEROLS";"17";"Girona";"09";"Comunidad Autónoma de Cataluña";"RNC";"RNC"
"172";"SANT FERRIOL";"17";"Girona";"09";"Comunidad Autónoma de Cataluña";"RRD";"RRGD"
"173";"SANT GREGORI";"17";"Girona";"09";"Comunidad Autónoma de Cataluña";"RNC";"RNC"
"174";"SANT HILARI SACALM";"17";"Girona";"09";"Comunidad Autónoma de Cataluña";"RNC";"RNC"
"175";"SANT JAUME DE LLIERCA";"17";"Girona";"09";"Comunidad Autónoma de Cataluña";"URBANO";"URBANO"
"176";"SANT JORDI DESVALLS";"17";"Girona";"09";"Comunidad Autónoma de Cataluña";"RNC";"RNC"
"177";"SANT JOAN DE LES ABADESSES";"17";"Girona";"09";"Comunidad Autónoma de Cataluña";"RNC";"RNC"
"098";"Huélago";"18";"Granada";"01";"Comunidad Autónoma de Andalucía";"RRD";"RRD"
"099";"Huéneja";"18";"Granada";"01";"Comunidad Autónoma de Andalucía";"RRD";"RRD"
"100";"Huéscar";"18";"Granada";"01";"Comunidad Autónoma de Andalucía";"RNC";"RNC"
"101";"Huétor Santillán";"18";"Granada";"01";"Comunidad Autónoma de Andalucía";"RNC";"RNC"
"102";"Huétor Tájar";"18";"Granada";"01";"Comunidad Autónoma de Andalucía";"URBANO";"URBANO"
"103";"Huétor Vega";"18";"Granada";"01";"Comunidad Autónoma de Andalucía";"URBANO";"URBANO"
"104";"Illora";"18";"Granada";"01";"Comunidad Autónoma de Andalucía";"RNC";"RNC"
"105";"Pinar (El)";"18";"Granada";"01";"Comunidad Autónoma de Andalucía";"RNC";"RNC"
"106";"Itrabo";"18";"Granada";"01";"Comunidad Autónoma de Andalucía";"RNC";"RNC"
"107";"Iznalloz";"18";"Granada";"01";"Comunidad Autónoma de Andalucía";"RNC";"RNC"
"108";"Játar";"18";"Granada";"01";"Comunidad Autónoma de Andalucía";"RNC";"RNC"
"109";"Jayena";"18";"Granada";"01";"Comunidad Autónoma de Andalucía";"RNC";"RNC"
"110";"Jerez del Marquesado";"18";"Granada";"01";"Comunidad Autónoma de Andalucía";"RRD";"RRD"
"111";"Jete";"18";"Granada";"01";"Comunidad Autónoma de Andalucía";"RNC";"RNC"
"002";"Agrón";"18";"Granada";"01";"Comunidad Autónoma de Andalucía";"RRD";"RRD"
"003";"Alamedilla";"18";"Granada";"01";"Comunidad Autónoma de Andalucía";"RRD";"RRGD"
"004";"Albolote";"18";"Granada";"01";"Comunidad Autónoma de Andalucía";"URBANO";"URBANO"
"005";"Albondón";"18";"Granada";"01";"Comunidad Autónoma de Andalucía";"RNC";"RNC"
"006";"Albuñán";"18";"Granada";"01";"Comunidad Autónoma de Andalucía";"RNC";"RNC"
"007";"Albuñol";"18";"Granada";"01";"Comunidad Autónoma de Andalucía";"URBANO";"URBANO"
"008";"Albuñuelas";"18";"Granada";"01";"Comunidad Autónoma de Andalucía";"RRD";"RRGD"
"011";"Aldeire";"18";"Granada";"01";"Comunidad Autónoma de Andalucía";"RRD";"RRD"
"012";"Alfacar";"18";"Granada";"01";"Comunidad Autónoma de Andalucía";"URBANO";"URBANO"
"013";"Algarinejo";"18";"Granada";"01";"Comunidad Autónoma de Andalucía";"RNC";"RNC"
"014";"Alhama de Granada";"18";"Granada";"01";"Comunidad Autónoma de Andalucía";"RNC";"RNC"
"015";"Alhendín";"18";"Granada";"01";"Comunidad Autónoma de Andalucía";"URBANO";"URBANO"
"016";"Alicún de Ortega";"18";"Granada";"01";"Comunidad Autónoma de Andalucía";"RNC";"RNC"
"017";"Almegíjar";"18";"Granada";"01";"Comunidad Autónoma de Andalucía";"RRD";"RRD"
"018";"Almuñécar";"18";"Granada";"01";"Comunidad Autónoma de Andalucía";"URBANO";"URBANO"
"019";"Alquife";"18";"Granada";"01";"Comunidad Autónoma de Andalucía";"RNC";"RNC"
"020";"Vegas del Genil";"18";"Granada";"01";"Comunidad Autónoma de Andalucía";"URBANO";"URBANO"
"021";"Arenas del Rey";"18";"Granada";"01";"Comunidad Autónoma de Andalucía";"RRD";"RRD"
"022";"Armilla";"18";"Granada";"01";"Comunidad Autónoma de Andalucía";"URBANO";"URBANO"
"023";"Atarfe";"18";"Granada";"01";"Comunidad Autónoma de Andalucía";"URBANO";"URBANO"
"024";"Baza";"18";"Granada";"01";"Comunidad Autónoma de Andalucía";"RNC";"RNC"
"025";"Beas de Granada";"18";"Granada";"01";"Comunidad Autónoma de Andalucía";"RNC";"RNC"
"026";"Beas de Guadix";"18";"Granada";"01";"Comunidad Autónoma de Andalucía";"RNC";"RNC"
"028";"Benalúa";"18";"Granada";"01";"Comunidad Autónoma de Andalucía";"URBANO";"URBANO"
"029";"Benalúa de las Villas";"18";"Granada";"01";"Comunidad Autónoma de Andalucía";"RNC";"RNC"
"030";"Benamaurel";"18";"Granada";"01";"Comunidad Autónoma de Andalucía";"RNC";"RNC"
"031";"Bérchules";"18";"Granada";"01";"Comunidad Autónoma de Andalucía";"RRD";"RRD"
"033";"Bubión";"18";"Granada";"01";"Comunidad Autónoma de Andalucía";"RNC";"RNC"
"034";"Busquístar";"18";"Granada";"01";"Comunidad Autónoma de Andalucía";"RNC";"RNC"
"035";"Cacín";"18";"Granada";"01";"Comunidad Autónoma de Andalucía";"RNC";"RNC"
"036";"Cádiar";"18";"Granada";"01";"Comunidad Autónoma de Andalucía";"RNC";"RNC"
"037";"Cájar";"18";"Granada";"01";"Comunidad Autónoma de Andalucía";"URBANO";"URBANO"
"173";"Rubite";"18";"Granada";"01";"Comunidad Autónoma de Andalucía";"RNC";"RNC"
"174";"Salar";"18";"Granada";"01";"Comunidad Autónoma de Andalucía";"RNC";"RNC"
"176";"Salobreña";"18";"Granada";"01";"Comunidad Autónoma de Andalucía";"URBANO";"URBANO"
"177";"Santa Cruz del Comercio";"18";"Granada";"01";"Comunidad Autónoma de Andalucía";"RNC";"RNC"
"178";"Santa Fe";"18";"Granada";"01";"Comunidad Autónoma de Andalucía";"URBANO";"URBANO"
"179";"Soportújar";"18";"Granada";"01";"Comunidad Autónoma de Andalucía";"RNC";"RNC"
"180";"Sorvilán";"18";"Granada";"01";"Comunidad Autónoma de Andalucía";"RNC";"RNC"
"181";"Torre-Cardela";"18";"Granada";"01";"Comunidad Autónoma de Andalucía";"RNC";"RNC"
"182";"Torvizcón";"18";"Granada";"01";"Comunidad Autónoma de Andalucía";"RNC";"RNC"
"183";"Trevélez";"18";"Granada";"01";"Comunidad Autónoma de Andalucía";"RRD";"RRD"
"185";"Turón";"18";"Granada";"01";"Comunidad Autónoma de Andalucía";"RRD";"RRGD"
"186";"Ugíjar";"18";"Granada";"01";"Comunidad Autónoma de Andalucía";"RNC";"RNC"
"187";"Válor";"18";"Granada";"01";"Comunidad Autónoma de Andalucía";"RRD";"RRD"
"188";"Vélez de Benaudalla";"18";"Granada";"01";"Comunidad Autónoma de Andalucía";"RNC";"RNC"
"038";"Calicasas";"18";"Granada";"01";"Comunidad Autónoma de Andalucía";"RNC";"RNC"
"039";"Campotéjar";"18";"Granada";"01";"Comunidad Autónoma de Andalucía";"RNC";"RNC"
"040";"Caniles";"18";"Granada";"01";"Comunidad Autónoma de Andalucía";"RNC";"RNC"
"041";"Cáñar";"18";"Granada";"01";"Comunidad Autónoma de Andalucía";"RNC";"RNC"
"043";"Capileira";"18";"Granada";"01";"Comunidad Autónoma de Andalucía";"RRD";"RRD"
"044";"Carataunas";"18";"Granada";"01";"Comunidad Autónoma de Andalucía";"RNC";"RNC"
"045";"Cástaras";"18";"Granada";"01";"Comunidad Autónoma de Andalucía";"RRD";"RRD"
"046";"Castilléjar";"18";"Granada";"01";"Comunidad Autónoma de Andalucía";"RRD";"RRD"
"047";"Castril";"18";"Granada";"01";"Comunidad Autónoma de Andalucía";"RRD";"RRD"
"048";"Cenes de la Vega";"18";"Granada";"01";"Comunidad Autónoma de Andalucía";"URBANO";"URBANO"
"049";"Cijuela";"18";"Granada";"01";"Comunidad Autónoma de Andalucía";"URBANO";"URBANO"
"050";"Cogollos de Guadix";"18";"Granada";"01";"Comunidad Autónoma de Andalucía";"RNC";"RNC"
"051";"Cogollos Vega";"18";"Granada";"01";"Comunidad Autónoma de Andalucía";"RNC";"RNC"
"052";"Colomera";"18";"Granada";"01";"Comunidad Autónoma de Andalucía";"RRD";"RRD"
"053";"Villamena";"18";"Granada";"01";"Comunidad Autónoma de Andalucía";"RNC";"RNC"
"054";"Cortes de Baza";"18";"Granada";"01";"Comunidad Autónoma de Andalucía";"RNC";"RNC"
"055";"Cortes y Graena";"18";"Granada";"01";"Comunidad Autónoma de Andalucía";"RNC";"RNC"
"057";"Cúllar";"18";"Granada";"01";"Comunidad Autónoma de Andalucía";"RRD";"RRD"
"058";"Cúllar Vega";"18";"Granada";"01";"Comunidad Autónoma de Andalucía";"URBANO";"URBANO"
"059";"Valle del Zalabí";"18";"Granada";"01";"Comunidad Autónoma de Andalucía";"RNC";"RNC"
"060";"Chauchina";"18";"Granada";"01";"Comunidad Autónoma de Andalucía";"URBANO";"URBANO"
"062";"Chimeneas";"18";"Granada";"01";"Comunidad Autónoma de Andalucía";"RNC";"RNC"
"063";"Lecrín";"18";"Granada";"01";"Comunidad Autónoma de Andalucía";"RNC";"RNC"
"064";"Churriana de la Vega";"18";"Granada";"01";"Comunidad Autónoma de Andalucía";"URBANO";"URBANO"
"065";"Darro";"18";"Granada";"01";"Comunidad Autónoma de Andalucía";"RNC";"RNC"
"066";"Dehesas de Guadix";"18";"Granada";"01";"Comunidad Autónoma de Andalucía";"RRD";"RRGD"
"068";"Deifontes";"18";"Granada";"01";"Comunidad Autónoma de Andalucía";"RNC";"RNC"
"069";"Diezma";"18";"Granada";"01";"Comunidad Autónoma de Andalucía";"RNC";"RNC"
"070";"Dílar";"18";"Granada";"01";"Comunidad Autónoma de Andalucía";"RNC";"RNC"
"071";"Dólar";"18";"Granada";"01";"Comunidad Autónoma de Andalucía";"RRD";"RRGD"
"072";"Dúdar";"18";"Granada";"01";"Comunidad Autónoma de Andalucía";"RNC";"RNC"
"073";"Dúrcal";"18";"Granada";"01";"Comunidad Autónoma de Andalucía";"RNC";"RNC"
"074";"Escúzar";"18";"Granada";"01";"Comunidad Autónoma de Andalucía";"RNC";"RNC"
"076";"Ferreira";"18";"Granada";"01";"Comunidad Autónoma de Andalucía";"RRD";"RRGD"
"078";"Fonelas";"18";"Granada";"01";"Comunidad Autónoma de Andalucía";"RRD";"RRD"
"079";"FORNES";"18";"Granada";"01";"Comunidad Autónoma de Andalucía";"RRD";"RRD"
"080";"Freila";"18";"Granada";"01";"Comunidad Autónoma de Andalucía";"RRD";"RRD"
"081";"Fuente Vaqueros";"18";"Granada";"01";"Comunidad Autónoma de Andalucía";"URBANO";"URBANO"
"083";"Gabias (Las)";"18";"Granada";"01";"Comunidad Autónoma de Andalucía";"URBANO";"URBANO"
"084";"Galera";"18";"Granada";"01";"Comunidad Autónoma de Andalucía";"RRD";"RRD"
"085";"Gobernador";"18";"Granada";"01";"Comunidad Autónoma de Andalucía";"RRD";"RRD"
"086";"Gójar";"18";"Granada";"01";"Comunidad Autónoma de Andalucía";"URBANO";"URBANO"
"087";"Gor";"18";"Granada";"01";"Comunidad Autónoma de Andalucía";"RRD";"RRGD"
"088";"Gorafe";"18";"Granada";"01";"Comunidad Autónoma de Andalucía";"RRD";"RRGD"
"090";"Guadahortuna";"18";"Granada";"01";"Comunidad Autónoma de Andalucía";"RNC";"RNC"
"091";"Guadix";"18";"Granada";"01";"Comunidad Autónoma de Andalucía";"RNC";"RNC"
"092";"Guajares (Los)";"18";"Granada";"01";"Comunidad Autónoma de Andalucía";"RRD";"RRD"
"095";"Gualchos";"18";"Granada";"01";"Comunidad Autónoma de Andalucía";"URBANO";"URBANO"
"096";"Güéjar Sierra";"18";"Granada";"01";"Comunidad Autónoma de Andalucía";"RRD";"RRD"
"097";"Güevéjar";"18";"Granada";"01";"Comunidad Autónoma de Andalucía";"URBANO";"URBANO"
"189";"Ventas de Huelma";"18";"Granada";"01";"Comunidad Autónoma de Andalucía";"RNC";"RNC"
"191";"Villanueva de las Torres";"18";"Granada";"01";"Comunidad Autónoma de Andalucía";"RRD";"RRD"
"192";"Villanueva Mesía";"18";"Granada";"01";"Comunidad Autónoma de Andalucía";"URBANO";"URBANO"
"193";"Víznar";"18";"Granada";"01";"Comunidad Autónoma de Andalucía";"RNC";"RNC"
"196";"Zafarraya";"18";"Granada";"01";"Comunidad Autónoma de Andalucía";"RNC";"RNC"
"197";"Zubia (La)";"18";"Granada";"01";"Comunidad Autónoma de Andalucía";"URBANO";"URBANO"
"198";"Zújar";"18";"Granada";"01";"Comunidad Autónoma de Andalucía";"RNC";"RNC"
"199";"Cuevas del Campo";"18";"Granada";"01";"Comunidad Autónoma de Andalucía";"RNC";"RNC"
"200";"Zagra";"18";"Granada";"01";"Comunidad Autónoma de Andalucía";"RNC";"RNC"
"201";"VALDERRUBIO";"18";"Granada";"01";"Comunidad Autónoma de Andalucía";"RRD";"RRD"
"202";"Dehesas Viejas";"18";"Granada";"01";"Comunidad Autónoma de Andalucía";"RNC";"RNC"
"204";"Domingo Pérez de Granada";"18";"Granada";"01";"Comunidad Autónoma de Andalucía";"RNC";"RNC"
"205";"TORRENUEVA COSTA";"18";"Granada";"01";"Comunidad Autónoma de Andalucía";"RNC";"RNC"
"900";"Granada";"18";"Granada";"01";"Comunidad Autónoma de Andalucía";"URBANO";"URBANO"
"113";"Jun";"18";"Granada";"01";"Comunidad Autónoma de Andalucía";"URBANO";"URBANO"
"114";"Juviles";"18";"Granada";"01";"Comunidad Autónoma de Andalucía";"RRD";"RRD"
"116";"Calahorra (La)";"18";"Granada";"01";"Comunidad Autónoma de Andalucía";"RNC";"RNC"
"117";"Láchar";"18";"Granada";"01";"Comunidad Autónoma de Andalucía";"URBANO";"URBANO"
"118";"Lanjarón";"18";"Granada";"01";"Comunidad Autónoma de Andalucía";"RNC";"RNC"
"119";"Lanteira";"18";"Granada";"01";"Comunidad Autónoma de Andalucía";"RRD";"RRD"
"120";"Nevada";"18";"Granada";"01";"Comunidad Autónoma de Andalucía";"RNC";"RNC"
"121";"Lentegí";"18";"Granada";"01";"Comunidad Autónoma de Andalucía";"RNC";"RNC"
"122";"Lobras";"18";"Granada";"01";"Comunidad Autónoma de Andalucía";"RRD";"RRD"
"123";"Loja";"18";"Granada";"01";"Comunidad Autónoma de Andalucía";"RNC";"RNC"
"124";"Lugros";"18";"Granada";"01";"Comunidad Autónoma de Andalucía";"RRD";"RRGD"
"125";"Lújar";"18";"Granada";"01";"Comunidad Autónoma de Andalucía";"RNC";"RNC"
"127";"Malahá (La)";"18";"Granada";"01";"Comunidad Autónoma de Andalucía";"RNC";"RNC"
"128";"Maracena";"18";"Granada";"01";"Comunidad Autónoma de Andalucía";"URBANO";"URBANO"
"129";"Marchal";"18";"Granada";"01";"Comunidad Autónoma de Andalucía";"RNC";"RNC"
"130";"Alpujarra de la Sierra";"18";"Granada";"01";"Comunidad Autónoma de Andalucía";"RNC";"RNC"
"132";"Valle (El)";"18";"Granada";"01";"Comunidad Autónoma de Andalucía";"RNC";"RNC"
"133";"Moclín";"18";"Granada";"01";"Comunidad Autónoma de Andalucía";"RNC";"RNC"
"134";"Molvízar";"18";"Granada";"01";"Comunidad Autónoma de Andalucía";"URBANO";"URBANO"
"135";"Monachil";"18";"Granada";"01";"Comunidad Autónoma de Andalucía";"RNC";"RNC"
"137";"Montefrío";"18";"Granada";"01";"Comunidad Autónoma de Andalucía";"RNC";"RNC"
"138";"Montejícar";"18";"Granada";"01";"Comunidad Autónoma de Andalucía";"RNC";"RNC"
"139";"Montillana";"18";"Granada";"01";"Comunidad Autónoma de Andalucía";"RNC";"RNC"
"140";"Moraleda de Zafayona";"18";"Granada";"01";"Comunidad Autónoma de Andalucía";"RNC";"RNC"
"141";"Morelábor";"18";"Granada";"01";"Comunidad Autónoma de Andalucía";"RNC";"RNC"
"142";"Motril";"18";"Granada";"01";"Comunidad Autónoma de Andalucía";"URBANO";"URBANO"
"144";"Murtas";"18";"Granada";"01";"Comunidad Autónoma de Andalucía";"RRD";"RRGD"
"146";"Nigüelas";"18";"Granada";"01";"Comunidad Autónoma de Andalucía";"RNC";"RNC"
"147";"Nívar";"18";"Granada";"01";"Comunidad Autónoma de Andalucía";"RNC";"RNC"
"148";"Ogíjares";"18";"Granada";"01";"Comunidad Autónoma de Andalucía";"URBANO";"URBANO"
"149";"Orce";"18";"Granada";"01";"Comunidad Autónoma de Andalucía";"RRD";"RRGD"
"150";"Orgiva";"18";"Granada";"01";"Comunidad Autónoma de Andalucía";"RNC";"RNC"
"151";"Otívar";"18";"Granada";"01";"Comunidad Autónoma de Andalucía";"RNC";"RNC"
"152";"Villa de Otura";"18";"Granada";"01";"Comunidad Autónoma de Andalucía";"URBANO";"URBANO"
"153";"Padul";"18";"Granada";"01";"Comunidad Autónoma de Andalucía";"RNC";"RNC"
"154";"Pampaneira";"18";"Granada";"01";"Comunidad Autónoma de Andalucía";"RNC";"RNC"
"155";"Pedro Martínez";"18";"Granada";"01";"Comunidad Autónoma de Andalucía";"RRD";"RRD"
"156";"Peligros";"18";"Granada";"01";"Comunidad Autónoma de Andalucía";"URBANO";"URBANO"
"157";"Peza (La)";"18";"Granada";"01";"Comunidad Autónoma de Andalucía";"RRD";"RRD"
"160";"Pinos Genil";"18";"Granada";"01";"Comunidad Autónoma de Andalucía";"URBANO";"URBANO"
"161";"Pinos Puente";"18";"Granada";"01";"Comunidad Autónoma de Andalucía";"URBANO";"URBANO"
"162";"Píñar";"18";"Granada";"01";"Comunidad Autónoma de Andalucía";"RRD";"RRD"
"163";"Taha (La)";"18";"Granada";"01";"Comunidad Autónoma de Andalucía";"RNC";"RNC"
"164";"Polícar";"18";"Granada";"01";"Comunidad Autónoma de Andalucía";"RNC";"RNC"
"165";"Polopos";"18";"Granada";"01";"Comunidad Autónoma de Andalucía";"RNC";"RNC"
"166";"Pórtugos";"18";"Granada";"01";"Comunidad Autónoma de Andalucía";"RNC";"RNC"
"167";"Puebla de Don Fadrique";"18";"Granada";"01";"Comunidad Autónoma de Andalucía";"RRD";"RRGD"
"168";"Pulianas";"18";"Granada";"01";"Comunidad Autónoma de Andalucía";"URBANO";"URBANO"
"170";"Purullena";"18";"Granada";"01";"Comunidad Autónoma de Andalucía";"URBANO";"URBANO"
"171";"Quéntar";"18";"Granada";"01";"Comunidad Autónoma de Andalucía";"RNC";"RNC"
"048";"ARROYO DE LAS FRAGUAS";"19";"Guadalajara";"07";"Comunidad Autónoma de Castilla-La Mancha";"RRD";"RRGD"
"050";"ATANZON";"19";"Guadalajara";"07";"Comunidad Autónoma de Castilla-La Mancha";"RRD";"RRGD"
"051";"ATIENZA";"19";"Guadalajara";"07";"Comunidad Autónoma de Castilla-La Mancha";"RRD";"RRGD"
"052";"AUÑON";"19";"Guadalajara";"07";"Comunidad Autónoma de Castilla-La Mancha";"RRD";"RRGD"
"053";"AZAÑON";"19";"Guadalajara";"07";"Comunidad Autónoma de Castilla-La Mancha";"RRD";"RRD"
"054";"AZUQUECA DE HENARES";"19";"Guadalajara";"07";"Comunidad Autónoma de Castilla-La Mancha";"URBANO";"URBANO"
"055";"BAIDES";"19";"Guadalajara";"07";"Comunidad Autónoma de Castilla-La Mancha";"RRD";"RRGD"
"057";"BALCONETE";"19";"Guadalajara";"07";"Comunidad Autónoma de Castilla-La Mancha";"RRD";"RRD"
"058";"BAÑOS DE TAJO";"19";"Guadalajara";"07";"Comunidad Autónoma de Castilla-La Mancha";"RRD";"RRGD"
"059";"BAÑUELOS";"19";"Guadalajara";"07";"Comunidad Autónoma de Castilla-La Mancha";"RRD";"RRGD"
"060";"BARRIOPEDRO";"19";"Guadalajara";"07";"Comunidad Autónoma de Castilla-La Mancha";"RRD";"RRGD"
"061";"BELEÑA DEL SORBE";"19";"Guadalajara";"07";"Comunidad Autónoma de Castilla-La Mancha";"RRD";"RRGD"
"062";"BERNINCHES";"19";"Guadalajara";"07";"Comunidad Autónoma de Castilla-La Mancha";"RRD";"RRGD"
"113";"CONDEMIOS DE ABAJO";"19";"Guadalajara";"07";"Comunidad Autónoma de Castilla-La Mancha";"RRD";"RRGD"
"114";"CONDEMIOS DE ARRIBA";"19";"Guadalajara";"07";"Comunidad Autónoma de Castilla-La Mancha";"RRD";"RRGD"
"115";"CONGOSTRINA";"19";"Guadalajara";"07";"Comunidad Autónoma de Castilla-La Mancha";"RRD";"RRGD"
"116";"COPERNAL";"19";"Guadalajara";"07";"Comunidad Autónoma de Castilla-La Mancha";"RRD";"RRGD"
"117";"CORCOLES";"19";"Guadalajara";"07";"Comunidad Autónoma de Castilla-La Mancha";"RNC";"RNC"
"118";"CORDUENTE";"19";"Guadalajara";"07";"Comunidad Autónoma de Castilla-La Mancha";"RRD";"RRGD"
"122";"CUBILLO DE UCEDA (EL)";"19";"Guadalajara";"07";"Comunidad Autónoma de Castilla-La Mancha";"RRD";"RRGD"
"124";"CHECA";"19";"Guadalajara";"07";"Comunidad Autónoma de Castilla-La Mancha";"RRD";"RRGD"
"125";"CHEQUILLA";"19";"Guadalajara";"07";"Comunidad Autónoma de Castilla-La Mancha";"RRD";"RRGD"
"126";"CHILOECHES";"19";"Guadalajara";"07";"Comunidad Autónoma de Castilla-La Mancha";"RNC";"RNC"
"127";"CHILLARON DEL REY";"19";"Guadalajara";"07";"Comunidad Autónoma de Castilla-La Mancha";"RRD";"RRGD"
"128";"DRIEBES";"19";"Guadalajara";"07";"Comunidad Autónoma de Castilla-La Mancha";"RRD";"RRD"
"129";"DURON";"19";"Guadalajara";"07";"Comunidad Autónoma de Castilla-La Mancha";"RRD";"RRGD"
"130";"EMBID";"19";"Guadalajara";"07";"Comunidad Autónoma de Castilla-La Mancha";"RRD";"RRGD"
"131";"ESCAMILLA";"19";"Guadalajara";"07";"Comunidad Autónoma de Castilla-La Mancha";"RRD";"RRGD"
"132";"ESCARICHE";"19";"Guadalajara";"07";"Comunidad Autónoma de Castilla-La Mancha";"RRD";"RRGD"
"133";"ESCOPETE";"19";"Guadalajara";"07";"Comunidad Autónoma de Castilla-La Mancha";"RRD";"RRGD"
"134";"ESPINOSA DE HENARES";"19";"Guadalajara";"07";"Comunidad Autónoma de Castilla-La Mancha";"RNC";"RNC"
"135";"ESPLEGARES";"19";"Guadalajara";"07";"Comunidad Autónoma de Castilla-La Mancha";"RRD";"RRGD"
"136";"ESTABLES";"19";"Guadalajara";"07";"Comunidad Autónoma de Castilla-La Mancha";"RRD";"RRGD"
"137";"ESTRIEGANA";"19";"Guadalajara";"07";"Comunidad Autónoma de Castilla-La Mancha";"RRD";"RRGD"
"138";"FONTANAR";"19";"Guadalajara";"07";"Comunidad Autónoma de Castilla-La Mancha";"URBANO";"URBANO"
"139";"FUEMBELLIDA";"19";"Guadalajara";"07";"Comunidad Autónoma de Castilla-La Mancha";"RRD";"RRGD"
"140";"FUENCEMILLAN";"19";"Guadalajara";"07";"Comunidad Autónoma de Castilla-La Mancha";"RRD";"RRD"
"142";"FUENTELAHIGUERA DE ALBATAGES";"19";"Guadalajara";"07";"Comunidad Autónoma de Castilla-La Mancha";"RRD";"RRGD"
"143";"FUENTELENCINA";"19";"Guadalajara";"07";"Comunidad Autónoma de Castilla-La Mancha";"RRD";"RRGD"
"144";"FUENTELSAZ";"19";"Guadalajara";"07";"Comunidad Autónoma de Castilla-La Mancha";"RRD";"RRGD"
"001";"ABANADES";"19";"Guadalajara";"07";"Comunidad Autónoma de Castilla-La Mancha";"RRD";"RRGD"
"002";"ABLANQUE";"19";"Guadalajara";"07";"Comunidad Autónoma de Castilla-La Mancha";"RRD";"RRGD"
"003";"ADOBES";"19";"Guadalajara";"07";"Comunidad Autónoma de Castilla-La Mancha";"RRD";"RRGD"
"005";"ALAMINOS";"19";"Guadalajara";"07";"Comunidad Autónoma de Castilla-La Mancha";"RRD";"RRGD"
"006";"ALARILLA";"19";"Guadalajara";"07";"Comunidad Autónoma de Castilla-La Mancha";"RRD";"RRGD"
"007";"ALBALATE DE ZORITA";"19";"Guadalajara";"07";"Comunidad Autónoma de Castilla-La Mancha";"RNC";"RNC"
"008";"ALBARES";"19";"Guadalajara";"07";"Comunidad Autónoma de Castilla-La Mancha";"RNC";"RNC"
"009";"ALBENDIEGO";"19";"Guadalajara";"07";"Comunidad Autónoma de Castilla-La Mancha";"RRD";"RRGD"
"011";"ALCOCER";"19";"Guadalajara";"07";"Comunidad Autónoma de Castilla-La Mancha";"RRD";"RRGD"
"012";"ALCOLEA DE LAS PEÑAS";"19";"Guadalajara";"07";"Comunidad Autónoma de Castilla-La Mancha";"RRD";"RRGD"
"013";"ALCOLEA DEL PINAR";"19";"Guadalajara";"07";"Comunidad Autónoma de Castilla-La Mancha";"RRD";"RRGD"
"014";"ALCORLO";"19";"Guadalajara";"07";"Comunidad Autónoma de Castilla-La Mancha";"RRD";"RRGD"
"015";"ALCOROCHES";"19";"Guadalajara";"07";"Comunidad Autónoma de Castilla-La Mancha";"RRD";"RRGD"
"018";"ALDEANUEVA DE GUADALAJARA";"19";"Guadalajara";"07";"Comunidad Autónoma de Castilla-La Mancha";"RRD";"RRGD"
"019";"ALEAS";"19";"Guadalajara";"07";"Comunidad Autónoma de Castilla-La Mancha";"RRD";"RRGD"
"020";"ALGAR DE MESA";"19";"Guadalajara";"07";"Comunidad Autónoma de Castilla-La Mancha";"RRD";"RRGD"
"021";"ALGORA";"19";"Guadalajara";"07";"Comunidad Autónoma de Castilla-La Mancha";"RRD";"RRGD"
"022";"ALHONDIGA";"19";"Guadalajara";"07";"Comunidad Autónoma de Castilla-La Mancha";"RRD";"RRD"
"023";"ALIQUE";"19";"Guadalajara";"07";"Comunidad Autónoma de Castilla-La Mancha";"RRD";"RRGD"
"024";"ALMADRONES";"19";"Guadalajara";"07";"Comunidad Autónoma de Castilla-La Mancha";"RRD";"RRGD"
"026";"ALMOGUERA";"19";"Guadalajara";"07";"Comunidad Autónoma de Castilla-La Mancha";"RRD";"RRD"
"027";"ALMONACID DE ZORITA";"19";"Guadalajara";"07";"Comunidad Autónoma de Castilla-La Mancha";"RNC";"RNC"
"028";"ALOCEN";"19";"Guadalajara";"07";"Comunidad Autónoma de Castilla-La Mancha";"RRD";"RRD"
"029";"ALOVERA";"19";"Guadalajara";"07";"Comunidad Autónoma de Castilla-La Mancha";"URBANO";"URBANO"
"030";"ALPEDRETE DE LA SIERRA";"19";"Guadalajara";"07";"Comunidad Autónoma de Castilla-La Mancha";"RRD";"RRGD"
"032";"ALUSTANTE";"19";"Guadalajara";"07";"Comunidad Autónoma de Castilla-La Mancha";"RRD";"RRGD"
"036";"ANGON";"19";"Guadalajara";"07";"Comunidad Autónoma de Castilla-La Mancha";"RRD";"RRGD"
"037";"ANGUITA";"19";"Guadalajara";"07";"Comunidad Autónoma de Castilla-La Mancha";"RRD";"RRGD"
"038";"ANQUELA DEL DUCADO";"19";"Guadalajara";"07";"Comunidad Autónoma de Castilla-La Mancha";"RRD";"RRGD"
"039";"ANQUELA DEL PEDREGAL";"19";"Guadalajara";"07";"Comunidad Autónoma de Castilla-La Mancha";"RRD";"RRGD"
"041";"ARANZUEQUE";"19";"Guadalajara";"07";"Comunidad Autónoma de Castilla-La Mancha";"RNC";"RNC"
"042";"ARBANCON";"19";"Guadalajara";"07";"Comunidad Autónoma de Castilla-La Mancha";"RRD";"RRGD"
"043";"ARBETETA";"19";"Guadalajara";"07";"Comunidad Autónoma de Castilla-La Mancha";"RRD";"RRGD"
"044";"ARCHILLA";"19";"Guadalajara";"07";"Comunidad Autónoma de Castilla-La Mancha";"RRD";"RRD"
"045";"ARGECILLA";"19";"Guadalajara";"07";"Comunidad Autónoma de Castilla-La Mancha";"RRD";"RRGD"
"046";"ARMALLONES";"19";"Guadalajara";"07";"Comunidad Autónoma de Castilla-La Mancha";"RRD";"RRGD"
"047";"ARMUÑA DE TAJUÑA";"19";"Guadalajara";"07";"Comunidad Autónoma de Castilla-La Mancha";"RRD";"RRD"
"192";"LUPIANA";"19";"Guadalajara";"07";"Comunidad Autónoma de Castilla-La Mancha";"RRD";"RRD"
"193";"LUZAGA";"19";"Guadalajara";"07";"Comunidad Autónoma de Castilla-La Mancha";"RRD";"RRGD"
"194";"LUZON";"19";"Guadalajara";"07";"Comunidad Autónoma de Castilla-La Mancha";"RRD";"RRGD"
"196";"MAJAELRAYO";"19";"Guadalajara";"07";"Comunidad Autónoma de Castilla-La Mancha";"RRD";"RRGD"
"197";"MALAGA DEL FRESNO";"19";"Guadalajara";"07";"Comunidad Autónoma de Castilla-La Mancha";"RRD";"RRGD"
"198";"MALAGUILLA";"19";"Guadalajara";"07";"Comunidad Autónoma de Castilla-La Mancha";"RRD";"RRGD"
"199";"MANDAYONA";"19";"Guadalajara";"07";"Comunidad Autónoma de Castilla-La Mancha";"RRD";"RRD"
"200";"MANTIEL";"19";"Guadalajara";"07";"Comunidad Autónoma de Castilla-La Mancha";"RRD";"RRGD"
"201";"MARANCHON";"19";"Guadalajara";"07";"Comunidad Autónoma de Castilla-La Mancha";"RRD";"RRGD"
"202";"MARCHAMALO";"19";"Guadalajara";"07";"Comunidad Autónoma de Castilla-La Mancha";"URBANO";"URBANO"
"203";"MASEGOSO DE TAJUÑA";"19";"Guadalajara";"07";"Comunidad Autónoma de Castilla-La Mancha";"RRD";"RRGD"
"204";"MATARRUBIA";"19";"Guadalajara";"07";"Comunidad Autónoma de Castilla-La Mancha";"RRD";"RRGD"
"205";"MATILLAS";"19";"Guadalajara";"07";"Comunidad Autónoma de Castilla-La Mancha";"RRD";"RRD"
"206";"MAZARETE";"19";"Guadalajara";"07";"Comunidad Autónoma de Castilla-La Mancha";"RRD";"RRGD"
"207";"MAZUECOS";"19";"Guadalajara";"07";"Comunidad Autónoma de Castilla-La Mancha";"RRD";"RRD"
"208";"MEDRANDA";"19";"Guadalajara";"07";"Comunidad Autónoma de Castilla-La Mancha";"RRD";"RRGD"
"209";"MEGINA";"19";"Guadalajara";"07";"Comunidad Autónoma de Castilla-La Mancha";"RRD";"RRGD"
"210";"MEMBRILLERA";"19";"Guadalajara";"07";"Comunidad Autónoma de Castilla-La Mancha";"RRD";"RRGD"
"211";"MESONES";"19";"Guadalajara";"07";"Comunidad Autónoma de Castilla-La Mancha";"URBANO";"URBANO"
"212";"MIEDES DE ATIENZA";"19";"Guadalajara";"07";"Comunidad Autónoma de Castilla-La Mancha";"RRD";"RRGD"
"213";"MIERLA (LA)";"19";"Guadalajara";"07";"Comunidad Autónoma de Castilla-La Mancha";"RRD";"RRGD"
"214";"MILMARCOS";"19";"Guadalajara";"07";"Comunidad Autónoma de Castilla-La Mancha";"RRD";"RRGD"
"215";"MILLANA";"19";"Guadalajara";"07";"Comunidad Autónoma de Castilla-La Mancha";"RRD";"RRGD"
"216";"MIÑOSA (LA)";"19";"Guadalajara";"07";"Comunidad Autónoma de Castilla-La Mancha";"RRD";"RRGD"
"217";"MIRABUENO";"19";"Guadalajara";"07";"Comunidad Autónoma de Castilla-La Mancha";"RRD";"RRGD"
"218";"MIRALRIO";"19";"Guadalajara";"07";"Comunidad Autónoma de Castilla-La Mancha";"RRD";"RRGD"
"219";"MOCHALES";"19";"Guadalajara";"07";"Comunidad Autónoma de Castilla-La Mancha";"RRD";"RRGD"
"064";"BODERA (LA)";"19";"Guadalajara";"07";"Comunidad Autónoma de Castilla-La Mancha";"RRD";"RRGD"
"065";"BRIHUEGA";"19";"Guadalajara";"07";"Comunidad Autónoma de Castilla-La Mancha";"RRD";"RRD"
"066";"BUDIA";"19";"Guadalajara";"07";"Comunidad Autónoma de Castilla-La Mancha";"RRD";"RRGD"
"067";"BUJALARO";"19";"Guadalajara";"07";"Comunidad Autónoma de Castilla-La Mancha";"RRD";"RRGD"
"069";"BUSTARES";"19";"Guadalajara";"07";"Comunidad Autónoma de Castilla-La Mancha";"RRD";"RRGD"
"070";"CABANILLAS DEL CAMPO";"19";"Guadalajara";"07";"Comunidad Autónoma de Castilla-La Mancha";"URBANO";"URBANO"
"072";"CAMPILLO DE DUEÑAS";"19";"Guadalajara";"07";"Comunidad Autónoma de Castilla-La Mancha";"RRD";"RRGD"
"073";"CAMPILLO DE RANAS";"19";"Guadalajara";"07";"Comunidad Autónoma de Castilla-La Mancha";"RRD";"RRGD"
"074";"CAMPISABALOS";"19";"Guadalajara";"07";"Comunidad Autónoma de Castilla-La Mancha";"RRD";"RRGD"
"077";"CANREDONDO";"19";"Guadalajara";"07";"Comunidad Autónoma de Castilla-La Mancha";"RRD";"RRGD"
"078";"CANTALOJAS";"19";"Guadalajara";"07";"Comunidad Autónoma de Castilla-La Mancha";"RRD";"RRGD"
"079";"CAÑIZAR";"19";"Guadalajara";"07";"Comunidad Autónoma de Castilla-La Mancha";"RRD";"RRGD"
"081";"CARDOSO DE LA SIERRA (EL)";"19";"Guadalajara";"07";"Comunidad Autónoma de Castilla-La Mancha";"RRD";"RRGD"
"083";"CARRASCOSA DE TAJO";"19";"Guadalajara";"07";"Comunidad Autónoma de Castilla-La Mancha";"RRD";"RRGD"
"084";"CASA DE UCEDA";"19";"Guadalajara";"07";"Comunidad Autónoma de Castilla-La Mancha";"RRD";"RRGD"
"085";"EL CASAR";"19";"Guadalajara";"07";"Comunidad Autónoma de Castilla-La Mancha";"URBANO";"URBANO"
"086";"CASASANA";"19";"Guadalajara";"07";"Comunidad Autónoma de Castilla-La Mancha";"RRD";"RRGD"
"087";"CASAS DE SAN GALINDO";"19";"Guadalajara";"07";"Comunidad Autónoma de Castilla-La Mancha";"RRD";"RRGD"
"088";"CASPUEÑAS";"19";"Guadalajara";"07";"Comunidad Autónoma de Castilla-La Mancha";"RRD";"RRGD"
"089";"CASTEJON DE HENARES";"19";"Guadalajara";"07";"Comunidad Autónoma de Castilla-La Mancha";"RRD";"RRGD"
"090";"CASTELLAR DE LA MUELA";"19";"Guadalajara";"07";"Comunidad Autónoma de Castilla-La Mancha";"RRD";"RRGD"
"091";"CASTILBLANCO";"19";"Guadalajara";"07";"Comunidad Autónoma de Castilla-La Mancha";"RNC";"RNC"
"092";"CASTILFORTE";"19";"Guadalajara";"07";"Comunidad Autónoma de Castilla-La Mancha";"RRD";"RRGD"
"093";"CASTILMIMBRE";"19";"Guadalajara";"07";"Comunidad Autónoma de Castilla-La Mancha";"RRD";"RRD"
"094";"CASTILNUEVO";"19";"Guadalajara";"07";"Comunidad Autónoma de Castilla-La Mancha";"RRD";"RRGD"
"095";"CENDEJAS DE ENMEDIO";"19";"Guadalajara";"07";"Comunidad Autónoma de Castilla-La Mancha";"RRD";"RRGD"
"096";"CENDEJAS DE LA TORRE";"19";"Guadalajara";"07";"Comunidad Autónoma de Castilla-La Mancha";"RRD";"RRGD"
"097";"CENTENERA";"19";"Guadalajara";"07";"Comunidad Autónoma de Castilla-La Mancha";"RRD";"RRGD"
"099";"CERECEDA";"19";"Guadalajara";"07";"Comunidad Autónoma de Castilla-La Mancha";"RRD";"RRGD"
"100";"CEREZO DE MOHERNANDO";"19";"Guadalajara";"07";"Comunidad Autónoma de Castilla-La Mancha";"RNC";"RNC"
"101";"CIFUENTES";"19";"Guadalajara";"07";"Comunidad Autónoma de Castilla-La Mancha";"RRD";"RRGD"
"103";"CINCOVILLAS";"19";"Guadalajara";"07";"Comunidad Autónoma de Castilla-La Mancha";"RRD";"RRGD"
"104";"CIRUELAS";"19";"Guadalajara";"07";"Comunidad Autónoma de Castilla-La Mancha";"RRD";"RRGD"
"105";"CIRUELOS DEL PINAR";"19";"Guadalajara";"07";"Comunidad Autónoma de Castilla-La Mancha";"RRD";"RRGD"
"107";"COBETA";"19";"Guadalajara";"07";"Comunidad Autónoma de Castilla-La Mancha";"RRD";"RRGD"
"109";"COGOLLOR";"19";"Guadalajara";"07";"Comunidad Autónoma de Castilla-La Mancha";"RRD";"RRGD"
"110";"COGOLLUDO";"19";"Guadalajara";"07";"Comunidad Autónoma de Castilla-La Mancha";"RRD";"RRGD"
"267";"POYOS";"19";"Guadalajara";"07";"Comunidad Autónoma de Castilla-La Mancha";"RNC";"RNC"
"269";"POZO DE ALMOGUERA";"19";"Guadalajara";"07";"Comunidad Autónoma de Castilla-La Mancha";"RRD";"RRGD"
"270";"POZO DE GUADALAJARA";"19";"Guadalajara";"07";"Comunidad Autónoma de Castilla-La Mancha";"URBANO";"URBANO"
"271";"PRADENA DE ATIENZA";"19";"Guadalajara";"07";"Comunidad Autónoma de Castilla-La Mancha";"RRD";"RRGD"
"272";"PRADOS REDONDOS";"19";"Guadalajara";"07";"Comunidad Autónoma de Castilla-La Mancha";"RRD";"RRGD"
"273";"PUEBLA DE BELEÑA";"19";"Guadalajara";"07";"Comunidad Autónoma de Castilla-La Mancha";"RRD";"RRGD"
"274";"PUEBLA DE VALLES";"19";"Guadalajara";"07";"Comunidad Autónoma de Castilla-La Mancha";"RRD";"RRGD"
"275";"PUERTA";"19";"Guadalajara";"07";"Comunidad Autónoma de Castilla-La Mancha";"RRD";"RRD"
"276";"QUER";"19";"Guadalajara";"07";"Comunidad Autónoma de Castilla-La Mancha";"RNC";"RNC"
"277";"REBOLLOSA DE HITA";"19";"Guadalajara";"07";"Comunidad Autónoma de Castilla-La Mancha";"RNC";"RNC"
"278";"REBOLLOSA DE JADRAQUE";"19";"Guadalajara";"07";"Comunidad Autónoma de Castilla-La Mancha";"RRD";"RRGD"
"279";"RECUENCO (EL)";"19";"Guadalajara";"07";"Comunidad Autónoma de Castilla-La Mancha";"RRD";"RRGD"
"281";"RENERA";"19";"Guadalajara";"07";"Comunidad Autónoma de Castilla-La Mancha";"RRD";"RRGD"
"282";"RETIENDAS";"19";"Guadalajara";"07";"Comunidad Autónoma de Castilla-La Mancha";"RRD";"RRGD"
"283";"RIBA DE SAELICES";"19";"Guadalajara";"07";"Comunidad Autónoma de Castilla-La Mancha";"RRD";"RRGD"
"286";"RILLO DE GALLO";"19";"Guadalajara";"07";"Comunidad Autónoma de Castilla-La Mancha";"RRD";"RRGD"
"287";"RIOFRIO DEL LLANO";"19";"Guadalajara";"07";"Comunidad Autónoma de Castilla-La Mancha";"RRD";"RRGD"
"289";"ROBLEDILLO DE MOHERNANDO";"19";"Guadalajara";"07";"Comunidad Autónoma de Castilla-La Mancha";"RRD";"RRGD"
"290";"ROBLEDO DE CORPES";"19";"Guadalajara";"07";"Comunidad Autónoma de Castilla-La Mancha";"RRD";"RRGD"
"291";"ROMANCO";"19";"Guadalajara";"07";"Comunidad Autónoma de Castilla-La Mancha";"RRD";"RRD"
"292";"ROMANILLOS DE ATIENZA";"19";"Guadalajara";"07";"Comunidad Autónoma de Castilla-La Mancha";"RRD";"RRGD"
"293";"ROMANONES";"19";"Guadalajara";"07";"Comunidad Autónoma de Castilla-La Mancha";"RRD";"RRGD"
"294";"RUEDA DE LA SIERRA";"19";"Guadalajara";"07";"Comunidad Autónoma de Castilla-La Mancha";"RRD";"RRGD"
"295";"RUGUILLA";"19";"Guadalajara";"07";"Comunidad Autónoma de Castilla-La Mancha";"RRD";"RRGD"
"296";"SACECORBO";"19";"Guadalajara";"07";"Comunidad Autónoma de Castilla-La Mancha";"RRD";"RRGD"
"297";"SACEDON";"19";"Guadalajara";"07";"Comunidad Autónoma de Castilla-La Mancha";"RNC";"RNC"
"298";"SAELICES DE LA SAL";"19";"Guadalajara";"07";"Comunidad Autónoma de Castilla-La Mancha";"RRD";"RRGD"
"145";"FUENTELVIEJO";"19";"Guadalajara";"07";"Comunidad Autónoma de Castilla-La Mancha";"RRD";"RRGD"
"146";"FUENTENOVILLA";"19";"Guadalajara";"07";"Comunidad Autónoma de Castilla-La Mancha";"RNC";"RNC"
"147";"FUENTES DE LA ALCARRIA";"19";"Guadalajara";"07";"Comunidad Autónoma de Castilla-La Mancha";"RRD";"RRD"
"148";"GAJANEJOS";"19";"Guadalajara";"07";"Comunidad Autónoma de Castilla-La Mancha";"RRD";"RRGD"
"149";"GALAPAGOS";"19";"Guadalajara";"07";"Comunidad Autónoma de Castilla-La Mancha";"RNC";"RNC"
"150";"GALVE DE SORBE";"19";"Guadalajara";"07";"Comunidad Autónoma de Castilla-La Mancha";"RRD";"RRGD"
"152";"GARGOLES DE ABAJO";"19";"Guadalajara";"07";"Comunidad Autónoma de Castilla-La Mancha";"RRD";"RRGD"
"153";"GARGOLES DE ARRIBA";"19";"Guadalajara";"07";"Comunidad Autónoma de Castilla-La Mancha";"RRD";"RRGD"
"154";"GASCUEÑA DE BORNOVA";"19";"Guadalajara";"07";"Comunidad Autónoma de Castilla-La Mancha";"RRD";"RRGD"
"156";"GUALDA";"19";"Guadalajara";"07";"Comunidad Autónoma de Castilla-La Mancha";"RRD";"RRGD"
"158";"HENCHE";"19";"Guadalajara";"07";"Comunidad Autónoma de Castilla-La Mancha";"RRD";"RRGD"
"159";"HERAS DE AYUSO";"19";"Guadalajara";"07";"Comunidad Autónoma de Castilla-La Mancha";"RNC";"RNC"
"160";"HERRERIA";"19";"Guadalajara";"07";"Comunidad Autónoma de Castilla-La Mancha";"RRD";"RRGD"
"161";"HIENDELAENCINA";"19";"Guadalajara";"07";"Comunidad Autónoma de Castilla-La Mancha";"RRD";"RRGD"
"162";"HIJES";"19";"Guadalajara";"07";"Comunidad Autónoma de Castilla-La Mancha";"RRD";"RRGD"
"164";"HITA";"19";"Guadalajara";"07";"Comunidad Autónoma de Castilla-La Mancha";"RRD";"RRGD"
"165";"HOMBRADOS";"19";"Guadalajara";"07";"Comunidad Autónoma de Castilla-La Mancha";"RRD";"RRGD"
"166";"HONTANARES";"19";"Guadalajara";"07";"Comunidad Autónoma de Castilla-La Mancha";"RRD";"RRD"
"167";"HONTANILLAS";"19";"Guadalajara";"07";"Comunidad Autónoma de Castilla-La Mancha";"RRD";"RRGD"
"168";"HONTOBA";"19";"Guadalajara";"07";"Comunidad Autónoma de Castilla-La Mancha";"RRD";"RRD"
"169";"HORCHE";"19";"Guadalajara";"07";"Comunidad Autónoma de Castilla-La Mancha";"RNC";"RNC"
"171";"HORTEZUELA DE OCEN";"19";"Guadalajara";"07";"Comunidad Autónoma de Castilla-La Mancha";"RRD";"RRGD"
"172";"HUERCE (LA)";"19";"Guadalajara";"07";"Comunidad Autónoma de Castilla-La Mancha";"RRD";"RRGD"
"173";"HUERMECES DEL CERRO";"19";"Guadalajara";"07";"Comunidad Autónoma de Castilla-La Mancha";"RRD";"RRGD"
"174";"HUERTAHERNANDO";"19";"Guadalajara";"07";"Comunidad Autónoma de Castilla-La Mancha";"RRD";"RRGD"
"176";"HUETOS";"19";"Guadalajara";"07";"Comunidad Autónoma de Castilla-La Mancha";"RRD";"RRGD"
"177";"HUEVA";"19";"Guadalajara";"07";"Comunidad Autónoma de Castilla-La Mancha";"RRD";"RRGD"
"178";"HUMANES DE MOHERNANDO";"19";"Guadalajara";"07";"Comunidad Autónoma de Castilla-La Mancha";"RNC";"RNC"
"179";"ILLANA";"19";"Guadalajara";"07";"Comunidad Autónoma de Castilla-La Mancha";"RRD";"RRD"
"181";"INIESTOLA";"19";"Guadalajara";"07";"Comunidad Autónoma de Castilla-La Mancha";"RRD";"RRGD"
"182";"INVIERNAS (LAS)";"19";"Guadalajara";"07";"Comunidad Autónoma de Castilla-La Mancha";"RRD";"RRGD"
"183";"IRIEPAL";"19";"Guadalajara";"07";"Comunidad Autónoma de Castilla-La Mancha";"URBANO";"URBANO"
"184";"IRUESTE";"19";"Guadalajara";"07";"Comunidad Autónoma de Castilla-La Mancha";"RRD";"RRGD"
"185";"JADRAQUE";"19";"Guadalajara";"07";"Comunidad Autónoma de Castilla-La Mancha";"RNC";"RNC"
"186";"JIRUEQUE";"19";"Guadalajara";"07";"Comunidad Autónoma de Castilla-La Mancha";"RRD";"RRGD"
"190";"LEDANCA";"19";"Guadalajara";"07";"Comunidad Autónoma de Castilla-La Mancha";"RRD";"RRGD"
"191";"LORANCA DE TAJUÑA";"19";"Guadalajara";"07";"Comunidad Autónoma de Castilla-La Mancha";"RNC";"RNC"
"341";"TORREMOCHA DEL PINAR";"19";"Guadalajara";"07";"Comunidad Autónoma de Castilla-La Mancha";"RRD";"RRGD"
"342";"TORREMOCHUELA";"19";"Guadalajara";"07";"Comunidad Autónoma de Castilla-La Mancha";"RRD";"RRGD"
"345";"TORRUBIA";"19";"Guadalajara";"07";"Comunidad Autónoma de Castilla-La Mancha";"RRD";"RRGD"
"346";"TORTOLA DE HENARES";"19";"Guadalajara";"07";"Comunidad Autónoma de Castilla-La Mancha";"RNC";"RNC"
"348";"TORTUERA";"19";"Guadalajara";"07";"Comunidad Autónoma de Castilla-La Mancha";"RRD";"RRGD"
"349";"TORTUERO";"19";"Guadalajara";"07";"Comunidad Autónoma de Castilla-La Mancha";"RRD";"RRGD"
"350";"TRAID";"19";"Guadalajara";"07";"Comunidad Autónoma de Castilla-La Mancha";"RRD";"RRGD"
"351";"TRIJUEQUE";"19";"Guadalajara";"07";"Comunidad Autónoma de Castilla-La Mancha";"RNC";"RNC"
"352";"TRILLO";"19";"Guadalajara";"07";"Comunidad Autónoma de Castilla-La Mancha";"RRD";"RRD"
"354";"UCEDA";"19";"Guadalajara";"07";"Comunidad Autónoma de Castilla-La Mancha";"RNC";"RNC"
"355";"UJADOS";"19";"Guadalajara";"07";"Comunidad Autónoma de Castilla-La Mancha";"RRD";"RRGD"
"356";"USANOS";"19";"Guadalajara";"07";"Comunidad Autónoma de Castilla-La Mancha";"URBANO";"URBANO"
"357";"UTANDE";"19";"Guadalajara";"07";"Comunidad Autónoma de Castilla-La Mancha";"RRD";"RRGD"
"358";"VALDARACHAS";"19";"Guadalajara";"07";"Comunidad Autónoma de Castilla-La Mancha";"RRD";"RRGD"
"359";"VALDEARENAS";"19";"Guadalajara";"07";"Comunidad Autónoma de Castilla-La Mancha";"RRD";"RRGD"
"360";"VALDEAVELLANO";"19";"Guadalajara";"07";"Comunidad Autónoma de Castilla-La Mancha";"RRD";"RRGD"
"361";"VALDEAVERUELO";"19";"Guadalajara";"07";"Comunidad Autónoma de Castilla-La Mancha";"RNC";"RNC"
"362";"VALDECONCHA";"19";"Guadalajara";"07";"Comunidad Autónoma de Castilla-La Mancha";"RRD";"RRGD"
"363";"VALDEGRUDAS";"19";"Guadalajara";"07";"Comunidad Autónoma de Castilla-La Mancha";"RRD";"RRGD"
"365";"VALDELCUBO";"19";"Guadalajara";"07";"Comunidad Autónoma de Castilla-La Mancha";"RRD";"RRGD"
"366";"VADENOCHES";"19";"Guadalajara";"07";"Comunidad Autónoma de Castilla-La Mancha";"URBANO";"URBANO"
"367";"VALDENUÑO FERNANDEZ";"19";"Guadalajara";"07";"Comunidad Autónoma de Castilla-La Mancha";"RRD";"RRD"
"368";"VALDEPEÑAS DE LA SIERRA";"19";"Guadalajara";"07";"Comunidad Autónoma de Castilla-La Mancha";"RRD";"RRGD"
"369";"VALDERREBOLLO";"19";"Guadalajara";"07";"Comunidad Autónoma de Castilla-La Mancha";"RRD";"RRGD"
"370";"VAL DE SAN GARCIA";"19";"Guadalajara";"07";"Comunidad Autónoma de Castilla-La Mancha";"RRD";"RRGD"
"371";"VALDESAZ";"19";"Guadalajara";"07";"Comunidad Autónoma de Castilla-La Mancha";"RRD";"RRD"
"372";"VALDESOTOS";"19";"Guadalajara";"07";"Comunidad Autónoma de Castilla-La Mancha";"RRD";"RRGD"
"220";"MOHERNANDO";"19";"Guadalajara";"07";"Comunidad Autónoma de Castilla-La Mancha";"RRD";"RRGD"
"221";"MOLINA DE ARAGON";"19";"Guadalajara";"07";"Comunidad Autónoma de Castilla-La Mancha";"RNC";"RNC"
"222";"MONASTERIO";"19";"Guadalajara";"07";"Comunidad Autónoma de Castilla-La Mancha";"RRD";"RRGD"
"223";"MONDEJAR";"19";"Guadalajara";"07";"Comunidad Autónoma de Castilla-La Mancha";"RNC";"RNC"
"224";"MONTARRON";"19";"Guadalajara";"07";"Comunidad Autónoma de Castilla-La Mancha";"RRD";"RRGD"
"226";"MORATILLA DE LOS MELEROS";"19";"Guadalajara";"07";"Comunidad Autónoma de Castilla-La Mancha";"RRD";"RRGD"
"227";"MORENILLA";"19";"Guadalajara";"07";"Comunidad Autónoma de Castilla-La Mancha";"RRD";"RRGD"
"228";"MORILLEJO";"19";"Guadalajara";"07";"Comunidad Autónoma de Castilla-La Mancha";"RRD";"RRD"
"230";"MUDUEX";"19";"Guadalajara";"07";"Comunidad Autónoma de Castilla-La Mancha";"RRD";"RRGD"
"233";"NAVAS DE JADRAQUE (LAS)";"19";"Guadalajara";"07";"Comunidad Autónoma de Castilla-La Mancha";"RRD";"RRGD"
"234";"NEGREDO";"19";"Guadalajara";"07";"Comunidad Autónoma de Castilla-La Mancha";"RRD";"RRGD"
"235";"OCENTEJO";"19";"Guadalajara";"07";"Comunidad Autónoma de Castilla-La Mancha";"RRD";"RRGD"
"236";"OLIVAR (EL)";"19";"Guadalajara";"07";"Comunidad Autónoma de Castilla-La Mancha";"RRD";"RRGD"
"237";"OLMEDA DE COBETA";"19";"Guadalajara";"07";"Comunidad Autónoma de Castilla-La Mancha";"RRD";"RRGD"
"238";"OLMEDA DE JADRAQUE (LA)";"19";"Guadalajara";"07";"Comunidad Autónoma de Castilla-La Mancha";"RRD";"RRGD"
"239";"OLMEDA DEL EXTREMO";"19";"Guadalajara";"07";"Comunidad Autónoma de Castilla-La Mancha";"RRD";"RRD"
"241";"ORDIAL (EL)";"19";"Guadalajara";"07";"Comunidad Autónoma de Castilla-La Mancha";"RRD";"RRGD"
"242";"OREA";"19";"Guadalajara";"07";"Comunidad Autónoma de Castilla-La Mancha";"RRD";"RRGD"
"243";"OTER";"19";"Guadalajara";"07";"Comunidad Autónoma de Castilla-La Mancha";"RRD";"RRGD"
"244";"PADILLA DE HITA";"19";"Guadalajara";"07";"Comunidad Autónoma de Castilla-La Mancha";"RRD";"RRGD"
"246";"PAJARES";"19";"Guadalajara";"07";"Comunidad Autónoma de Castilla-La Mancha";"RRD";"RRD"
"249";"PALMACES DE JADRAQUE";"19";"Guadalajara";"07";"Comunidad Autónoma de Castilla-La Mancha";"RRD";"RRGD"
"250";"PARDOS";"19";"Guadalajara";"07";"Comunidad Autónoma de Castilla-La Mancha";"RRD";"RRGD"
"251";"PAREDES DE SIGÜENZA";"19";"Guadalajara";"07";"Comunidad Autónoma de Castilla-La Mancha";"RRD";"RRGD"
"252";"PAREJA";"19";"Guadalajara";"07";"Comunidad Autónoma de Castilla-La Mancha";"RRD";"RRGD"
"253";"PASTRANA";"19";"Guadalajara";"07";"Comunidad Autónoma de Castilla-La Mancha";"RRD";"RRD"
"254";"PEDREGAL (EL)";"19";"Guadalajara";"07";"Comunidad Autónoma de Castilla-La Mancha";"RRD";"RRGD"
"257";"PEÑALEN";"19";"Guadalajara";"07";"Comunidad Autónoma de Castilla-La Mancha";"RRD";"RRGD"
"258";"PEÑALVER";"19";"Guadalajara";"07";"Comunidad Autónoma de Castilla-La Mancha";"RRD";"RRGD"
"259";"PERALEJOS DE LAS TRUCHAS";"19";"Guadalajara";"07";"Comunidad Autónoma de Castilla-La Mancha";"RRD";"RRGD"
"260";"PERALVECHE";"19";"Guadalajara";"07";"Comunidad Autónoma de Castilla-La Mancha";"RRD";"RRGD"
"261";"PINILLA DE JADRAQUE";"19";"Guadalajara";"07";"Comunidad Autónoma de Castilla-La Mancha";"RRD";"RRGD"
"262";"PINILLA DE MOLINA";"19";"Guadalajara";"07";"Comunidad Autónoma de Castilla-La Mancha";"RRD";"RRGD"
"263";"PIOZ";"19";"Guadalajara";"07";"Comunidad Autónoma de Castilla-La Mancha";"URBANO";"URBANO"
"264";"PIQUERAS";"19";"Guadalajara";"07";"Comunidad Autónoma de Castilla-La Mancha";"RRD";"RRGD"
"265";"POBO DE DUEÑAS (EL)";"19";"Guadalajara";"07";"Comunidad Autónoma de Castilla-La Mancha";"RRD";"RRGD"
"266";"POVEDA DE LA SIERRA";"19";"Guadalajara";"07";"Comunidad Autónoma de Castilla-La Mancha";"RRD";"RRGD"
"374";"VALFERMOSO DE TAJUÑA";"19";"Guadalajara";"07";"Comunidad Autónoma de Castilla-La Mancha";"RRD";"RRGD"
"375";"VALHERMOSO";"19";"Guadalajara";"07";"Comunidad Autónoma de Castilla-La Mancha";"RRD";"RRGD"
"376";"VALTABLADO DEL RIO";"19";"Guadalajara";"07";"Comunidad Autónoma de Castilla-La Mancha";"RRD";"RRGD"
"377";"VALVERDE DE LOS ARROYOS";"19";"Guadalajara";"07";"Comunidad Autónoma de Castilla-La Mancha";"RRD";"RRGD"
"378";"VEGUILLAS";"19";"Guadalajara";"07";"Comunidad Autónoma de Castilla-La Mancha";"RRD";"RRGD"
"380";"VIANA DE JADRAQUE";"19";"Guadalajara";"07";"Comunidad Autónoma de Castilla-La Mancha";"RRD";"RRGD"
"381";"VIANA MONDEJAR";"19";"Guadalajara";"07";"Comunidad Autónoma de Castilla-La Mancha";"RRD";"RRD"
"384";"VILLANUEVA DE ALCORON";"19";"Guadalajara";"07";"Comunidad Autónoma de Castilla-La Mancha";"RRD";"RRGD"
"385";"VILLANUEVA DE ARGECILLA";"19";"Guadalajara";"07";"Comunidad Autónoma de Castilla-La Mancha";"RRD";"RRGD"
"386";"VILLANUEVA DE LA TORRE";"19";"Guadalajara";"07";"Comunidad Autónoma de Castilla-La Mancha";"URBANO";"URBANO"
"389";"VILLARES DE JADRAQUE";"19";"Guadalajara";"07";"Comunidad Autónoma de Castilla-La Mancha";"RRD";"RRGD"
"390";"VILLASECA DE HENARES";"19";"Guadalajara";"07";"Comunidad Autónoma de Castilla-La Mancha";"RRD";"RRGD"
"391";"VILLASECA DE UCEDA";"19";"Guadalajara";"07";"Comunidad Autónoma de Castilla-La Mancha";"RRD";"RRGD"
"393";"VILLAVICIOSA DE TAJUÑA";"19";"Guadalajara";"07";"Comunidad Autónoma de Castilla-La Mancha";"RRD";"RRD"
"394";"VILLEL DE MESA";"19";"Guadalajara";"07";"Comunidad Autónoma de Castilla-La Mancha";"RRD";"RRGD"
"395";"VIÑUELAS";"19";"Guadalajara";"07";"Comunidad Autónoma de Castilla-La Mancha";"RRD";"RRD"
"396";"YEBES";"19";"Guadalajara";"07";"Comunidad Autónoma de Castilla-La Mancha";"URBANO";"URBANO"
"397";"YEBRA";"19";"Guadalajara";"07";"Comunidad Autónoma de Castilla-La Mancha";"RRD";"RRGD"
"398";"YELA";"19";"Guadalajara";"07";"Comunidad Autónoma de Castilla-La Mancha";"RRD";"RRD"
"399";"YELAMOS DE ABAJO";"19";"Guadalajara";"07";"Comunidad Autónoma de Castilla-La Mancha";"RRD";"RRGD"
"400";"YELAMOS DE ARRIBA";"19";"Guadalajara";"07";"Comunidad Autónoma de Castilla-La Mancha";"RRD";"RRGD"
"401";"YUNQUERA DE HENARES";"19";"Guadalajara";"07";"Comunidad Autónoma de Castilla-La Mancha";"URBANO";"URBANO"
"402";"YUNTA (LA)";"19";"Guadalajara";"07";"Comunidad Autónoma de Castilla-La Mancha";"RRD";"RRGD"
"403";"ZAOREJAS";"19";"Guadalajara";"07";"Comunidad Autónoma de Castilla-La Mancha";"RRD";"RRGD"
"404";"ZARZUELA DE JADRAQUE";"19";"Guadalajara";"07";"Comunidad Autónoma de Castilla-La Mancha";"RRD";"RRGD"
"405";"ZORITA DE LOS CANES";"19";"Guadalajara";"07";"Comunidad Autónoma de Castilla-La Mancha";"RRD";"RRGD"
"900";"GUADALAJARA";"19";"Guadalajara";"07";"Comunidad Autónoma de Castilla-La Mancha";"URBANO";"URBANO"
"299";"SALMERON";"19";"Guadalajara";"07";"Comunidad Autónoma de Castilla-La Mancha";"RRD";"RRGD"
"300";"SAN ANDRES DEL CONGOSTO";"19";"Guadalajara";"07";"Comunidad Autónoma de Castilla-La Mancha";"RRD";"RRGD"
"301";"SAN ANDRES DEL REY";"19";"Guadalajara";"07";"Comunidad Autónoma de Castilla-La Mancha";"RRD";"RRGD"
"303";"SANTIUSTE";"19";"Guadalajara";"07";"Comunidad Autónoma de Castilla-La Mancha";"RRD";"RRGD"
"304";"SAUCA";"19";"Guadalajara";"07";"Comunidad Autónoma de Castilla-La Mancha";"RRD";"RRGD"
"305";"SAYATON";"19";"Guadalajara";"07";"Comunidad Autónoma de Castilla-La Mancha";"RRD";"RRGD"
"306";"SELAS";"19";"Guadalajara";"07";"Comunidad Autónoma de Castilla-La Mancha";"RRD";"RRGD"
"307";"SEMILLAS";"19";"Guadalajara";"07";"Comunidad Autónoma de Castilla-La Mancha";"RRD";"RRGD"
"308";"SETILES";"19";"Guadalajara";"07";"Comunidad Autónoma de Castilla-La Mancha";"RRD";"RRGD"
"309";"SIENES";"19";"Guadalajara";"07";"Comunidad Autónoma de Castilla-La Mancha";"RRD";"RRGD"
"310";"SIGÜENZA";"19";"Guadalajara";"07";"Comunidad Autónoma de Castilla-La Mancha";"RRD";"RRD"
"311";"SOLANILLOS DEL EXTREMO";"19";"Guadalajara";"07";"Comunidad Autónoma de Castilla-La Mancha";"RRD";"RRGD"
"312";"SOMOLINOS";"19";"Guadalajara";"07";"Comunidad Autónoma de Castilla-La Mancha";"RRD";"RRGD"
"313";"SOTILLO (EL)";"19";"Guadalajara";"07";"Comunidad Autónoma de Castilla-La Mancha";"RRD";"RRGD"
"314";"SOTOCA DE TAJO";"19";"Guadalajara";"07";"Comunidad Autónoma de Castilla-La Mancha";"RRD";"RRGD"
"315";"SOTODOSOS";"19";"Guadalajara";"07";"Comunidad Autónoma de Castilla-La Mancha";"RRD";"RRGD"
"316";"TAMAJON";"19";"Guadalajara";"07";"Comunidad Autónoma de Castilla-La Mancha";"RRD";"RRGD"
"317";"TARACENA";"19";"Guadalajara";"07";"Comunidad Autónoma de Castilla-La Mancha";"URBANO";"URBANO"
"318";"TARAGUDO";"19";"Guadalajara";"07";"Comunidad Autónoma de Castilla-La Mancha";"RRD";"RRGD"
"319";"TARAVILLA";"19";"Guadalajara";"07";"Comunidad Autónoma de Castilla-La Mancha";"RRD";"RRGD"
"320";"TARTANEDO";"19";"Guadalajara";"07";"Comunidad Autónoma de Castilla-La Mancha";"RRD";"RRGD"
"321";"TENDILLA";"19";"Guadalajara";"07";"Comunidad Autónoma de Castilla-La Mancha";"RNC";"RNC"
"323";"TERZAGA";"19";"Guadalajara";"07";"Comunidad Autónoma de Castilla-La Mancha";"RRD";"RRGD"
"324";"TIERZO";"19";"Guadalajara";"07";"Comunidad Autónoma de Castilla-La Mancha";"RRD";"RRGD"
"325";"TOBA (LA)";"19";"Guadalajara";"07";"Comunidad Autónoma de Castilla-La Mancha";"RRD";"RRGD"
"326";"TOMELLOSA";"19";"Guadalajara";"07";"Comunidad Autónoma de Castilla-La Mancha";"RRD";"RRD"
"327";"TORDELRABANO";"19";"Guadalajara";"07";"Comunidad Autónoma de Castilla-La Mancha";"RRD";"RRGD"
"328";"TORDELLEGO";"19";"Guadalajara";"07";"Comunidad Autónoma de Castilla-La Mancha";"RRD";"RRGD"
"329";"TORDESILOS";"19";"Guadalajara";"07";"Comunidad Autónoma de Castilla-La Mancha";"RRD";"RRGD"
"331";"TORIJA";"19";"Guadalajara";"07";"Comunidad Autónoma de Castilla-La Mancha";"RNC";"RNC"
"332";"TORREBELEÑA";"19";"Guadalajara";"07";"Comunidad Autónoma de Castilla-La Mancha";"RRD";"RRGD"
"335";"TORRECUADRADA DE MOLINA";"19";"Guadalajara";"07";"Comunidad Autónoma de Castilla-La Mancha";"RRD";"RRGD"
"336";"TORRECUADRADILLA";"19";"Guadalajara";"07";"Comunidad Autónoma de Castilla-La Mancha";"RRD";"RRGD"
"337";"TORRE DEL BURGO";"19";"Guadalajara";"07";"Comunidad Autónoma de Castilla-La Mancha";"URBANO";"URBANO"
"338";"TORREJON DEL REY";"19";"Guadalajara";"07";"Comunidad Autónoma de Castilla-La Mancha";"URBANO";"URBANO"
"339";"TORREMOCHA DE JADRAQUE";"19";"Guadalajara";"07";"Comunidad Autónoma de Castilla-La Mancha";"RRD";"RRGD"
"340";"TORREMOCHA DEL CAMPO";"19";"Guadalajara";"07";"Comunidad Autónoma de Castilla-La Mancha";"RRD";"RRGD"
"051";"LEGAZPI";"20";"Guipúzcoa";"15";"Comunidad Autónoma del País Vasco";"URBANO";"URBANO"
"052";"LEGORRETA";"20";"Guipúzcoa";"15";"Comunidad Autónoma del País Vasco";"URBANO";"URBANO"
"053";"LEZO";"20";"Guipúzcoa";"15";"Comunidad Autónoma del País Vasco";"URBANO";"URBANO"
"054";"LIZARTZA";"20";"Guipúzcoa";"15";"Comunidad Autónoma del País Vasco";"RNC";"RNC"
"055";"ARRASATE/MONDRAGÓN";"20";"Guipúzcoa";"15";"Comunidad Autónoma del País Vasco";"URBANO";"URBANO"
"056";"MUTRIKU";"20";"Guipúzcoa";"15";"Comunidad Autónoma del País Vasco";"URBANO";"URBANO"
"057";"MUTILOA";"20";"Guipúzcoa";"15";"Comunidad Autónoma del País Vasco";"RNC";"RNC"
"058";"OLABERRIA";"20";"Guipúzcoa";"15";"Comunidad Autónoma del País Vasco";"URBANO";"URBANO"
"059";"OÑATI";"20";"Guipúzcoa";"15";"Comunidad Autónoma del País Vasco";"URBANO";"URBANO"
"060";"OREXA";"20";"Guipúzcoa";"15";"Comunidad Autónoma del País Vasco";"RNC";"RNC"
"061";"ORIO";"20";"Guipúzcoa";"15";"Comunidad Autónoma del País Vasco";"URBANO";"URBANO"
"062";"ORMAIZTEGI";"20";"Guipúzcoa";"15";"Comunidad Autónoma del País Vasco";"URBANO";"URBANO"
"063";"OIARTZUN";"20";"Guipúzcoa";"15";"Comunidad Autónoma del País Vasco";"URBANO";"URBANO"
"064";"PASAIA";"20";"Guipúzcoa";"15";"Comunidad Autónoma del País Vasco";"URBANO";"URBANO"
"065";"SORALUZE/PLACENCIA DE LAS ARMAS";"20";"Guipúzcoa";"15";"Comunidad Autónoma del País Vasco";"URBANO";"URBANO"
"066";"ERREZIL";"20";"Guipúzcoa";"15";"Comunidad Autónoma del País Vasco";"RNC";"RNC"
"067";"ERRENTERIA";"20";"Guipúzcoa";"15";"Comunidad Autónoma del País Vasco";"URBANO";"URBANO"
"068";"LEINTZ-GATZAGA";"20";"Guipúzcoa";"15";"Comunidad Autónoma del País Vasco";"RNC";"RNC"
"069";"DONOSTIA-SAN SEBASTIÁN";"20";"Guipúzcoa";"15";"Comunidad Autónoma del País Vasco";"URBANO";"URBANO"
"070";"SEGURA";"20";"Guipúzcoa";"15";"Comunidad Autónoma del País Vasco";"URBANO";"URBANO"
"001";"ABALTZISKETA";"20";"Guipúzcoa";"15";"Comunidad Autónoma del País Vasco";"RNC";"RNC"
"002";"ADUNA";"20";"Guipúzcoa";"15";"Comunidad Autónoma del País Vasco";"RNC";"RNC"
"003";"AIZARNAZABAL";"20";"Guipúzcoa";"15";"Comunidad Autónoma del País Vasco";"URBANO";"URBANO"
"004";"ALBIZTUR";"20";"Guipúzcoa";"15";"Comunidad Autónoma del País Vasco";"RNC";"RNC"
"005";"ALEGIA";"20";"Guipúzcoa";"15";"Comunidad Autónoma del País Vasco";"URBANO";"URBANO"
"006";"ALKIZA";"20";"Guipúzcoa";"15";"Comunidad Autónoma del País Vasco";"RNC";"RNC"
"071";"TOLOSA";"20";"Guipúzcoa";"15";"Comunidad Autónoma del País Vasco";"URBANO";"URBANO"
"072";"URNIETA";"20";"Guipúzcoa";"15";"Comunidad Autónoma del País Vasco";"URBANO";"URBANO"
"073";"USURBIL";"20";"Guipúzcoa";"15";"Comunidad Autónoma del País Vasco";"URBANO";"URBANO"
"074";"BERGARA";"20";"Guipúzcoa";"15";"Comunidad Autónoma del País Vasco";"URBANO";"URBANO"
"075";"VILLABONA";"20";"Guipúzcoa";"15";"Comunidad Autónoma del País Vasco";"URBANO";"URBANO"
"076";"ORDIZIA";"20";"Guipúzcoa";"15";"Comunidad Autónoma del País Vasco";"URBANO";"URBANO"
"077";"URRETXU";"20";"Guipúzcoa";"15";"Comunidad Autónoma del País Vasco";"URBANO";"URBANO"
"078";"ZALDIBIA";"20";"Guipúzcoa";"15";"Comunidad Autónoma del País Vasco";"RNC";"RNC"
"079";"ZARAUTZ";"20";"Guipúzcoa";"15";"Comunidad Autónoma del País Vasco";"URBANO";"URBANO"
"080";"ZUMARRAGA";"20";"Guipúzcoa";"15";"Comunidad Autónoma del País Vasco";"URBANO";"URBANO"
"081";"ZUMAIA";"20";"Guipúzcoa";"15";"Comunidad Autónoma del País Vasco";"URBANO";"URBANO"
"082";"MENDARO";"20";"Guipúzcoa";"15";"Comunidad Autónoma del País Vasco";"RNC";"RNC"
"083";"LASARTE-ORIA";"20";"Guipúzcoa";"15";"Comunidad Autónoma del País Vasco";"URBANO";"URBANO"
"084";"ASTIGARRAGA";"20";"Guipúzcoa";"15";"Comunidad Autónoma del País Vasco";"URBANO";"URBANO"
"085";"BALIARRAIN";"20";"Guipúzcoa";"15";"Comunidad Autónoma del País Vasco";"RNC";"RNC"
"086";"ORENDAIN";"20";"Guipúzcoa";"15";"Comunidad Autónoma del País Vasco";"RNC";"RNC"
"087";"ALTZAGA";"20";"Guipúzcoa";"15";"Comunidad Autónoma del País Vasco";"RNC";"RNC"
"088";"GAZTELU";"20";"Guipúzcoa";"15";"Comunidad Autónoma del País Vasco";"RNC";"RNC"
"098";"ALZANIA";"20";"Guipúzcoa";"15";"Comunidad Autónoma del País Vasco";"RRD";"RRD"
"099";"SIERRA DE ARALAR";"20";"Guipúzcoa";"15";"Comunidad Autónoma del País Vasco";"RRD";"RRD"
"007";"ALTZO";"20";"Guipúzcoa";"15";"Comunidad Autónoma del País Vasco";"RNC";"RNC"
"008";"AMEZKETA";"20";"Guipúzcoa";"15";"Comunidad Autónoma del País Vasco";"RNC";"RNC"
"009";"ANDOAIN";"20";"Guipúzcoa";"15";"Comunidad Autónoma del País Vasco";"URBANO";"URBANO"
"010";"ANOETA";"20";"Guipúzcoa";"15";"Comunidad Autónoma del País Vasco";"URBANO";"URBANO"
"011";"ANTZUOLA";"20";"Guipúzcoa";"15";"Comunidad Autónoma del País Vasco";"RNC";"RNC"
"012";"ARAMA";"20";"Guipúzcoa";"15";"Comunidad Autónoma del País Vasco";"URBANO";"URBANO"
"013";"ARETXABALETA";"20";"Guipúzcoa";"15";"Comunidad Autónoma del País Vasco";"URBANO";"URBANO"
"014";"ASTEASU";"20";"Guipúzcoa";"15";"Comunidad Autónoma del País Vasco";"RNC";"RNC"
"015";"ATAUN";"20";"Guipúzcoa";"15";"Comunidad Autónoma del País Vasco";"RNC";"RNC"
"016";"AIA";"20";"Guipúzcoa";"15";"Comunidad Autónoma del País Vasco";"RNC";"RNC"
"017";"AZKOITIA";"20";"Guipúzcoa";"15";"Comunidad Autónoma del País Vasco";"URBANO";"URBANO"
"018";"AZPEITIA";"20";"Guipúzcoa";"15";"Comunidad Autónoma del País Vasco";"URBANO";"URBANO"
"019";"BEASAIN";"20";"Guipúzcoa";"15";"Comunidad Autónoma del País Vasco";"URBANO";"URBANO"
"020";"BEIZAMA";"20";"Guipúzcoa";"15";"Comunidad Autónoma del País Vasco";"RRD";"RRD"
"021";"BELAUNTZA";"20";"Guipúzcoa";"15";"Comunidad Autónoma del País Vasco";"RNC";"RNC"
"022";"BERASTEGI";"20";"Guipúzcoa";"15";"Comunidad Autónoma del País Vasco";"RNC";"RNC"
"023";"BERROBI";"20";"Guipúzcoa";"15";"Comunidad Autónoma del País Vasco";"URBANO";"URBANO"
"024";"Bidania-Goiatz";"20";"Guipúzcoa";"15";"Comunidad Autónoma del País Vasco";"RNC";"RNC"
"025";"ZEGAMA";"20";"Guipúzcoa";"15";"Comunidad Autónoma del País Vasco";"RNC";"RNC"
"026";"ZERAIN";"20";"Guipúzcoa";"15";"Comunidad Autónoma del País Vasco";"RNC";"RNC"
"027";"ZESTOA";"20";"Guipúzcoa";"15";"Comunidad Autónoma del País Vasco";"RNC";"RNC"
"028";"ZIZURKIL";"20";"Guipúzcoa";"15";"Comunidad Autónoma del País Vasco";"URBANO";"URBANO"
"029";"DEBA";"20";"Guipúzcoa";"15";"Comunidad Autónoma del País Vasco";"URBANO";"URBANO"
"030";"EIBAR";"20";"Guipúzcoa";"15";"Comunidad Autónoma del País Vasco";"URBANO";"URBANO"
"031";"ELDUAIN";"20";"Guipúzcoa";"15";"Comunidad Autónoma del País Vasco";"RRD";"RRD"
"032";"ELGOIBAR";"20";"Guipúzcoa";"15";"Comunidad Autónoma del País Vasco";"URBANO";"URBANO"
"033";"ELGETA";"20";"Guipúzcoa";"15";"Comunidad Autónoma del País Vasco";"RNC";"RNC"
"034";"ESKORIATZA";"20";"Guipúzcoa";"15";"Comunidad Autónoma del País Vasco";"URBANO";"URBANO"
"035";"EZKIO-ITSASO";"20";"Guipúzcoa";"15";"Comunidad Autónoma del País Vasco";"RNC";"RNC"
"036";"HONDARRIBIA";"20";"Guipúzcoa";"15";"Comunidad Autónoma del País Vasco";"URBANO";"URBANO"
"037";"GAINTZA";"20";"Guipúzcoa";"15";"Comunidad Autónoma del País Vasco";"RNC";"RNC"
"038";"GABIRIA";"20";"Guipúzcoa";"15";"Comunidad Autónoma del País Vasco";"RNC";"RNC"
"039";"GETARIA";"20";"Guipúzcoa";"15";"Comunidad Autónoma del País Vasco";"URBANO";"URBANO"
"040";"HERNANI";"20";"Guipúzcoa";"15";"Comunidad Autónoma del País Vasco";"URBANO";"URBANO"
"041";"HERNIALDE";"20";"Guipúzcoa";"15";"Comunidad Autónoma del País Vasco";"RNC";"RNC"
"042";"IBARRA";"20";"Guipúzcoa";"15";"Comunidad Autónoma del País Vasco";"URBANO";"URBANO"
"043";"IDIAZABAL";"20";"Guipúzcoa";"15";"Comunidad Autónoma del País Vasco";"RNC";"RNC"
"044";"IKAZTEGIETA";"20";"Guipúzcoa";"15";"Comunidad Autónoma del País Vasco";"URBANO";"URBANO"
"045";"IRUN";"20";"Guipúzcoa";"15";"Comunidad Autónoma del País Vasco";"URBANO";"URBANO"
"046";"IRURA";"20";"Guipúzcoa";"15";"Comunidad Autónoma del País Vasco";"URBANO";"URBANO"
"047";"ITSASONDO";"20";"Guipúzcoa";"15";"Comunidad Autónoma del País Vasco";"RNC";"RNC"
"048";"LARRAUL";"20";"Guipúzcoa";"15";"Comunidad Autónoma del País Vasco";"RNC";"RNC"
"049";"LAZKAO";"20";"Guipúzcoa";"15";"Comunidad Autónoma del País Vasco";"URBANO";"URBANO"
"050";"LEABURU";"20";"Guipúzcoa";"15";"Comunidad Autónoma del País Vasco";"URBANO";"URBANO"
"066";"Santa Ana la Real";"21";"Huelva";"01";"Comunidad Autónoma de Andalucía";"RNC";"RNC"
"067";"Santa Bárbara de Casa";"21";"Huelva";"01";"Comunidad Autónoma de Andalucía";"RRD";"RRGD"
"068";"Santa Olalla del Cala";"21";"Huelva";"01";"Comunidad Autónoma de Andalucía";"RRD";"RRD"
"069";"Trigueros";"21";"Huelva";"01";"Comunidad Autónoma de Andalucía";"RNC";"RNC"
"070";"Valdelarco";"21";"Huelva";"01";"Comunidad Autónoma de Andalucía";"RNC";"RNC"
"071";"Valverde del Camino";"21";"Huelva";"01";"Comunidad Autónoma de Andalucía";"RNC";"RNC"
"072";"Villablanca";"21";"Huelva";"01";"Comunidad Autónoma de Andalucía";"RNC";"RNC"
"073";"Villalba del Alcor";"21";"Huelva";"01";"Comunidad Autónoma de Andalucía";"RNC";"RNC"
"074";"Villanueva de las Cruces";"21";"Huelva";"01";"Comunidad Autónoma de Andalucía";"RRD";"RRD"
"075";"Villanueva de los Castillejos";"21";"Huelva";"01";"Comunidad Autónoma de Andalucía";"RRD";"RRD"
"076";"Villarrasa";"21";"Huelva";"01";"Comunidad Autónoma de Andalucía";"RNC";"RNC"
"077";"Zalamea la Real";"21";"Huelva";"01";"Comunidad Autónoma de Andalucía";"RNC";"RNC"
"078";"Zufre";"21";"Huelva";"01";"Comunidad Autónoma de Andalucía";"RRD";"RRGD"
"079";"Punta Umbría";"21";"Huelva";"01";"Comunidad Autónoma de Andalucía";"URBANO";"URBANO"
"080";"La Zarza-Perrunal";"21";"Huelva";"01";"Comunidad Autónoma de Andalucía";"RRD";"RRD"
"900";"Huelva";"21";"Huelva";"01";"Comunidad Autónoma de Andalucía";"URBANO";"URBANO"
"001";"Alájar";"21";"Huelva";"01";"Comunidad Autónoma de Andalucía";"RNC";"RNC"
"002";"Aljaraque";"21";"Huelva";"01";"Comunidad Autónoma de Andalucía";"URBANO";"URBANO"
"003";"Almendro (El)";"21";"Huelva";"01";"Comunidad Autónoma de Andalucía";"RRD";"RRGD"
"004";"Almonaster la Real";"21";"Huelva";"01";"Comunidad Autónoma de Andalucía";"RRD";"RRGD"
"005";"Almonte";"21";"Huelva";"01";"Comunidad Autónoma de Andalucía";"RNC";"RNC"
"006";"Alosno";"21";"Huelva";"01";"Comunidad Autónoma de Andalucía";"RNC";"RNC"
"007";"Aracena";"21";"Huelva";"01";"Comunidad Autónoma de Andalucía";"RNC";"RNC"
"008";"Aroche";"21";"Huelva";"01";"Comunidad Autónoma de Andalucía";"RRD";"RRGD"
"009";"Arroyomolinos de León";"21";"Huelva";"01";"Comunidad Autónoma de Andalucía";"RRD";"RRD"
"010";"Ayamonte";"21";"Huelva";"01";"Comunidad Autónoma de Andalucía";"URBANO";"URBANO"
"011";"Beas";"21";"Huelva";"01";"Comunidad Autónoma de Andalucía";"RNC";"RNC"
"012";"Berrocal";"21";"Huelva";"01";"Comunidad Autónoma de Andalucía";"RRD";"RRGD"
"013";"Bollullos Par del Condado";"21";"Huelva";"01";"Comunidad Autónoma de Andalucía";"URBANO";"URBANO"
"014";"Bonares";"21";"Huelva";"01";"Comunidad Autónoma de Andalucía";"RNC";"RNC"
"015";"Cabezas Rubias";"21";"Huelva";"01";"Comunidad Autónoma de Andalucía";"RRD";"RRGD"
"016";"Cala";"21";"Huelva";"01";"Comunidad Autónoma de Andalucía";"RNC";"RNC"
"017";"Calañas";"21";"Huelva";"01";"Comunidad Autónoma de Andalucía";"RNC";"RNC"
"018";"Campillo (El)";"21";"Huelva";"01";"Comunidad Autónoma de Andalucía";"RNC";"RNC"
"019";"Campofrío";"21";"Huelva";"01";"Comunidad Autónoma de Andalucía";"RNC";"RNC"
"020";"Cañaveral de León";"21";"Huelva";"01";"Comunidad Autónoma de Andalucía";"RRD";"RRD"
"021";"Cartaya";"21";"Huelva";"01";"Comunidad Autónoma de Andalucía";"RNC";"RNC"
"022";"Castaño del Robledo";"21";"Huelva";"01";"Comunidad Autónoma de Andalucía";"RNC";"RNC"
"023";"Cerro de Andévalo (El)";"21";"Huelva";"01";"Comunidad Autónoma de Andalucía";"RRD";"RRD"
"024";"Corteconcepción";"21";"Huelva";"01";"Comunidad Autónoma de Andalucía";"RRD";"RRD"
"025";"Cortegana";"21";"Huelva";"01";"Comunidad Autónoma de Andalucía";"RNC";"RNC"
"026";"Cortelazor";"21";"Huelva";"01";"Comunidad Autónoma de Andalucía";"RRD";"RRGD"
"027";"Cumbres de Enmedio";"21";"Huelva";"01";"Comunidad Autónoma de Andalucía";"RRD";"RRGD"
"028";"Cumbres de San Bartolomé";"21";"Huelva";"01";"Comunidad Autónoma de Andalucía";"RRD";"RRGD"
"029";"Cumbres Mayores";"21";"Huelva";"01";"Comunidad Autónoma de Andalucía";"RNC";"RNC"
"030";"Chucena";"21";"Huelva";"01";"Comunidad Autónoma de Andalucía";"RNC";"RNC"
"031";"Encinasola";"21";"Huelva";"01";"Comunidad Autónoma de Andalucía";"RRD";"RRGD"
"032";"Escacena del Campo";"21";"Huelva";"01";"Comunidad Autónoma de Andalucía";"RNC";"RNC"
"033";"Fuenteheridos";"21";"Huelva";"01";"Comunidad Autónoma de Andalucía";"RNC";"RNC"
"034";"Galaroza";"21";"Huelva";"01";"Comunidad Autónoma de Andalucía";"RNC";"RNC"
"035";"Gibraleón";"21";"Huelva";"01";"Comunidad Autónoma de Andalucía";"RNC";"RNC"
"036";"Granada de Río Tinto (La)";"21";"Huelva";"01";"Comunidad Autónoma de Andalucía";"RRD";"RRGD"
"037";"Granado (El)";"21";"Huelva";"01";"Comunidad Autónoma de Andalucía";"RRD";"RRGD"
"038";"Higuera de la Sierra";"21";"Huelva";"01";"Comunidad Autónoma de Andalucía";"RNC";"RNC"
"039";"Hinojales";"21";"Huelva";"01";"Comunidad Autónoma de Andalucía";"RRD";"RRD"
"040";"Hinojos";"21";"Huelva";"01";"Comunidad Autónoma de Andalucía";"RRD";"RRD"
"042";"Isla Cristina";"21";"Huelva";"01";"Comunidad Autónoma de Andalucía";"URBANO";"URBANO"
"043";"Jabugo";"21";"Huelva";"01";"Comunidad Autónoma de Andalucía";"RNC";"RNC"
"044";"Lepe";"21";"Huelva";"01";"Comunidad Autónoma de Andalucía";"URBANO";"URBANO"
"045";"Linares de la Sierra";"21";"Huelva";"01";"Comunidad Autónoma de Andalucía";"RRD";"RRD"
"046";"Lucena del Puerto";"21";"Huelva";"01";"Comunidad Autónoma de Andalucía";"RNC";"RNC"
"047";"Manzanilla";"21";"Huelva";"01";"Comunidad Autónoma de Andalucía";"RNC";"RNC"
"048";"Marines (Los)";"21";"Huelva";"01";"Comunidad Autónoma de Andalucía";"RNC";"RNC"
"049";"Minas de Riotinto";"21";"Huelva";"01";"Comunidad Autónoma de Andalucía";"URBANO";"URBANO"
"050";"Moguer";"21";"Huelva";"01";"Comunidad Autónoma de Andalucía";"URBANO";"URBANO"
"051";"Nava (La)";"21";"Huelva";"01";"Comunidad Autónoma de Andalucía";"RRD";"RRGD"
"052";"Nerva";"21";"Huelva";"01";"Comunidad Autónoma de Andalucía";"RNC";"RNC"
"053";"Niebla";"21";"Huelva";"01";"Comunidad Autónoma de Andalucía";"RNC";"RNC"
"054";"Palma del Condado (La)";"21";"Huelva";"01";"Comunidad Autónoma de Andalucía";"URBANO";"URBANO"
"055";"Palos de la Frontera";"21";"Huelva";"01";"Comunidad Autónoma de Andalucía";"URBANO";"URBANO"
"056";"Paterna del Campo";"21";"Huelva";"01";"Comunidad Autónoma de Andalucía";"RNC";"RNC"
"057";"Paymogo";"21";"Huelva";"01";"Comunidad Autónoma de Andalucía";"RRD";"RRGD"
"058";"Puebla de Guzmán";"21";"Huelva";"01";"Comunidad Autónoma de Andalucía";"RRD";"RRD"
"059";"Puerto Moral";"21";"Huelva";"01";"Comunidad Autónoma de Andalucía";"RNC";"RNC"
"060";"Rociana del Condado";"21";"Huelva";"01";"Comunidad Autónoma de Andalucía";"URBANO";"URBANO"
"061";"Rosal de la Frontera";"21";"Huelva";"01";"Comunidad Autónoma de Andalucía";"RRD";"RRD"
"062";"San Bartolomé de la Torre";"21";"Huelva";"01";"Comunidad Autónoma de Andalucía";"RNC";"RNC"
"063";"San Juan del Puerto";"21";"Huelva";"01";"Comunidad Autónoma de Andalucía";"URBANO";"URBANO"
"064";"Sanlúcar de Guadiana";"21";"Huelva";"01";"Comunidad Autónoma de Andalucía";"RRD";"RRGD"
"065";"San Silvestre de Guzmán";"21";"Huelva";"01";"Comunidad Autónoma de Andalucía";"RRD";"RRD"
"325";"TORRENTE DE CINCA";"22";"Huesca";"02";"Comunidad Autónoma de Aragón";"RNC";"RNC"
"326";"TORRES DE ALCANADRE";"22";"Huesca";"02";"Comunidad Autónoma de Aragón";"RRD";"RRGD"
"327";"TORRES DE BARBUES";"22";"Huesca";"02";"Comunidad Autónoma de Aragón";"RNC";"RNC"
"328";"TORRES DEL OBISPO";"22";"Huesca";"02";"Comunidad Autónoma de Aragón";"RRD";"RRD"
"331";"TRAMACASTILLA DE TENA";"22";"Huesca";"02";"Comunidad Autónoma de Aragón";"RRD";"RRD"
"332";"TRAMACED";"22";"Huesca";"02";"Comunidad Autónoma de Aragón";"RRD";"RRGD"
"333";"TRISTE";"22";"Huesca";"02";"Comunidad Autónoma de Aragón";"RRD";"RRGD"
"334";"URDUES";"22";"Huesca";"02";"Comunidad Autónoma de Aragón";"RRD";"RRGD"
"336";"VALFARTA";"22";"Huesca";"02";"Comunidad Autónoma de Aragón";"RRD";"RRGD"
"337";"VALLE DE BARDAJI";"22";"Huesca";"02";"Comunidad Autónoma de Aragón";"RRD";"RRGD"
"338";"VALLE DE LIERP";"22";"Huesca";"02";"Comunidad Autónoma de Aragón";"RRD";"RRGD"
"339";"VELILLA DE CINCA";"22";"Huesca";"02";"Comunidad Autónoma de Aragón";"RNC";"RNC"
"340";"VELILLAS";"22";"Huesca";"02";"Comunidad Autónoma de Aragón";"RRD";"RRGD"
"341";"VIACAMP Y LITERA";"22";"Huesca";"02";"Comunidad Autónoma de Aragón";"RRD";"RRGD"
"342";"VICIEN";"22";"Huesca";"02";"Comunidad Autónoma de Aragón";"RRD";"RRD"
"343";"VILLANOVA";"22";"Huesca";"02";"Comunidad Autónoma de Aragón";"RNC";"RNC"
"344";"VILLANUA";"22";"Huesca";"02";"Comunidad Autónoma de Aragón";"RRD";"RRGD"
"345";"VILLANUEVA DE SIGENA";"22";"Huesca";"02";"Comunidad Autónoma de Aragón";"RRD";"RRGD"
"347";"YEBRA DE BASA";"22";"Huesca";"02";"Comunidad Autónoma de Aragón";"RRD";"RRGD"
"348";"YESERO";"22";"Huesca";"02";"Comunidad Autónoma de Aragón";"RRD";"RRGD"
"349";"ZAIDIN";"22";"Huesca";"02";"Comunidad Autónoma de Aragón";"RNC";"RNC"
"350";"FUEVA(LA)";"22";"Huesca";"02";"Comunidad Autónoma de Aragón";"RRD";"RRGD"
"351";"VENCILLON";"22";"Huesca";"02";"Comunidad Autónoma de Aragón";"RNC";"RNC"
"352";"BELLESTAR DE FLUMEN";"22";"Huesca";"02";"Comunidad Autónoma de Aragón";"URBANO";"URBANO"
"901";"HUESCA";"22";"Huesca";"02";"Comunidad Autónoma de Aragón";"URBANO";"URBANO"
"253";"SAN MIGUEL DEL CINCA";"22";"Huesca";"02";"Comunidad Autónoma de Aragón";"RRD";"RRGD"
"254";"PONZANO";"22";"Huesca";"02";"Comunidad Autónoma de Aragón";"RRD";"RRGD"
"255";"POZAN DE VERO";"22";"Huesca";"02";"Comunidad Autónoma de Aragón";"RNC";"RNC"
"256";"PUEBLA DE CASTRO (LA)";"22";"Huesca";"02";"Comunidad Autónoma de Aragón";"RNC";"RNC"
"258";"PUEBLA RODA";"22";"Huesca";"02";"Comunidad Autónoma de Aragón";"RRD";"RRGD"
"259";"PUENTE DE MONTAÑANA";"22";"Huesca";"02";"Comunidad Autónoma de Aragón";"RRD";"RRGD"
"260";"PUERTOLAS";"22";"Huesca";"02";"Comunidad Autónoma de Aragón";"RRD";"RRGD"
"261";"PUEYO DE ARAGUAS (EL)";"22";"Huesca";"02";"Comunidad Autónoma de Aragón";"RRD";"RRGD"
"262";"PUEYO DE FANANAS";"22";"Huesca";"02";"Comunidad Autónoma de Aragón";"RRD";"RRGD"
"263";"PUEYO DE JACA";"22";"Huesca";"02";"Comunidad Autónoma de Aragón";"RRD";"RRD"
"264";"PUEYO DE SANTA CRUZ";"22";"Huesca";"02";"Comunidad Autónoma de Aragón";"RNC";"RNC"
"265";"PURROY DE LA SOLANA";"22";"Huesca";"02";"Comunidad Autónoma de Aragón";"RRD";"RRGD"
"266";"QUICENA";"22";"Huesca";"02";"Comunidad Autónoma de Aragón";"RNC";"RNC"
"267";"QUINZANO";"22";"Huesca";"02";"Comunidad Autónoma de Aragón";"RRD";"RRGD"
"269";"RASAL";"22";"Huesca";"02";"Comunidad Autónoma de Aragón";"RRD";"RRGD"
"270";"PEÑAS DE RIGLOS";"22";"Huesca";"02";"Comunidad Autónoma de Aragón";"RRD";"RRGD"
"271";"ROBRES";"22";"Huesca";"02";"Comunidad Autónoma de Aragón";"RRD";"RRD"
"272";"ISABENA";"22";"Huesca";"02";"Comunidad Autónoma de Aragón";"RRD";"RRGD"
"273";"RODELLAR";"22";"Huesca";"02";"Comunidad Autónoma de Aragón";"RRD";"RRGD"
"274";"SABAYES";"22";"Huesca";"02";"Comunidad Autónoma de Aragón";"RRD";"RRGD"
"275";"SABIÑANIGO";"22";"Huesca";"02";"Comunidad Autónoma de Aragón";"RNC";"RNC"
"276";"SAHUN";"22";"Huesca";"02";"Comunidad Autónoma de Aragón";"RRD";"RRGD"
"277";"SALAS ALTAS";"22";"Huesca";"02";"Comunidad Autónoma de Aragón";"RNC";"RNC"
"278";"SALAS BAJAS";"22";"Huesca";"02";"Comunidad Autónoma de Aragón";"RNC";"RNC"
"279";"SALILLAS";"22";"Huesca";"02";"Comunidad Autónoma de Aragón";"RRD";"RRGD"
"280";"SALINAS DE HOZ";"22";"Huesca";"02";"Comunidad Autónoma de Aragón";"RRD";"RRGD"
"281";"SALINAS DE JACA";"22";"Huesca";"02";"Comunidad Autónoma de Aragón";"RRD";"RRGD"
"282";"SALLENT DE GALLEGO";"22";"Huesca";"02";"Comunidad Autónoma de Aragón";"RRD";"RRD"
"283";"SAN ESTEBAN DE LITERA";"22";"Huesca";"02";"Comunidad Autónoma de Aragón";"RRD";"RRGD"
"284";"SANGARREN";"22";"Huesca";"02";"Comunidad Autónoma de Aragón";"RRD";"RRGD"
"285";"SAN JUAN DE PLAN";"22";"Huesca";"02";"Comunidad Autónoma de Aragón";"RRD";"RRGD"
"286";"SANTA CILIA";"22";"Huesca";"02";"Comunidad Autónoma de Aragón";"RRD";"RRD"
"287";"SANTA CRUZ DE LA SEROS";"22";"Huesca";"02";"Comunidad Autónoma de Aragón";"RRD";"RRGD"
"288";"PUENTE LA REINA DE JACA";"22";"Huesca";"02";"Comunidad Autónoma de Aragón";"RRD";"RRGD"
"289";"SANTA EULALIA LA MAYOR";"22";"Huesca";"02";"Comunidad Autónoma de Aragón";"RRD";"RRGD"
"291";"SANTALIESTRA Y SAN QUILEZ";"22";"Huesca";"02";"Comunidad Autónoma de Aragón";"RRD";"RRGD"
"292";"SANTA MARIA DE BUIL";"22";"Huesca";"02";"Comunidad Autónoma de Aragón";"RRD";"RRGD"
"293";"SANTORENS";"22";"Huesca";"02";"Comunidad Autónoma de Aragón";"RRD";"RRGD"
"294";"SARIÑENA";"22";"Huesca";"02";"Comunidad Autónoma de Aragón";"RNC";"RNC"
"295";"SARSA DE SURTA";"22";"Huesca";"02";"Comunidad Autónoma de Aragón";"RRD";"RRGD"
"296";"SARSAMARCUELLO";"22";"Huesca";"02";"Comunidad Autónoma de Aragón";"RRD";"RRGD"
"297";"SASA DEL ABADIADO";"22";"Huesca";"02";"Comunidad Autónoma de Aragón";"RRD";"RRGD"
"298";"SECASTILLA";"22";"Huesca";"02";"Comunidad Autónoma de Aragón";"RRD";"RRGD"
"299";"SEIRA";"22";"Huesca";"02";"Comunidad Autónoma de Aragón";"RRD";"RRGD"
"301";"SENA";"22";"Huesca";"02";"Comunidad Autónoma de Aragón";"RRD";"RRGD"
"303";"SENES DE ALCUBIERRE";"22";"Huesca";"02";"Comunidad Autónoma de Aragón";"RRD";"RRGD"
"304";"SERRADUY";"22";"Huesca";"02";"Comunidad Autónoma de Aragón";"RRD";"RRGD"
"305";"SESA";"22";"Huesca";"02";"Comunidad Autónoma de Aragón";"RRD";"RRGD"
"306";"SESUE";"22";"Huesca";"02";"Comunidad Autónoma de Aragón";"RNC";"RNC"
"307";"SIESO DE HUESCA";"22";"Huesca";"02";"Comunidad Autónoma de Aragón";"RRD";"RRGD"
"308";"SIESTE";"22";"Huesca";"02";"Comunidad Autónoma de Aragón";"RRD";"RRGD"
"309";"SIETAMO";"22";"Huesca";"02";"Comunidad Autónoma de Aragón";"RNC";"RNC"
"310";"SINUES";"22";"Huesca";"02";"Comunidad Autónoma de Aragón";"RRD";"RRGD"
"312";"SIPAN";"22";"Huesca";"02";"Comunidad Autónoma de Aragón";"RRD";"RRGD"
"313";"SOPEIRA";"22";"Huesca";"02";"Comunidad Autónoma de Aragón";"RRD";"RRGD"
"314";"TABERNAS DE ISUELA";"22";"Huesca";"02";"Comunidad Autónoma de Aragón";"URBANO";"URBANO"
"315";"TAMARITE DE LITERA";"22";"Huesca";"02";"Comunidad Autónoma de Aragón";"RNC";"RNC"
"316";"TARDIENTA";"22";"Huesca";"02";"Comunidad Autónoma de Aragón";"RRD";"RRD"
"317";"TELLA-SIN";"22";"Huesca";"02";"Comunidad Autónoma de Aragón";"RRD";"RRGD"
"318";"TIERZ";"22";"Huesca";"02";"Comunidad Autónoma de Aragón";"URBANO";"URBANO"
"320";"TOLVA";"22";"Huesca";"02";"Comunidad Autónoma de Aragón";"RRD";"RRGD"
"321";"TORLA";"22";"Huesca";"02";"Comunidad Autónoma de Aragón";"RRD";"RRGD"
"323";"TORRALBA DE ARAGON";"22";"Huesca";"02";"Comunidad Autónoma de Aragón";"RRD";"RRGD"
"324";"TORRE LA RIBERA";"22";"Huesca";"02";"Comunidad Autónoma de Aragón";"RRD";"RRGD"
"178";"JACA";"22";"Huesca";"02";"Comunidad Autónoma de Aragón";"RNC";"RNC"
"179";"JASA";"22";"Huesca";"02";"Comunidad Autónoma de Aragón";"RRD";"RRD"
"180";"JAVIERREGAY";"22";"Huesca";"02";"Comunidad Autónoma de Aragón";"RRD";"RRGD"
"181";"JAVIERRELATRE";"22";"Huesca";"02";"Comunidad Autónoma de Aragón";"RRD";"RRGD"
"182";"JUNZANO";"22";"Huesca";"02";"Comunidad Autónoma de Aragón";"RRD";"RRGD"
"183";"JUSEU";"22";"Huesca";"02";"Comunidad Autónoma de Aragón";"RRD";"RRD"
"184";"LABATA";"22";"Huesca";"02";"Comunidad Autónoma de Aragón";"RRD";"RRGD"
"185";"LABUERDA";"22";"Huesca";"02";"Comunidad Autónoma de Aragón";"RRD";"RRD"
"187";"LAGUARTA";"22";"Huesca";"02";"Comunidad Autónoma de Aragón";"RNC";"RNC"
"189";"LALUENGA";"22";"Huesca";"02";"Comunidad Autónoma de Aragón";"RRD";"RRGD"
"190";"LALUEZA";"22";"Huesca";"02";"Comunidad Autónoma de Aragón";"RRD";"RRD"
"191";"LANAJA";"22";"Huesca";"02";"Comunidad Autónoma de Aragón";"RRD";"RRGD"
"192";"LANUZA";"22";"Huesca";"02";"Comunidad Autónoma de Aragón";"RRD";"RRD"
"193";"LAPERDIGUERA";"22";"Huesca";"02";"Comunidad Autónoma de Aragón";"RRD";"RRD"
"196";"LASCELLAS-PONZANO";"22";"Huesca";"02";"Comunidad Autónoma de Aragón";"RRD";"RRGD"
"197";"LASCUARRE";"22";"Huesca";"02";"Comunidad Autónoma de Aragón";"RRD";"RRGD"
"198";"LASPAULES";"22";"Huesca";"02";"Comunidad Autónoma de Aragón";"RRD";"RRGD"
"199";"LASPUÑA";"22";"Huesca";"02";"Comunidad Autónoma de Aragón";"RRD";"RRGD"
"201";"LATRE";"22";"Huesca";"02";"Comunidad Autónoma de Aragón";"RRD";"RRGD"
"202";"LIERTA";"22";"Huesca";"02";"Comunidad Autónoma de Aragón";"RRD";"RRGD"
"203";"LIESA";"22";"Huesca";"02";"Comunidad Autónoma de Aragón";"RNC";"RNC"
"204";"LINAS BROTO";"22";"Huesca";"02";"Comunidad Autónoma de Aragón";"RRD";"RRGD"
"205";"LOARRE";"22";"Huesca";"02";"Comunidad Autónoma de Aragón";"RRD";"RRGD"
"206";"LOPORZANO";"22";"Huesca";"02";"Comunidad Autónoma de Aragón";"RRD";"RRGD"
"207";"LOSCORRALES";"22";"Huesca";"02";"Comunidad Autónoma de Aragón";"RRD";"RRGD"
"208";"LUPIÑEN-ORTILLA";"22";"Huesca";"02";"Comunidad Autónoma de Aragón";"RRD";"RRGD"
"209";"LUZAS";"22";"Huesca";"02";"Comunidad Autónoma de Aragón";"RRD";"RRGD"
"212";"MEDIANO";"22";"Huesca";"02";"Comunidad Autónoma de Aragón";"RRD";"RRGD"
"213";"MERLI";"22";"Huesca";"02";"Comunidad Autónoma de Aragón";"RRD";"RRGD"
"215";"MONESMA Y CAJIGAR";"22";"Huesca";"02";"Comunidad Autónoma de Aragón";"RRD";"RRGD"
"216";"MONFLORITE-LASCASAS";"22";"Huesca";"02";"Comunidad Autónoma de Aragón";"RNC";"RNC"
"217";"MONTANUY";"22";"Huesca";"02";"Comunidad Autónoma de Aragón";"RRD";"RRGD"
"218";"MONZON";"22";"Huesca";"02";"Comunidad Autónoma de Aragón";"URBANO";"URBANO"
"219";"MORRILLO MONCLUS";"22";"Huesca";"02";"Comunidad Autónoma de Aragón";"RRD";"RRGD"
"220";"MORRANO";"22";"Huesca";"02";"Comunidad Autónoma de Aragón";"RRD";"RRGD"
"222";"NAVAL";"22";"Huesca";"02";"Comunidad Autónoma de Aragón";"RRD";"RRGD"
"223";"NAVASA";"22";"Huesca";"02";"Comunidad Autónoma de Aragón";"RNC";"RNC"
"224";"NERIL";"22";"Huesca";"02";"Comunidad Autónoma de Aragón";"RRD";"RRGD"
"225";"NOCITO";"22";"Huesca";"02";"Comunidad Autónoma de Aragón";"RRD";"RRGD"
"226";"NOVALES";"22";"Huesca";"02";"Comunidad Autónoma de Aragón";"RRD";"RRGD"
"227";"NUENO";"22";"Huesca";"02";"Comunidad Autónoma de Aragón";"RRD";"RRGD"
"228";"OLIVAN";"22";"Huesca";"02";"Comunidad Autónoma de Aragón";"RRD";"RRGD"
"229";"OLSON";"22";"Huesca";"02";"Comunidad Autónoma de Aragón";"RRD";"RRGD"
"230";"OLVENA";"22";"Huesca";"02";"Comunidad Autónoma de Aragón";"RRD";"RRGD"
"231";"ONTIÑENA";"22";"Huesca";"02";"Comunidad Autónoma de Aragón";"RRD";"RRGD"
"233";"ORTILLA";"22";"Huesca";"02";"Comunidad Autónoma de Aragón";"RRD";"RRGD"
"234";"OSIA";"22";"Huesca";"02";"Comunidad Autónoma de Aragón";"RNC";"RNC"
"235";"OSSO DE CINCA";"22";"Huesca";"02";"Comunidad Autónoma de Aragón";"RNC";"RNC"
"236";"PALO";"22";"Huesca";"02";"Comunidad Autónoma de Aragón";"RRD";"RRGD"
"238";"PANILLO";"22";"Huesca";"02";"Comunidad Autónoma de Aragón";"RRD";"RRD"
"239";"PANTICOSA";"22";"Huesca";"02";"Comunidad Autónoma de Aragón";"RRD";"RRD"
"240";"PANZANO";"22";"Huesca";"02";"Comunidad Autónoma de Aragón";"RRD";"RRGD"
"241";"PEÑALBA";"22";"Huesca";"02";"Comunidad Autónoma de Aragón";"RRD";"RRGD"
"242";"PERALTA DE ALCOFEA";"22";"Huesca";"02";"Comunidad Autónoma de Aragón";"RRD";"RRGD"
"243";"PERALTA DE CALASANZ";"22";"Huesca";"02";"Comunidad Autónoma de Aragón";"RRD";"RRGD"
"244";"PERALTILLA";"22";"Huesca";"02";"Comunidad Autónoma de Aragón";"RRD";"RRD"
"245";"PERARRUA";"22";"Huesca";"02";"Comunidad Autónoma de Aragón";"RRD";"RRGD"
"246";"PERTUSA";"22";"Huesca";"02";"Comunidad Autónoma de Aragón";"RRD";"RRGD"
"247";"PIEDRAFITA DE JACA";"22";"Huesca";"02";"Comunidad Autónoma de Aragón";"RRD";"RRGD"
"248";"PILZAN";"22";"Huesca";"02";"Comunidad Autónoma de Aragón";"RRD";"RRGD"
"249";"PIRACES";"22";"Huesca";"02";"Comunidad Autónoma de Aragón";"RRD";"RRGD"
"250";"PLAN";"22";"Huesca";"02";"Comunidad Autónoma de Aragón";"RRD";"RRGD"
"251";"PLASENCIA DEL MONTE";"22";"Huesca";"02";"Comunidad Autónoma de Aragón";"RRD";"RRGD"
"252";"POLEÑINO";"22";"Huesca";"02";"Comunidad Autónoma de Aragón";"RRD";"RRGD"
"098";"CALADRONES";"22";"Huesca";"02";"Comunidad Autónoma de Aragón";"RRD";"RRGD"
"100";"CALVERA";"22";"Huesca";"02";"Comunidad Autónoma de Aragón";"RRD";"RRGD"
"102";"CAMPO";"22";"Huesca";"02";"Comunidad Autónoma de Aragón";"RNC";"RNC"
"103";"CAMPORRELLS";"22";"Huesca";"02";"Comunidad Autónoma de Aragón";"RRD";"RRGD"
"104";"CANDASNOS";"22";"Huesca";"02";"Comunidad Autónoma de Aragón";"RRD";"RRGD"
"105";"CANFRANC";"22";"Huesca";"02";"Comunidad Autónoma de Aragón";"RRD";"RRGD"
"106";"CAPDESASO";"22";"Huesca";"02";"Comunidad Autónoma de Aragón";"RRD";"RRD"
"107";"CAPELLA";"22";"Huesca";"02";"Comunidad Autónoma de Aragón";"RRD";"RRGD"
"109";"CASBAS DE HUESCA";"22";"Huesca";"02";"Comunidad Autónoma de Aragón";"RRD";"RRGD"
"111";"CASTANESA";"22";"Huesca";"02";"Comunidad Autónoma de Aragón";"RRD";"RRGD"
"112";"CASTEJON DEL PUENTE";"22";"Huesca";"02";"Comunidad Autónoma de Aragón";"RRD";"RRD"
"113";"CASTEJON DE MONEGROS";"22";"Huesca";"02";"Comunidad Autónoma de Aragón";"RRD";"RRGD"
"114";"CASTEJON DE SOBRARBE";"22";"Huesca";"02";"Comunidad Autónoma de Aragón";"RRD";"RRGD"
"115";"CASTEJON DE SOS";"22";"Huesca";"02";"Comunidad Autónoma de Aragón";"RNC";"RNC"
"116";"CASTELFLORITE";"22";"Huesca";"02";"Comunidad Autónoma de Aragón";"RRD";"RRGD"
"117";"CASTIELLO DE JACA";"22";"Huesca";"02";"Comunidad Autónoma de Aragón";"RNC";"RNC"
"118";"CASTIGALEU";"22";"Huesca";"02";"Comunidad Autónoma de Aragón";"RRD";"RRGD"
"119";"CASTILSABAS";"22";"Huesca";"02";"Comunidad Autónoma de Aragón";"RRD";"RRGD"
"120";"CASTILLAZUELO";"22";"Huesca";"02";"Comunidad Autónoma de Aragón";"RRD";"RRD"
"121";"CASTILLONROY";"22";"Huesca";"02";"Comunidad Autónoma de Aragón";"RRD";"RRD"
"122";"CLAMOSA";"22";"Huesca";"02";"Comunidad Autónoma de Aragón";"RRD";"RRGD"
"123";"COLUNGO";"22";"Huesca";"02";"Comunidad Autónoma de Aragón";"RRD";"RRGD"
"126";"COSCOJUELA DE FANTOYA";"22";"Huesca";"02";"Comunidad Autónoma de Aragón";"RRD";"RRGD"
"128";"COSCULLANO";"22";"Huesca";"02";"Comunidad Autónoma de Aragón";"RRD";"RRGD"
"129";"COSTEAN";"22";"Huesca";"02";"Comunidad Autónoma de Aragón";"RRD";"RRGD"
"131";"CUARTE";"22";"Huesca";"02";"Comunidad Autónoma de Aragón";"URBANO";"URBANO"
"132";"CHALAMERA";"22";"Huesca";"02";"Comunidad Autónoma de Aragón";"RRD";"RRD"
"133";"CHIA";"22";"Huesca";"02";"Comunidad Autónoma de Aragón";"RRD";"RRGD"
"134";"CHIMILLAS";"22";"Huesca";"02";"Comunidad Autónoma de Aragón";"RNC";"RNC"
"135";"EMBUN";"22";"Huesca";"02";"Comunidad Autónoma de Aragón";"RRD";"RRGD"
"136";"ENA";"22";"Huesca";"02";"Comunidad Autónoma de Aragón";"RRD";"RRGD"
"137";"ESCARRILLA";"22";"Huesca";"02";"Comunidad Autónoma de Aragón";"RRD";"RRD"
"138";"ESCUER";"22";"Huesca";"02";"Comunidad Autónoma de Aragón";"RRD";"RRGD"
"139";"ESPES";"22";"Huesca";"02";"Comunidad Autónoma de Aragón";"RRD";"RRGD"
"140";"ESPLUS";"22";"Huesca";"02";"Comunidad Autónoma de Aragón";"RRD";"RRGD"
"141";"ESPOSA";"22";"Huesca";"02";"Comunidad Autónoma de Aragón";"RRD";"RRGD"
"142";"ESPUENDOLAS";"22";"Huesca";"02";"Comunidad Autónoma de Aragón";"RNC";"RNC"
"143";"ESQUEDAS";"22";"Huesca";"02";"Comunidad Autónoma de Aragón";"RRD";"RRGD"
"144";"ESTADA";"22";"Huesca";"02";"Comunidad Autónoma de Aragón";"RNC";"RNC"
"145";"ESTADILLA";"22";"Huesca";"02";"Comunidad Autónoma de Aragón";"RNC";"RNC"
"147";"ESTOPIÑAN DEL CASTILLO";"22";"Huesca";"02";"Comunidad Autónoma de Aragón";"RRD";"RRGD"
"148";"FAGO";"22";"Huesca";"02";"Comunidad Autónoma de Aragón";"RRD";"RRGD"
"149";"FANLO";"22";"Huesca";"02";"Comunidad Autónoma de Aragón";"RRD";"RRGD"
"150";"FADANAS";"22";"Huesca";"02";"Comunidad Autónoma de Aragón";"RRD";"RRGD"
"152";"FISCAL";"22";"Huesca";"02";"Comunidad Autónoma de Aragón";"RRD";"RRGD"
"153";"FONZ";"22";"Huesca";"02";"Comunidad Autónoma de Aragón";"RNC";"RNC"
"154";"FORADADA DEL TOSCAR";"22";"Huesca";"02";"Comunidad Autónoma de Aragón";"RRD";"RRGD"
"155";"FRAGA";"22";"Huesca";"02";"Comunidad Autónoma de Aragón";"RNC";"RNC"
"157";"GAVIN";"22";"Huesca";"02";"Comunidad Autónoma de Aragón";"RRD";"RRGD"
"160";"GISTAIN";"22";"Huesca";"02";"Comunidad Autónoma de Aragón";"RRD";"RRGD"
"161";"GRADO (EL)";"22";"Huesca";"02";"Comunidad Autónoma de Aragón";"RRD";"RRGD"
"162";"GRAÑEN";"22";"Huesca";"02";"Comunidad Autónoma de Aragón";"RNC";"RNC"
"163";"GRAUS";"22";"Huesca";"02";"Comunidad Autónoma de Aragón";"RRD";"RRD"
"164";"GUASA";"22";"Huesca";"02";"Comunidad Autónoma de Aragón";"RNC";"RNC"
"166";"GUEL";"22";"Huesca";"02";"Comunidad Autónoma de Aragón";"RRD";"RRD"
"167";"GURREA DE GALLEGO";"22";"Huesca";"02";"Comunidad Autónoma de Aragón";"RRD";"RRGD"
"168";"VALLE DE HECHO";"22";"Huesca";"02";"Comunidad Autónoma de Aragón";"RRD";"RRGD"
"169";"HOZ Y COSTEAN";"22";"Huesca";"02";"Comunidad Autónoma de Aragón";"RRD";"RRGD"
"170";"HOZ DE JACA";"22";"Huesca";"02";"Comunidad Autónoma de Aragón";"RRD";"RRGD"
"171";"SANTA MARIA DE DULCIS";"22";"Huesca";"02";"Comunidad Autónoma de Aragón";"RRD";"RRGD"
"172";"HUERTO";"22";"Huesca";"02";"Comunidad Autónoma de Aragón";"RRD";"RRGD"
"174";"IBIECA";"22";"Huesca";"02";"Comunidad Autónoma de Aragón";"RRD";"RRGD"
"175";"IGRIES";"22";"Huesca";"02";"Comunidad Autónoma de Aragón";"RNC";"RNC"
"176";"ILCHE";"22";"Huesca";"02";"Comunidad Autónoma de Aragón";"RRD";"RRGD"
"028";"ALMUNIA DE SAN JUAN";"22";"Huesca";"02";"Comunidad Autónoma de Aragón";"RNC";"RNC"
"029";"ALMUNIENTE";"22";"Huesca";"02";"Comunidad Autónoma de Aragón";"RNC";"RNC"
"030";"ALQUEZAR";"22";"Huesca";"02";"Comunidad Autónoma de Aragón";"RRD";"RRD"
"031";"ALTORRICON";"22";"Huesca";"02";"Comunidad Autónoma de Aragón";"RNC";"RNC"
"032";"ANGÜES";"22";"Huesca";"02";"Comunidad Autónoma de Aragón";"RRD";"RRGD"
"033";"ANIES";"22";"Huesca";"02";"Comunidad Autónoma de Aragón";"RRD";"RRGD"
"034";"ANSO";"22";"Huesca";"02";"Comunidad Autónoma de Aragón";"RRD";"RRGD"
"035";"ANTILLON";"22";"Huesca";"02";"Comunidad Autónoma de Aragón";"RRD";"RRGD"
"036";"ANZANIGO";"22";"Huesca";"02";"Comunidad Autónoma de Aragón";"RRD";"RRGD"
"037";"APIES";"22";"Huesca";"02";"Comunidad Autónoma de Aragón";"URBANO";"URBANO"
"038";"CALDEARENAS";"22";"Huesca";"02";"Comunidad Autónoma de Aragón";"RRD";"RRGD"
"039";"ARAGÜES DEL PUERTO";"22";"Huesca";"02";"Comunidad Autónoma de Aragón";"RRD";"RRGD"
"040";"ARASCUES";"22";"Huesca";"02";"Comunidad Autónoma de Aragón";"RRD";"RRGD"
"041";"ARBANIES";"22";"Huesca";"02";"Comunidad Autónoma de Aragón";"RNC";"RNC"
"043";"ARCUSA";"22";"Huesca";"02";"Comunidad Autónoma de Aragón";"RRD";"RRGD"
"044";"AREN";"22";"Huesca";"02";"Comunidad Autónoma de Aragón";"RRD";"RRGD"
"045";"ARGAVIESO";"22";"Huesca";"02";"Comunidad Autónoma de Aragón";"RRD";"RRD"
"046";"ARGUIS";"22";"Huesca";"02";"Comunidad Autónoma de Aragón";"RRD";"RRGD"
"047";"ASO";"22";"Huesca";"02";"Comunidad Autónoma de Aragón";"RRD";"RRGD"
"048";"ATARES";"22";"Huesca";"02";"Comunidad Autónoma de Aragón";"RNC";"RNC"
"049";"AYERBE";"22";"Huesca";"02";"Comunidad Autónoma de Aragón";"RNC";"RNC"
"050";"AZANUY-ALINS";"22";"Huesca";"02";"Comunidad Autónoma de Aragón";"RRD";"RRGD"
"051";"AZARA";"22";"Huesca";"02";"Comunidad Autónoma de Aragón";"RRD";"RRD"
"052";"AZLOR";"22";"Huesca";"02";"Comunidad Autónoma de Aragón";"RRD";"RRD"
"053";"BAELLS";"22";"Huesca";"02";"Comunidad Autónoma de Aragón";"RRD";"RRGD"
"054";"BAILO";"22";"Huesca";"02";"Comunidad Autónoma de Aragón";"RRD";"RRGD"
"055";"BALDELLOU";"22";"Huesca";"02";"Comunidad Autónoma de Aragón";"RRD";"RRGD"
"056";"BALLOBAR";"22";"Huesca";"02";"Comunidad Autónoma de Aragón";"RRD";"RRGD"
"058";"BANARIES";"22";"Huesca";"02";"Comunidad Autónoma de Aragón";"URBANO";"URBANO"
"059";"BANASTAS";"22";"Huesca";"02";"Comunidad Autónoma de Aragón";"RNC";"RNC"
"060";"BANDALIES";"22";"Huesca";"02";"Comunidad Autónoma de Aragón";"RRD";"RRGD"
"061";"BARBASTRO";"22";"Huesca";"02";"Comunidad Autónoma de Aragón";"URBANO";"URBANO"
"062";"BARBENUTA";"22";"Huesca";"02";"Comunidad Autónoma de Aragón";"RRD";"RRGD"
"063";"BARBUES";"22";"Huesca";"02";"Comunidad Autónoma de Aragón";"RRD";"RRGD"
"064";"BARBUÑALES";"22";"Huesca";"02";"Comunidad Autónoma de Aragón";"RRD";"RRGD"
"065";"BARCABO";"22";"Huesca";"02";"Comunidad Autónoma de Aragón";"RRD";"RRGD"
"066";"BARLUENGA";"22";"Huesca";"02";"Comunidad Autónoma de Aragón";"RRD";"RRGD"
"067";"BELVER DE CINCA";"22";"Huesca";"02";"Comunidad Autónoma de Aragón";"RNC";"RNC"
"068";"BENABARRE";"22";"Huesca";"02";"Comunidad Autónoma de Aragón";"RRD";"RRGD"
"069";"BENASQUE";"22";"Huesca";"02";"Comunidad Autónoma de Aragón";"RRD";"RRD"
"070";"BENTUE RASAL";"22";"Huesca";"02";"Comunidad Autónoma de Aragón";"RRD";"RRGD"
"071";"BERANUY";"22";"Huesca";"02";"Comunidad Autónoma de Aragón";"RRD";"RRGD"
"072";"BERBEGAL";"22";"Huesca";"02";"Comunidad Autónoma de Aragón";"RRD";"RRGD"
"073";"CANAL DE BERDUN";"22";"Huesca";"02";"Comunidad Autónoma de Aragón";"RRD";"RRGD"
"075";"BERNUES";"22";"Huesca";"02";"Comunidad Autónoma de Aragón";"RNC";"RNC"
"077";"BESPEN";"22";"Huesca";"02";"Comunidad Autónoma de Aragón";"RRD";"RRGD"
"079";"BIELSA";"22";"Huesca";"02";"Comunidad Autónoma de Aragón";"RRD";"RRGD"
"080";"BIERGE";"22";"Huesca";"02";"Comunidad Autónoma de Aragón";"RRD";"RRGD"
"081";"BIESCAS";"22";"Huesca";"02";"Comunidad Autónoma de Aragón";"RRD";"RRGD"
"082";"BINACED";"22";"Huesca";"02";"Comunidad Autónoma de Aragón";"RNC";"RNC"
"083";"BINEFAR";"22";"Huesca";"02";"Comunidad Autónoma de Aragón";"URBANO";"URBANO"
"085";"BISAURRI";"22";"Huesca";"02";"Comunidad Autónoma de Aragón";"RRD";"RRGD"
"086";"BISCARRUES";"22";"Huesca";"02";"Comunidad Autónoma de Aragón";"RRD";"RRGD"
"087";"BLECUA Y TORRES";"22";"Huesca";"02";"Comunidad Autónoma de Aragón";"RRD";"RRGD"
"088";"LA SOTONERA";"22";"Huesca";"02";"Comunidad Autónoma de Aragón";"RRD";"RRGD"
"089";"BOLTAÑA";"22";"Huesca";"02";"Comunidad Autónoma de Aragón";"RRD";"RRGD"
"090";"BONANSA";"22";"Huesca";"02";"Comunidad Autónoma de Aragón";"RRD";"RRGD"
"091";"BONO";"22";"Huesca";"02";"Comunidad Autónoma de Aragón";"RRD";"RRGD"
"092";"BORAU";"22";"Huesca";"02";"Comunidad Autónoma de Aragón";"RRD";"RRGD"
"093";"BOTAYA";"22";"Huesca";"02";"Comunidad Autónoma de Aragón";"RNC";"RNC"
"094";"BROTO";"22";"Huesca";"02";"Comunidad Autónoma de Aragón";"RRD";"RRGD"
"095";"BUERA";"22";"Huesca";"02";"Comunidad Autónoma de Aragón";"RRD";"RRGD"
"096";"BURGASE";"22";"Huesca";"02";"Comunidad Autónoma de Aragón";"RRD";"RRGD"
"097";"CAJIGAR";"22";"Huesca";"02";"Comunidad Autónoma de Aragón";"RRD";"RRGD"
"001";"ABIEGO";"22";"Huesca";"02";"Comunidad Autónoma de Aragón";"RRD";"RRGD"
"002";"ABIZANDA";"22";"Huesca";"02";"Comunidad Autónoma de Aragón";"RRD";"RRGD"
"004";"ACUMUER";"22";"Huesca";"02";"Comunidad Autónoma de Aragón";"RNC";"RNC"
"005";"ADAHUESCA";"22";"Huesca";"02";"Comunidad Autónoma de Aragón";"RRD";"RRGD"
"006";"AGUAS";"22";"Huesca";"02";"Comunidad Autónoma de Aragón";"RRD";"RRGD"
"007";"AGÜERO";"22";"Huesca";"02";"Comunidad Autónoma de Aragón";"RRD";"RRGD"
"008";"AGUINALIU";"22";"Huesca";"02";"Comunidad Autónoma de Aragón";"RRD";"RRD"
"009";"AINSA-SOBRARBE";"22";"Huesca";"02";"Comunidad Autónoma de Aragón";"RRD";"RRGD"
"010";"AISA";"22";"Huesca";"02";"Comunidad Autónoma de Aragón";"RRD";"RRGD"
"011";"ALBALATE DE CINCA";"22";"Huesca";"02";"Comunidad Autónoma de Aragón";"RNC";"RNC"
"012";"ALBALATILLO";"22";"Huesca";"02";"Comunidad Autónoma de Aragón";"RNC";"RNC"
"013";"ALBELDA";"22";"Huesca";"02";"Comunidad Autónoma de Aragón";"RNC";"RNC"
"014";"ALBELLA I JANOVAS";"22";"Huesca";"02";"Comunidad Autónoma de Aragón";"RRD";"RRGD"
"015";"ALBERO ALTO";"22";"Huesca";"02";"Comunidad Autónoma de Aragón";"RRD";"RRGD"
"016";"ALBERO BAJO";"22";"Huesca";"02";"Comunidad Autónoma de Aragón";"RRD";"RRGD"
"017";"ALBERUELA DE LA LIENA";"22";"Huesca";"02";"Comunidad Autónoma de Aragón";"RRD";"RRGD"
"018";"ALBERUELA DE TUBO";"22";"Huesca";"02";"Comunidad Autónoma de Aragón";"RNC";"RNC"
"019";"ALCALA DE GURREA";"22";"Huesca";"02";"Comunidad Autónoma de Aragón";"RRD";"RRGD"
"020";"ALCALA DEL OBISPO";"22";"Huesca";"02";"Comunidad Autónoma de Aragón";"RRD";"RRGD"
"021";"ALCAMPELL";"22";"Huesca";"02";"Comunidad Autónoma de Aragón";"RRD";"RRD"
"022";"ALCOLEA DE CINCA";"22";"Huesca";"02";"Comunidad Autónoma de Aragón";"RNC";"RNC"
"023";"ALCUBIERRE";"22";"Huesca";"02";"Comunidad Autónoma de Aragón";"RRD";"RRGD"
"024";"ALERRE";"22";"Huesca";"02";"Comunidad Autónoma de Aragón";"RNC";"RNC"
"025";"ALFANTEGA";"22";"Huesca";"02";"Comunidad Autónoma de Aragón";"RNC";"RNC"
"027";"ALMUDEVAR";"22";"Huesca";"02";"Comunidad Autónoma de Aragón";"RRD";"RRD"
"007";"Arjonilla";"23";"Jaén";"01";"Comunidad Autónoma de Andalucía";"RNC";"RNC"
"008";"Arquillos";"23";"Jaén";"01";"Comunidad Autónoma de Andalucía";"RNC";"RNC"
"009";"Baeza";"23";"Jaén";"01";"Comunidad Autónoma de Andalucía";"RNC";"RNC"
"010";"Bailén";"23";"Jaén";"01";"Comunidad Autónoma de Andalucía";"URBANO";"URBANO"
"011";"Baños de la Encina";"23";"Jaén";"01";"Comunidad Autónoma de Andalucía";"RRD";"RRGD"
"012";"Beas de Segura";"23";"Jaén";"01";"Comunidad Autónoma de Andalucía";"RNC";"RNC"
"013";"Bedmar y Garcíez";"23";"Jaén";"01";"Comunidad Autónoma de Andalucía";"RNC";"RNC"
"014";"Begíjar";"23";"Jaén";"01";"Comunidad Autónoma de Andalucía";"RNC";"RNC"
"015";"Bélmez de la Moraleda";"23";"Jaén";"01";"Comunidad Autónoma de Andalucía";"RNC";"RNC"
"016";"Benatae";"23";"Jaén";"01";"Comunidad Autónoma de Andalucía";"RRD";"RRD"
"017";"Cabra del Santo Cristo";"23";"Jaén";"01";"Comunidad Autónoma de Andalucía";"RRD";"RRD"
"018";"Cambil";"23";"Jaén";"01";"Comunidad Autónoma de Andalucía";"RNC";"RNC"
"019";"Campillo de Arenas";"23";"Jaén";"01";"Comunidad Autónoma de Andalucía";"RNC";"RNC"
"020";"Canena";"23";"Jaén";"01";"Comunidad Autónoma de Andalucía";"URBANO";"URBANO"
"021";"Carboneros";"23";"Jaén";"01";"Comunidad Autónoma de Andalucía";"RRD";"RRD"
"023";"Cárcheles";"23";"Jaén";"01";"Comunidad Autónoma de Andalucía";"RNC";"RNC"
"024";"Carolina (La)";"23";"Jaén";"01";"Comunidad Autónoma de Andalucía";"RNC";"RNC"
"025";"Castellar";"23";"Jaén";"01";"Comunidad Autónoma de Andalucía";"RNC";"RNC"
"026";"Castillo de Locubín";"23";"Jaén";"01";"Comunidad Autónoma de Andalucía";"RNC";"RNC"
"027";"Cazalilla";"23";"Jaén";"01";"Comunidad Autónoma de Andalucía";"RNC";"RNC"
"028";"Cazorla";"23";"Jaén";"01";"Comunidad Autónoma de Andalucía";"RNC";"RNC"
"029";"Chiclana de Segura";"23";"Jaén";"01";"Comunidad Autónoma de Andalucía";"RRD";"RRGD"
"030";"Chilluévar";"23";"Jaén";"01";"Comunidad Autónoma de Andalucía";"RNC";"RNC"
"031";"Escañuela";"23";"Jaén";"01";"Comunidad Autónoma de Andalucía";"RNC";"RNC"
"032";"Espelúy";"23";"Jaén";"01";"Comunidad Autónoma de Andalucía";"RNC";"RNC"
"033";"Frailes";"23";"Jaén";"01";"Comunidad Autónoma de Andalucía";"RNC";"RNC"
"034";"Fuensanta de Martos";"23";"Jaén";"01";"Comunidad Autónoma de Andalucía";"RNC";"RNC"
"035";"Fuerte del Rey";"23";"Jaén";"01";"Comunidad Autónoma de Andalucía";"RNC";"RNC"
"037";"Génave";"23";"Jaén";"01";"Comunidad Autónoma de Andalucía";"RRD";"RRD"
"038";"Guardia de Jaén (La)";"23";"Jaén";"01";"Comunidad Autónoma de Andalucía";"URBANO";"URBANO"
"039";"Guarromán";"23";"Jaén";"01";"Comunidad Autónoma de Andalucía";"RNC";"RNC"
"040";"Lahiguera";"23";"Jaén";"01";"Comunidad Autónoma de Andalucía";"RNC";"RNC"
"041";"Higuera de Calatrava";"23";"Jaén";"01";"Comunidad Autónoma de Andalucía";"RNC";"RNC"
"042";"Hinojares";"23";"Jaén";"01";"Comunidad Autónoma de Andalucía";"RRD";"RRD"
"043";"Hornos";"23";"Jaén";"01";"Comunidad Autónoma de Andalucía";"RRD";"RRGD"
"044";"Huelma";"23";"Jaén";"01";"Comunidad Autónoma de Andalucía";"RNC";"RNC"
"045";"Huesa";"23";"Jaén";"01";"Comunidad Autónoma de Andalucía";"RNC";"RNC"
"046";"Ibros";"23";"Jaén";"01";"Comunidad Autónoma de Andalucía";"RNC";"RNC"
"047";"Iruela (La)";"23";"Jaén";"01";"Comunidad Autónoma de Andalucía";"RNC";"RNC"
"048";"Iznatoraf";"23";"Jaén";"01";"Comunidad Autónoma de Andalucía";"RRD";"RRD"
"049";"Jabalquinto";"23";"Jaén";"01";"Comunidad Autónoma de Andalucía";"RNC";"RNC"
"051";"Jamilena";"23";"Jaén";"01";"Comunidad Autónoma de Andalucía";"URBANO";"URBANO"
"052";"Jimena";"23";"Jaén";"01";"Comunidad Autónoma de Andalucía";"RNC";"RNC"
"053";"Jódar";"23";"Jaén";"01";"Comunidad Autónoma de Andalucía";"RNC";"RNC"
"054";"Larva";"23";"Jaén";"01";"Comunidad Autónoma de Andalucía";"RRD";"RRD"
"055";"Linares";"23";"Jaén";"01";"Comunidad Autónoma de Andalucía";"URBANO";"URBANO"
"056";"Lopera";"23";"Jaén";"01";"Comunidad Autónoma de Andalucía";"RNC";"RNC"
"057";"Lupión";"23";"Jaén";"01";"Comunidad Autónoma de Andalucía";"RNC";"RNC"
"058";"Mancha Real";"23";"Jaén";"01";"Comunidad Autónoma de Andalucía";"URBANO";"URBANO"
"059";"Marmolejo";"23";"Jaén";"01";"Comunidad Autónoma de Andalucía";"RNC";"RNC"
"060";"Martos";"23";"Jaén";"01";"Comunidad Autónoma de Andalucía";"RNC";"RNC"
"061";"Mengíbar";"23";"Jaén";"01";"Comunidad Autónoma de Andalucía";"URBANO";"URBANO"
"062";"Montizón";"23";"Jaén";"01";"Comunidad Autónoma de Andalucía";"RRD";"RRD"
"063";"Navas de San Juan";"23";"Jaén";"01";"Comunidad Autónoma de Andalucía";"RNC";"RNC"
"064";"Noalejo";"23";"Jaén";"01";"Comunidad Autónoma de Andalucía";"RNC";"RNC"
"065";"Orcera";"23";"Jaén";"01";"Comunidad Autónoma de Andalucía";"RNC";"RNC"
"066";"Peal de Becerro";"23";"Jaén";"01";"Comunidad Autónoma de Andalucía";"RNC";"RNC"
"067";"Pegalajar";"23";"Jaén";"01";"Comunidad Autónoma de Andalucía";"RNC";"RNC"
"069";"Porcuna";"23";"Jaén";"01";"Comunidad Autónoma de Andalucía";"RNC";"RNC"
"070";"Pozo Alcón";"23";"Jaén";"01";"Comunidad Autónoma de Andalucía";"RNC";"RNC"
"071";"Puente de Génave";"23";"Jaén";"01";"Comunidad Autónoma de Andalucía";"RNC";"RNC"
"072";"Puerta de Segura (La)";"23";"Jaén";"01";"Comunidad Autónoma de Andalucía";"RNC";"RNC"
"073";"Quesada";"23";"Jaén";"01";"Comunidad Autónoma de Andalucía";"RNC";"RNC"
"074";"Rus";"23";"Jaén";"01";"Comunidad Autónoma de Andalucía";"RNC";"RNC"
"075";"Sabiote";"23";"Jaén";"01";"Comunidad Autónoma de Andalucía";"RNC";"RNC"
"076";"Santa Elena";"23";"Jaén";"01";"Comunidad Autónoma de Andalucía";"RRD";"RRGD"
"077";"Santiago de Calatrava";"23";"Jaén";"01";"Comunidad Autónoma de Andalucía";"RNC";"RNC"
"078";"Santiago-Pontones";"23";"Jaén";"01";"Comunidad Autónoma de Andalucía";"RRD";"RRGD"
"079";"Santisteban del Puerto";"23";"Jaén";"01";"Comunidad Autónoma de Andalucía";"RRD";"RRD"
"080";"Santo Tomé";"23";"Jaén";"01";"Comunidad Autónoma de Andalucía";"RNC";"RNC"
"081";"Segura de la Sierra";"23";"Jaén";"01";"Comunidad Autónoma de Andalucía";"RRD";"RRGD"
"082";"Siles";"23";"Jaén";"01";"Comunidad Autónoma de Andalucía";"RNC";"RNC"
"084";"Sorihuela del Guadalimar";"23";"Jaén";"01";"Comunidad Autónoma de Andalucía";"RNC";"RNC"
"085";"Torreblascopedro";"23";"Jaén";"01";"Comunidad Autónoma de Andalucía";"RNC";"RNC"
"086";"Torredelcampo";"23";"Jaén";"01";"Comunidad Autónoma de Andalucía";"RNC";"RNC"
"087";"Torredonjimeno";"23";"Jaén";"01";"Comunidad Autónoma de Andalucía";"RNC";"RNC"
"088";"Torreperogil";"23";"Jaén";"01";"Comunidad Autónoma de Andalucía";"RNC";"RNC"
"090";"Torres";"23";"Jaén";"01";"Comunidad Autónoma de Andalucía";"RNC";"RNC"
"091";"Torres de Albanchez";"23";"Jaén";"01";"Comunidad Autónoma de Andalucía";"RNC";"RNC"
"092";"Ubeda";"23";"Jaén";"01";"Comunidad Autónoma de Andalucía";"URBANO";"URBANO"
"093";"Valdepeñas de Jaén";"23";"Jaén";"01";"Comunidad Autónoma de Andalucía";"RNC";"RNC"
"094";"Vilches";"23";"Jaén";"01";"Comunidad Autónoma de Andalucía";"RNC";"RNC"
"095";"Villacarrillo";"23";"Jaén";"01";"Comunidad Autónoma de Andalucía";"RNC";"RNC"
"096";"Villanueva de la Reina";"23";"Jaén";"01";"Comunidad Autónoma de Andalucía";"RNC";"RNC"
"097";"Villanueva del Arzobispo";"23";"Jaén";"01";"Comunidad Autónoma de Andalucía";"RNC";"RNC"
"098";"Villardompardo";"23";"Jaén";"01";"Comunidad Autónoma de Andalucía";"RNC";"RNC"
"099";"Villares (Los)";"23";"Jaén";"01";"Comunidad Autónoma de Andalucía";"RNC";"RNC"
"100";"Villatorres";"23";"Jaén";"01";"Comunidad Autónoma de Andalucía";"RNC";"RNC"
"101";"Villarrodrigo";"23";"Jaén";"01";"Comunidad Autónoma de Andalucía";"RRD";"RRGD"
"102";"Arroyo del Ojanco";"23";"Jaén";"01";"Comunidad Autónoma de Andalucía";"RNC";"RNC"
"900";"Jaén";"23";"Jaén";"01";"Comunidad Autónoma de Andalucía";"URBANO";"URBANO"
"001";"Albanchez de Mágina";"23";"Jaén";"01";"Comunidad Autónoma de Andalucía";"RNC";"RNC"
"002";"Alcalá la Real";"23";"Jaén";"01";"Comunidad Autónoma de Andalucía";"RNC";"RNC"
"003";"Alcaudete";"23";"Jaén";"01";"Comunidad Autónoma de Andalucía";"RNC";"RNC"
"004";"Aldeaquemada";"23";"Jaén";"01";"Comunidad Autónoma de Andalucía";"RRD";"RRGD"
"005";"Andújar";"23";"Jaén";"01";"Comunidad Autónoma de Andalucía";"URBANO";"URBANO"
"006";"Arjona";"23";"Jaén";"01";"Comunidad Autónoma de Andalucía";"RNC";"RNC"
"001";"ACEBEDO";"24";"León";"08";"Comunidad Autónoma de Castilla y León";"RRD";"RRGD"
"002";"ALGADEFE";"24";"León";"08";"Comunidad Autónoma de Castilla y León";"RNC";"RNC"
"003";"ALIJA DEL INFANTADO";"24";"León";"08";"Comunidad Autónoma de Castilla y León";"RNC";"RNC"
"004";"ALMANZA";"24";"León";"08";"Comunidad Autónoma de Castilla y León";"RRD";"RRGD"
"005";"ANTIGUA (LA)";"24";"León";"08";"Comunidad Autónoma de Castilla y León";"RRD";"RRGD"
"006";"ARDON";"24";"León";"08";"Comunidad Autónoma de Castilla y León";"RRD";"RRD"
"007";"ARGANZA";"24";"León";"08";"Comunidad Autónoma de Castilla y León";"RNC";"RNC"
"009";"ASTORGA";"24";"León";"08";"Comunidad Autónoma de Castilla y León";"URBANO";"URBANO"
"010";"BALBOA";"24";"León";"08";"Comunidad Autónoma de Castilla y León";"RRD";"RRGD"
"011";"BAÑEZA (LA)";"24";"León";"08";"Comunidad Autónoma de Castilla y León";"URBANO";"URBANO"
"012";"BARJAS";"24";"León";"08";"Comunidad Autónoma de Castilla y León";"RRD";"RRGD"
"013";"BARRIOS DE LUNA (LOS)";"24";"León";"08";"Comunidad Autónoma de Castilla y León";"RRD";"RRGD"
"015";"BEMBIBRE";"24";"León";"08";"Comunidad Autónoma de Castilla y León";"URBANO";"URBANO"
"016";"BENAVIDES";"24";"León";"08";"Comunidad Autónoma de Castilla y León";"RNC";"RNC"
"017";"BENUZA";"24";"León";"08";"Comunidad Autónoma de Castilla y León";"RRD";"RRGD"
"018";"BERCIANOS DEL PARAMO";"24";"León";"08";"Comunidad Autónoma de Castilla y León";"RNC";"RNC"
"019";"BERCIANOS DEL REAL CAMINO";"24";"León";"08";"Comunidad Autónoma de Castilla y León";"RRD";"RRGD"
"020";"BERLANGA DEL BIERZO";"24";"León";"08";"Comunidad Autónoma de Castilla y León";"RNC";"RNC"
"021";"BOCA DE HUERGANO";"24";"León";"08";"Comunidad Autónoma de Castilla y León";"RRD";"RRGD"
"022";"BOÑAR";"24";"León";"08";"Comunidad Autónoma de Castilla y León";"RRD";"RRD"
"023";"BORRENES";"24";"León";"08";"Comunidad Autónoma de Castilla y León";"RRD";"RRD"
"024";"BRAZUELO";"24";"León";"08";"Comunidad Autónoma de Castilla y León";"RRD";"RRGD"
"025";"BURGO RANERO (EL)";"24";"León";"08";"Comunidad Autónoma de Castilla y León";"RRD";"RRGD"
"026";"BURON";"24";"León";"08";"Comunidad Autónoma de Castilla y León";"RRD";"RRGD"
"027";"BUSTILLO DEL PARAMO";"24";"León";"08";"Comunidad Autónoma de Castilla y León";"RNC";"RNC"
"028";"CABAÑAS RARAS";"24";"León";"08";"Comunidad Autónoma de Castilla y León";"RNC";"RNC"
"029";"CABREROS DEL RIO";"24";"León";"08";"Comunidad Autónoma de Castilla y León";"RNC";"RNC"
"030";"CABRILLANES";"24";"León";"08";"Comunidad Autónoma de Castilla y León";"RRD";"RRGD"
"031";"CACABELOS";"24";"León";"08";"Comunidad Autónoma de Castilla y León";"URBANO";"URBANO"
"032";"CALZADA DEL COTO";"24";"León";"08";"Comunidad Autónoma de Castilla y León";"RRD";"RRGD"
"033";"CAMPAZAS";"24";"León";"08";"Comunidad Autónoma de Castilla y León";"RRD";"RRGD"
"035";"CAMPO DE VILLAVIDEL";"24";"León";"08";"Comunidad Autónoma de Castilla y León";"RNC";"RNC"
"036";"CAMPONARAYA";"24";"León";"08";"Comunidad Autónoma de Castilla y León";"URBANO";"URBANO"
"038";"CANDIN";"24";"León";"08";"Comunidad Autónoma de Castilla y León";"RRD";"RRGD"
"039";"CARMENES";"24";"León";"08";"Comunidad Autónoma de Castilla y León";"RRD";"RRGD"
"040";"CARRACEDELO";"24";"León";"08";"Comunidad Autónoma de Castilla y León";"URBANO";"URBANO"
"041";"CARRIZO";"24";"León";"08";"Comunidad Autónoma de Castilla y León";"RNC";"RNC"
"042";"CARROCERA";"24";"León";"08";"Comunidad Autónoma de Castilla y León";"RRD";"RRGD"
"043";"CARUCEDO";"24";"León";"08";"Comunidad Autónoma de Castilla y León";"RNC";"RNC"
"044";"CASTILFALE";"24";"León";"08";"Comunidad Autónoma de Castilla y León";"RRD";"RRGD"
"045";"CASTRILLO DE CABRERA";"24";"León";"08";"Comunidad Autónoma de Castilla y León";"RRD";"RRGD"
"046";"CASTRILLO DE LA VALDUERNA";"24";"León";"08";"Comunidad Autónoma de Castilla y León";"RRD";"RRGD"
"048";"CASTROCALBON";"24";"León";"08";"Comunidad Autónoma de Castilla y León";"RRD";"RRD"
"049";"CASTROCONTRIGO";"24";"León";"08";"Comunidad Autónoma de Castilla y León";"RRD";"RRGD"
"051";"CASTROPODAME";"24";"León";"08";"Comunidad Autónoma de Castilla y León";"RNC";"RNC"
"052";"CASTROTIERRA DE VALMADRIGAL";"24";"León";"08";"Comunidad Autónoma de Castilla y León";"RRD";"RRGD"
"053";"CEA";"24";"León";"08";"Comunidad Autónoma de Castilla y León";"RRD";"RRGD"
"054";"CEBANICO";"24";"León";"08";"Comunidad Autónoma de Castilla y León";"RRD";"RRGD"
"055";"CEBRONES DEL RIO";"24";"León";"08";"Comunidad Autónoma de Castilla y León";"RNC";"RNC"
"056";"CIMANES DE LA VEGA";"24";"León";"08";"Comunidad Autónoma de Castilla y León";"RNC";"RNC"
"057";"CIMANES DEL TEJAR";"24";"León";"08";"Comunidad Autónoma de Castilla y León";"RRD";"RRD"
"058";"CISTIERNA";"24";"León";"08";"Comunidad Autónoma de Castilla y León";"RNC";"RNC"
"059";"CONGOSTO";"24";"León";"08";"Comunidad Autónoma de Castilla y León";"RNC";"RNC"
"060";"CORBILLOS DE LOS OTEROS";"24";"León";"08";"Comunidad Autónoma de Castilla y León";"RRD";"RRGD"
"061";"CORULLON";"24";"León";"08";"Comunidad Autónoma de Castilla y León";"RRD";"RRD"
"062";"CREMENES";"24";"León";"08";"Comunidad Autónoma de Castilla y León";"RRD";"RRGD"
"063";"CUADROS";"24";"León";"08";"Comunidad Autónoma de Castilla y León";"RNC";"RNC"
"064";"CUBILLAS DE LOS OTEROS";"24";"León";"08";"Comunidad Autónoma de Castilla y León";"RRD";"RRD"
"065";"CUBILLAS DE RUEDA";"24";"León";"08";"Comunidad Autónoma de Castilla y León";"RRD";"RRGD"
"066";"CUBILLOS DEL SIL";"24";"León";"08";"Comunidad Autónoma de Castilla y León";"RNC";"RNC"
"067";"CHOZAS DE ABAJO";"24";"León";"08";"Comunidad Autónoma de Castilla y León";"RNC";"RNC"
"068";"DESTRIANA";"24";"León";"08";"Comunidad Autónoma de Castilla y León";"RRD";"RRD"
"069";"ENCINEDO";"24";"León";"08";"Comunidad Autónoma de Castilla y León";"RRD";"RRGD"
"070";"ERCINA (LA)";"24";"León";"08";"Comunidad Autónoma de Castilla y León";"RRD";"RRGD"
"071";"ESCOBAR DE CAMPOS";"24";"León";"08";"Comunidad Autónoma de Castilla y León";"RRD";"RRGD"
"072";"FABERO";"24";"León";"08";"Comunidad Autónoma de Castilla y León";"RNC";"RNC"
"073";"FOLGOSO DE LA RIBERA";"24";"León";"08";"Comunidad Autónoma de Castilla y León";"RNC";"RNC"
"075";"FRESNO DE LA VEGA";"24";"León";"08";"Comunidad Autónoma de Castilla y León";"RNC";"RNC"
"076";"FUENTES DE CARBAJAL";"24";"León";"08";"Comunidad Autónoma de Castilla y León";"RRD";"RRGD"
"078";"GARRAFE DE TORIO";"24";"León";"08";"Comunidad Autónoma de Castilla y León";"RRD";"RRD"
"079";"GORDALIZA DEL PINO";"24";"León";"08";"Comunidad Autónoma de Castilla y León";"RRD";"RRD"
"080";"GORDONCILLO";"24";"León";"08";"Comunidad Autónoma de Castilla y León";"RNC";"RNC"
"081";"GRADEFES";"24";"León";"08";"Comunidad Autónoma de Castilla y León";"RRD";"RRGD"
"082";"GRAJAL DE CAMPOS";"24";"León";"08";"Comunidad Autónoma de Castilla y León";"RRD";"RRD"
"083";"GUSENDOS DE LOS OTEROS";"24";"León";"08";"Comunidad Autónoma de Castilla y León";"RRD";"RRGD"
"084";"HOSPITAL DE ORBIGO";"24";"León";"08";"Comunidad Autónoma de Castilla y León";"URBANO";"URBANO"
"085";"IGÜEÑA";"24";"León";"08";"Comunidad Autónoma de Castilla y León";"RRD";"RRGD"
"086";"IZAGRE";"24";"León";"08";"Comunidad Autónoma de Castilla y León";"RRD";"RRGD"
"088";"JOARILLA DE LAS MATAS";"24";"León";"08";"Comunidad Autónoma de Castilla y León";"RRD";"RRGD"
"089";"LAGUNA DALGA";"24";"León";"08";"Comunidad Autónoma de Castilla y León";"RNC";"RNC"
"090";"LAGUNA DE NEGRILLOS";"24";"León";"08";"Comunidad Autónoma de Castilla y León";"RNC";"RNC"
"092";"LUCILLO";"24";"León";"08";"Comunidad Autónoma de Castilla y León";"RRD";"RRGD"
"093";"LUYEGO";"24";"León";"08";"Comunidad Autónoma de Castilla y León";"RRD";"RRGD"
"094";"LLAMAS DE LA RIBERA";"24";"León";"08";"Comunidad Autónoma de Castilla y León";"RNC";"RNC"
"095";"MAGAZ DE CEPEDA";"24";"León";"08";"Comunidad Autónoma de Castilla y León";"RRD";"RRGD"
"096";"MANSILLA DE LAS MULAS";"24";"León";"08";"Comunidad Autónoma de Castilla y León";"RNC";"RNC"
"097";"MANSILLA MAYOR";"24";"León";"08";"Comunidad Autónoma de Castilla y León";"RNC";"RNC"
"098";"MARAÑA";"24";"León";"08";"Comunidad Autónoma de Castilla y León";"RRD";"RRGD"
"099";"MATADEON DE LOS OTEROS";"24";"León";"08";"Comunidad Autónoma de Castilla y León";"RRD";"RRGD"
"100";"MATALLANA DE TORIO";"24";"León";"08";"Comunidad Autónoma de Castilla y León";"RNC";"RNC"
"101";"MATANZA";"24";"León";"08";"Comunidad Autónoma de Castilla y León";"RRD";"RRGD"
"102";"MOLINASECA";"24";"León";"08";"Comunidad Autónoma de Castilla y León";"RRD";"RRD"
"103";"MURIAS DE PAREDES";"24";"León";"08";"Comunidad Autónoma de Castilla y León";"RRD";"RRGD"
"104";"NOCEDA";"24";"León";"08";"Comunidad Autónoma de Castilla y León";"RRD";"RRD"
"105";"OENCIA";"24";"León";"08";"Comunidad Autónoma de Castilla y León";"RRD";"RRGD"
"106";"OMAÑAS (LAS)";"24";"León";"08";"Comunidad Autónoma de Castilla y León";"RRD";"RRD"
"107";"ONZONILLA";"24";"León";"08";"Comunidad Autónoma de Castilla y León";"RNC";"RNC"
"108";"OSEJA DE SAJAMBRE";"24";"León";"08";"Comunidad Autónoma de Castilla y León";"RRD";"RRGD"
"109";"PAJARES DE LOS OTEROS";"24";"León";"08";"Comunidad Autónoma de Castilla y León";"RRD";"RRGD"
"110";"PALACIOS DE LA VALDUERNA";"24";"León";"08";"Comunidad Autónoma de Castilla y León";"RNC";"RNC"
"111";"PALACIOS DEL SIL";"24";"León";"08";"Comunidad Autónoma de Castilla y León";"RRD";"RRGD"
"113";"PARAMO DEL SIL";"24";"León";"08";"Comunidad Autónoma de Castilla y León";"RRD";"RRGD"
"115";"PERANZANES";"24";"León";"08";"Comunidad Autónoma de Castilla y León";"RRD";"RRGD"
"116";"POBLADURA DE PELAYO GARCIA";"24";"León";"08";"Comunidad Autónoma de Castilla y León";"RNC";"RNC"
"117";"POLA DE GORDON (LA)";"24";"León";"08";"Comunidad Autónoma de Castilla y León";"RNC";"RNC"
"118";"PONFERRADA";"24";"León";"08";"Comunidad Autónoma de Castilla y León";"URBANO";"URBANO"
"119";"POSADA DE VALDEON";"24";"León";"08";"Comunidad Autónoma de Castilla y León";"RRD";"RRGD"
"120";"POZUELO DEL PARAMO";"24";"León";"08";"Comunidad Autónoma de Castilla y León";"RRD";"RRD"
"121";"PRADO DE LA GUZPEÑA";"24";"León";"08";"Comunidad Autónoma de Castilla y León";"RRD";"RRGD"
"122";"PRIARANZA DEL BIERZO";"24";"León";"08";"Comunidad Autónoma de Castilla y León";"RNC";"RNC"
"123";"PRIORO";"24";"León";"08";"Comunidad Autónoma de Castilla y León";"RRD";"RRGD"
"124";"PUEBLA DE LILLO";"24";"León";"08";"Comunidad Autónoma de Castilla y León";"RRD";"RRGD"
"125";"PUENTE DE DOMINGO FLOREZ";"24";"León";"08";"Comunidad Autónoma de Castilla y León";"RNC";"RNC"
"126";"QUINTANA DEL CASTILLO";"24";"León";"08";"Comunidad Autónoma de Castilla y León";"RRD";"RRGD"
"127";"QUINTANA DEL MARCO";"24";"León";"08";"Comunidad Autónoma de Castilla y León";"RNC";"RNC"
"128";"QUINTANA Y CONGOSTO";"24";"León";"08";"Comunidad Autónoma de Castilla y León";"RRD";"RRGD"
"129";"RABANAL DEL CAMINO";"24";"León";"08";"Comunidad Autónoma de Castilla y León";"RRD";"RRGD"
"130";"REGUERAS DE ARRIBA";"24";"León";"08";"Comunidad Autónoma de Castilla y León";"RNC";"RNC"
"132";"REYERO";"24";"León";"08";"Comunidad Autónoma de Castilla y León";"RRD";"RRGD"
"133";"RIAÑO";"24";"León";"08";"Comunidad Autónoma de Castilla y León";"RRD";"RRGD"
"134";"RIEGO DE LA VEGA";"24";"León";"08";"Comunidad Autónoma de Castilla y León";"RNC";"RNC"
"135";"RIELLO";"24";"León";"08";"Comunidad Autónoma de Castilla y León";"RRD";"RRGD"
"136";"RIOSECO DE TAPIA";"24";"León";"08";"Comunidad Autónoma de Castilla y León";"RRD";"RRGD"
"137";"ROBLA (LA)";"24";"León";"08";"Comunidad Autónoma de Castilla y León";"RNC";"RNC"
"138";"VILLAMANIN";"24";"León";"08";"Comunidad Autónoma de Castilla y León";"RRD";"RRGD"
"139";"ROPERUELOS DEL PARAMO";"24";"León";"08";"Comunidad Autónoma de Castilla y León";"RRD";"RRD"
"140";"SABERO";"24";"León";"08";"Comunidad Autónoma de Castilla y León";"RNC";"RNC"
"142";"SAHAGUN";"24";"León";"08";"Comunidad Autónoma de Castilla y León";"RNC";"RNC"
"144";"SAN ADRIAN DEL VALLE";"24";"León";"08";"Comunidad Autónoma de Castilla y León";"RRD";"RRGD"
"145";"SAN ANDRES DEL RABANEDO";"24";"León";"08";"Comunidad Autónoma de Castilla y León";"URBANO";"URBANO"
"146";"SANCEDO";"24";"León";"08";"Comunidad Autónoma de Castilla y León";"RNC";"RNC"
"147";"SAN CRISTOBAL DE LA POLANTERA";"24";"León";"08";"Comunidad Autónoma de Castilla y León";"RNC";"RNC"
"148";"SAN EMILIANO";"24";"León";"08";"Comunidad Autónoma de Castilla y León";"RRD";"RRGD"
"149";"SAN ESTEBAN DE NOGALES";"24";"León";"08";"Comunidad Autónoma de Castilla y León";"RRD";"RRD"
"151";"SAN JUSTO DE LA VEGA";"24";"León";"08";"Comunidad Autónoma de Castilla y León";"RNC";"RNC"
"152";"SAN MILLAN DE LOS CABALLEROS";"24";"León";"08";"Comunidad Autónoma de Castilla y León";"RRD";"RRGD"
"153";"SAN PEDRO BERCIANOS";"24";"León";"08";"Comunidad Autónoma de Castilla y León";"RRD";"RRD"
"154";"SANTA COLOMBA DE CURUEÑO";"24";"León";"08";"Comunidad Autónoma de Castilla y León";"RRD";"RRGD"
"155";"SANTA COLOMBA DE SOMOZA";"24";"León";"08";"Comunidad Autónoma de Castilla y León";"RRD";"RRGD"
"156";"SANTA CRISTINA DE VALMADRIGAL";"24";"León";"08";"Comunidad Autónoma de Castilla y León";"RRD";"RRGD"
"157";"SANTA ELENA DE JAMUZ";"24";"León";"08";"Comunidad Autónoma de Castilla y León";"RNC";"RNC"
"158";"SANTA MARIA DE LA ISLA";"24";"León";"08";"Comunidad Autónoma de Castilla y León";"RNC";"RNC"
"159";"SANTA MARIA DEL MONTE DE CEA";"24";"León";"08";"Comunidad Autónoma de Castilla y León";"RRD";"RRGD"
"160";"SANTA MARIA DEL PARAMO";"24";"León";"08";"Comunidad Autónoma de Castilla y León";"URBANO";"URBANO"
"161";"SANTA MARIA DE ORDAS";"24";"León";"08";"Comunidad Autónoma de Castilla y León";"RRD";"RRGD"
"162";"SANTA MARINA DEL REY";"24";"León";"08";"Comunidad Autónoma de Castilla y León";"RNC";"RNC"
"163";"SANTAS MARTAS";"24";"León";"08";"Comunidad Autónoma de Castilla y León";"RRD";"RRGD"
"164";"SANTIAGO MILLAS";"24";"León";"08";"Comunidad Autónoma de Castilla y León";"RRD";"RRD"
"165";"SANTOVENIA DE LA VALDONCINA";"24";"León";"08";"Comunidad Autónoma de Castilla y León";"RNC";"RNC"
"166";"SARIEGOS";"24";"León";"08";"Comunidad Autónoma de Castilla y León";"URBANO";"URBANO"
"167";"SENA DE LUNA";"24";"León";"08";"Comunidad Autónoma de Castilla y León";"RRD";"RRGD"
"168";"SOBRADO";"24";"León";"08";"Comunidad Autónoma de Castilla y León";"RRD";"RRGD"
"169";"SOTO DE LA VEGA";"24";"León";"08";"Comunidad Autónoma de Castilla y León";"RNC";"RNC"
"170";"SOTO Y AMIO";"24";"León";"08";"Comunidad Autónoma de Castilla y León";"RRD";"RRD"
"171";"TORAL DE LOS GUZMANES";"24";"León";"08";"Comunidad Autónoma de Castilla y León";"RNC";"RNC"
"172";"TORENO";"24";"León";"08";"Comunidad Autónoma de Castilla y León";"RNC";"RNC"
"173";"TORRE DEL BIERZO";"24";"León";"08";"Comunidad Autónoma de Castilla y León";"RNC";"RNC"
"174";"TRABADELO";"24";"León";"08";"Comunidad Autónoma de Castilla y León";"RRD";"RRGD"
"175";"TRUCHAS";"24";"León";"08";"Comunidad Autónoma de Castilla y León";"RRD";"RRGD"
"176";"TURCIA";"24";"León";"08";"Comunidad Autónoma de Castilla y León";"RNC";"RNC"
"177";"URDIALES DEL PARAMO";"24";"León";"08";"Comunidad Autónoma de Castilla y León";"RNC";"RNC"
"178";"VALDEFRESNO";"24";"León";"08";"Comunidad Autónoma de Castilla y León";"RNC";"RNC"
"179";"VALDEFUENTES DEL PARAMO";"24";"León";"08";"Comunidad Autónoma de Castilla y León";"RNC";"RNC"
"180";"VALDELUGUEROS";"24";"León";"08";"Comunidad Autónoma de Castilla y León";"RRD";"RRGD"
"181";"VALDEMORA";"24";"León";"08";"Comunidad Autónoma de Castilla y León";"RRD";"RRGD"
"182";"VALDEPIELAGO";"24";"León";"08";"Comunidad Autónoma de Castilla y León";"RRD";"RRGD"
"183";"VALDEPOLO";"24";"León";"08";"Comunidad Autónoma de Castilla y León";"RRD";"RRD"
"184";"VALDERAS";"24";"León";"08";"Comunidad Autónoma de Castilla y León";"RNC";"RNC"
"185";"VALDERREY";"24";"León";"08";"Comunidad Autónoma de Castilla y León";"RRD";"RRGD"
"186";"VALDERRUEDA";"24";"León";"08";"Comunidad Autónoma de Castilla y León";"RRD";"RRGD"
"187";"VALDESAMARIO";"24";"León";"08";"Comunidad Autónoma de Castilla y León";"RRD";"RRGD"
"188";"VAL DE SAN LORENZO";"24";"León";"08";"Comunidad Autónoma de Castilla y León";"RRD";"RRD"
"190";"VALDEVIMBRE";"24";"León";"08";"Comunidad Autónoma de Castilla y León";"RNC";"RNC"
"191";"VALENCIA DE DON JUAN";"24";"León";"08";"Comunidad Autónoma de Castilla y León";"RNC";"RNC"
"192";"VALVERDE DE LA VIRGEN";"24";"León";"08";"Comunidad Autónoma de Castilla y León";"URBANO";"URBANO"
"193";"VALVERDE-ENRIQUE";"24";"León";"08";"Comunidad Autónoma de Castilla y León";"RRD";"RRGD"
"194";"VALLECILLO";"24";"León";"08";"Comunidad Autónoma de Castilla y León";"RRD";"RRGD"
"196";"VECILLA (LA)";"24";"León";"08";"Comunidad Autónoma de Castilla y León";"RRD";"RRD"
"197";"VEGACERVERA";"24";"León";"08";"Comunidad Autónoma de Castilla y León";"RRD";"RRD"
"199";"VEGA DE ESPINAREDA";"24";"León";"08";"Comunidad Autónoma de Castilla y León";"RNC";"RNC"
"200";"VEGA DE INFANZONES";"24";"León";"08";"Comunidad Autónoma de Castilla y León";"RNC";"RNC"
"201";"VEGA DE VALCARCE";"24";"León";"08";"Comunidad Autónoma de Castilla y León";"RRD";"RRD"
"203";"VEGAQUEMADA";"24";"León";"08";"Comunidad Autónoma de Castilla y León";"RRD";"RRGD"
"205";"VEGAS DEL CONDADO";"24";"León";"08";"Comunidad Autónoma de Castilla y León";"RRD";"RRD"
"206";"VILLABLINO";"24";"León";"08";"Comunidad Autónoma de Castilla y León";"RNC";"RNC"
"207";"VILLABRAZ";"24";"León";"08";"Comunidad Autónoma de Castilla y León";"RRD";"RRGD"
"209";"VILLADANGOS DEL PARAMO";"24";"León";"08";"Comunidad Autónoma de Castilla y León";"RNC";"RNC"
"210";"TORAL DE LOS VADOS";"24";"León";"08";"Comunidad Autónoma de Castilla y León";"RNC";"RNC"
"211";"VILLADEMOR DE LA VEGA";"24";"León";"08";"Comunidad Autónoma de Castilla y León";"RNC";"RNC"
"213";"VILLAFRANCA DEL BIERZO";"24";"León";"08";"Comunidad Autónoma de Castilla y León";"RNC";"RNC"
"214";"VILLAGATON";"24";"León";"08";"Comunidad Autónoma de Castilla y León";"RRD";"RRGD"
"215";"VILLAMANDOS";"24";"León";"08";"Comunidad Autónoma de Castilla y León";"RNC";"RNC"
"216";"VILLAMAÑAN";"24";"León";"08";"Comunidad Autónoma de Castilla y León";"RNC";"RNC"
"217";"VILLAMARTIN DE DON SANCHO";"24";"León";"08";"Comunidad Autónoma de Castilla y León";"RRD";"RRGD"
"218";"VILLAMEJIL";"24";"León";"08";"Comunidad Autónoma de Castilla y León";"RRD";"RRD"
"219";"VILLAMOL";"24";"León";"08";"Comunidad Autónoma de Castilla y León";"RRD";"RRGD"
"220";"VILLAMONTAN DE LA VALDUERNA";"24";"León";"08";"Comunidad Autónoma de Castilla y León";"RNC";"RNC"
"221";"VILLAMORATIEL DE LAS MATAS";"24";"León";"08";"Comunidad Autónoma de Castilla y León";"RRD";"RRGD"
"222";"VILLANUEVA DE LAS MANZANAS";"24";"León";"08";"Comunidad Autónoma de Castilla y León";"RNC";"RNC"
"223";"VILLAOBISPO DE OTERO";"24";"León";"08";"Comunidad Autónoma de Castilla y León";"RNC";"RNC"
"224";"VILLAORNATE Y CASTRO";"24";"León";"08";"Comunidad Autónoma de Castilla y León";"RRD";"RRGD"
"225";"VILLAQUEJIDA";"24";"León";"08";"Comunidad Autónoma de Castilla y León";"RNC";"RNC"
"226";"VILLAQUILAMBRE";"24";"León";"08";"Comunidad Autónoma de Castilla y León";"URBANO";"URBANO"
"227";"VILLAREJO DE ORBIGO";"24";"León";"08";"Comunidad Autónoma de Castilla y León";"RNC";"RNC"
"228";"VILLARES DE ORBIGO";"24";"León";"08";"Comunidad Autónoma de Castilla y León";"RNC";"RNC"
"229";"VILLASABARIEGO";"24";"León";"08";"Comunidad Autónoma de Castilla y León";"RNC";"RNC"
"230";"VILLASELAN";"24";"León";"08";"Comunidad Autónoma de Castilla y León";"RRD";"RRGD"
"231";"VILLATURIEL";"24";"León";"08";"Comunidad Autónoma de Castilla y León";"RNC";"RNC"
"233";"VILLAZALA";"24";"León";"08";"Comunidad Autónoma de Castilla y León";"RNC";"RNC"
"234";"VILLAZANZO DE VALDERADUEY";"24";"León";"08";"Comunidad Autónoma de Castilla y León";"RRD";"RRGD"
"235";"ZOTES DEL PARAMO";"24";"León";"08";"Comunidad Autónoma de Castilla y León";"RRD";"RRD"
"900";"LEON";"24";"León";"08";"Comunidad Autónoma de Castilla y León";"URBANO";"URBANO"
"031";"PLANS DE SIO (ELS)";"25";"Lleida";"09";"Comunidad Autónoma de Cataluña";"RRD";"RRD"
"032";"ARBECA";"25";"Lleida";"09";"Comunidad Autónoma de Cataluña";"RNC";"RNC"
"036";"ARRES";"25";"Lleida";"09";"Comunidad Autónoma de Cataluña";"RRD";"RRGD"
"039";"ARSEGUEL";"25";"Lleida";"09";"Comunidad Autónoma de Cataluña";"RRD";"RRD"
"040";"ARTESA DE LLEIDA";"25";"Lleida";"09";"Comunidad Autónoma de Cataluña";"RNC";"RNC"
"041";"ARTESA DE SEGRE";"25";"Lleida";"09";"Comunidad Autónoma de Cataluña";"RNC";"RNC"
"043";"SENTIU DE SIO (LA)";"25";"Lleida";"09";"Comunidad Autónoma de Cataluña";"RNC";"RNC"
"044";"ASPA";"25";"Lleida";"09";"Comunidad Autónoma de Cataluña";"RNC";"RNC"
"045";"AVELLANES I SANTA LINYA (LES)";"25";"Lleida";"09";"Comunidad Autónoma de Cataluña";"RRD";"RRGD"
"046";"AITONA";"25";"Lleida";"09";"Comunidad Autónoma de Cataluña";"RNC";"RNC"
"049";"BALAGUER";"25";"Lleida";"09";"Comunidad Autónoma de Cataluña";"URBANO";"URBANO"
"050";"BARBENS";"25";"Lleida";"09";"Comunidad Autónoma de Cataluña";"URBANO";"URBANO"
"051";"BARONIA DE RIALB (LA)";"25";"Lleida";"09";"Comunidad Autónoma de Cataluña";"RRD";"RRGD"
"052";"VALL DE BOI (LA)";"25";"Lleida";"09";"Comunidad Autónoma de Cataluña";"RRD";"RRGD"
"053";"BASSELLA";"25";"Lleida";"09";"Comunidad Autónoma de Cataluña";"RRD";"RRGD"
"054";"BAUSEN";"25";"Lleida";"09";"Comunidad Autónoma de Cataluña";"RRD";"RRGD"
"055";"BELIANES";"25";"Lleida";"09";"Comunidad Autónoma de Cataluña";"RNC";"RNC"
"056";"BELLCAIRE D'URGELL";"25";"Lleida";"09";"Comunidad Autónoma de Cataluña";"RNC";"RNC"
"057";"BELL-LLOC D'URGELL";"25";"Lleida";"09";"Comunidad Autónoma de Cataluña";"RNC";"RNC"
"058";"BELLMUNT D'URGELL";"25";"Lleida";"09";"Comunidad Autónoma de Cataluña";"RNC";"RNC"
"059";"BELLPUIG";"25";"Lleida";"09";"Comunidad Autónoma de Cataluña";"URBANO";"URBANO"
"060";"BELLVER DE CERDANYA";"25";"Lleida";"09";"Comunidad Autónoma de Cataluña";"RNC";"RNC"
"061";"BELLVIS";"25";"Lleida";"09";"Comunidad Autónoma de Cataluña";"RNC";"RNC"
"063";"BENAVENT DE SEGRIA";"25";"Lleida";"09";"Comunidad Autónoma de Cataluña";"URBANO";"URBANO"
"067";"BIOSCA";"25";"Lleida";"09";"Comunidad Autónoma de Cataluña";"RRD";"RRGD"
"068";"BOVERA";"25";"Lleida";"09";"Comunidad Autónoma de Cataluña";"RRD";"RRGD"
"069";"BORDES (ES)";"25";"Lleida";"09";"Comunidad Autónoma de Cataluña";"RRD";"RRD"
"070";"BORGES BLANQUES (LES)";"25";"Lleida";"09";"Comunidad Autónoma de Cataluña";"RNC";"RNC"
"071";"BOSSOST";"25";"Lleida";"09";"Comunidad Autónoma de Cataluña";"RNC";"RNC"
"072";"CABANABONA";"25";"Lleida";"09";"Comunidad Autónoma de Cataluña";"RRD";"RRGD"
"073";"CABO";"25";"Lleida";"09";"Comunidad Autónoma de Cataluña";"RRD";"RRGD"
"074";"CAMARASA";"25";"Lleida";"09";"Comunidad Autónoma de Cataluña";"RRD";"RRGD"
"075";"CANEJAN";"25";"Lleida";"09";"Comunidad Autónoma de Cataluña";"RRD";"RRGD"
"076";"CASTELLAR DE LA RIBERA";"25";"Lleida";"09";"Comunidad Autónoma de Cataluña";"RRD";"RRGD"
"079";"CASTELLDANS";"25";"Lleida";"09";"Comunidad Autónoma de Cataluña";"RNC";"RNC"
"080";"CASTELLNOU DE SEANA";"25";"Lleida";"09";"Comunidad Autónoma de Cataluña";"RNC";"RNC"
"081";"CASTELLO DE FARFANYA";"25";"Lleida";"09";"Comunidad Autónoma de Cataluña";"RRD";"RRD"
"082";"CASTELLSERA";"25";"Lleida";"09";"Comunidad Autónoma de Cataluña";"RNC";"RNC"
"083";"CAVA";"25";"Lleida";"09";"Comunidad Autónoma de Cataluña";"RRD";"RRGD"
"130";"GRANADELLA (LA)";"25";"Lleida";"09";"Comunidad Autónoma de Cataluña";"RRD";"RRD"
"131";"GRANJA D'ESCARP (LA)";"25";"Lleida";"09";"Comunidad Autónoma de Cataluña";"RNC";"RNC"
"132";"GRANYANELLA";"25";"Lleida";"09";"Comunidad Autónoma de Cataluña";"RRD";"RRGD"
"133";"GRANYENA DE SEGARRA";"25";"Lleida";"09";"Comunidad Autónoma de Cataluña";"RRD";"RRD"
"134";"GRANYENA DE LES GARRIGUES";"25";"Lleida";"09";"Comunidad Autónoma de Cataluña";"RRD";"RRGD"
"136";"CASTELL DE MUR";"25";"Lleida";"09";"Comunidad Autónoma de Cataluña";"RRD";"RRGD"
"138";"GUIMERA";"25";"Lleida";"09";"Comunidad Autónoma de Cataluña";"RRD";"RRD"
"139";"GUISSONA";"25";"Lleida";"09";"Comunidad Autónoma de Cataluña";"URBANO";"URBANO"
"140";"GUIXERS";"25";"Lleida";"09";"Comunidad Autónoma de Cataluña";"RRD";"RRGD"
"142";"IVARS DE NOGUERA";"25";"Lleida";"09";"Comunidad Autónoma de Cataluña";"RRD";"RRD"
"143";"IVARS D'URGELL";"25";"Lleida";"09";"Comunidad Autónoma de Cataluña";"RNC";"RNC"
"144";"IVORRA";"25";"Lleida";"09";"Comunidad Autónoma de Cataluña";"RRD";"RRGD"
"146";"ISONA I CONCA DELLA";"25";"Lleida";"09";"Comunidad Autónoma de Cataluña";"RRD";"RRGD"
"147";"JOSA I TUIXEN";"25";"Lleida";"09";"Comunidad Autónoma de Cataluña";"RRD";"RRGD"
"148";"GUINGUETA D'ANEU (LA)";"25";"Lleida";"09";"Comunidad Autónoma de Cataluña";"RRD";"RRGD"
"149";"JUNCOSA";"25";"Lleida";"09";"Comunidad Autónoma de Cataluña";"RRD";"RRGD"
"150";"JUNEDA";"25";"Lleida";"09";"Comunidad Autónoma de Cataluña";"RNC";"RNC"
"152";"LES";"25";"Lleida";"09";"Comunidad Autónoma de Cataluña";"RNC";"RNC"
"153";"LINYOLA";"25";"Lleida";"09";"Comunidad Autónoma de Cataluña";"RNC";"RNC"
"154";"LLADORRE";"25";"Lleida";"09";"Comunidad Autónoma de Cataluña";"RRD";"RRGD"
"155";"LLADURS";"25";"Lleida";"09";"Comunidad Autónoma de Cataluña";"RRD";"RRGD"
"157";"LLARDECANS";"25";"Lleida";"09";"Comunidad Autónoma de Cataluña";"RRD";"RRGD"
"158";"LLAVORSI";"25";"Lleida";"09";"Comunidad Autónoma de Cataluña";"RRD";"RRGD"
"159";"LLES DE CERDANYA";"25";"Lleida";"09";"Comunidad Autónoma de Cataluña";"RRD";"RRGD"
"162";"LLIMIANA";"25";"Lleida";"09";"Comunidad Autónoma de Cataluña";"RRD";"RRGD"
"163";"LLOBERA";"25";"Lleida";"09";"Comunidad Autónoma de Cataluña";"RRD";"RRGD"
"164";"MALDA";"25";"Lleida";"09";"Comunidad Autónoma de Cataluña";"RRD";"RRGD"
"166";"MASSALCOREIG";"25";"Lleida";"09";"Comunidad Autónoma de Cataluña";"RNC";"RNC"
"167";"MASSOTERES";"25";"Lleida";"09";"Comunidad Autónoma de Cataluña";"RRD";"RRD"
"168";"MAIALS";"25";"Lleida";"09";"Comunidad Autónoma de Cataluña";"RNC";"RNC"
"169";"MENARGUENS";"25";"Lleida";"09";"Comunidad Autónoma de Cataluña";"RNC";"RNC"
"170";"MIRALCAMP";"25";"Lleida";"09";"Comunidad Autónoma de Cataluña";"RNC";"RNC"
"171";"MOLSOSA (LA)";"25";"Lleida";"09";"Comunidad Autónoma de Cataluña";"RRD";"RRGD"
"172";"MOLLERUSSA";"25";"Lleida";"09";"Comunidad Autónoma de Cataluña";"URBANO";"URBANO"
"174";"MONTGAI";"25";"Lleida";"09";"Comunidad Autónoma de Cataluña";"RNC";"RNC"
"177";"MONTELLA I MARTINET";"25";"Lleida";"09";"Comunidad Autónoma de Cataluña";"RRD";"RRD"
"178";"MONTOLIU DE SEGARRA";"25";"Lleida";"09";"Comunidad Autónoma de Cataluña";"RRD";"RRGD"
"179";"MONTOLIU DE LLEIDA";"25";"Lleida";"09";"Comunidad Autónoma de Cataluña";"RNC";"RNC"
"180";"MONTORNES DE SEGARRA";"25";"Lleida";"09";"Comunidad Autónoma de Cataluña";"RRD";"RRD"
"001";"ABELLA DE LA CONCA";"25";"Lleida";"09";"Comunidad Autónoma de Cataluña";"RRD";"RRGD"
"002";"AGER";"25";"Lleida";"09";"Comunidad Autónoma de Cataluña";"RRD";"RRGD"
"003";"AGRAMUNT";"25";"Lleida";"09";"Comunidad Autónoma de Cataluña";"RNC";"RNC"
"004";"ALAMUS (ELS)";"25";"Lleida";"09";"Comunidad Autónoma de Cataluña";"RNC";"RNC"
"005";"ALAS I CERC";"25";"Lleida";"09";"Comunidad Autónoma de Cataluña";"RRD";"RRGD"
"006";"ALBAGES (L')";"25";"Lleida";"09";"Comunidad Autónoma de Cataluña";"RNC";"RNC"
"007";"ALBATARREC";"25";"Lleida";"09";"Comunidad Autónoma de Cataluña";"URBANO";"URBANO"
"008";"ALBESA";"25";"Lleida";"09";"Comunidad Autónoma de Cataluña";"RNC";"RNC"
"009";"ALBI (L')";"25";"Lleida";"09";"Comunidad Autónoma de Cataluña";"RNC";"RNC"
"010";"ALCANO";"25";"Lleida";"09";"Comunidad Autónoma de Cataluña";"RRD";"RRD"
"011";"ALCARRAS";"25";"Lleida";"09";"Comunidad Autónoma de Cataluña";"RNC";"RNC"
"012";"ALCOLETGE";"25";"Lleida";"09";"Comunidad Autónoma de Cataluña";"URBANO";"URBANO"
"013";"ALFARRAS";"25";"Lleida";"09";"Comunidad Autónoma de Cataluña";"URBANO";"URBANO"
"014";"ALFES";"25";"Lleida";"09";"Comunidad Autónoma de Cataluña";"RRD";"RRD"
"015";"ALGERRI";"25";"Lleida";"09";"Comunidad Autónoma de Cataluña";"RRD";"RRGD"
"016";"ALGUAIRE";"25";"Lleida";"09";"Comunidad Autónoma de Cataluña";"RNC";"RNC"
"017";"ALINS";"25";"Lleida";"09";"Comunidad Autónoma de Cataluña";"RRD";"RRGD"
"019";"ALMACELLES";"25";"Lleida";"09";"Comunidad Autónoma de Cataluña";"URBANO";"URBANO"
"020";"ALMATRET";"25";"Lleida";"09";"Comunidad Autónoma de Cataluña";"RRD";"RRGD"
"021";"ALMENAR";"25";"Lleida";"09";"Comunidad Autónoma de Cataluña";"RNC";"RNC"
"022";"ALOS DE BALAGUER";"25";"Lleida";"09";"Comunidad Autónoma de Cataluña";"RRD";"RRGD"
"023";"ALPICAT";"25";"Lleida";"09";"Comunidad Autónoma de Cataluña";"URBANO";"URBANO"
"025";"ANGLESOLA";"25";"Lleida";"09";"Comunidad Autónoma de Cataluña";"RNC";"RNC"
"026";"VALLS DE VALIRA (LES)";"25";"Lleida";"09";"Comunidad Autónoma de Cataluña";"RRD";"RRGD"
"028";"MONTFERRER I CASTELLBO";"25";"Lleida";"09";"Comunidad Autónoma de Cataluña";"RRD";"RRGD"
"216";"PONT DE SUERT (EL)";"25";"Lleida";"09";"Comunidad Autónoma de Cataluña";"RNC";"RNC"
"217";"PORTELLA (LA)";"25";"Lleida";"09";"Comunidad Autónoma de Cataluña";"RNC";"RNC"
"218";"PRATS I SANSOR";"25";"Lleida";"09";"Comunidad Autónoma de Cataluña";"RNC";"RNC"
"219";"PREIXANA";"25";"Lleida";"09";"Comunidad Autónoma de Cataluña";"RNC";"RNC"
"220";"PREIXENS";"25";"Lleida";"09";"Comunidad Autónoma de Cataluña";"RNC";"RNC"
"222";"PRULLANS";"25";"Lleida";"09";"Comunidad Autónoma de Cataluña";"RRD";"RRD"
"223";"PUIGGROS";"25";"Lleida";"09";"Comunidad Autónoma de Cataluña";"RNC";"RNC"
"224";"PUIGVERD D'AGRAMUNT";"25";"Lleida";"09";"Comunidad Autónoma de Cataluña";"RNC";"RNC"
"225";"PUIGVERD DE LLEIDA";"25";"Lleida";"09";"Comunidad Autónoma de Cataluña";"URBANO";"URBANO"
"226";"RIALP";"25";"Lleida";"09";"Comunidad Autónoma de Cataluña";"RRD";"RRD"
"227";"VALL DE CARDOS";"25";"Lleida";"09";"Comunidad Autónoma de Cataluña";"RRD";"RRGD"
"228";"RINER";"25";"Lleida";"09";"Comunidad Autónoma de Cataluña";"RRD";"RRGD"
"229";"RIU DE CERDANYA";"25";"Lleida";"09";"Comunidad Autónoma de Cataluña";"RRD";"RRGD"
"232";"ROSSELLO";"25";"Lleida";"09";"Comunidad Autónoma de Cataluña";"URBANO";"URBANO"
"233";"NAUT ARAN";"25";"Lleida";"09";"Comunidad Autónoma de Cataluña";"RRD";"RRGD"
"234";"SALAS DE PALLARS";"25";"Lleida";"09";"Comunidad Autónoma de Cataluña";"RNC";"RNC"
"235";"SANAÜJA";"25";"Lleida";"09";"Comunidad Autónoma de Cataluña";"RRD";"RRD"
"236";"SANT GUIM DE FREIXENET";"25";"Lleida";"09";"Comunidad Autónoma de Cataluña";"RNC";"RNC"
"237";"SANT LLORENÇ DE MORUNYS";"25";"Lleida";"09";"Comunidad Autónoma de Cataluña";"URBANO";"URBANO"
"238";"SANT RAMON";"25";"Lleida";"09";"Comunidad Autónoma de Cataluña";"RNC";"RNC"
"240";"RIBERA D'ONDARA";"25";"Lleida";"09";"Comunidad Autónoma de Cataluña";"RRD";"RRGD"
"241";"GAVET DE LA CONCA";"25";"Lleida";"09";"Comunidad Autónoma de Cataluña";"RRD";"RRGD"
"242";"SANT ESTEVE DE LA SARGA";"25";"Lleida";"09";"Comunidad Autónoma de Cataluña";"RRD";"RRGD"
"243";"SANT GUIM DE LA PLANA";"25";"Lleida";"09";"Comunidad Autónoma de Cataluña";"RNC";"RNC"
"244";"SANT MARTI DE RIUCORB";"25";"Lleida";"09";"Comunidad Autónoma de Cataluña";"RNC";"RNC"
"249";"SARROCA DE LLEIDA";"25";"Lleida";"09";"Comunidad Autónoma de Cataluña";"RRD";"RRD"
"250";"SARROCA DE BELLERA";"25";"Lleida";"09";"Comunidad Autónoma de Cataluña";"RRD";"RRGD"
"251";"SENTERADA";"25";"Lleida";"09";"Comunidad Autónoma de Cataluña";"RRD";"RRGD"
"252";"SEU D'URGELL (LA)";"25";"Lleida";"09";"Comunidad Autónoma de Cataluña";"URBANO";"URBANO"
"254";"SEROS";"25";"Lleida";"09";"Comunidad Autónoma de Cataluña";"RNC";"RNC"
"255";"SIDAMON";"25";"Lleida";"09";"Comunidad Autónoma de Cataluña";"RNC";"RNC"
"256";"SOLERAS (EL)";"25";"Lleida";"09";"Comunidad Autónoma de Cataluña";"RNC";"RNC"
"257";"SOLSONA";"25";"Lleida";"09";"Comunidad Autónoma de Cataluña";"URBANO";"URBANO"
"259";"SORIGUERA";"25";"Lleida";"09";"Comunidad Autónoma de Cataluña";"RRD";"RRGD"
"261";"SORT";"25";"Lleida";"09";"Comunidad Autónoma de Cataluña";"RNC";"RNC"
"262";"SOSES";"25";"Lleida";"09";"Comunidad Autónoma de Cataluña";"RNC";"RNC"
"263";"SUDANELL";"25";"Lleida";"09";"Comunidad Autónoma de Cataluña";"URBANO";"URBANO"
"264";"SUNYER";"25";"Lleida";"09";"Comunidad Autónoma de Cataluña";"RNC";"RNC"
"268";"TALARN";"25";"Lleida";"09";"Comunidad Autónoma de Cataluña";"RNC";"RNC"
"084";"CERVERA";"25";"Lleida";"09";"Comunidad Autónoma de Cataluña";"URBANO";"URBANO"
"085";"CERVIA DE LES GARRIGUES";"25";"Lleida";"09";"Comunidad Autónoma de Cataluña";"RNC";"RNC"
"086";"CIUTADILLA";"25";"Lleida";"09";"Comunidad Autónoma de Cataluña";"RNC";"RNC"
"089";"CLARIANA DE CARDENER";"25";"Lleida";"09";"Comunidad Autónoma de Cataluña";"RRD";"RRGD"
"090";"CONCA DE DALT";"25";"Lleida";"09";"Comunidad Autónoma de Cataluña";"RRD";"RRGD"
"091";"COGUL (EL)";"25";"Lleida";"09";"Comunidad Autónoma de Cataluña";"RRD";"RRD"
"092";"COLL DE NARGO";"25";"Lleida";"09";"Comunidad Autónoma de Cataluña";"RRD";"RRGD"
"094";"CORBINS";"25";"Lleida";"09";"Comunidad Autónoma de Cataluña";"RNC";"RNC"
"095";"CUBELLS";"25";"Lleida";"09";"Comunidad Autónoma de Cataluña";"RRD";"RRD"
"102";"ESPLUGA CALBA (L')";"25";"Lleida";"09";"Comunidad Autónoma de Cataluña";"RNC";"RNC"
"104";"ESPOT";"25";"Lleida";"09";"Comunidad Autónoma de Cataluña";"RRD";"RRGD"
"107";"ESTARAS";"25";"Lleida";"09";"Comunidad Autónoma de Cataluña";"RRD";"RRGD"
"108";"ESTERRI D'ANEU";"25";"Lleida";"09";"Comunidad Autónoma de Cataluña";"RNC";"RNC"
"109";"ESTERRI DE CARDOS";"25";"Lleida";"09";"Comunidad Autónoma de Cataluña";"RRD";"RRGD"
"110";"ESTAMARIU";"25";"Lleida";"09";"Comunidad Autónoma de Cataluña";"RRD";"RRGD"
"111";"FARRERA";"25";"Lleida";"09";"Comunidad Autónoma de Cataluña";"RRD";"RRGD"
"112";"FIGOLS I ALINYA";"25";"Lleida";"09";"Comunidad Autónoma de Cataluña";"RRD";"RRGD"
"117";"FLORESTA (LA)";"25";"Lleida";"09";"Comunidad Autónoma de Cataluña";"RNC";"RNC"
"118";"FONDARELLA";"25";"Lleida";"09";"Comunidad Autónoma de Cataluña";"URBANO";"URBANO"
"120";"FORADADA";"25";"Lleida";"09";"Comunidad Autónoma de Cataluña";"RRD";"RRGD"
"122";"FULIOLA (LA)";"25";"Lleida";"09";"Comunidad Autónoma de Cataluña";"URBANO";"URBANO"
"123";"FULLEDA";"25";"Lleida";"09";"Comunidad Autónoma de Cataluña";"RRD";"RRGD"
"126";"BAIX PALLARS";"25";"Lleida";"09";"Comunidad Autónoma de Cataluña";"RRD";"RRGD"
"128";"GOLMES";"25";"Lleida";"09";"Comunidad Autónoma de Cataluña";"URBANO";"URBANO"
"129";"GOSOL";"25";"Lleida";"09";"Comunidad Autónoma de Cataluña";"RRD";"RRGD"
"269";"TALAVERA";"25";"Lleida";"09";"Comunidad Autónoma de Cataluña";"RRD";"RRD"
"272";"TARREGA";"25";"Lleida";"09";"Comunidad Autónoma de Cataluña";"URBANO";"URBANO"
"273";"TARRES";"25";"Lleida";"09";"Comunidad Autónoma de Cataluña";"RRD";"RRGD"
"274";"TARROJA DE SEGARRA";"25";"Lleida";"09";"Comunidad Autónoma de Cataluña";"RNC";"RNC"
"275";"TERMENS";"25";"Lleida";"09";"Comunidad Autónoma de Cataluña";"RNC";"RNC"
"276";"TIRVIA";"25";"Lleida";"09";"Comunidad Autónoma de Cataluña";"RNC";"RNC"
"277";"TIURANA";"25";"Lleida";"09";"Comunidad Autónoma de Cataluña";"RRD";"RRGD"
"278";"PONT DE BAR (EL)";"25";"Lleida";"09";"Comunidad Autónoma de Cataluña";"RRD";"RRGD"
"279";"TORA";"25";"Lleida";"09";"Comunidad Autónoma de Cataluña";"RNC";"RNC"
"281";"TORMS (ELS)";"25";"Lleida";"09";"Comunidad Autónoma de Cataluña";"RRD";"RRD"
"282";"TORNABOUS";"25";"Lleida";"09";"Comunidad Autónoma de Cataluña";"RNC";"RNC"
"283";"TORREBESSES";"25";"Lleida";"09";"Comunidad Autónoma de Cataluña";"RRD";"RRD"
"284";"TORRE DE CABDELLA (LA)";"25";"Lleida";"09";"Comunidad Autónoma de Cataluña";"RRD";"RRGD"
"285";"TORREFARRERA";"25";"Lleida";"09";"Comunidad Autónoma de Cataluña";"URBANO";"URBANO"
"286";"TORREFETA I FLOREJACS";"25";"Lleida";"09";"Comunidad Autónoma de Cataluña";"RRD";"RRGD"
"287";"TORREGROSSA";"25";"Lleida";"09";"Comunidad Autónoma de Cataluña";"RNC";"RNC"
"288";"TORRELAMEU";"25";"Lleida";"09";"Comunidad Autónoma de Cataluña";"RNC";"RNC"
"289";"TORRES DE SEGRE";"25";"Lleida";"09";"Comunidad Autónoma de Cataluña";"RNC";"RNC"
"290";"TORRE-SERONA";"25";"Lleida";"09";"Comunidad Autónoma de Cataluña";"RNC";"RNC"
"295";"TREMP";"25";"Lleida";"09";"Comunidad Autónoma de Cataluña";"RNC";"RNC"
"299";"ALT ANEU";"25";"Lleida";"09";"Comunidad Autónoma de Cataluña";"RRD";"RRGD"
"300";"VALLBONA DE LES MONGES";"25";"Lleida";"09";"Comunidad Autónoma de Cataluña";"RRD";"RRGD"
"301";"VALLFOGONA DE BALAGUER";"25";"Lleida";"09";"Comunidad Autónoma de Cataluña";"RNC";"RNC"
"302";"LA VANSA I FORNOLS";"25";"Lleida";"09";"Comunidad Autónoma de Cataluña";"RRD";"RRGD"
"303";"VERDU";"25";"Lleida";"09";"Comunidad Autónoma de Cataluña";"RNC";"RNC"
"304";"VIELHA E MIJARAN";"25";"Lleida";"09";"Comunidad Autónoma de Cataluña";"RNC";"RNC"
"306";"VILAGRASSA";"25";"Lleida";"09";"Comunidad Autónoma de Cataluña";"RNC";"RNC"
"307";"VILALLER";"25";"Lleida";"09";"Comunidad Autónoma de Cataluña";"RRD";"RRD"
"309";"VILAMOS";"25";"Lleida";"09";"Comunidad Autónoma de Cataluña";"RRD";"RRD"
"310";"VILANOVA DE BELLPUIG";"25";"Lleida";"09";"Comunidad Autónoma de Cataluña";"RNC";"RNC"
"311";"VILANOVA DE L'AGUDA";"25";"Lleida";"09";"Comunidad Autónoma de Cataluña";"RRD";"RRGD"
"312";"VILANOVA DE MEIA";"25";"Lleida";"09";"Comunidad Autónoma de Cataluña";"RRD";"RRGD"
"313";"VILANOVA DE SEGRIA";"25";"Lleida";"09";"Comunidad Autónoma de Cataluña";"URBANO";"URBANO"
"314";"VILA-SANA";"25";"Lleida";"09";"Comunidad Autónoma de Cataluña";"RNC";"RNC"
"316";"VILOSELL (EL)";"25";"Lleida";"09";"Comunidad Autónoma de Cataluña";"RRD";"RRD"
"317";"VILANOVA DE LA BARCA";"25";"Lleida";"09";"Comunidad Autónoma de Cataluña";"RNC";"RNC"
"319";"VINAIXA";"25";"Lleida";"09";"Comunidad Autónoma de Cataluña";"RNC";"RNC"
"321";"GIMENELLS I EL PLA DE LA FONT";"25";"Lleida";"09";"Comunidad Autónoma de Cataluña";"RNC";"RNC"
"900";"LLEIDA";"25";"Lleida";"09";"Comunidad Autónoma de Cataluña";"URBANO";"URBANO"
"183";"NALEC";"25";"Lleida";"09";"Comunidad Autónoma de Cataluña";"RRD";"RRD"
"184";"NAVES";"25";"Lleida";"09";"Comunidad Autónoma de Cataluña";"RRD";"RRGD"
"185";"VALLS D'AGUILAR (LES)";"25";"Lleida";"09";"Comunidad Autónoma de Cataluña";"RRD";"RRGD"
"186";"ODEN";"25";"Lleida";"09";"Comunidad Autónoma de Cataluña";"RRD";"RRGD"
"187";"OLIANA";"25";"Lleida";"09";"Comunidad Autónoma de Cataluña";"RNC";"RNC"
"188";"OLIOLA";"25";"Lleida";"09";"Comunidad Autónoma de Cataluña";"RRD";"RRGD"
"189";"OLIUS";"25";"Lleida";"09";"Comunidad Autónoma de Cataluña";"RNC";"RNC"
"190";"OLUGES (LES)";"25";"Lleida";"09";"Comunidad Autónoma de Cataluña";"RRD";"RRD"
"191";"OMELLONS (ELS)";"25";"Lleida";"09";"Comunidad Autónoma de Cataluña";"RNC";"RNC"
"192";"OMELLS DE NA GAIA (ELS)";"25";"Lleida";"09";"Comunidad Autónoma de Cataluña";"RRD";"RRD"
"194";"ORGANYA";"25";"Lleida";"09";"Comunidad Autónoma de Cataluña";"RNC";"RNC"
"196";"OS DE BALAGUER";"25";"Lleida";"09";"Comunidad Autónoma de Cataluña";"RRD";"RRGD"
"197";"OSSO DE SIO";"25";"Lleida";"09";"Comunidad Autónoma de Cataluña";"RRD";"RRGD"
"198";"PALAU D'ANGLESOLA (EL)";"25";"Lleida";"09";"Comunidad Autónoma de Cataluña";"URBANO";"URBANO"
"203";"COMA I LA PEDRA (LA)";"25";"Lleida";"09";"Comunidad Autónoma de Cataluña";"RRD";"RRGD"
"204";"PENELLES";"25";"Lleida";"09";"Comunidad Autónoma de Cataluña";"RNC";"RNC"
"206";"PERAMOLA";"25";"Lleida";"09";"Comunidad Autónoma de Cataluña";"RRD";"RRGD"
"207";"PINELL DE SOLSONES";"25";"Lleida";"09";"Comunidad Autónoma de Cataluña";"RRD";"RRGD"
"208";"PINOS";"25";"Lleida";"09";"Comunidad Autónoma de Cataluña";"RRD";"RRGD"
"209";"RIBERA D'URGELLET";"25";"Lleida";"09";"Comunidad Autónoma de Cataluña";"RRD";"RRD"
"210";"POAL (EL)";"25";"Lleida";"09";"Comunidad Autónoma de Cataluña";"RNC";"RNC"
"211";"POBLA DE CERVOLES (LA)";"25";"Lleida";"09";"Comunidad Autónoma de Cataluña";"RRD";"RRGD"
"212";"BELLAGUARDA";"25";"Lleida";"09";"Comunidad Autónoma de Cataluña";"RNC";"RNC"
"213";"POBLA DE SEGUR (LA)";"25";"Lleida";"09";"Comunidad Autónoma de Cataluña";"RNC";"RNC"
"215";"PONTS";"25";"Lleida";"09";"Comunidad Autónoma de Cataluña";"RNC";"RNC"
"163";"VENTOSA";"26";"La Rioja";"16";"Comunidad Autónoma de La Rioja";"RNC";"RNC"
"164";"VENTROSA";"26";"La Rioja";"16";"Comunidad Autónoma de La Rioja";"RRD";"RRGD"
"165";"VIGUERA";"26";"La Rioja";"16";"Comunidad Autónoma de La Rioja";"RRD";"RRD"
"167";"VILLALBA DE RIOJA";"26";"La Rioja";"16";"Comunidad Autónoma de La Rioja";"RNC";"RNC"
"168";"VILLALOBAR DE RIOJA";"26";"La Rioja";"16";"Comunidad Autónoma de La Rioja";"RRD";"RRGD"
"169";"VILLAMEDIANA DE IREGUA";"26";"La Rioja";"16";"Comunidad Autónoma de La Rioja";"URBANO";"URBANO"
"170";"VILLANUEVA DE CAMEROS";"26";"La Rioja";"16";"Comunidad Autónoma de La Rioja";"RRD";"RRGD"
"171";"VILLAR DE ARNEDO (EL)";"26";"La Rioja";"16";"Comunidad Autónoma de La Rioja";"RNC";"RNC"
"172";"VILLAR DE TORRE";"26";"La Rioja";"16";"Comunidad Autónoma de La Rioja";"RNC";"RNC"
"173";"VILLAREJO";"26";"La Rioja";"16";"Comunidad Autónoma de La Rioja";"RRD";"RRGD"
"174";"VILLARROYA";"26";"La Rioja";"16";"Comunidad Autónoma de La Rioja";"RRD";"RRGD"
"175";"VILLARTA-QUINTANA";"26";"La Rioja";"16";"Comunidad Autónoma de La Rioja";"RRD";"RRGD"
"176";"VILLAVELAYO";"26";"La Rioja";"16";"Comunidad Autónoma de La Rioja";"RRD";"RRGD"
"177";"VILLAVERDE DE RIOJA";"26";"La Rioja";"16";"Comunidad Autónoma de La Rioja";"RRD";"RRD"
"178";"VILLOSLADA DE CAMEROS";"26";"La Rioja";"16";"Comunidad Autónoma de La Rioja";"RRD";"RRGD"
"179";"VINIEGRA DE ABAJO";"26";"La Rioja";"16";"Comunidad Autónoma de La Rioja";"RRD";"RRGD"
"180";"VINIEGRA DE ARRIBA";"26";"La Rioja";"16";"Comunidad Autónoma de La Rioja";"RRD";"RRGD"
"181";"ZARRATON";"26";"La Rioja";"16";"Comunidad Autónoma de La Rioja";"RNC";"RNC"
"182";"ZARZOSA";"26";"La Rioja";"16";"Comunidad Autónoma de La Rioja";"RRD";"RRGD"
"184";"ZORRAQUIN";"26";"La Rioja";"16";"Comunidad Autónoma de La Rioja";"RNC";"RNC"
"900";"LOGROÑO";"26";"La Rioja";"16";"Comunidad Autónoma de La Rioja";"URBANO";"URBANO"
"093";"MANSILLA DE LA SIERRA";"26";"La Rioja";"16";"Comunidad Autónoma de La Rioja";"RRD";"RRGD"
"094";"MANZANARES DE RIOJA";"26";"La Rioja";"16";"Comunidad Autónoma de La Rioja";"RRD";"RRGD"
"095";"MATUTE";"26";"La Rioja";"16";"Comunidad Autónoma de La Rioja";"RRD";"RRGD"
"096";"MEDRANO";"26";"La Rioja";"16";"Comunidad Autónoma de La Rioja";"RNC";"RNC"
"097";"OCON";"26";"La Rioja";"16";"Comunidad Autónoma de La Rioja";"RRD";"RRGD"
"099";"MUNILLA";"26";"La Rioja";"16";"Comunidad Autónoma de La Rioja";"RRD";"RRGD"
"100";"MURILLO DE RIO LEZA";"26";"La Rioja";"16";"Comunidad Autónoma de La Rioja";"RNC";"RNC"
"101";"MURO DE AGUAS";"26";"La Rioja";"16";"Comunidad Autónoma de La Rioja";"RRD";"RRGD"
"102";"MURO EN CAMEROS";"26";"La Rioja";"16";"Comunidad Autónoma de La Rioja";"RRD";"RRGD"
"103";"NAJERA";"26";"La Rioja";"16";"Comunidad Autónoma de La Rioja";"URBANO";"URBANO"
"104";"NALDA";"26";"La Rioja";"16";"Comunidad Autónoma de La Rioja";"RNC";"RNC"
"105";"NAVAJUN";"26";"La Rioja";"16";"Comunidad Autónoma de La Rioja";"RRD";"RRGD"
"106";"NAVARRETE";"26";"La Rioja";"16";"Comunidad Autónoma de La Rioja";"URBANO";"URBANO"
"107";"NESTARES";"26";"La Rioja";"16";"Comunidad Autónoma de La Rioja";"RRD";"RRGD"
"108";"NIEVA DE CAMEROS";"26";"La Rioja";"16";"Comunidad Autónoma de La Rioja";"RRD";"RRGD"
"109";"OCHANDURI";"26";"La Rioja";"16";"Comunidad Autónoma de La Rioja";"RRD";"RRGD"
"110";"OJACASTRO";"26";"La Rioja";"16";"Comunidad Autónoma de La Rioja";"RRD";"RRGD"
"111";"OLLAURI";"26";"La Rioja";"16";"Comunidad Autónoma de La Rioja";"URBANO";"URBANO"
"112";"ORTIGOSA DE CAMEROS";"26";"La Rioja";"16";"Comunidad Autónoma de La Rioja";"RRD";"RRGD"
"113";"PAZUENGOS";"26";"La Rioja";"16";"Comunidad Autónoma de La Rioja";"RRD";"RRGD"
"114";"PEDROSO";"26";"La Rioja";"16";"Comunidad Autónoma de La Rioja";"RRD";"RRGD"
"115";"PINILLOS";"26";"La Rioja";"16";"Comunidad Autónoma de La Rioja";"RRD";"RRGD"
"117";"PRADEJON";"26";"La Rioja";"16";"Comunidad Autónoma de La Rioja";"URBANO";"URBANO"
"118";"PRADILLO";"26";"La Rioja";"16";"Comunidad Autónoma de La Rioja";"RRD";"RRGD"
"119";"PREJANO";"26";"La Rioja";"16";"Comunidad Autónoma de La Rioja";"RRD";"RRGD"
"120";"QUEL";"26";"La Rioja";"16";"Comunidad Autónoma de La Rioja";"RNC";"RNC"
"121";"RABANERA";"26";"La Rioja";"16";"Comunidad Autónoma de La Rioja";"RRD";"RRGD"
"122";"RASILLO DE CAMEROS (EL)";"26";"La Rioja";"16";"Comunidad Autónoma de La Rioja";"RRD";"RRD"
"123";"REDAL (EL)";"26";"La Rioja";"16";"Comunidad Autónoma de La Rioja";"RNC";"RNC"
"124";"RIBAFRECHA";"26";"La Rioja";"16";"Comunidad Autónoma de La Rioja";"RNC";"RNC"
"125";"RINCON DE SOTO";"26";"La Rioja";"16";"Comunidad Autónoma de La Rioja";"URBANO";"URBANO"
"126";"ROBRES DEL CASTILLO";"26";"La Rioja";"16";"Comunidad Autónoma de La Rioja";"RRD";"RRGD"
"127";"RODEZNO";"26";"La Rioja";"16";"Comunidad Autónoma de La Rioja";"RNC";"RNC"
"128";"SAJAZARRA";"26";"La Rioja";"16";"Comunidad Autónoma de La Rioja";"RRD";"RRD"
"129";"SAN ASENSIO";"26";"La Rioja";"16";"Comunidad Autónoma de La Rioja";"RNC";"RNC"
"130";"SAN MILLAN DE LA COGOLLA";"26";"La Rioja";"16";"Comunidad Autónoma de La Rioja";"RRD";"RRGD"
"131";"SAN MILLAN DE YECORA";"26";"La Rioja";"16";"Comunidad Autónoma de La Rioja";"RRD";"RRGD"
"132";"SAN ROMAN DE CAMEROS";"26";"La Rioja";"16";"Comunidad Autónoma de La Rioja";"RRD";"RRGD"
"134";"SANTA COLOMA";"26";"La Rioja";"16";"Comunidad Autónoma de La Rioja";"RRD";"RRGD"
"135";"SANTA ENGRACIA DEL JUBERA";"26";"La Rioja";"16";"Comunidad Autónoma de La Rioja";"RRD";"RRGD"
"136";"SANTA EULALIA BAJERA";"26";"La Rioja";"16";"Comunidad Autónoma de La Rioja";"RNC";"RNC"
"138";"SANTO DOMINGO DE LA CALZADA";"26";"La Rioja";"16";"Comunidad Autónoma de La Rioja";"URBANO";"URBANO"
"139";"SAN TORCUATO";"26";"La Rioja";"16";"Comunidad Autónoma de La Rioja";"RRD";"RRGD"
"140";"SANTURDE DE RIOJA";"26";"La Rioja";"16";"Comunidad Autónoma de La Rioja";"RNC";"RNC"
"141";"SANTURDEJO";"26";"La Rioja";"16";"Comunidad Autónoma de La Rioja";"RRD";"RRGD"
"142";"SAN VICENTE DE LA SONSIERRA";"26";"La Rioja";"16";"Comunidad Autónoma de La Rioja";"RNC";"RNC"
"143";"SOJUELA";"26";"La Rioja";"16";"Comunidad Autónoma de La Rioja";"RNC";"RNC"
"144";"SORZANO";"26";"La Rioja";"16";"Comunidad Autónoma de La Rioja";"RNC";"RNC"
"145";"SOTES";"26";"La Rioja";"16";"Comunidad Autónoma de La Rioja";"RNC";"RNC"
"146";"SOTO EN CAMEROS";"26";"La Rioja";"16";"Comunidad Autónoma de La Rioja";"RRD";"RRGD"
"147";"TERROBA";"26";"La Rioja";"16";"Comunidad Autónoma de La Rioja";"RRD";"RRGD"
"148";"TIRGO";"26";"La Rioja";"16";"Comunidad Autónoma de La Rioja";"RNC";"RNC"
"149";"TOBIA";"26";"La Rioja";"16";"Comunidad Autónoma de La Rioja";"RRD";"RRGD"
"150";"TORMANTOS";"26";"La Rioja";"16";"Comunidad Autónoma de La Rioja";"RNC";"RNC"
"151";"TORRECILLA EN CAMEROS";"26";"La Rioja";"16";"Comunidad Autónoma de La Rioja";"RNC";"RNC"
"152";"TORRECILLA SOBRE ALESANCO";"26";"La Rioja";"16";"Comunidad Autónoma de La Rioja";"RRD";"RRGD"
"153";"TORRE EN CAMEROS";"26";"La Rioja";"16";"Comunidad Autónoma de La Rioja";"RRD";"RRGD"
"154";"TORREMONTALBO";"26";"La Rioja";"16";"Comunidad Autónoma de La Rioja";"RRD";"RRGD"
"155";"TREVIANA";"26";"La Rioja";"16";"Comunidad Autónoma de La Rioja";"RRD";"RRGD"
"157";"TRICIO";"26";"La Rioja";"16";"Comunidad Autónoma de La Rioja";"RNC";"RNC"
"158";"TUDELILLA";"26";"La Rioja";"16";"Comunidad Autónoma de La Rioja";"RNC";"RNC"
"160";"URUÑUELA";"26";"La Rioja";"16";"Comunidad Autónoma de La Rioja";"RNC";"RNC"
"161";"VALDEMADERA";"26";"La Rioja";"16";"Comunidad Autónoma de La Rioja";"RRD";"RRGD"
"162";"VALGAÑON";"26";"La Rioja";"16";"Comunidad Autónoma de La Rioja";"RRD";"RRGD"
"026";"BAÑOS DE RIO TOBIA";"26";"La Rioja";"16";"Comunidad Autónoma de La Rioja";"RNC";"RNC"
"027";"BERCEO";"26";"La Rioja";"16";"Comunidad Autónoma de La Rioja";"RRD";"RRD"
"028";"BERGASA";"26";"La Rioja";"16";"Comunidad Autónoma de La Rioja";"RRD";"RRGD"
"029";"BERGASILLAS BAJERA";"26";"La Rioja";"16";"Comunidad Autónoma de La Rioja";"RRD";"RRGD"
"030";"BEZARES";"26";"La Rioja";"16";"Comunidad Autónoma de La Rioja";"RRD";"RRGD"
"031";"BOBADILLA";"26";"La Rioja";"16";"Comunidad Autónoma de La Rioja";"RNC";"RNC"
"032";"BRIEVA DE CAMEROS";"26";"La Rioja";"16";"Comunidad Autónoma de La Rioja";"RRD";"RRGD"
"033";"BRIÑAS";"26";"La Rioja";"16";"Comunidad Autónoma de La Rioja";"RNC";"RNC"
"034";"BRIONES";"26";"La Rioja";"16";"Comunidad Autónoma de La Rioja";"RNC";"RNC"
"035";"CABEZON DE CAMEROS";"26";"La Rioja";"16";"Comunidad Autónoma de La Rioja";"RRD";"RRGD"
"036";"CALAHORRA";"26";"La Rioja";"16";"Comunidad Autónoma de La Rioja";"URBANO";"URBANO"
"037";"CAMPROVIN";"26";"La Rioja";"16";"Comunidad Autónoma de La Rioja";"RRD";"RRGD"
"038";"CANALES DE LA SIERRA";"26";"La Rioja";"16";"Comunidad Autónoma de La Rioja";"RRD";"RRGD"
"039";"CANILLAS DE RIO TUERTO";"26";"La Rioja";"16";"Comunidad Autónoma de La Rioja";"RRD";"RRD"
"040";"CAÑAS";"26";"La Rioja";"16";"Comunidad Autónoma de La Rioja";"RRD";"RRD"
"041";"CARDENAS";"26";"La Rioja";"16";"Comunidad Autónoma de La Rioja";"RNC";"RNC"
"042";"CASALARREINA";"26";"La Rioja";"16";"Comunidad Autónoma de La Rioja";"URBANO";"URBANO"
"043";"CASTAÑARES DE RIOJA";"26";"La Rioja";"16";"Comunidad Autónoma de La Rioja";"RNC";"RNC"
"044";"CASTROVIEJO";"26";"La Rioja";"16";"Comunidad Autónoma de La Rioja";"RRD";"RRGD"
"045";"CELLORIGO";"26";"La Rioja";"16";"Comunidad Autónoma de La Rioja";"RRD";"RRGD"
"046";"CENICERO";"26";"La Rioja";"16";"Comunidad Autónoma de La Rioja";"RNC";"RNC"
"047";"CERVERA DEL RIO ALHAMA";"26";"La Rioja";"16";"Comunidad Autónoma de La Rioja";"RNC";"RNC"
"048";"CIDAMON";"26";"La Rioja";"16";"Comunidad Autónoma de La Rioja";"RRD";"RRGD"
"049";"CIHURI";"26";"La Rioja";"16";"Comunidad Autónoma de La Rioja";"RNC";"RNC"
"050";"CIRUEÑA";"26";"La Rioja";"16";"Comunidad Autónoma de La Rioja";"RRD";"RRD"
"051";"CLAVIJO";"26";"La Rioja";"16";"Comunidad Autónoma de La Rioja";"RNC";"RNC"
"052";"CORDOVIN";"26";"La Rioja";"16";"Comunidad Autónoma de La Rioja";"RNC";"RNC"
"053";"CORERA";"26";"La Rioja";"16";"Comunidad Autónoma de La Rioja";"RNC";"RNC"
"054";"CORNAGO";"26";"La Rioja";"16";"Comunidad Autónoma de La Rioja";"RRD";"RRGD"
"055";"CORPORALES";"26";"La Rioja";"16";"Comunidad Autónoma de La Rioja";"RRD";"RRGD"
"056";"CUZCURRITA DE RIO TIRON";"26";"La Rioja";"16";"Comunidad Autónoma de La Rioja";"RNC";"RNC"
"057";"DAROCA DE RIOJA";"26";"La Rioja";"16";"Comunidad Autónoma de La Rioja";"RRD";"RRGD"
"058";"ENCISO";"26";"La Rioja";"16";"Comunidad Autónoma de La Rioja";"RRD";"RRGD"
"059";"ENTRENA";"26";"La Rioja";"16";"Comunidad Autónoma de La Rioja";"RNC";"RNC"
"060";"ESTOLLO";"26";"La Rioja";"16";"Comunidad Autónoma de La Rioja";"RRD";"RRGD"
"061";"EZCARAY";"26";"La Rioja";"16";"Comunidad Autónoma de La Rioja";"RNC";"RNC"
"062";"FONCEA";"26";"La Rioja";"16";"Comunidad Autónoma de La Rioja";"RRD";"RRGD"
"063";"FONZALECHE";"26";"La Rioja";"16";"Comunidad Autónoma de La Rioja";"RRD";"RRGD"
"064";"FUENMAYOR";"26";"La Rioja";"16";"Comunidad Autónoma de La Rioja";"RNC";"RNC"
"065";"GALBARRULI";"26";"La Rioja";"16";"Comunidad Autónoma de La Rioja";"RRD";"RRGD"
"066";"GALILEA";"26";"La Rioja";"16";"Comunidad Autónoma de La Rioja";"RNC";"RNC"
"067";"GALLINERO DE CAMEROS";"26";"La Rioja";"16";"Comunidad Autónoma de La Rioja";"RRD";"RRGD"
"068";"GIMILEO";"26";"La Rioja";"16";"Comunidad Autónoma de La Rioja";"RNC";"RNC"
"069";"GRAÑON";"26";"La Rioja";"16";"Comunidad Autónoma de La Rioja";"RRD";"RRD"
"070";"GRAVALOS";"26";"La Rioja";"16";"Comunidad Autónoma de La Rioja";"RRD";"RRGD"
"071";"HARO";"26";"La Rioja";"16";"Comunidad Autónoma de La Rioja";"URBANO";"URBANO"
"072";"HERCE";"26";"La Rioja";"16";"Comunidad Autónoma de La Rioja";"RNC";"RNC"
"073";"HERRAMELLURI";"26";"La Rioja";"16";"Comunidad Autónoma de La Rioja";"RRD";"RRD"
"074";"HERVIAS";"26";"La Rioja";"16";"Comunidad Autónoma de La Rioja";"RRD";"RRD"
"075";"HORMILLA";"26";"La Rioja";"16";"Comunidad Autónoma de La Rioja";"RNC";"RNC"
"076";"HORMILLEJA";"26";"La Rioja";"16";"Comunidad Autónoma de La Rioja";"RNC";"RNC"
"077";"HORNILLOS DE CAMEROS";"26";"La Rioja";"16";"Comunidad Autónoma de La Rioja";"RRD";"RRGD"
"078";"HORNOS DE MONCALVILLO";"26";"La Rioja";"16";"Comunidad Autónoma de La Rioja";"RRD";"RRD"
"079";"HUERCANOS";"26";"La Rioja";"16";"Comunidad Autónoma de La Rioja";"RNC";"RNC"
"080";"IGEA";"26";"La Rioja";"16";"Comunidad Autónoma de La Rioja";"RRD";"RRD"
"081";"JALON DE CAMEROS";"26";"La Rioja";"16";"Comunidad Autónoma de La Rioja";"RRD";"RRGD"
"082";"LAGUNA DE CAMEROS";"26";"La Rioja";"16";"Comunidad Autónoma de La Rioja";"RRD";"RRGD"
"083";"LAGUNILLA DEL JUBERA";"26";"La Rioja";"16";"Comunidad Autónoma de La Rioja";"RRD";"RRD"
"084";"LARDERO";"26";"La Rioja";"16";"Comunidad Autónoma de La Rioja";"URBANO";"URBANO"
"086";"LEDESMA DE LA COGOLLA";"26";"La Rioja";"16";"Comunidad Autónoma de La Rioja";"RRD";"RRGD"
"087";"LEIVA";"26";"La Rioja";"16";"Comunidad Autónoma de La Rioja";"RNC";"RNC"
"088";"LEZA DE RIO LEZA";"26";"La Rioja";"16";"Comunidad Autónoma de La Rioja";"RRD";"RRGD"
"091";"LUMBRERAS";"26";"La Rioja";"16";"Comunidad Autónoma de La Rioja";"RRD";"RRGD"
"092";"MANJARRES";"26";"La Rioja";"16";"Comunidad Autónoma de La Rioja";"RNC";"RNC"
"001";"ABALOS";"26";"La Rioja";"16";"Comunidad Autónoma de La Rioja";"RNC";"RNC"
"002";"AGONCILLO";"26";"La Rioja";"16";"Comunidad Autónoma de La Rioja";"RNC";"RNC"
"003";"AGUILAR DEL RIO ALHAMA";"26";"La Rioja";"16";"Comunidad Autónoma de La Rioja";"RRD";"RRD"
"004";"AJAMIL DE CAMEROS";"26";"La Rioja";"16";"Comunidad Autónoma de La Rioja";"RRD";"RRGD"
"005";"ALBELDA DE IREGUA";"26";"La Rioja";"16";"Comunidad Autónoma de La Rioja";"URBANO";"URBANO"
"006";"ALBERITE";"26";"La Rioja";"16";"Comunidad Autónoma de La Rioja";"URBANO";"URBANO"
"007";"ALCANADRE";"26";"La Rioja";"16";"Comunidad Autónoma de La Rioja";"RNC";"RNC"
"008";"ALDEANUEVA DE EBRO";"26";"La Rioja";"16";"Comunidad Autónoma de La Rioja";"RNC";"RNC"
"009";"ALESANCO";"26";"La Rioja";"16";"Comunidad Autónoma de La Rioja";"RNC";"RNC"
"010";"ALESON";"26";"La Rioja";"16";"Comunidad Autónoma de La Rioja";"RNC";"RNC"
"011";"ALFARO";"26";"La Rioja";"16";"Comunidad Autónoma de La Rioja";"RNC";"RNC"
"012";"ALMARZA DE CAMEROS";"26";"La Rioja";"16";"Comunidad Autónoma de La Rioja";"RRD";"RRGD"
"013";"ANGUCIANA";"26";"La Rioja";"16";"Comunidad Autónoma de La Rioja";"RNC";"RNC"
"014";"ANGUIANO";"26";"La Rioja";"16";"Comunidad Autónoma de La Rioja";"RRD";"RRGD"
"015";"ARENZANA DE ABAJO";"26";"La Rioja";"16";"Comunidad Autónoma de La Rioja";"RNC";"RNC"
"016";"ARENZANA DE ARRIBA";"26";"La Rioja";"16";"Comunidad Autónoma de La Rioja";"RRD";"RRGD"
"017";"ARNEDILLO";"26";"La Rioja";"16";"Comunidad Autónoma de La Rioja";"RRD";"RRD"
"018";"ARNEDO";"26";"La Rioja";"16";"Comunidad Autónoma de La Rioja";"URBANO";"URBANO"
"019";"ARRUBAL";"26";"La Rioja";"16";"Comunidad Autónoma de La Rioja";"RNC";"RNC"
"020";"AUSEJO";"26";"La Rioja";"16";"Comunidad Autónoma de La Rioja";"RNC";"RNC"
"021";"AUTOL";"26";"La Rioja";"16";"Comunidad Autónoma de La Rioja";"RNC";"RNC"
"022";"AZOFRA";"26";"La Rioja";"16";"Comunidad Autónoma de La Rioja";"RNC";"RNC"
"023";"BADARAN";"26";"La Rioja";"16";"Comunidad Autónoma de La Rioja";"RNC";"RNC"
"024";"BAÑARES";"26";"La Rioja";"16";"Comunidad Autónoma de La Rioja";"RRD";"RRGD"
"025";"BAÑOS DE RIOJA";"26";"La Rioja";"16";"Comunidad Autónoma de La Rioja";"RRD";"RRD"
"042";"PARADELA";"27";"Lugo";"11";"Comunidad Autónoma de Galicia";"RNC";"RNC"
"043";"PARAMO (O)";"27";"Lugo";"11";"Comunidad Autónoma de Galicia";"RNC";"RNC"
"044";"PASTORIZA (A)";"27";"Lugo";"11";"Comunidad Autónoma de Galicia";"RNC";"RNC"
"045";"PEDRAFITA DO CEBREIRO";"27";"Lugo";"11";"Comunidad Autónoma de Galicia";"RRD";"RRD"
"046";"POL";"27";"Lugo";"11";"Comunidad Autónoma de Galicia";"RNC";"RNC"
"047";"POBRA DE BROLLON (A)";"27";"Lugo";"11";"Comunidad Autónoma de Galicia";"RRD";"RRD"
"048";"PONTENOVA (A)";"27";"Lugo";"11";"Comunidad Autónoma de Galicia";"RNC";"RNC"
"049";"PORTOMARIN";"27";"Lugo";"11";"Comunidad Autónoma de Galicia";"RNC";"RNC"
"050";"QUIROGA";"27";"Lugo";"11";"Comunidad Autónoma de Galicia";"RRD";"RRD"
"051";"RIBADEO";"27";"Lugo";"11";"Comunidad Autónoma de Galicia";"RNC";"RNC"
"052";"RIBAS DE SIL";"27";"Lugo";"11";"Comunidad Autónoma de Galicia";"RNC";"RNC"
"053";"RIBEIRA DE PIQUIN";"27";"Lugo";"11";"Comunidad Autónoma de Galicia";"RRD";"RRGD"
"054";"RIOTORTO";"27";"Lugo";"11";"Comunidad Autónoma de Galicia";"RNC";"RNC"
"055";"SAMOS";"27";"Lugo";"11";"Comunidad Autónoma de Galicia";"RRD";"RRD"
"056";"RABADE";"27";"Lugo";"11";"Comunidad Autónoma de Galicia";"URBANO";"URBANO"
"057";"SARRIA";"27";"Lugo";"11";"Comunidad Autónoma de Galicia";"RNC";"RNC"
"058";"SAVIÑAO (O)";"27";"Lugo";"11";"Comunidad Autónoma de Galicia";"RNC";"RNC"
"059";"SOBER";"27";"Lugo";"11";"Comunidad Autónoma de Galicia";"RNC";"RNC"
"060";"TABOADA";"27";"Lugo";"11";"Comunidad Autónoma de Galicia";"RNC";"RNC"
"061";"TRABADA";"27";"Lugo";"11";"Comunidad Autónoma de Galicia";"RNC";"RNC"
"062";"TRIACASTELA";"27";"Lugo";"11";"Comunidad Autónoma de Galicia";"RNC";"RNC"
"063";"VALADOURO (O)";"27";"Lugo";"11";"Comunidad Autónoma de Galicia";"RNC";"RNC"
"064";"VICEDO (O)";"27";"Lugo";"11";"Comunidad Autónoma de Galicia";"RNC";"RNC"
"065";"VILALBA";"27";"Lugo";"11";"Comunidad Autónoma de Galicia";"RNC";"RNC"
"067";"VIVEIRO";"27";"Lugo";"11";"Comunidad Autónoma de Galicia";"URBANO";"URBANO"
"068";"BURELA";"27";"Lugo";"11";"Comunidad Autónoma de Galicia";"URBANO";"URBANO"
"900";"LUGO";"27";"Lugo";"11";"Comunidad Autónoma de Galicia";"URBANO";"URBANO"
"001";"ABADIN";"27";"Lugo";"11";"Comunidad Autónoma de Galicia";"RRD";"RRD"
"002";"ALFOZ";"27";"Lugo";"11";"Comunidad Autónoma de Galicia";"RNC";"RNC"
"003";"ANTAS DE ULLA";"27";"Lugo";"11";"Comunidad Autónoma de Galicia";"RNC";"RNC"
"004";"BALEIRA";"27";"Lugo";"11";"Comunidad Autónoma de Galicia";"RRD";"RRGD"
"005";"BARREIROS";"27";"Lugo";"11";"Comunidad Autónoma de Galicia";"RNC";"RNC"
"006";"BECERREA";"27";"Lugo";"11";"Comunidad Autónoma de Galicia";"RNC";"RNC"
"007";"BEGONTE";"27";"Lugo";"11";"Comunidad Autónoma de Galicia";"RNC";"RNC"
"008";"BOVEDA";"27";"Lugo";"11";"Comunidad Autónoma de Galicia";"RNC";"RNC"
"009";"CARBALLEDO";"27";"Lugo";"11";"Comunidad Autónoma de Galicia";"RNC";"RNC"
"010";"CASTRO DE REI";"27";"Lugo";"11";"Comunidad Autónoma de Galicia";"RNC";"RNC"
"011";"CASTROVERDE";"27";"Lugo";"11";"Comunidad Autónoma de Galicia";"RNC";"RNC"
"012";"CERVANTES";"27";"Lugo";"11";"Comunidad Autónoma de Galicia";"RRD";"RRGD"
"013";"CERVO";"27";"Lugo";"11";"Comunidad Autónoma de Galicia";"RNC";"RNC"
"014";"CORGO (O)";"27";"Lugo";"11";"Comunidad Autónoma de Galicia";"RNC";"RNC"
"015";"COSPEITO";"27";"Lugo";"11";"Comunidad Autónoma de Galicia";"RNC";"RNC"
"016";"CHANTADA";"27";"Lugo";"11";"Comunidad Autónoma de Galicia";"RNC";"RNC"
"017";"FOLGOSO DO COUREL";"27";"Lugo";"11";"Comunidad Autónoma de Galicia";"RRD";"RRGD"
"018";"FONSAGRADA (A)";"27";"Lugo";"11";"Comunidad Autónoma de Galicia";"RRD";"RRD"
"019";"FOZ";"27";"Lugo";"11";"Comunidad Autónoma de Galicia";"RNC";"RNC"
"020";"FRIOL";"27";"Lugo";"11";"Comunidad Autónoma de Galicia";"RNC";"RNC"
"021";"XERMADE";"27";"Lugo";"11";"Comunidad Autónoma de Galicia";"RRD";"RRD"
"022";"GUITIRIZ";"27";"Lugo";"11";"Comunidad Autónoma de Galicia";"RNC";"RNC"
"023";"GUNTIN";"27";"Lugo";"11";"Comunidad Autónoma de Galicia";"RNC";"RNC"
"024";"INCIO (O)";"27";"Lugo";"11";"Comunidad Autónoma de Galicia";"RRD";"RRD"
"025";"XOVE";"27";"Lugo";"11";"Comunidad Autónoma de Galicia";"RNC";"RNC"
"026";"LANCARA";"27";"Lugo";"11";"Comunidad Autónoma de Galicia";"RNC";"RNC"
"027";"LOURENZA";"27";"Lugo";"11";"Comunidad Autónoma de Galicia";"RNC";"RNC"
"029";"MEIRA";"27";"Lugo";"11";"Comunidad Autónoma de Galicia";"RNC";"RNC"
"030";"MONDOÑEDO";"27";"Lugo";"11";"Comunidad Autónoma de Galicia";"RNC";"RNC"
"031";"MONFORTE DE LEMOS";"27";"Lugo";"11";"Comunidad Autónoma de Galicia";"RNC";"RNC"
"032";"MONTERROSO";"27";"Lugo";"11";"Comunidad Autónoma de Galicia";"RNC";"RNC"
"033";"MURAS";"27";"Lugo";"11";"Comunidad Autónoma de Galicia";"RRD";"RRGD"
"034";"NAVIA DE SUARNA";"27";"Lugo";"11";"Comunidad Autónoma de Galicia";"RRD";"RRGD"
"035";"NEGUEIRA DE MUÑIZ";"27";"Lugo";"11";"Comunidad Autónoma de Galicia";"RRD";"RRGD"
"036";"BARALLA";"27";"Lugo";"11";"Comunidad Autónoma de Galicia";"RNC";"RNC"
"037";"NOGAIS (AS)";"27";"Lugo";"11";"Comunidad Autónoma de Galicia";"RRD";"RRD"
"038";"OUROL";"27";"Lugo";"11";"Comunidad Autónoma de Galicia";"RRD";"RRGD"
"039";"OUTEIRO DE REI";"27";"Lugo";"11";"Comunidad Autónoma de Galicia";"RNC";"RNC"
"040";"PALAS DE REI";"27";"Lugo";"11";"Comunidad Autónoma de Galicia";"RNC";"RNC"
"041";"PANTON";"27";"Lugo";"11";"Comunidad Autónoma de Galicia";"RNC";"RNC"
"096";"NAVALCARNERO";"28";"Madrid";"12";"Comunidad de Madrid";"URBANO";"URBANO"
"097";"NAVARREDONDA Y SAN MAMES";"28";"Madrid";"12";"Comunidad de Madrid";"RRD";"RRGD"
"099";"NAVAS DEL REY";"28";"Madrid";"12";"Comunidad de Madrid";"RNC";"RNC"
"100";"NUEVO BAZTAN";"28";"Madrid";"12";"Comunidad de Madrid";"URBANO";"URBANO"
"101";"OLMEDA DE LAS FUENTES";"28";"Madrid";"12";"Comunidad de Madrid";"RNC";"RNC"
"102";"ORUSCO DE TAJUÑA";"28";"Madrid";"12";"Comunidad de Madrid";"RNC";"RNC"
"104";"PARACUELLOS DE JARAMA";"28";"Madrid";"12";"Comunidad de Madrid";"URBANO";"URBANO"
"106";"PARLA";"28";"Madrid";"12";"Comunidad de Madrid";"URBANO";"URBANO"
"107";"PATONES";"28";"Madrid";"12";"Comunidad de Madrid";"RNC";"RNC"
"108";"PEDREZUELA";"28";"Madrid";"12";"Comunidad de Madrid";"URBANO";"URBANO"
"109";"PELAYOS DE LA PRESA";"28";"Madrid";"12";"Comunidad de Madrid";"URBANO";"URBANO"
"001";"ACEBEDA (LA)";"28";"Madrid";"12";"Comunidad de Madrid";"RRD";"RRGD"
"002";"AJALVIR";"28";"Madrid";"12";"Comunidad de Madrid";"URBANO";"URBANO"
"003";"ALAMEDA DEL VALLE";"28";"Madrid";"12";"Comunidad de Madrid";"RRD";"RRGD"
"004";"ALAMO (EL)";"28";"Madrid";"12";"Comunidad de Madrid";"URBANO";"URBANO"
"005";"ALCALA DE HENARES";"28";"Madrid";"12";"Comunidad de Madrid";"URBANO";"URBANO"
"006";"ALCOBENDAS";"28";"Madrid";"12";"Comunidad de Madrid";"URBANO";"URBANO"
"007";"ALCORCON";"28";"Madrid";"12";"Comunidad de Madrid";"URBANO";"URBANO"
"008";"ALDEA DEL FRESNO";"28";"Madrid";"12";"Comunidad de Madrid";"RNC";"RNC"
"009";"ALGETE";"28";"Madrid";"12";"Comunidad de Madrid";"URBANO";"URBANO"
"010";"ALPEDRETE";"28";"Madrid";"12";"Comunidad de Madrid";"URBANO";"URBANO"
"011";"AMBITE";"28";"Madrid";"12";"Comunidad de Madrid";"RNC";"RNC"
"012";"ANCHUELO";"28";"Madrid";"12";"Comunidad de Madrid";"RNC";"RNC"
"013";"ARANJUEZ";"28";"Madrid";"12";"Comunidad de Madrid";"URBANO";"URBANO"
"014";"ARGANDA DEL REY";"28";"Madrid";"12";"Comunidad de Madrid";"URBANO";"URBANO"
"015";"ARROYOMOLINOS";"28";"Madrid";"12";"Comunidad de Madrid";"URBANO";"URBANO"
"016";"ATAZAR (EL)";"28";"Madrid";"12";"Comunidad de Madrid";"RRD";"RRGD"
"017";"BATRES";"28";"Madrid";"12";"Comunidad de Madrid";"RNC";"RNC"
"018";"BECERRIL DE LA SIERRA";"28";"Madrid";"12";"Comunidad de Madrid";"URBANO";"URBANO"
"019";"BELMONTE DE TAJO";"28";"Madrid";"12";"Comunidad de Madrid";"RNC";"RNC"
"020";"BERRUECO (EL)";"28";"Madrid";"12";"Comunidad de Madrid";"RNC";"RNC"
"021";"BERZOSA DEL LOZOYA";"28";"Madrid";"12";"Comunidad de Madrid";"RNC";"RNC"
"022";"BOADILLA DEL MONTE";"28";"Madrid";"12";"Comunidad de Madrid";"URBANO";"URBANO"
"023";"BOALO (EL)";"28";"Madrid";"12";"Comunidad de Madrid";"URBANO";"URBANO"
"024";"BRAOJOS";"28";"Madrid";"12";"Comunidad de Madrid";"RRD";"RRD"
"025";"BREA DE TAJO";"28";"Madrid";"12";"Comunidad de Madrid";"RRD";"RRD"
"026";"BRUNETE";"28";"Madrid";"12";"Comunidad de Madrid";"URBANO";"URBANO"
"027";"BUITRAGO DEL LOZOYA";"28";"Madrid";"12";"Comunidad de Madrid";"RNC";"RNC"
"028";"BUSTARVIEJO";"28";"Madrid";"12";"Comunidad de Madrid";"RNC";"RNC"
"029";"CABANILLAS DE LA SIERRA";"28";"Madrid";"12";"Comunidad de Madrid";"RNC";"RNC"
"030";"CABRERA (LA)";"28";"Madrid";"12";"Comunidad de Madrid";"URBANO";"URBANO"
"031";"CADALSO DE LOS VIDRIOS";"28";"Madrid";"12";"Comunidad de Madrid";"RNC";"RNC"
"032";"CAMARMA DE ESTERUELAS";"28";"Madrid";"12";"Comunidad de Madrid";"URBANO";"URBANO"
"033";"CAMPO REAL";"28";"Madrid";"12";"Comunidad de Madrid";"RNC";"RNC"
"034";"CANENCIA";"28";"Madrid";"12";"Comunidad de Madrid";"RRD";"RRD"
"035";"CARABAÑA";"28";"Madrid";"12";"Comunidad de Madrid";"RNC";"RNC"
"036";"CASARRUBUELOS";"28";"Madrid";"12";"Comunidad de Madrid";"URBANO";"URBANO"
"037";"CENICIENTOS";"28";"Madrid";"12";"Comunidad de Madrid";"RNC";"RNC"
"038";"CERCEDILLA";"28";"Madrid";"12";"Comunidad de Madrid";"URBANO";"URBANO"
"039";"CERVERA DE BUITRAGO";"28";"Madrid";"12";"Comunidad de Madrid";"RRD";"RRD"
"040";"CIEMPOZUELOS";"28";"Madrid";"12";"Comunidad de Madrid";"URBANO";"URBANO"
"165";"VALDILECHA";"28";"Madrid";"12";"Comunidad de Madrid";"RNC";"RNC"
"166";"VALVERDE DE ALCALA";"28";"Madrid";"12";"Comunidad de Madrid";"RNC";"RNC"
"167";"VELILLA DE SAN ANTONIO";"28";"Madrid";"12";"Comunidad de Madrid";"URBANO";"URBANO"
"168";"VELLON (EL)";"28";"Madrid";"12";"Comunidad de Madrid";"RNC";"RNC"
"169";"VENTURADA";"28";"Madrid";"12";"Comunidad de Madrid";"URBANO";"URBANO"
"170";"VILLACONEJOS";"28";"Madrid";"12";"Comunidad de Madrid";"URBANO";"URBANO"
"171";"VILLA DEL PRADO";"28";"Madrid";"12";"Comunidad de Madrid";"RNC";"RNC"
"172";"VILLALBILLA";"28";"Madrid";"12";"Comunidad de Madrid";"URBANO";"URBANO"
"173";"VILLAMANRIQUE DE TAJO";"28";"Madrid";"12";"Comunidad de Madrid";"RNC";"RNC"
"174";"VILLAMANTA";"28";"Madrid";"12";"Comunidad de Madrid";"RNC";"RNC"
"175";"VILLAMANTILLA";"28";"Madrid";"12";"Comunidad de Madrid";"RNC";"RNC"
"041";"COBEÑA";"28";"Madrid";"12";"Comunidad de Madrid";"URBANO";"URBANO"
"042";"COLMENAR DEL ARROYO";"28";"Madrid";"12";"Comunidad de Madrid";"RNC";"RNC"
"043";"COLMENAR DE OREJA";"28";"Madrid";"12";"Comunidad de Madrid";"RNC";"RNC"
"044";"COLMENAREJO";"28";"Madrid";"12";"Comunidad de Madrid";"URBANO";"URBANO"
"045";"COLMENAR VIEJO";"28";"Madrid";"12";"Comunidad de Madrid";"URBANO";"URBANO"
"046";"COLLADO MEDIANO";"28";"Madrid";"12";"Comunidad de Madrid";"URBANO";"URBANO"
"047";"COLLADO VILLALBA";"28";"Madrid";"12";"Comunidad de Madrid";"URBANO";"URBANO"
"048";"CORPA";"28";"Madrid";"12";"Comunidad de Madrid";"RNC";"RNC"
"049";"COSLADA";"28";"Madrid";"12";"Comunidad de Madrid";"URBANO";"URBANO"
"050";"CUBAS DE LA SAGRA";"28";"Madrid";"12";"Comunidad de Madrid";"URBANO";"URBANO"
"051";"CHAPINERIA";"28";"Madrid";"12";"Comunidad de Madrid";"RNC";"RNC"
"052";"CHINCHON";"28";"Madrid";"12";"Comunidad de Madrid";"RNC";"RNC"
"053";"DAGANZO DE ARRIBA";"28";"Madrid";"12";"Comunidad de Madrid";"URBANO";"URBANO"
"054";"ESCORIAL (EL)";"28";"Madrid";"12";"Comunidad de Madrid";"URBANO";"URBANO"
"055";"ESTREMERA";"28";"Madrid";"12";"Comunidad de Madrid";"RNC";"RNC"
"056";"FRESNEDILLAS DE LA OLIVA";"28";"Madrid";"12";"Comunidad de Madrid";"RNC";"RNC"
"057";"FRESNO DE TOROTE";"28";"Madrid";"12";"Comunidad de Madrid";"RNC";"RNC"
"058";"FUENLABRADA";"28";"Madrid";"12";"Comunidad de Madrid";"URBANO";"URBANO"
"059";"FUENTE EL SAZ DE JARAMA";"28";"Madrid";"12";"Comunidad de Madrid";"URBANO";"URBANO"
"060";"FUENTIDUEÑA DE TAJO";"28";"Madrid";"12";"Comunidad de Madrid";"RNC";"RNC"
"061";"GALAPAGAR";"28";"Madrid";"12";"Comunidad de Madrid";"URBANO";"URBANO"
"062";"GARGANTA DE LOS MONTES";"28";"Madrid";"12";"Comunidad de Madrid";"RRD";"RRD"
"063";"GARGANTILLA DEL LOZOYA";"28";"Madrid";"12";"Comunidad de Madrid";"RNC";"RNC"
"064";"GASCONES";"28";"Madrid";"12";"Comunidad de Madrid";"RRD";"RRD"
"065";"GETAFE";"28";"Madrid";"12";"Comunidad de Madrid";"URBANO";"URBANO"
"066";"GRIÑON";"28";"Madrid";"12";"Comunidad de Madrid";"URBANO";"URBANO"
"067";"GUADALIX DE LA SIERRA";"28";"Madrid";"12";"Comunidad de Madrid";"URBANO";"URBANO"
"068";"GUADARRAMA";"28";"Madrid";"12";"Comunidad de Madrid";"URBANO";"URBANO"
"069";"HIRUELA (LA)";"28";"Madrid";"12";"Comunidad de Madrid";"RRD";"RRGD"
"070";"HORCAJO DE LA SIERRA-AOSLOS";"28";"Madrid";"12";"Comunidad de Madrid";"RRD";"RRGD"
"071";"HORCAJUELO DE LA SIERRA";"28";"Madrid";"12";"Comunidad de Madrid";"RRD";"RRGD"
"072";"HOYO DE MANZANARES";"28";"Madrid";"12";"Comunidad de Madrid";"URBANO";"URBANO"
"073";"HUMANES DE MADRID";"28";"Madrid";"12";"Comunidad de Madrid";"URBANO";"URBANO"
"074";"LEGANES";"28";"Madrid";"12";"Comunidad de Madrid";"URBANO";"URBANO"
"075";"LOECHES";"28";"Madrid";"12";"Comunidad de Madrid";"URBANO";"URBANO"
"076";"LOZOYA";"28";"Madrid";"12";"Comunidad de Madrid";"RRD";"RRD"
"077";"LOZOYUELA-NAVAS-SIETEIGLESIAS";"28";"Madrid";"12";"Comunidad de Madrid";"RNC";"RNC"
"078";"MADARCOS";"28";"Madrid";"12";"Comunidad de Madrid";"RRD";"RRGD"
"080";"MAJADAHONDA";"28";"Madrid";"12";"Comunidad de Madrid";"URBANO";"URBANO"
"082";"MANZANARES EL REAL";"28";"Madrid";"12";"Comunidad de Madrid";"RNC";"RNC"
"083";"MECO";"28";"Madrid";"12";"Comunidad de Madrid";"URBANO";"URBANO"
"084";"MEJORADA DEL CAMPO";"28";"Madrid";"12";"Comunidad de Madrid";"URBANO";"URBANO"
"085";"MIRAFLORES DE LA SIERRA";"28";"Madrid";"12";"Comunidad de Madrid";"URBANO";"URBANO"
"086";"MOLAR (EL)";"28";"Madrid";"12";"Comunidad de Madrid";"URBANO";"URBANO"
"087";"MOLINOS (LOS)";"28";"Madrid";"12";"Comunidad de Madrid";"URBANO";"URBANO"
"088";"MONTEJO DE LA SIERRA";"28";"Madrid";"12";"Comunidad de Madrid";"RRD";"RRD"
"089";"MORALEJA DE ENMEDIO";"28";"Madrid";"12";"Comunidad de Madrid";"URBANO";"URBANO"
"090";"MORALZARZAL";"28";"Madrid";"12";"Comunidad de Madrid";"URBANO";"URBANO"
"091";"MORATA DE TAJUÑA";"28";"Madrid";"12";"Comunidad de Madrid";"URBANO";"URBANO"
"092";"MOSTOLES";"28";"Madrid";"12";"Comunidad de Madrid";"URBANO";"URBANO"
"093";"NAVACERRADA";"28";"Madrid";"12";"Comunidad de Madrid";"URBANO";"URBANO"
"094";"NAVALAFUENTE";"28";"Madrid";"12";"Comunidad de Madrid";"URBANO";"URBANO"
"095";"NAVALAGAMELLA";"28";"Madrid";"12";"Comunidad de Madrid";"RNC";"RNC"
"176";"VILLANUEVA DE LA CAÑADA";"28";"Madrid";"12";"Comunidad de Madrid";"URBANO";"URBANO"
"177";"VILLANUEVA DEL PARDILLO";"28";"Madrid";"12";"Comunidad de Madrid";"URBANO";"URBANO"
"178";"VILLANUEVA DE PERALES";"28";"Madrid";"12";"Comunidad de Madrid";"RNC";"RNC"
"179";"VILLAR DEL OLMO";"28";"Madrid";"12";"Comunidad de Madrid";"RNC";"RNC"
"180";"VILLAREJO DE SALVANES";"28";"Madrid";"12";"Comunidad de Madrid";"RNC";"RNC"
"181";"VILLAVICIOSA DE ODON";"28";"Madrid";"12";"Comunidad de Madrid";"URBANO";"URBANO"
"182";"VILLAVIEJA DEL LOZOYA";"28";"Madrid";"12";"Comunidad de Madrid";"RRD";"RRD"
"183";"ZARZALEJO";"28";"Madrid";"12";"Comunidad de Madrid";"RNC";"RNC"
"184";"TRES CANTOS";"28";"Madrid";"12";"Comunidad de Madrid";"URBANO";"URBANO"
"185";"PUENTES VIEJAS";"28";"Madrid";"12";"Comunidad de Madrid";"RRD";"RRD"
"900";"MADRID";"28";"Madrid";"12";"Comunidad de Madrid";"URBANO";"URBANO"
"110";"PERALES DE TAJUÑA";"28";"Madrid";"12";"Comunidad de Madrid";"RNC";"RNC"
"111";"PEZUELA DE LAS TORRES";"28";"Madrid";"12";"Comunidad de Madrid";"RNC";"RNC"
"112";"PINILLA DEL VALLE";"28";"Madrid";"12";"Comunidad de Madrid";"RRD";"RRGD"
"113";"PINTO";"28";"Madrid";"12";"Comunidad de Madrid";"URBANO";"URBANO"
"114";"PIÑUECAR";"28";"Madrid";"12";"Comunidad de Madrid";"RRD";"RRD"
"115";"POZUELO DE ALARCON";"28";"Madrid";"12";"Comunidad de Madrid";"URBANO";"URBANO"
"116";"POZUELO DEL REY";"28";"Madrid";"12";"Comunidad de Madrid";"RNC";"RNC"
"117";"PRADENA DEL RINCON";"28";"Madrid";"12";"Comunidad de Madrid";"RRD";"RRGD"
"118";"PUEBLA DE LA SIERRA";"28";"Madrid";"12";"Comunidad de Madrid";"RRD";"RRGD"
"119";"QUIJORNA";"28";"Madrid";"12";"Comunidad de Madrid";"URBANO";"URBANO"
"120";"RASCAFRIA";"28";"Madrid";"12";"Comunidad de Madrid";"RRD";"RRD"
"121";"REDUEÑA";"28";"Madrid";"12";"Comunidad de Madrid";"RNC";"RNC"
"122";"RIBATEJADA";"28";"Madrid";"12";"Comunidad de Madrid";"RNC";"RNC"
"123";"RIVAS-VACIAMADRID";"28";"Madrid";"12";"Comunidad de Madrid";"URBANO";"URBANO"
"124";"ROBLEDILLO DE LA JARA";"28";"Madrid";"12";"Comunidad de Madrid";"RRD";"RRGD"
"125";"ROBLEDO DE CHAVELA";"28";"Madrid";"12";"Comunidad de Madrid";"RNC";"RNC"
"126";"ROBREGORDO";"28";"Madrid";"12";"Comunidad de Madrid";"RRD";"RRGD"
"127";"ROZAS DE MADRID (LAS)";"28";"Madrid";"12";"Comunidad de Madrid";"URBANO";"URBANO"
"128";"ROZAS DE PUERTO REAL";"28";"Madrid";"12";"Comunidad de Madrid";"RNC";"RNC"
"129";"SAN AGUSTIN DEL GUADALIX";"28";"Madrid";"12";"Comunidad de Madrid";"URBANO";"URBANO"
"130";"SAN FERNANDO DE HENARES";"28";"Madrid";"12";"Comunidad de Madrid";"URBANO";"URBANO"
"131";"SAN LORENZO DE EL ESCORIAL";"28";"Madrid";"12";"Comunidad de Madrid";"URBANO";"URBANO"
"132";"SAN MARTIN DE LA VEGA";"28";"Madrid";"12";"Comunidad de Madrid";"URBANO";"URBANO"
"133";"SAN MARTIN DE VALDEIGLESIAS";"28";"Madrid";"12";"Comunidad de Madrid";"RNC";"RNC"
"134";"SAN SEBASTIAN DE LOS REYES";"28";"Madrid";"12";"Comunidad de Madrid";"URBANO";"URBANO"
"135";"SANTA MARIA DE LA ALAMEDA";"28";"Madrid";"12";"Comunidad de Madrid";"RNC";"RNC"
"136";"SANTORCAZ";"28";"Madrid";"12";"Comunidad de Madrid";"RNC";"RNC"
"137";"SANTOS DE LA HUMOSA (LOS)";"28";"Madrid";"12";"Comunidad de Madrid";"RNC";"RNC"
"138";"SERNA DEL MONTE (LA)";"28";"Madrid";"12";"Comunidad de Madrid";"RNC";"RNC"
"140";"SERRANILLOS DEL VALLE";"28";"Madrid";"12";"Comunidad de Madrid";"URBANO";"URBANO"
"141";"SEVILLA LA NUEVA";"28";"Madrid";"12";"Comunidad de Madrid";"URBANO";"URBANO"
"143";"SOMOSIERRA";"28";"Madrid";"12";"Comunidad de Madrid";"RRD";"RRGD"
"144";"SOTO DEL REAL";"28";"Madrid";"12";"Comunidad de Madrid";"URBANO";"URBANO"
"145";"TALAMANCA DE JARAMA";"28";"Madrid";"12";"Comunidad de Madrid";"RNC";"RNC"
"146";"TIELMES";"28";"Madrid";"12";"Comunidad de Madrid";"RNC";"RNC"
"147";"TITULCIA";"28";"Madrid";"12";"Comunidad de Madrid";"URBANO";"URBANO"
"148";"TORREJON DE ARDOZ";"28";"Madrid";"12";"Comunidad de Madrid";"URBANO";"URBANO"
"149";"TORREJON DE LA CALZADA";"28";"Madrid";"12";"Comunidad de Madrid";"URBANO";"URBANO"
"150";"TORREJON DE VELASCO";"28";"Madrid";"12";"Comunidad de Madrid";"RNC";"RNC"
"151";"TORRELAGUNA";"28";"Madrid";"12";"Comunidad de Madrid";"URBANO";"URBANO"
"152";"TORRELODONES";"28";"Madrid";"12";"Comunidad de Madrid";"URBANO";"URBANO"
"153";"TORREMOCHA DE JARAMA";"28";"Madrid";"12";"Comunidad de Madrid";"RNC";"RNC"
"154";"TORRES DE LA ALAMEDA";"28";"Madrid";"12";"Comunidad de Madrid";"URBANO";"URBANO"
"155";"VALDARACETE";"28";"Madrid";"12";"Comunidad de Madrid";"RRD";"RRD"
"156";"VALDEAVERO";"28";"Madrid";"12";"Comunidad de Madrid";"RNC";"RNC"
"157";"VALDELAGUNA";"28";"Madrid";"12";"Comunidad de Madrid";"RNC";"RNC"
"158";"VALDEMANCO";"28";"Madrid";"12";"Comunidad de Madrid";"RNC";"RNC"
"159";"VALDEMAQUEDA";"28";"Madrid";"12";"Comunidad de Madrid";"RNC";"RNC"
"160";"VALDEMORILLO";"28";"Madrid";"12";"Comunidad de Madrid";"URBANO";"URBANO"
"161";"VALDEMORO";"28";"Madrid";"12";"Comunidad de Madrid";"URBANO";"URBANO"
"162";"VALDEOLMOS-ALALPARDO";"28";"Madrid";"12";"Comunidad de Madrid";"URBANO";"URBANO"
"163";"VALDEPIELAGOS";"28";"Madrid";"12";"Comunidad de Madrid";"RNC";"RNC"
"164";"VALDETORRES DE JARAMA";"28";"Madrid";"12";"Comunidad de Madrid";"URBANO";"URBANO"
"015";"Antequera";"29";"Málaga";"01";"Comunidad Autónoma de Andalucía";"URBANO";"URBANO"
"016";"Archez";"29";"Málaga";"01";"Comunidad Autónoma de Andalucía";"RNC";"RNC"
"017";"Archidona";"29";"Málaga";"01";"Comunidad Autónoma de Andalucía";"RNC";"RNC"
"018";"Ardales";"29";"Málaga";"01";"Comunidad Autónoma de Andalucía";"RNC";"RNC"
"019";"Arenas";"29";"Málaga";"01";"Comunidad Autónoma de Andalucía";"RNC";"RNC"
"020";"Arriate";"29";"Málaga";"01";"Comunidad Autónoma de Andalucía";"URBANO";"URBANO"
"021";"Atajate";"29";"Málaga";"01";"Comunidad Autónoma de Andalucía";"RNC";"RNC"
"022";"Benadalid";"29";"Málaga";"01";"Comunidad Autónoma de Andalucía";"RRD";"RRD"
"023";"Benahavís";"29";"Málaga";"01";"Comunidad Autónoma de Andalucía";"RNC";"RNC"
"024";"Benalauría";"29";"Málaga";"01";"Comunidad Autónoma de Andalucía";"RNC";"RNC"
"025";"Benalmádena";"29";"Málaga";"01";"Comunidad Autónoma de Andalucía";"URBANO";"URBANO"
"026";"Benamargosa";"29";"Málaga";"01";"Comunidad Autónoma de Andalucía";"URBANO";"URBANO"
"027";"Benamocarra";"29";"Málaga";"01";"Comunidad Autónoma de Andalucía";"URBANO";"URBANO"
"028";"Benaoján";"29";"Málaga";"01";"Comunidad Autónoma de Andalucía";"RNC";"RNC"
"029";"Benarrabá";"29";"Málaga";"01";"Comunidad Autónoma de Andalucía";"RNC";"RNC"
"030";"Borge (El)";"29";"Málaga";"01";"Comunidad Autónoma de Andalucía";"RNC";"RNC"
"031";"Burgo (El)";"29";"Málaga";"01";"Comunidad Autónoma de Andalucía";"RNC";"RNC"
"032";"Campillos";"29";"Málaga";"01";"Comunidad Autónoma de Andalucía";"RNC";"RNC"
"033";"Canillas de Aceituno";"29";"Málaga";"01";"Comunidad Autónoma de Andalucía";"RNC";"RNC"
"034";"Canillas de Albaida";"29";"Málaga";"01";"Comunidad Autónoma de Andalucía";"RNC";"RNC"
"035";"Cañete la Real";"29";"Málaga";"01";"Comunidad Autónoma de Andalucía";"RRD";"RRD"
"036";"Carratraca";"29";"Málaga";"01";"Comunidad Autónoma de Andalucía";"RNC";"RNC"
"037";"Cartajima";"29";"Málaga";"01";"Comunidad Autónoma de Andalucía";"RRD";"RRD"
"038";"Cártama";"29";"Málaga";"01";"Comunidad Autónoma de Andalucía";"URBANO";"URBANO"
"039";"Casabermeja";"29";"Málaga";"01";"Comunidad Autónoma de Andalucía";"RNC";"RNC"
"040";"Casarabonela";"29";"Málaga";"01";"Comunidad Autónoma de Andalucía";"RNC";"RNC"
"041";"Casares";"29";"Málaga";"01";"Comunidad Autónoma de Andalucía";"RNC";"RNC"
"042";"Coín";"29";"Málaga";"01";"Comunidad Autónoma de Andalucía";"URBANO";"URBANO"
"043";"Colmenar";"29";"Málaga";"01";"Comunidad Autónoma de Andalucía";"RNC";"RNC"
"044";"Comares";"29";"Málaga";"01";"Comunidad Autónoma de Andalucía";"RNC";"RNC"
"045";"Cómpeta";"29";"Málaga";"01";"Comunidad Autónoma de Andalucía";"RNC";"RNC"
"046";"Cortes de la Frontera";"29";"Málaga";"01";"Comunidad Autónoma de Andalucía";"RNC";"RNC"
"047";"Cuevas Bajas";"29";"Málaga";"01";"Comunidad Autónoma de Andalucía";"RNC";"RNC"
"048";"Cuevas del Becerro";"29";"Málaga";"01";"Comunidad Autónoma de Andalucía";"RNC";"RNC"
"049";"Cuevas de San Marcos";"29";"Málaga";"01";"Comunidad Autónoma de Andalucía";"RNC";"RNC"
"050";"Cútar";"29";"Málaga";"01";"Comunidad Autónoma de Andalucía";"RNC";"RNC"
"051";"Estepona";"29";"Málaga";"01";"Comunidad Autónoma de Andalucía";"URBANO";"URBANO"
"052";"Faraján";"29";"Málaga";"01";"Comunidad Autónoma de Andalucía";"RRD";"RRD"
"053";"Frigiliana";"29";"Málaga";"01";"Comunidad Autónoma de Andalucía";"RNC";"RNC"
"054";"Fuengirola";"29";"Málaga";"01";"Comunidad Autónoma de Andalucía";"URBANO";"URBANO"
"055";"Fuente de Piedra";"29";"Málaga";"01";"Comunidad Autónoma de Andalucía";"RNC";"RNC"
"056";"Gaucín";"29";"Málaga";"01";"Comunidad Autónoma de Andalucía";"RNC";"RNC"
"057";"Genalguacil";"29";"Málaga";"01";"Comunidad Autónoma de Andalucía";"RRD";"RRD"
"058";"Guaro";"29";"Málaga";"01";"Comunidad Autónoma de Andalucía";"RNC";"RNC"
"059";"Humilladero";"29";"Málaga";"01";"Comunidad Autónoma de Andalucía";"RNC";"RNC"
"060";"Igualeja";"29";"Málaga";"01";"Comunidad Autónoma de Andalucía";"RNC";"RNC"
"061";"Istán";"29";"Málaga";"01";"Comunidad Autónoma de Andalucía";"RNC";"RNC"
"062";"Iznate";"29";"Málaga";"01";"Comunidad Autónoma de Andalucía";"URBANO";"URBANO"
"063";"Jimera de Líbar";"29";"Málaga";"01";"Comunidad Autónoma de Andalucía";"RNC";"RNC"
"064";"Jubrique";"29";"Málaga";"01";"Comunidad Autónoma de Andalucía";"RNC";"RNC"
"065";"Júzcar";"29";"Málaga";"01";"Comunidad Autónoma de Andalucía";"RRD";"RRGD"
"066";"Macharaviaya";"29";"Málaga";"01";"Comunidad Autónoma de Andalucía";"RNC";"RNC"
"068";"Manilva";"29";"Málaga";"01";"Comunidad Autónoma de Andalucía";"URBANO";"URBANO"
"069";"Marbella";"29";"Málaga";"01";"Comunidad Autónoma de Andalucía";"URBANO";"URBANO"
"070";"Mijas";"29";"Málaga";"01";"Comunidad Autónoma de Andalucía";"URBANO";"URBANO"
"071";"Moclinejo";"29";"Málaga";"01";"Comunidad Autónoma de Andalucía";"RNC";"RNC"
"072";"Mollina";"29";"Málaga";"01";"Comunidad Autónoma de Andalucía";"RNC";"RNC"
"073";"Monda";"29";"Málaga";"01";"Comunidad Autónoma de Andalucía";"RNC";"RNC"
"074";"Montejaque";"29";"Málaga";"01";"Comunidad Autónoma de Andalucía";"RNC";"RNC"
"075";"Nerja";"29";"Málaga";"01";"Comunidad Autónoma de Andalucía";"URBANO";"URBANO"
"076";"Ojén";"29";"Málaga";"01";"Comunidad Autónoma de Andalucía";"RNC";"RNC"
"077";"Parauta";"29";"Málaga";"01";"Comunidad Autónoma de Andalucía";"RRD";"RRGD"
"079";"Periana";"29";"Málaga";"01";"Comunidad Autónoma de Andalucía";"RNC";"RNC"
"080";"Pizarra";"29";"Málaga";"01";"Comunidad Autónoma de Andalucía";"URBANO";"URBANO"
"081";"Pujerra";"29";"Málaga";"01";"Comunidad Autónoma de Andalucía";"RRD";"RRD"
"082";"Rincón de la Victoria";"29";"Málaga";"01";"Comunidad Autónoma de Andalucía";"URBANO";"URBANO"
"083";"Riogordo";"29";"Málaga";"01";"Comunidad Autónoma de Andalucía";"RNC";"RNC"
"084";"Ronda";"29";"Málaga";"01";"Comunidad Autónoma de Andalucía";"URBANO";"URBANO"
"085";"Salares";"29";"Málaga";"01";"Comunidad Autónoma de Andalucía";"RNC";"RNC"
"086";"Sayalonga";"29";"Málaga";"01";"Comunidad Autónoma de Andalucía";"RNC";"RNC"
"087";"Sedella";"29";"Málaga";"01";"Comunidad Autónoma de Andalucía";"RNC";"RNC"
"088";"Sierra de Yeguas";"29";"Málaga";"01";"Comunidad Autónoma de Andalucía";"RNC";"RNC"
"089";"Teba";"29";"Málaga";"01";"Comunidad Autónoma de Andalucía";"RNC";"RNC"
"090";"Tolox";"29";"Málaga";"01";"Comunidad Autónoma de Andalucía";"RNC";"RNC"
"091";"Torrox";"29";"Málaga";"01";"Comunidad Autónoma de Andalucía";"URBANO";"URBANO"
"092";"Totalán";"29";"Málaga";"01";"Comunidad Autónoma de Andalucía";"RNC";"RNC"
"093";"Valle de Abdalajís";"29";"Málaga";"01";"Comunidad Autónoma de Andalucía";"URBANO";"URBANO"
"094";"Vélez-Málaga";"29";"Málaga";"01";"Comunidad Autónoma de Andalucía";"URBANO";"URBANO"
"095";"Villanueva de Algaidas";"29";"Málaga";"01";"Comunidad Autónoma de Andalucía";"RNC";"RNC"
"096";"Villanueva del Rosario";"29";"Málaga";"01";"Comunidad Autónoma de Andalucía";"RNC";"RNC"
"097";"Villanueva del Trabuco";"29";"Málaga";"01";"Comunidad Autónoma de Andalucía";"RNC";"RNC"
"098";"Villanueva de Tapia";"29";"Málaga";"01";"Comunidad Autónoma de Andalucía";"RNC";"RNC"
"099";"Viñuela";"29";"Málaga";"01";"Comunidad Autónoma de Andalucía";"RNC";"RNC"
"100";"Yunquera";"29";"Málaga";"01";"Comunidad Autónoma de Andalucía";"RNC";"RNC"
"101";"Montecorto";"29";"Málaga";"01";"Comunidad Autónoma de Andalucía";"RRD";"RRD"
"102";"VILLANUEVA DE LA CONCEPCION";"29";"Málaga";"01";"Comunidad Autónoma de Andalucía";"RNC";"RNC"
"103";"Torremolinos";"29";"Málaga";"01";"Comunidad Autónoma de Andalucía";"URBANO";"URBANO"
"104";"Serrato";"29";"Málaga";"01";"Comunidad Autónoma de Andalucía";"RNC";"RNC"
"900";"Málaga";"29";"Málaga";"01";"Comunidad Autónoma de Andalucía";"URBANO";"URBANO"
"001";"Alameda";"29";"Málaga";"01";"Comunidad Autónoma de Andalucía";"RNC";"RNC"
"002";"Alcaucín";"29";"Málaga";"01";"Comunidad Autónoma de Andalucía";"RNC";"RNC"
"003";"Alfarnate";"29";"Málaga";"01";"Comunidad Autónoma de Andalucía";"RNC";"RNC"
"004";"Alfarnatejo";"29";"Málaga";"01";"Comunidad Autónoma de Andalucía";"RNC";"RNC"
"005";"Algarrobo";"29";"Málaga";"01";"Comunidad Autónoma de Andalucía";"URBANO";"URBANO"
"006";"Algatocín";"29";"Málaga";"01";"Comunidad Autónoma de Andalucía";"RNC";"RNC"
"007";"Alhaurín de la Torre";"29";"Málaga";"01";"Comunidad Autónoma de Andalucía";"URBANO";"URBANO"
"008";"Alhaurín el Grande";"29";"Málaga";"01";"Comunidad Autónoma de Andalucía";"URBANO";"URBANO"
"009";"Almáchar";"29";"Málaga";"01";"Comunidad Autónoma de Andalucía";"URBANO";"URBANO"
"010";"Almargen";"29";"Málaga";"01";"Comunidad Autónoma de Andalucía";"RNC";"RNC"
"011";"Almogía";"29";"Málaga";"01";"Comunidad Autónoma de Andalucía";"RNC";"RNC"
"012";"Alora";"29";"Málaga";"01";"Comunidad Autónoma de Andalucía";"RNC";"RNC"
"013";"Alozaina";"29";"Málaga";"01";"Comunidad Autónoma de Andalucía";"RNC";"RNC"
"014";"Alpandeire";"29";"Málaga";"01";"Comunidad Autónoma de Andalucía";"RRD";"RRD"
"022";"JUMILLA";"30";"Murcia";"13";"Región de Murcia";"RNC";"RNC"
"021";"FUENTE ALAMO DE MURCIA";"30";"Murcia";"13";"Región de Murcia";"RNC";"RNC"
"024";"LORCA";"30";"Murcia";"13";"Región de Murcia";"URBANO";"URBANO"
"025";"LORQUI";"30";"Murcia";"13";"Región de Murcia";"URBANO";"URBANO"
"026";"MAZARRON";"30";"Murcia";"13";"Región de Murcia";"URBANO";"URBANO"
"027";"MOLINA DE SEGURA";"30";"Murcia";"13";"Región de Murcia";"URBANO";"URBANO"
"028";"MORATALLA";"30";"Murcia";"13";"Región de Murcia";"RRD";"RRD"
"029";"MULA";"30";"Murcia";"13";"Región de Murcia";"RNC";"RNC"
"030";"MURCIA";"30";"Murcia";"13";"Región de Murcia";"URBANO";"URBANO"
"031";"OJOS";"30";"Murcia";"13";"Región de Murcia";"RRD";"RRD"
"032";"PLIEGO";"30";"Murcia";"13";"Región de Murcia";"URBANO";"URBANO"
"033";"PUERTO LUMBRERAS";"30";"Murcia";"13";"Región de Murcia";"URBANO";"URBANO"
"034";"RICOTE";"30";"Murcia";"13";"Región de Murcia";"RNC";"RNC"
"035";"SAN JAVIER";"30";"Murcia";"13";"Región de Murcia";"URBANO";"URBANO"
"036";"SAN PEDRO DEL PINATAR";"30";"Murcia";"13";"Región de Murcia";"URBANO";"URBANO"
"037";"TORRE-PACHECO";"30";"Murcia";"13";"Región de Murcia";"URBANO";"URBANO"
"038";"TORRES DE COTILLAS (LAS)";"30";"Murcia";"13";"Región de Murcia";"URBANO";"URBANO"
"039";"TOTANA";"30";"Murcia";"13";"Región de Murcia";"URBANO";"URBANO"
"040";"ULEA";"30";"Murcia";"13";"Región de Murcia";"RNC";"RNC"
"041";"UNION (LA)";"30";"Murcia";"13";"Región de Murcia";"URBANO";"URBANO"
"042";"VILLANUEVA DEL RIO SEGURA";"30";"Murcia";"13";"Región de Murcia";"URBANO";"URBANO"
"043";"YECLA";"30";"Murcia";"13";"Región de Murcia";"URBANO";"URBANO"
"044";"SANTOMERA";"30";"Murcia";"13";"Región de Murcia";"URBANO";"URBANO"
"045";"ALCAZARES (LOS)";"30";"Murcia";"13";"Región de Murcia";"URBANO";"URBANO"
"001";"ABANILLA";"30";"Murcia";"13";"Región de Murcia";"RNC";"RNC"
"002";"ABARAN";"30";"Murcia";"13";"Región de Murcia";"URBANO";"URBANO"
"003";"AGUILAS";"30";"Murcia";"13";"Región de Murcia";"URBANO";"URBANO"
"004";"ALBUDEITE";"30";"Murcia";"13";"Región de Murcia";"RNC";"RNC"
"005";"ALCANTARILLA";"30";"Murcia";"13";"Región de Murcia";"URBANO";"URBANO"
"006";"ALEDO";"30";"Murcia";"13";"Región de Murcia";"RNC";"RNC"
"007";"ALGUAZAS";"30";"Murcia";"13";"Región de Murcia";"URBANO";"URBANO"
"008";"ALHAMA DE MURCIA";"30";"Murcia";"13";"Región de Murcia";"RNC";"RNC"
"009";"ARCHENA";"30";"Murcia";"13";"Región de Murcia";"URBANO";"URBANO"
"010";"BENIEL";"30";"Murcia";"13";"Región de Murcia";"URBANO";"URBANO"
"011";"BLANCA";"30";"Murcia";"13";"Región de Murcia";"RNC";"RNC"
"012";"BULLAS";"30";"Murcia";"13";"Región de Murcia";"URBANO";"URBANO"
"013";"CALASPARRA";"30";"Murcia";"13";"Región de Murcia";"RNC";"RNC"
"014";"CAMPOS DEL RIO";"30";"Murcia";"13";"Región de Murcia";"RNC";"RNC"
"015";"CARAVACA DE LA CRUZ";"30";"Murcia";"13";"Región de Murcia";"RNC";"RNC"
"016";"CARTAGENA";"30";"Murcia";"13";"Región de Murcia";"URBANO";"URBANO"
"017";"CEHEGIN";"30";"Murcia";"13";"Región de Murcia";"RNC";"RNC"
"018";"CEUTI";"30";"Murcia";"13";"Región de Murcia";"URBANO";"URBANO"
"019";"CIEZA";"30";"Murcia";"13";"Región de Murcia";"URBANO";"URBANO"
"020";"FORTUNA";"30";"Murcia";"13";"Región de Murcia";"RNC";"RNC"
"023";"LIBRILLA";"30";"Murcia";"13";"Región de Murcia";"RNC";"RNC"
"546";"FACERÍA 46";"31";"Navarra";"14";"Comunidad Foral de Navarra";"RRD";"RRD"
"549";"FACERÍA 49";"31";"Navarra";"14";"Comunidad Foral de Navarra";"RRD";"RRD"
"550";"FACERÍA 50";"31";"Navarra";"14";"Comunidad Foral de Navarra";"RRD";"RRD"
"552";"FACERÍA 52";"31";"Navarra";"14";"Comunidad Foral de Navarra";"RRD";"RRD"
"553";"FACERÍA 53";"31";"Navarra";"14";"Comunidad Foral de Navarra";"RRD";"RRD"
"555";"FACERÍA 55";"31";"Navarra";"14";"Comunidad Foral de Navarra";"RRD";"RRD"
"556";"FACERÍA 56";"31";"Navarra";"14";"Comunidad Foral de Navarra";"RRD";"RRD"
"562";"FACERÍA 62";"31";"Navarra";"14";"Comunidad Foral de Navarra";"RRD";"RRD"
"563";"FACERÍA 63";"31";"Navarra";"14";"Comunidad Foral de Navarra";"RRD";"RRD"
"565";"FACERÍA 65";"31";"Navarra";"14";"Comunidad Foral de Navarra";"RRD";"RRD"
"567";"FACERÍA 67";"31";"Navarra";"14";"Comunidad Foral de Navarra";"RRD";"RRD"
"570";"FACERÍA 70";"31";"Navarra";"14";"Comunidad Foral de Navarra";"RRD";"RRD"
"571";"FACERÍA 71";"31";"Navarra";"14";"Comunidad Foral de Navarra";"RRD";"RRD"
"574";"FACERÍA 74";"31";"Navarra";"14";"Comunidad Foral de Navarra";"RRD";"RRD"
"575";"FACERÍA 75";"31";"Navarra";"14";"Comunidad Foral de Navarra";"RRD";"RRD"
"576";"FACERÍA 76";"31";"Navarra";"14";"Comunidad Foral de Navarra";"RRD";"RRD"
"579";"FACERÍA 79";"31";"Navarra";"14";"Comunidad Foral de Navarra";"RRD";"RRD"
"581";"FACERÍA 81";"31";"Navarra";"14";"Comunidad Foral de Navarra";"RRD";"RRD"
"582";"FACERÍA 82";"31";"Navarra";"14";"Comunidad Foral de Navarra";"RRD";"RRD"
"583";"FACERÍA 83";"31";"Navarra";"14";"Comunidad Foral de Navarra";"RRD";"RRD"
"584";"FACERÍA 84";"31";"Navarra";"14";"Comunidad Foral de Navarra";"RRD";"RRD"
"585";"FACERÍA 85";"31";"Navarra";"14";"Comunidad Foral de Navarra";"RRD";"RRD"
"588";"FACERÍA 88";"31";"Navarra";"14";"Comunidad Foral de Navarra";"RRD";"RRD"
"591";"FACERÍA 91";"31";"Navarra";"14";"Comunidad Foral de Navarra";"RRD";"RRD"
"592";"FACERÍA 92";"31";"Navarra";"14";"Comunidad Foral de Navarra";"RRD";"RRD"
"603";"FACERÍA 103";"31";"Navarra";"14";"Comunidad Foral de Navarra";"RRD";"RRD"
"604";"FACERÍA 104";"31";"Navarra";"14";"Comunidad Foral de Navarra";"RRD";"RRD"
"605";"FACERÍA 105";"31";"Navarra";"14";"Comunidad Foral de Navarra";"RRD";"RRD"
"606";"FACERÍA 106";"31";"Navarra";"14";"Comunidad Foral de Navarra";"RRD";"RRD"
"607";"FACERÍA 107";"31";"Navarra";"14";"Comunidad Foral de Navarra";"RRD";"RRD"
"608";"FACERÍA 108";"31";"Navarra";"14";"Comunidad Foral de Navarra";"RRD";"RRD"
"690";"BARDENAS REALES";"31";"Navarra";"14";"Comunidad Foral de Navarra";"RRD";"RRGD"
"691";"SIERRA DE ANDÍA";"31";"Navarra";"14";"Comunidad Foral de Navarra";"RRD";"RRD"
"692";"SIERRA DE ARALAR";"31";"Navarra";"14";"Comunidad Foral de Navarra";"RRD";"RRD"
"693";"SIERRA DE LÓQUIZ";"31";"Navarra";"14";"Comunidad Foral de Navarra";"RRD";"RRGD"
"694";"SIERRA DE URBASA";"31";"Navarra";"14";"Comunidad Foral de Navarra";"RRD";"RRD"
"901";"BARAÑÁIN";"31";"Navarra";"14";"Comunidad Foral de Navarra";"URBANO";"URBANO"
"902";"BERRIOPLANO";"31";"Navarra";"14";"Comunidad Foral de Navarra";"URBANO";"URBANO"
"903";"BERRIOZAR";"31";"Navarra";"14";"Comunidad Foral de Navarra";"URBANO";"URBANO"
"904";"IRURTZUN";"31";"Navarra";"14";"Comunidad Foral de Navarra";"URBANO";"URBANO"
"905";"BERIÁIN";"31";"Navarra";"14";"Comunidad Foral de Navarra";"URBANO";"URBANO"
"906";"ORCOYEN";"31";"Navarra";"14";"Comunidad Foral de Navarra";"URBANO";"URBANO"
"907";"ZIZUR MAYOR <> ZIZUR NAG";"31";"Navarra";"14";"Comunidad Foral de Navarra";"URBANO";"URBANO"
"908";"LEKUNBERRI";"31";"Navarra";"14";"Comunidad Foral de Navarra";"URBANO";"URBANO"
"256";"HIRIBERRI/VILLANUEVA DE";"31";"Navarra";"14";"Comunidad Foral de Navarra";"RRD";"RRGD"
"257";"VILLATUERTA";"31";"Navarra";"14";"Comunidad Foral de Navarra";"RNC";"RNC"
"258";"VILLAVA <> ATARRABIA";"31";"Navarra";"14";"Comunidad Foral de Navarra";"URBANO";"URBANO"
"259";"IGANTZI";"31";"Navarra";"14";"Comunidad Foral de Navarra";"RNC";"RNC"
"260";"YERRI";"31";"Navarra";"14";"Comunidad Foral de Navarra";"RRD";"RRGD"
"261";"YESA";"31";"Navarra";"14";"Comunidad Foral de Navarra";"RNC";"RNC"
"262";"ZABALZA";"31";"Navarra";"14";"Comunidad Foral de Navarra";"RNC";"RNC"
"263";"ZUBIETA";"31";"Navarra";"14";"Comunidad Foral de Navarra";"RNC";"RNC"
"264";"ZUGARRAMURDI";"31";"Navarra";"14";"Comunidad Foral de Navarra";"RNC";"RNC"
"265";"ZÚÑIGA";"31";"Navarra";"14";"Comunidad Foral de Navarra";"RRD";"RRGD"
"502";"FACERÍA 2";"31";"Navarra";"14";"Comunidad Foral de Navarra";"RRD";"RRD"
"508";"FACERÍA 8";"31";"Navarra";"14";"Comunidad Foral de Navarra";"RRD";"RRD"
"509";"FACERÍA 9";"31";"Navarra";"14";"Comunidad Foral de Navarra";"RRD";"RRD"
"510";"FACERÍA 10";"31";"Navarra";"14";"Comunidad Foral de Navarra";"RRD";"RRD"
"511";"FACERÍA 11";"31";"Navarra";"14";"Comunidad Foral de Navarra";"RRD";"RRD"
"514";"FACERÍA 14";"31";"Navarra";"14";"Comunidad Foral de Navarra";"RRD";"RRD"
"515";"FACERÍA 15";"31";"Navarra";"14";"Comunidad Foral de Navarra";"RRD";"RRD"
"516";"FACERÍA 16";"31";"Navarra";"14";"Comunidad Foral de Navarra";"RRD";"RRD"
"517";"FACERÍA 17";"31";"Navarra";"14";"Comunidad Foral de Navarra";"RRD";"RRD"
"518";"FACERÍA 18 ""REMENDÍA""";"31";"Navarra";"14";"Comunidad Foral de Navarra";"RRD";"RRD"
"521";"FACERÍA 21";"31";"Navarra";"14";"Comunidad Foral de Navarra";"RRD";"RRD"
"522";"FACERÍA 22";"31";"Navarra";"14";"Comunidad Foral de Navarra";"RRD";"RRD"
"523";"MONTE COMÚN DE LAS AMÉSC";"31";"Navarra";"14";"Comunidad Foral de Navarra";"RRD";"RRD"
"524";"FACERÍA 24 ""LARRAIZA";"31";"Navarra";"14";"Comunidad Foral de Navarra";"RRD";"RRD"
"526";"FACERÍA 26";"31";"Navarra";"14";"Comunidad Foral de Navarra";"RRD";"RRD"
"527";"FACERÍA 27";"31";"Navarra";"14";"Comunidad Foral de Navarra";"RRD";"RRD"
"528";"FACERÍA 28";"31";"Navarra";"14";"Comunidad Foral de Navarra";"RRD";"RRD"
"529";"FACERÍA 29 ""ARAMBELTZ""";"31";"Navarra";"14";"Comunidad Foral de Navarra";"RRD";"RRGD"
"530";"FACERÍA 30 ""SAMINDIETA""";"31";"Navarra";"14";"Comunidad Foral de Navarra";"RRD";"RRGD"
"531";"FACERÍA 31";"31";"Navarra";"14";"Comunidad Foral de Navarra";"RRD";"RRD"
"532";"FACERÍA 32";"31";"Navarra";"14";"Comunidad Foral de Navarra";"RRD";"RRD"
"535";"FACERÍA 35";"31";"Navarra";"14";"Comunidad Foral de Navarra";"RRD";"RRD"
"536";"FACERÍA 36";"31";"Navarra";"14";"Comunidad Foral de Navarra";"RRD";"RRD"
"537";"FACERÍA 37";"31";"Navarra";"14";"Comunidad Foral de Navarra";"RRD";"RRD"
"538";"FACERÍA 38";"31";"Navarra";"14";"Comunidad Foral de Navarra";"RRD";"RRD"
"539";"FACERÍA 39";"31";"Navarra";"14";"Comunidad Foral de Navarra";"RRD";"RRD"
"540";"FACERÍA 40";"31";"Navarra";"14";"Comunidad Foral de Navarra";"RRD";"RRD"
"541";"FACERÍA 41";"31";"Navarra";"14";"Comunidad Foral de Navarra";"RRD";"RRD"
"542";"FACERÍA 42";"31";"Navarra";"14";"Comunidad Foral de Navarra";"RRD";"RRD"
"543";"FACERÍA 43";"31";"Navarra";"14";"Comunidad Foral de Navarra";"RRD";"RRD"
"544";"FACERÍA 44";"31";"Navarra";"14";"Comunidad Foral de Navarra";"RRD";"RRD"
"545";"FACERÍA 45";"31";"Navarra";"14";"Comunidad Foral de Navarra";"RRD";"RRD"
"083";"ECHARRI";"31";"Navarra";"14";"Comunidad Foral de Navarra";"RNC";"RNC"
"084";"ETXARRI-ARANATZ";"31";"Navarra";"14";"Comunidad Foral de Navarra";"RNC";"RNC"
"085";"ETXAURI";"31";"Navarra";"14";"Comunidad Foral de Navarra";"RNC";"RNC"
"086";"Valle de Egüés";"31";"Navarra";"14";"Comunidad Foral de Navarra";"URBANO";"URBANO"
"087";"ELGORRIAGA";"31";"Navarra";"14";"Comunidad Foral de Navarra";"RNC";"RNC"
"088";"NOÁIN (VALLE DE ELORZ) <";"31";"Navarra";"14";"Comunidad Foral de Navarra";"URBANO";"URBANO"
"089";"ENÉRIZ";"31";"Navarra";"14";"Comunidad Foral de Navarra";"RNC";"RNC"
"090";"ERATSUN";"31";"Navarra";"14";"Comunidad Foral de Navarra";"RRD";"RRGD"
"091";"ERGOIENA";"31";"Navarra";"14";"Comunidad Foral de Navarra";"RRD";"RRD"
"092";"ERRO";"31";"Navarra";"14";"Comunidad Foral de Navarra";"RRD";"RRGD"
"093";"EZCÁROZ <> EZKAROZE";"31";"Navarra";"14";"Comunidad Foral de Navarra";"RRD";"RRD"
"094";"ESLAVA";"31";"Navarra";"14";"Comunidad Foral de Navarra";"RRD";"RRGD"
"095";"ESPARZA";"31";"Navarra";"14";"Comunidad Foral de Navarra";"RRD";"RRGD"
"096";"ESPRONCEDA";"31";"Navarra";"14";"Comunidad Foral de Navarra";"RRD";"RRD"
"097";"ESTELLA <> LIZARRA";"31";"Navarra";"14";"Comunidad Foral de Navarra";"URBANO";"URBANO"
"098";"ESTERIBAR";"31";"Navarra";"14";"Comunidad Foral de Navarra";"RNC";"RNC"
"099";"ETAYO";"31";"Navarra";"14";"Comunidad Foral de Navarra";"RRD";"RRGD"
"100";"EULATE";"31";"Navarra";"14";"Comunidad Foral de Navarra";"RNC";"RNC"
"101";"EZCABARTE";"31";"Navarra";"14";"Comunidad Foral de Navarra";"RNC";"RNC"
"102";"EZKURRA";"31";"Navarra";"14";"Comunidad Foral de Navarra";"RRD";"RRGD"
"103";"EZPROGUI";"31";"Navarra";"14";"Comunidad Foral de Navarra";"RRD";"RRGD"
"104";"FALCES";"31";"Navarra";"14";"Comunidad Foral de Navarra";"RNC";"RNC"
"001";"ABÁIGAR";"31";"Navarra";"14";"Comunidad Foral de Navarra";"RNC";"RNC"
"002";"ABÁRZUZA";"31";"Navarra";"14";"Comunidad Foral de Navarra";"RNC";"RNC"
"003";"ABAURREGAINA/ABAURREA AL";"31";"Navarra";"14";"Comunidad Foral de Navarra";"RRD";"RRGD"
"004";"ABAURREPEA/ABAURREA BAJA";"31";"Navarra";"14";"Comunidad Foral de Navarra";"RRD";"RRGD"
"005";"ABERIN";"31";"Navarra";"14";"Comunidad Foral de Navarra";"RNC";"RNC"
"006";"ABLITAS";"31";"Navarra";"14";"Comunidad Foral de Navarra";"RNC";"RNC"
"007";"ADIÓS";"31";"Navarra";"14";"Comunidad Foral de Navarra";"RNC";"RNC"
"008";"AGUILAR DE CODÉS";"31";"Navarra";"14";"Comunidad Foral de Navarra";"RRD";"RRGD"
"009";"AIBAR <> OIBAR";"31";"Navarra";"14";"Comunidad Foral de Navarra";"RNC";"RNC"
"010";"ALTSASU/ALSASUA";"31";"Navarra";"14";"Comunidad Foral de Navarra";"URBANO";"URBANO"
"011";"ALLÍN";"31";"Navarra";"14";"Comunidad Foral de Navarra";"RNC";"RNC"
"012";"ALLO";"31";"Navarra";"14";"Comunidad Foral de Navarra";"RNC";"RNC"
"013";"AMÉSCOA BAJA";"31";"Navarra";"14";"Comunidad Foral de Navarra";"RNC";"RNC"
"014";"ANCÍN";"31";"Navarra";"14";"Comunidad Foral de Navarra";"RNC";"RNC"
"015";"ANDOSILLA";"31";"Navarra";"14";"Comunidad Foral de Navarra";"RNC";"RNC"
"016";"ANSOÁIN";"31";"Navarra";"14";"Comunidad Foral de Navarra";"URBANO";"URBANO"
"017";"ANUE";"31";"Navarra";"14";"Comunidad Foral de Navarra";"RRD";"RRGD"
"018";"AÑORBE";"31";"Navarra";"14";"Comunidad Foral de Navarra";"RNC";"RNC"
"019";"AOIZ <> AGOITZ";"31";"Navarra";"14";"Comunidad Foral de Navarra";"URBANO";"URBANO"
"020";"ARAITZ";"31";"Navarra";"14";"Comunidad Foral de Navarra";"RNC";"RNC"
"021";"ARANARACHE";"31";"Navarra";"14";"Comunidad Foral de Navarra";"RNC";"RNC"
"022";"ARANTZA";"31";"Navarra";"14";"Comunidad Foral de Navarra";"RNC";"RNC"
"023";"ARANGUREN";"31";"Navarra";"14";"Comunidad Foral de Navarra";"URBANO";"URBANO"
"024";"ARANO";"31";"Navarra";"14";"Comunidad Foral de Navarra";"RRD";"RRD"
"025";"ARAKIL";"31";"Navarra";"14";"Comunidad Foral de Navarra";"RNC";"RNC"
"026";"ARAS";"31";"Navarra";"14";"Comunidad Foral de Navarra";"RRD";"RRD"
"027";"ARBIZU";"31";"Navarra";"14";"Comunidad Foral de Navarra";"RNC";"RNC"
"028";"ARCE <> ARTZI";"31";"Navarra";"14";"Comunidad Foral de Navarra";"RRD";"RRGD"
"029";"LOS ARCOS";"31";"Navarra";"14";"Comunidad Foral de Navarra";"RNC";"RNC"
"030";"ARELLANO";"31";"Navarra";"14";"Comunidad Foral de Navarra";"RRD";"RRD"
"031";"ARESO";"31";"Navarra";"14";"Comunidad Foral de Navarra";"RNC";"RNC"
"032";"ARGUEDAS";"31";"Navarra";"14";"Comunidad Foral de Navarra";"RNC";"RNC"
"033";"ARIA";"31";"Navarra";"14";"Comunidad Foral de Navarra";"RRD";"RRGD"
"034";"ARIBE";"31";"Navarra";"14";"Comunidad Foral de Navarra";"RRD";"RRD"
"035";"ARMAÑANZAS";"31";"Navarra";"14";"Comunidad Foral de Navarra";"RRD";"RRGD"
"036";"ARRÓNIZ";"31";"Navarra";"14";"Comunidad Foral de Navarra";"RNC";"RNC"
"037";"ARRUAZU";"31";"Navarra";"14";"Comunidad Foral de Navarra";"RNC";"RNC"
"038";"ARTAJONA";"31";"Navarra";"14";"Comunidad Foral de Navarra";"RNC";"RNC"
"039";"ARTAZU";"31";"Navarra";"14";"Comunidad Foral de Navarra";"RNC";"RNC"
"040";"Atez/Atetz";"31";"Navarra";"14";"Comunidad Foral de Navarra";"RRD";"RRD"
"586";"FACERÍA 86";"31";"Navarra";"14";"Comunidad Foral de Navarra";"RRD";"RRD"
"587";"FACERÍA 87";"31";"Navarra";"14";"Comunidad Foral de Navarra";"RRD";"RRD"
"147";"LEGARDA";"31";"Navarra";"14";"Comunidad Foral de Navarra";"RNC";"RNC"
"148";"LEGARIA";"31";"Navarra";"14";"Comunidad Foral de Navarra";"RNC";"RNC"
"149";"LEITZA";"31";"Navarra";"14";"Comunidad Foral de Navarra";"RNC";"RNC"
"150";"LEOZ";"31";"Navarra";"14";"Comunidad Foral de Navarra";"RRD";"RRGD"
"151";"LERGA";"31";"Navarra";"14";"Comunidad Foral de Navarra";"RRD";"RRGD"
"152";"LERÍN";"31";"Navarra";"14";"Comunidad Foral de Navarra";"RNC";"RNC"
"153";"LESAKA";"31";"Navarra";"14";"Comunidad Foral de Navarra";"RNC";"RNC"
"154";"LEZÁUN";"31";"Navarra";"14";"Comunidad Foral de Navarra";"RNC";"RNC"
"155";"LIÉDENA";"31";"Navarra";"14";"Comunidad Foral de Navarra";"RNC";"RNC"
"156";"LIZOÁIN";"31";"Navarra";"14";"Comunidad Foral de Navarra";"RRD";"RRGD"
"157";"LODOSA";"31";"Navarra";"14";"Comunidad Foral de Navarra";"URBANO";"URBANO"
"158";"LÓNGUIDA <> LONGIDA";"31";"Navarra";"14";"Comunidad Foral de Navarra";"RRD";"RRGD"
"159";"LUMBIER";"31";"Navarra";"14";"Comunidad Foral de Navarra";"RNC";"RNC"
"160";"LUQUIN";"31";"Navarra";"14";"Comunidad Foral de Navarra";"RNC";"RNC"
"161";"MAÑERU";"31";"Navarra";"14";"Comunidad Foral de Navarra";"RNC";"RNC"
"162";"MARAÑÓN";"31";"Navarra";"14";"Comunidad Foral de Navarra";"RRD";"RRD"
"163";"MARCILLA";"31";"Navarra";"14";"Comunidad Foral de Navarra";"URBANO";"URBANO"
"164";"MÉLIDA";"31";"Navarra";"14";"Comunidad Foral de Navarra";"RNC";"RNC"
"165";"MENDAVIA";"31";"Navarra";"14";"Comunidad Foral de Navarra";"RNC";"RNC"
"166";"MENDAZA";"31";"Navarra";"14";"Comunidad Foral de Navarra";"RRD";"RRD"
"167";"MENDIGORRÍA";"31";"Navarra";"14";"Comunidad Foral de Navarra";"RNC";"RNC"
"168";"METAUTEN";"31";"Navarra";"14";"Comunidad Foral de Navarra";"RRD";"RRD"
"041";"AYEGUI";"31";"Navarra";"14";"Comunidad Foral de Navarra";"URBANO";"URBANO"
"042";"AZAGRA";"31";"Navarra";"14";"Comunidad Foral de Navarra";"URBANO";"URBANO"
"043";"AZUELO";"31";"Navarra";"14";"Comunidad Foral de Navarra";"RRD";"RRGD"
"044";"BAKAIKU";"31";"Navarra";"14";"Comunidad Foral de Navarra";"RNC";"RNC"
"045";"BARÁSOAIN";"31";"Navarra";"14";"Comunidad Foral de Navarra";"RNC";"RNC"
"046";"BARBARIN";"31";"Navarra";"14";"Comunidad Foral de Navarra";"RRD";"RRGD"
"047";"BARGOTA";"31";"Navarra";"14";"Comunidad Foral de Navarra";"RRD";"RRD"
"048";"BARILLAS";"31";"Navarra";"14";"Comunidad Foral de Navarra";"RNC";"RNC"
"049";"BASABURUA";"31";"Navarra";"14";"Comunidad Foral de Navarra";"RRD";"RRD"
"050";"BAZTAN";"31";"Navarra";"14";"Comunidad Foral de Navarra";"RNC";"RNC"
"051";"BEIRE";"31";"Navarra";"14";"Comunidad Foral de Navarra";"RRD";"RRD"
"052";"BELASCOÁIN";"31";"Navarra";"14";"Comunidad Foral de Navarra";"RNC";"RNC"
"053";"BERBINZANA";"31";"Navarra";"14";"Comunidad Foral de Navarra";"RNC";"RNC"
"054";"BERTIZARANA";"31";"Navarra";"14";"Comunidad Foral de Navarra";"RNC";"RNC"
"055";"BETELU";"31";"Navarra";"14";"Comunidad Foral de Navarra";"RNC";"RNC"
"056";"BIURRUN-OLCOZ";"31";"Navarra";"14";"Comunidad Foral de Navarra";"RNC";"RNC"
"057";"BUÑUEL";"31";"Navarra";"14";"Comunidad Foral de Navarra";"RNC";"RNC"
"058";"AURITZ/BURGUETE";"31";"Navarra";"14";"Comunidad Foral de Navarra";"RNC";"RNC"
"059";"BURGUI <> BURGI";"31";"Navarra";"14";"Comunidad Foral de Navarra";"RRD";"RRGD"
"060";"BURLADA <> BURLATA";"31";"Navarra";"14";"Comunidad Foral de Navarra";"URBANO";"URBANO"
"061";"EL BUSTO";"31";"Navarra";"14";"Comunidad Foral de Navarra";"RRD";"RRGD"
"062";"CABANILLAS";"31";"Navarra";"14";"Comunidad Foral de Navarra";"RNC";"RNC"
"063";"CABREDO";"31";"Navarra";"14";"Comunidad Foral de Navarra";"RRD";"RRD"
"064";"CADREITA";"31";"Navarra";"14";"Comunidad Foral de Navarra";"RNC";"RNC"
"065";"CAPARROSO";"31";"Navarra";"14";"Comunidad Foral de Navarra";"RNC";"RNC"
"066";"CÁRCAR";"31";"Navarra";"14";"Comunidad Foral de Navarra";"RNC";"RNC"
"067";"CARCASTILLO";"31";"Navarra";"14";"Comunidad Foral de Navarra";"RNC";"RNC"
"068";"CASCANTE";"31";"Navarra";"14";"Comunidad Foral de Navarra";"RNC";"RNC"
"069";"CÁSEDA";"31";"Navarra";"14";"Comunidad Foral de Navarra";"RRD";"RRD"
"070";"CASTEJÓN";"31";"Navarra";"14";"Comunidad Foral de Navarra";"URBANO";"URBANO"
"071";"CASTILLO-NUEVO";"31";"Navarra";"14";"Comunidad Foral de Navarra";"RRD";"RRGD"
"072";"CINTRUÉNIGO";"31";"Navarra";"14";"Comunidad Foral de Navarra";"URBANO";"URBANO"
"073";"ZIORDIA";"31";"Navarra";"14";"Comunidad Foral de Navarra";"RNC";"RNC"
"074";"CIRAUQUI";"31";"Navarra";"14";"Comunidad Foral de Navarra";"RRD";"RRD"
"075";"CIRIZA";"31";"Navarra";"14";"Comunidad Foral de Navarra";"RNC";"RNC"
"076";"CIZUR";"31";"Navarra";"14";"Comunidad Foral de Navarra";"RNC";"RNC"
"077";"CORELLA";"31";"Navarra";"14";"Comunidad Foral de Navarra";"RNC";"RNC"
"078";"CORTES";"31";"Navarra";"14";"Comunidad Foral de Navarra";"RNC";"RNC"
"079";"DESOJO";"31";"Navarra";"14";"Comunidad Foral de Navarra";"RRD";"RRGD"
"080";"DICASTILLO";"31";"Navarra";"14";"Comunidad Foral de Navarra";"RNC";"RNC"
"081";"DONAMARIA";"31";"Navarra";"14";"Comunidad Foral de Navarra";"RNC";"RNC"
"082";"ETXALAR";"31";"Navarra";"14";"Comunidad Foral de Navarra";"RNC";"RNC"
"211";"ORREAGA/RONCESVALLES";"31";"Navarra";"14";"Comunidad Foral de Navarra";"RRD";"RRGD"
"212";"SADA";"31";"Navarra";"14";"Comunidad Foral de Navarra";"RRD";"RRD"
"213";"SALDIAS";"31";"Navarra";"14";"Comunidad Foral de Navarra";"RNC";"RNC"
"214";"SALINAS DE ORO";"31";"Navarra";"14";"Comunidad Foral de Navarra";"RRD";"RRGD"
"215";"SAN ADRIÁN";"31";"Navarra";"14";"Comunidad Foral de Navarra";"URBANO";"URBANO"
"216";"SANGÜESA <> ZANGOZA";"31";"Navarra";"14";"Comunidad Foral de Navarra";"RNC";"RNC"
"217";"SAN MARTÍN DE UNX";"31";"Navarra";"14";"Comunidad Foral de Navarra";"RRD";"RRGD"
"219";"SANSOL";"31";"Navarra";"14";"Comunidad Foral de Navarra";"RRD";"RRGD"
"220";"SANTACARA";"31";"Navarra";"14";"Comunidad Foral de Navarra";"RNC";"RNC"
"221";"DONEZTEBE/SANTESTEBAN";"31";"Navarra";"14";"Comunidad Foral de Navarra";"URBANO";"URBANO"
"222";"SARRIÉS <> SARTZE";"31";"Navarra";"14";"Comunidad Foral de Navarra";"RRD";"RRGD"
"223";"SARTAGUDA";"31";"Navarra";"14";"Comunidad Foral de Navarra";"RNC";"RNC"
"224";"SESMA";"31";"Navarra";"14";"Comunidad Foral de Navarra";"RNC";"RNC"
"225";"SORLADA";"31";"Navarra";"14";"Comunidad Foral de Navarra";"RRD";"RRD"
"226";"SUNBILLA";"31";"Navarra";"14";"Comunidad Foral de Navarra";"RNC";"RNC"
"227";"TAFALLA";"31";"Navarra";"14";"Comunidad Foral de Navarra";"URBANO";"URBANO"
"228";"TIEBAS-MURUARTE DE RETA";"31";"Navarra";"14";"Comunidad Foral de Navarra";"RNC";"RNC"
"229";"TIRAPU";"31";"Navarra";"14";"Comunidad Foral de Navarra";"RRD";"RRGD"
"230";"TORRALBA DEL RÍO";"31";"Navarra";"14";"Comunidad Foral de Navarra";"RRD";"RRGD"
"231";"TORRES DEL RÍO";"31";"Navarra";"14";"Comunidad Foral de Navarra";"RRD";"RRD"
"232";"TUDELA";"31";"Navarra";"14";"Comunidad Foral de Navarra";"URBANO";"URBANO"
"233";"TULEBRAS";"31";"Navarra";"14";"Comunidad Foral de Navarra";"RNC";"RNC"
"105";"FITERO";"31";"Navarra";"14";"Comunidad Foral de Navarra";"RNC";"RNC"
"106";"FONTELLAS";"31";"Navarra";"14";"Comunidad Foral de Navarra";"RNC";"RNC"
"107";"FUNES";"31";"Navarra";"14";"Comunidad Foral de Navarra";"RNC";"RNC"
"108";"FUSTIÑANA";"31";"Navarra";"14";"Comunidad Foral de Navarra";"RNC";"RNC"
"109";"GALAR";"31";"Navarra";"14";"Comunidad Foral de Navarra";"RNC";"RNC"
"110";"GALLIPIENZO";"31";"Navarra";"14";"Comunidad Foral de Navarra";"RRD";"RRGD"
"111";"GALLUÉS <> GALOZE";"31";"Navarra";"14";"Comunidad Foral de Navarra";"RRD";"RRGD"
"112";"GARAIOA";"31";"Navarra";"14";"Comunidad Foral de Navarra";"RRD";"RRGD"
"113";"GARDE <> GARDE";"31";"Navarra";"14";"Comunidad Foral de Navarra";"RRD";"RRGD"
"114";"GARÍNOAIN";"31";"Navarra";"14";"Comunidad Foral de Navarra";"RNC";"RNC"
"115";"GARRALDA";"31";"Navarra";"14";"Comunidad Foral de Navarra";"RRD";"RRD"
"116";"GENEVILLA";"31";"Navarra";"14";"Comunidad Foral de Navarra";"RRD";"RRD"
"117";"GOIZUETA";"31";"Navarra";"14";"Comunidad Foral de Navarra";"RRD";"RRGD"
"118";"GOÑI";"31";"Navarra";"14";"Comunidad Foral de Navarra";"RRD";"RRGD"
"119";"GÜESA <> GORZA";"31";"Navarra";"14";"Comunidad Foral de Navarra";"RRD";"RRGD"
"120";"GUESÁLAZ";"31";"Navarra";"14";"Comunidad Foral de Navarra";"RRD";"RRGD"
"121";"GUIRGUILLANO";"31";"Navarra";"14";"Comunidad Foral de Navarra";"RRD";"RRGD"
"122";"HUARTE <> UHARTE";"31";"Navarra";"14";"Comunidad Foral de Navarra";"URBANO";"URBANO"
"123";"UHARTE-ARAKIL";"31";"Navarra";"14";"Comunidad Foral de Navarra";"RNC";"RNC"
"124";"IBARGOITI";"31";"Navarra";"14";"Comunidad Foral de Navarra";"RRD";"RRGD"
"125";"IGÚZQUIZA";"31";"Navarra";"14";"Comunidad Foral de Navarra";"RNC";"RNC"
"126";"IMOTZ";"31";"Navarra";"14";"Comunidad Foral de Navarra";"RRD";"RRD"
"127";"IRAÑETA";"31";"Navarra";"14";"Comunidad Foral de Navarra";"RNC";"RNC"
"128";"ISABA <> IZABA";"31";"Navarra";"14";"Comunidad Foral de Navarra";"RRD";"RRGD"
"129";"ITUREN";"31";"Navarra";"14";"Comunidad Foral de Navarra";"RNC";"RNC"
"130";"ITURMENDI";"31";"Navarra";"14";"Comunidad Foral de Navarra";"RNC";"RNC"
"131";"IZA";"31";"Navarra";"14";"Comunidad Foral de Navarra";"RNC";"RNC"
"132";"IZAGAONDOA";"31";"Navarra";"14";"Comunidad Foral de Navarra";"RRD";"RRGD"
"133";"IZALZU <> ITZALTZU";"31";"Navarra";"14";"Comunidad Foral de Navarra";"RRD";"RRGD"
"134";"JAURRIETA <> JAURRIETA";"31";"Navarra";"14";"Comunidad Foral de Navarra";"RRD";"RRGD"
"135";"JAVIER";"31";"Navarra";"14";"Comunidad Foral de Navarra";"RRD";"RRGD"
"136";"JUSLAPEÑA";"31";"Navarra";"14";"Comunidad Foral de Navarra";"RNC";"RNC"
"137";"LABAIEN";"31";"Navarra";"14";"Comunidad Foral de Navarra";"RRD";"RRD"
"138";"LAKUNTZA";"31";"Navarra";"14";"Comunidad Foral de Navarra";"URBANO";"URBANO"
"139";"LANA";"31";"Navarra";"14";"Comunidad Foral de Navarra";"RRD";"RRGD"
"140";"LANTZ";"31";"Navarra";"14";"Comunidad Foral de Navarra";"RRD";"RRD"
"141";"LAPOBLACIÓN";"31";"Navarra";"14";"Comunidad Foral de Navarra";"RRD";"RRGD"
"142";"LARRAGA";"31";"Navarra";"14";"Comunidad Foral de Navarra";"RNC";"RNC"
"143";"LARRAONA";"31";"Navarra";"14";"Comunidad Foral de Navarra";"RNC";"RNC"
"144";"LARRAUN";"31";"Navarra";"14";"Comunidad Foral de Navarra";"RRD";"RRD"
"145";"LAZAGURRÍA";"31";"Navarra";"14";"Comunidad Foral de Navarra";"RRD";"RRD"
"146";"Leache/Leatxe";"31";"Navarra";"14";"Comunidad Foral de Navarra";"RRD";"RRGD"
"234";"ÚCAR";"31";"Navarra";"14";"Comunidad Foral de Navarra";"RNC";"RNC"
"235";"UJUÉ";"31";"Navarra";"14";"Comunidad Foral de Navarra";"RRD";"RRGD"
"236";"ULTZAMA";"31";"Navarra";"14";"Comunidad Foral de Navarra";"RNC";"RNC"
"237";"UNCITI";"31";"Navarra";"14";"Comunidad Foral de Navarra";"RRD";"RRGD"
"238";"UNZUÉ";"31";"Navarra";"14";"Comunidad Foral de Navarra";"RRD";"RRGD"
"239";"URDAZUBI/URDAX";"31";"Navarra";"14";"Comunidad Foral de Navarra";"RNC";"RNC"
"240";"URDIAIN";"31";"Navarra";"14";"Comunidad Foral de Navarra";"RNC";"RNC"
"241";"URRAÚL ALTO";"31";"Navarra";"14";"Comunidad Foral de Navarra";"RRD";"RRGD"
"242";"URRAÚL BAJO";"31";"Navarra";"14";"Comunidad Foral de Navarra";"RRD";"RRGD"
"243";"URROZ";"31";"Navarra";"14";"Comunidad Foral de Navarra";"RNC";"RNC"
"244";"URROTZ";"31";"Navarra";"14";"Comunidad Foral de Navarra";"RNC";"RNC"
"245";"URZAINQUI";"31";"Navarra";"14";"Comunidad Foral de Navarra";"RRD";"RRGD"
"246";"UTERGA";"31";"Navarra";"14";"Comunidad Foral de Navarra";"RNC";"RNC"
"247";"UZTÁRROZ <> UZTARROZE";"31";"Navarra";"14";"Comunidad Foral de Navarra";"RRD";"RRGD"
"248";"LUZAIDE/VALCARLOS";"31";"Navarra";"14";"Comunidad Foral de Navarra";"RRD";"RRGD"
"249";"VALTIERRA";"31";"Navarra";"14";"Comunidad Foral de Navarra";"RNC";"RNC"
"250";"BERA/VERA DE BIDASOA";"31";"Navarra";"14";"Comunidad Foral de Navarra";"URBANO";"URBANO"
"251";"VIANA";"31";"Navarra";"14";"Comunidad Foral de Navarra";"RNC";"RNC"
"252";"VIDÁNGOZ <> BIDANKOZE";"31";"Navarra";"14";"Comunidad Foral de Navarra";"RRD";"RRGD"
"253";"BIDAURRETA";"31";"Navarra";"14";"Comunidad Foral de Navarra";"RNC";"RNC"
"254";"VILLAFRANCA";"31";"Navarra";"14";"Comunidad Foral de Navarra";"RNC";"RNC"
"255";"VILLAMAYOR DE MONJARDÍN";"31";"Navarra";"14";"Comunidad Foral de Navarra";"RRD";"RRD"
"169";"MILAGRO";"31";"Navarra";"14";"Comunidad Foral de Navarra";"URBANO";"URBANO"
"170";"MIRAFUENTES";"31";"Navarra";"14";"Comunidad Foral de Navarra";"RNC";"RNC"
"171";"MIRANDA DE ARGA";"31";"Navarra";"14";"Comunidad Foral de Navarra";"RNC";"RNC"
"172";"MONREAL";"31";"Navarra";"14";"Comunidad Foral de Navarra";"RNC";"RNC"
"173";"MONTEAGUDO";"31";"Navarra";"14";"Comunidad Foral de Navarra";"URBANO";"URBANO"
"174";"MORENTIN";"31";"Navarra";"14";"Comunidad Foral de Navarra";"RNC";"RNC"
"175";"MUÉS";"31";"Navarra";"14";"Comunidad Foral de Navarra";"RRD";"RRGD"
"176";"MURCHANTE";"31";"Navarra";"14";"Comunidad Foral de Navarra";"URBANO";"URBANO"
"177";"MURIETA";"31";"Navarra";"14";"Comunidad Foral de Navarra";"RNC";"RNC"
"178";"MURILLO EL CUENDE";"31";"Navarra";"14";"Comunidad Foral de Navarra";"RRD";"RRD"
"179";"MURILLO EL FRUTO";"31";"Navarra";"14";"Comunidad Foral de Navarra";"RNC";"RNC"
"180";"MURUZÁBAL";"31";"Navarra";"14";"Comunidad Foral de Navarra";"RNC";"RNC"
"181";"NAVASCUÉS";"31";"Navarra";"14";"Comunidad Foral de Navarra";"RRD";"RRGD"
"182";"NAZAR";"31";"Navarra";"14";"Comunidad Foral de Navarra";"RRD";"RRGD"
"183";"OBANOS";"31";"Navarra";"14";"Comunidad Foral de Navarra";"RNC";"RNC"
"184";"OCO";"31";"Navarra";"14";"Comunidad Foral de Navarra";"RNC";"RNC"
"185";"OCHAGAVÍA";"31";"Navarra";"14";"Comunidad Foral de Navarra";"RRD";"RRGD"
"186";"ODIETA";"31";"Navarra";"14";"Comunidad Foral de Navarra";"RNC";"RNC"
"187";"OITZ";"31";"Navarra";"14";"Comunidad Foral de Navarra";"RNC";"RNC"
"188";"OLÁIBAR";"31";"Navarra";"14";"Comunidad Foral de Navarra";"RNC";"RNC"
"189";"OLAZTI/OLAZAGUTÍA";"31";"Navarra";"14";"Comunidad Foral de Navarra";"RNC";"RNC"
"190";"OLEJUA";"31";"Navarra";"14";"Comunidad Foral de Navarra";"RRD";"RRD"
"191";"OLITE";"31";"Navarra";"14";"Comunidad Foral de Navarra";"RNC";"RNC"
"192";"OLÓRIZ";"31";"Navarra";"14";"Comunidad Foral de Navarra";"RRD";"RRGD"
"193";"OLZA";"31";"Navarra";"14";"Comunidad Foral de Navarra";"RNC";"RNC"
"194";"OLLO";"31";"Navarra";"14";"Comunidad Foral de Navarra";"RRD";"RRD"
"195";"ORBAITZETA";"31";"Navarra";"14";"Comunidad Foral de Navarra";"RRD";"RRGD"
"196";"ORBARA";"31";"Navarra";"14";"Comunidad Foral de Navarra";"RRD";"RRGD"
"197";"ORÍSOAIN";"31";"Navarra";"14";"Comunidad Foral de Navarra";"RRD";"RRD"
"198";"ORONZ";"31";"Navarra";"14";"Comunidad Foral de Navarra";"RRD";"RRGD"
"199";"OROZ-BETELU";"31";"Navarra";"14";"Comunidad Foral de Navarra";"RRD";"RRGD"
"200";"OTEIZA";"31";"Navarra";"14";"Comunidad Foral de Navarra";"RNC";"RNC"
"201";"PAMPLONA <> IRUÑA";"31";"Navarra";"14";"Comunidad Foral de Navarra";"URBANO";"URBANO"
"202";"PERALTA";"31";"Navarra";"14";"Comunidad Foral de Navarra";"RNC";"RNC"
"203";"PETILLA DE ARAGÓN";"31";"Navarra";"14";"Comunidad Foral de Navarra";"RRD";"RRGD"
"204";"PIEDRAMILLERA";"31";"Navarra";"14";"Comunidad Foral de Navarra";"RRD";"RRGD"
"205";"PITILLAS";"31";"Navarra";"14";"Comunidad Foral de Navarra";"RRD";"RRD"
"206";"PUENTE LA REINA <> GARES";"31";"Navarra";"14";"Comunidad Foral de Navarra";"RNC";"RNC"
"207";"PUEYO";"31";"Navarra";"14";"Comunidad Foral de Navarra";"RNC";"RNC"
"208";"RIBAFORADA";"31";"Navarra";"14";"Comunidad Foral de Navarra";"URBANO";"URBANO"
"209";"ROMANZADO";"31";"Navarra";"14";"Comunidad Foral de Navarra";"RRD";"RRGD"
"210";"RONCAL <> ERRONKARI";"31";"Navarra";"14";"Comunidad Foral de Navarra";"RRD";"RRGD"
"014";"BOBORAS";"32";"Ourense";"11";"Comunidad Autónoma de Galicia";"RNC";"RNC"
"015";"BOLA (A)";"32";"Ourense";"11";"Comunidad Autónoma de Galicia";"RNC";"RNC"
"016";"BOLO (O)";"32";"Ourense";"11";"Comunidad Autónoma de Galicia";"RRD";"RRD"
"017";"CALVOS DE RANDIN";"32";"Ourense";"11";"Comunidad Autónoma de Galicia";"RRD";"RRGD"
"018";"CARBALLEDA DE VALDEORRAS";"32";"Ourense";"11";"Comunidad Autónoma de Galicia";"RRD";"RRGD"
"019";"CARBALLEDA DE AVIA";"32";"Ourense";"11";"Comunidad Autónoma de Galicia";"RNC";"RNC"
"020";"CARBALLIÑO (O)";"32";"Ourense";"11";"Comunidad Autónoma de Galicia";"URBANO";"URBANO"
"021";"CARTELLE";"32";"Ourense";"11";"Comunidad Autónoma de Galicia";"RNC";"RNC"
"022";"CASTRELO DO VAL";"32";"Ourense";"11";"Comunidad Autónoma de Galicia";"RRD";"RRD"
"023";"CASTRELO DE MIÑO";"32";"Ourense";"11";"Comunidad Autónoma de Galicia";"RNC";"RNC"
"024";"CASTRO CALDELAS";"32";"Ourense";"11";"Comunidad Autónoma de Galicia";"RNC";"RNC"
"025";"CELANOVA";"32";"Ourense";"11";"Comunidad Autónoma de Galicia";"RNC";"RNC"
"026";"CENLLE";"32";"Ourense";"11";"Comunidad Autónoma de Galicia";"RNC";"RNC"
"027";"COLES";"32";"Ourense";"11";"Comunidad Autónoma de Galicia";"RNC";"RNC"
"028";"CORTEGADA";"32";"Ourense";"11";"Comunidad Autónoma de Galicia";"RNC";"RNC"
"029";"CUALEDRO";"32";"Ourense";"11";"Comunidad Autónoma de Galicia";"RNC";"RNC"
"030";"CHANDREXA DE QUEIXA";"32";"Ourense";"11";"Comunidad Autónoma de Galicia";"RRD";"RRGD"
"031";"ENTRIMO";"32";"Ourense";"11";"Comunidad Autónoma de Galicia";"RNC";"RNC"
"032";"ESGOS";"32";"Ourense";"11";"Comunidad Autónoma de Galicia";"RNC";"RNC"
"033";"XINZO DE LIMIA";"32";"Ourense";"11";"Comunidad Autónoma de Galicia";"RNC";"RNC"
"034";"GOMESENDE";"32";"Ourense";"11";"Comunidad Autónoma de Galicia";"RNC";"RNC"
"035";"GUDIÑA (A)";"32";"Ourense";"11";"Comunidad Autónoma de Galicia";"RRD";"RRGD"
"036";"IRIXO (O)";"32";"Ourense";"11";"Comunidad Autónoma de Galicia";"RRD";"RRD"
"037";"XUNQUEIRA DE AMBIA";"32";"Ourense";"11";"Comunidad Autónoma de Galicia";"RNC";"RNC"
"038";"XUNQUEIRA DE ESPADANEDO";"32";"Ourense";"11";"Comunidad Autónoma de Galicia";"RNC";"RNC"
"039";"LAROUCO";"32";"Ourense";"11";"Comunidad Autónoma de Galicia";"RNC";"RNC"
"040";"LAZA";"32";"Ourense";"11";"Comunidad Autónoma de Galicia";"RRD";"RRGD"
"041";"LEIRO";"32";"Ourense";"11";"Comunidad Autónoma de Galicia";"RNC";"RNC"
"042";"LOBEIRA";"32";"Ourense";"11";"Comunidad Autónoma de Galicia";"RRD";"RRD"
"043";"LOBIOS";"32";"Ourense";"11";"Comunidad Autónoma de Galicia";"RRD";"RRD"
"044";"MACEDA";"32";"Ourense";"11";"Comunidad Autónoma de Galicia";"RNC";"RNC"
"045";"MANZANEDA";"32";"Ourense";"11";"Comunidad Autónoma de Galicia";"RRD";"RRGD"
"046";"MASIDE";"32";"Ourense";"11";"Comunidad Autónoma de Galicia";"RNC";"RNC"
"047";"MELON";"32";"Ourense";"11";"Comunidad Autónoma de Galicia";"RNC";"RNC"
"048";"MERCA (A)";"32";"Ourense";"11";"Comunidad Autónoma de Galicia";"RNC";"RNC"
"049";"MEZQUITA (A)";"32";"Ourense";"11";"Comunidad Autónoma de Galicia";"RRD";"RRD"
"050";"MONTEDERRAMO";"32";"Ourense";"11";"Comunidad Autónoma de Galicia";"RRD";"RRGD"
"051";"MONTERREI";"32";"Ourense";"11";"Comunidad Autónoma de Galicia";"RNC";"RNC"
"052";"MUIÑOS";"32";"Ourense";"11";"Comunidad Autónoma de Galicia";"RNC";"RNC"
"053";"NOGUEIRA DE RAMUIN";"32";"Ourense";"11";"Comunidad Autónoma de Galicia";"RNC";"RNC"
"054";"OIMBRA";"32";"Ourense";"11";"Comunidad Autónoma de Galicia";"RNC";"RNC"
"056";"PADERNE DE ALLARIZ";"32";"Ourense";"11";"Comunidad Autónoma de Galicia";"RNC";"RNC"
"057";"PADRENDA";"32";"Ourense";"11";"Comunidad Autónoma de Galicia";"RNC";"RNC"
"058";"PARADA DE SIL";"32";"Ourense";"11";"Comunidad Autónoma de Galicia";"RRD";"RRD"
"059";"PEREIRO DE AGUIAR (O)";"32";"Ourense";"11";"Comunidad Autónoma de Galicia";"URBANO";"URBANO"
"060";"PEROXA (A)";"32";"Ourense";"11";"Comunidad Autónoma de Galicia";"RNC";"RNC"
"061";"PETIN";"32";"Ourense";"11";"Comunidad Autónoma de Galicia";"RNC";"RNC"
"062";"PIÑOR";"32";"Ourense";"11";"Comunidad Autónoma de Galicia";"RNC";"RNC"
"063";"PORQUEIRA";"32";"Ourense";"11";"Comunidad Autónoma de Galicia";"RNC";"RNC"
"064";"POBRA DE TRIVES (A)";"32";"Ourense";"11";"Comunidad Autónoma de Galicia";"RNC";"RNC"
"065";"PONTEDEVA";"32";"Ourense";"11";"Comunidad Autónoma de Galicia";"RNC";"RNC"
"066";"PUNXIN";"32";"Ourense";"11";"Comunidad Autónoma de Galicia";"RNC";"RNC"
"067";"QUINTELA DE LEIRADO";"32";"Ourense";"11";"Comunidad Autónoma de Galicia";"RNC";"RNC"
"068";"RAIRIZ DE VEIGA";"32";"Ourense";"11";"Comunidad Autónoma de Galicia";"RNC";"RNC"
"069";"RAMIRAS";"32";"Ourense";"11";"Comunidad Autónoma de Galicia";"RNC";"RNC"
"070";"RIBADAVIA";"32";"Ourense";"11";"Comunidad Autónoma de Galicia";"URBANO";"URBANO"
"071";"SAN XOAN DE RIO";"32";"Ourense";"11";"Comunidad Autónoma de Galicia";"RRD";"RRD"
"072";"RIOS";"32";"Ourense";"11";"Comunidad Autónoma de Galicia";"RNC";"RNC"
"073";"RUA (A)";"32";"Ourense";"11";"Comunidad Autónoma de Galicia";"URBANO";"URBANO"
"074";"RUBIA";"32";"Ourense";"11";"Comunidad Autónoma de Galicia";"RNC";"RNC"
"075";"SAN AMARO";"32";"Ourense";"11";"Comunidad Autónoma de Galicia";"RNC";"RNC"
"076";"SAN CIBRAO DAS VIÑAS";"32";"Ourense";"11";"Comunidad Autónoma de Galicia";"URBANO";"URBANO"
"077";"SAN CRISTOVO DE CEA";"32";"Ourense";"11";"Comunidad Autónoma de Galicia";"RNC";"RNC"
"078";"SANDIAS";"32";"Ourense";"11";"Comunidad Autónoma de Galicia";"RNC";"RNC"
"079";"SARREAUS";"32";"Ourense";"11";"Comunidad Autónoma de Galicia";"RNC";"RNC"
"080";"TABOADELA";"32";"Ourense";"11";"Comunidad Autónoma de Galicia";"RNC";"RNC"
"081";"TEIXEIRA (A)";"32";"Ourense";"11";"Comunidad Autónoma de Galicia";"RRD";"RRD"
"082";"TOEN";"32";"Ourense";"11";"Comunidad Autónoma de Galicia";"RNC";"RNC"
"083";"TRASMIRAS";"32";"Ourense";"11";"Comunidad Autónoma de Galicia";"RNC";"RNC"
"084";"VEIGA (A)";"32";"Ourense";"11";"Comunidad Autónoma de Galicia";"RRD";"RRGD"
"085";"VEREA";"32";"Ourense";"11";"Comunidad Autónoma de Galicia";"RRD";"RRD"
"086";"VERIN";"32";"Ourense";"11";"Comunidad Autónoma de Galicia";"URBANO";"URBANO"
"087";"VIANA DO BOLO";"32";"Ourense";"11";"Comunidad Autónoma de Galicia";"RRD";"RRD"
"088";"VILAMARIN";"32";"Ourense";"11";"Comunidad Autónoma de Galicia";"RNC";"RNC"
"089";"VILAMARTIN DE VALDEORRAS";"32";"Ourense";"11";"Comunidad Autónoma de Galicia";"RNC";"RNC"
"090";"VILAR DE BARRIO";"32";"Ourense";"11";"Comunidad Autónoma de Galicia";"RRD";"RRD"
"091";"VILAR DE SANTOS";"32";"Ourense";"11";"Comunidad Autónoma de Galicia";"RNC";"RNC"
"092";"VILARDEVOS";"32";"Ourense";"11";"Comunidad Autónoma de Galicia";"RNC";"RNC"
"093";"VILARIÑO DE CONSO";"32";"Ourense";"11";"Comunidad Autónoma de Galicia";"RRD";"RRGD"
"900";"OURENSE";"32";"Ourense";"11";"Comunidad Autónoma de Galicia";"URBANO";"URBANO"
"002";"ALLARIZ";"32";"Ourense";"11";"Comunidad Autónoma de Galicia";"RNC";"RNC"
"003";"AMOEIRO";"32";"Ourense";"11";"Comunidad Autónoma de Galicia";"RNC";"RNC"
"004";"ARNOIA (A)";"32";"Ourense";"11";"Comunidad Autónoma de Galicia";"RNC";"RNC"
"005";"AVION";"32";"Ourense";"11";"Comunidad Autónoma de Galicia";"RNC";"RNC"
"006";"BALTAR";"32";"Ourense";"11";"Comunidad Autónoma de Galicia";"RRD";"RRD"
"007";"BANDE";"32";"Ourense";"11";"Comunidad Autónoma de Galicia";"RNC";"RNC"
"008";"BAÑOS DE MOLGAS";"32";"Ourense";"11";"Comunidad Autónoma de Galicia";"RNC";"RNC"
"009";"BARBADAS";"32";"Ourense";"11";"Comunidad Autónoma de Galicia";"URBANO";"URBANO"
"010";"BARCO DE VALDEORRAS (O)";"32";"Ourense";"11";"Comunidad Autónoma de Galicia";"URBANO";"URBANO"
"011";"BEADE";"32";"Ourense";"11";"Comunidad Autónoma de Galicia";"RNC";"RNC"
"012";"BEARIZ";"32";"Ourense";"11";"Comunidad Autónoma de Galicia";"RNC";"RNC"
"013";"BLANCOS (OS)";"32";"Ourense";"11";"Comunidad Autónoma de Galicia";"RNC";"RNC"
"074";"VEGADEO";"33";"Asturias";"03";"Principado de Asturias";"RNC";"RNC"
"075";"VILLANUEVA DE OSCOS";"33";"Asturias";"03";"Principado de Asturias";"RRD";"RRGD"
"076";"VILLAVICIOSA";"33";"Asturias";"03";"Principado de Asturias";"RNC";"RNC"
"001";"ALLANDE";"33";"Asturias";"03";"Principado de Asturias";"RRD";"RRGD"
"002";"ALLER";"33";"Asturias";"03";"Principado de Asturias";"RNC";"RNC"
"003";"AMIEVA";"33";"Asturias";"03";"Principado de Asturias";"RRD";"RRGD"
"004";"AVILES";"33";"Asturias";"03";"Principado de Asturias";"URBANO";"URBANO"
"005";"BELMONTE DE MIRANDA";"33";"Asturias";"03";"Principado de Asturias";"RRD";"RRGD"
"006";"BIMENES";"33";"Asturias";"03";"Principado de Asturias";"RNC";"RNC"
"007";"BOAL";"33";"Asturias";"03";"Principado de Asturias";"RNC";"RNC"
"008";"CABRALES";"33";"Asturias";"03";"Principado de Asturias";"RRD";"RRD"
"009";"CABRANES";"33";"Asturias";"03";"Principado de Asturias";"RNC";"RNC"
"010";"CANDAMO";"33";"Asturias";"03";"Principado de Asturias";"RNC";"RNC"
"011";"CANGAS DEL NARCEA";"33";"Asturias";"03";"Principado de Asturias";"RNC";"RNC"
"012";"CANGAS DE ONIS";"33";"Asturias";"03";"Principado de Asturias";"RNC";"RNC"
"077";"VILLAYON";"33";"Asturias";"03";"Principado de Asturias";"RRD";"RRD"
"078";"YERNES Y TAMEZA";"33";"Asturias";"03";"Principado de Asturias";"RRD";"RRGD"
"900";"OVIEDO";"33";"Asturias";"03";"Principado de Asturias";"URBANO";"URBANO"
"013";"CARAVIA";"33";"Asturias";"03";"Principado de Asturias";"RNC";"RNC"
"014";"CARREÑO";"33";"Asturias";"03";"Principado de Asturias";"URBANO";"URBANO"
"015";"CASO";"33";"Asturias";"03";"Principado de Asturias";"RRD";"RRGD"
"016";"CASTRILLON";"33";"Asturias";"03";"Principado de Asturias";"URBANO";"URBANO"
"017";"CASTROPOL";"33";"Asturias";"03";"Principado de Asturias";"RNC";"RNC"
"018";"COAÑA";"33";"Asturias";"03";"Principado de Asturias";"RNC";"RNC"
"019";"COLUNGA";"33";"Asturias";"03";"Principado de Asturias";"RNC";"RNC"
"020";"CORVERA DE ASTURIAS";"33";"Asturias";"03";"Principado de Asturias";"URBANO";"URBANO"
"021";"CUDILLERO";"33";"Asturias";"03";"Principado de Asturias";"RNC";"RNC"
"022";"DEGAÑA";"33";"Asturias";"03";"Principado de Asturias";"RRD";"RRD"
"023";"FRANCO (EL)";"33";"Asturias";"03";"Principado de Asturias";"RNC";"RNC"
"024";"GIJON";"33";"Asturias";"03";"Principado de Asturias";"URBANO";"URBANO"
"025";"GOZON";"33";"Asturias";"03";"Principado de Asturias";"URBANO";"URBANO"
"026";"GRADO";"33";"Asturias";"03";"Principado de Asturias";"RNC";"RNC"
"027";"GRANDAS DE SALIME";"33";"Asturias";"03";"Principado de Asturias";"RRD";"RRGD"
"028";"IBIAS";"33";"Asturias";"03";"Principado de Asturias";"RRD";"RRGD"
"029";"ILLANO";"33";"Asturias";"03";"Principado de Asturias";"RRD";"RRGD"
"030";"ILLAS";"33";"Asturias";"03";"Principado de Asturias";"RNC";"RNC"
"031";"LANGREO";"33";"Asturias";"03";"Principado de Asturias";"URBANO";"URBANO"
"032";"LAVIANA";"33";"Asturias";"03";"Principado de Asturias";"URBANO";"URBANO"
"033";"LENA";"33";"Asturias";"03";"Principado de Asturias";"RNC";"RNC"
"034";"VALDES";"33";"Asturias";"03";"Principado de Asturias";"RNC";"RNC"
"035";"LLANERA";"33";"Asturias";"03";"Principado de Asturias";"URBANO";"URBANO"
"036";"LLANES";"33";"Asturias";"03";"Principado de Asturias";"RNC";"RNC"
"037";"MIERES";"33";"Asturias";"03";"Principado de Asturias";"URBANO";"URBANO"
"038";"MORCIN";"33";"Asturias";"03";"Principado de Asturias";"RNC";"RNC"
"039";"MUROS DE NALON";"33";"Asturias";"03";"Principado de Asturias";"URBANO";"URBANO"
"040";"NAVA";"33";"Asturias";"03";"Principado de Asturias";"RNC";"RNC"
"041";"NAVIA";"33";"Asturias";"03";"Principado de Asturias";"URBANO";"URBANO"
"042";"NOREÑA";"33";"Asturias";"03";"Principado de Asturias";"URBANO";"URBANO"
"043";"ONIS";"33";"Asturias";"03";"Principado de Asturias";"RRD";"RRD"
"044";"OVIEDO(Código Antiguo)";"33";"Asturias";"03";"Principado de Asturias";"URBANO";"URBANO"
"045";"PARRES";"33";"Asturias";"03";"Principado de Asturias";"RNC";"RNC"
"046";"PEÑAMELLERA ALTA";"33";"Asturias";"03";"Principado de Asturias";"RRD";"RRGD"
"047";"PEÑAMELLERA BAJA";"33";"Asturias";"03";"Principado de Asturias";"RNC";"RNC"
"048";"PESOZ";"33";"Asturias";"03";"Principado de Asturias";"RRD";"RRGD"
"049";"PILOÑA";"33";"Asturias";"03";"Principado de Asturias";"RNC";"RNC"
"050";"PONGA";"33";"Asturias";"03";"Principado de Asturias";"RRD";"RRGD"
"051";"PRAVIA";"33";"Asturias";"03";"Principado de Asturias";"RNC";"RNC"
"052";"PROAZA";"33";"Asturias";"03";"Principado de Asturias";"RRD";"RRD"
"053";"QUIROS";"33";"Asturias";"03";"Principado de Asturias";"RRD";"RRGD"
"054";"REGUERAS (LAS)";"33";"Asturias";"03";"Principado de Asturias";"RNC";"RNC"
"055";"RIBADEDEVA";"33";"Asturias";"03";"Principado de Asturias";"RNC";"RNC"
"056";"RIBADESELLA";"33";"Asturias";"03";"Principado de Asturias";"RNC";"RNC"
"057";"RIBERA DE ARRIBA";"33";"Asturias";"03";"Principado de Asturias";"RNC";"RNC"
"058";"RIOSA";"33";"Asturias";"03";"Principado de Asturias";"RNC";"RNC"
"059";"SALAS";"33";"Asturias";"03";"Principado de Asturias";"RNC";"RNC"
"060";"SAN MARTIN DEL REY AURELIO";"33";"Asturias";"03";"Principado de Asturias";"URBANO";"URBANO"
"061";"SAN MARTIN DE OSCOS";"33";"Asturias";"03";"Principado de Asturias";"RRD";"RRGD"
"062";"SANTA EULALIA DE OSCOS";"33";"Asturias";"03";"Principado de Asturias";"RRD";"RRD"
"063";"SAN TIRSO DE ABRES";"33";"Asturias";"03";"Principado de Asturias";"RNC";"RNC"
"064";"SANTO ADRIANO";"33";"Asturias";"03";"Principado de Asturias";"RNC";"RNC"
"065";"SARIEGO";"33";"Asturias";"03";"Principado de Asturias";"RNC";"RNC"
"066";"SIERO";"33";"Asturias";"03";"Principado de Asturias";"URBANO";"URBANO"
"067";"SOBRESCOBIO";"33";"Asturias";"03";"Principado de Asturias";"RRD";"RRD"
"068";"SOMIEDO";"33";"Asturias";"03";"Principado de Asturias";"RRD";"RRGD"
"069";"SOTO DEL BARCO";"33";"Asturias";"03";"Principado de Asturias";"URBANO";"URBANO"
"070";"TAPIA DE CASARIEGO";"33";"Asturias";"03";"Principado de Asturias";"RNC";"RNC"
"071";"TARAMUNDI";"33";"Asturias";"03";"Principado de Asturias";"RRD";"RRGD"
"072";"TEVERGA";"33";"Asturias";"03";"Principado de Asturias";"RRD";"RRD"
"073";"TINEO";"33";"Asturias";"03";"Principado de Asturias";"RNC";"RNC"
"247";"VILLOVIECO";"34";"Palencia";"08";"Comunidad Autónoma de Castilla y León";"RRD";"RRGD"
"900";"PALENCIA";"34";"Palencia";"08";"Comunidad Autónoma de Castilla y León";"URBANO";"URBANO"
"160";"SAN CEBRIAN DE MUDA";"34";"Palencia";"08";"Comunidad Autónoma de Castilla y León";"RRD";"RRGD"
"161";"SAN CRISTOBAL DE BOEDO";"34";"Palencia";"08";"Comunidad Autónoma de Castilla y León";"RRD";"RRGD"
"163";"SAN MAMES DE CAMPOS";"34";"Palencia";"08";"Comunidad Autónoma de Castilla y León";"RRD";"RRGD"
"165";"SAN ROMAN DE LA CUBA";"34";"Palencia";"08";"Comunidad Autónoma de Castilla y León";"RRD";"RRGD"
"166";"PERNIA (LA)";"34";"Palencia";"08";"Comunidad Autónoma de Castilla y León";"RRD";"RRGD"
"167";"SANTA CECILIA DEL ALCOR";"34";"Palencia";"08";"Comunidad Autónoma de Castilla y León";"RRD";"RRGD"
"168";"SANTA CRUZ DE BOEDO";"34";"Palencia";"08";"Comunidad Autónoma de Castilla y León";"RRD";"RRGD"
"169";"SANTERVAS DE LA VEGA";"34";"Palencia";"08";"Comunidad Autónoma de Castilla y León";"RRD";"RRGD"
"170";"SANTIBAÑEZ DE ECLA";"34";"Palencia";"08";"Comunidad Autónoma de Castilla y León";"RRD";"RRGD"
"171";"SANTIBAÑEZ DE LA PEÑA";"34";"Palencia";"08";"Comunidad Autónoma de Castilla y León";"RRD";"RRD"
"174";"SANTOYO";"34";"Palencia";"08";"Comunidad Autónoma de Castilla y León";"RRD";"RRGD"
"175";"SERNA (LA)";"34";"Palencia";"08";"Comunidad Autónoma de Castilla y León";"RRD";"RRD"
"176";"SOTOBAÑADO Y PRIORATO";"34";"Palencia";"08";"Comunidad Autónoma de Castilla y León";"RRD";"RRGD"
"177";"SOTO DE CERRATO";"34";"Palencia";"08";"Comunidad Autónoma de Castilla y León";"RNC";"RNC"
"178";"TABANERA DE CERRATO";"34";"Palencia";"08";"Comunidad Autónoma de Castilla y León";"RRD";"RRGD"
"179";"TABANERA DE VALDAVIA";"34";"Palencia";"08";"Comunidad Autónoma de Castilla y León";"RRD";"RRGD"
"180";"TAMARA DE CAMPOS";"34";"Palencia";"08";"Comunidad Autónoma de Castilla y León";"RRD";"RRGD"
"181";"TARIEGO DE CERRATO";"34";"Palencia";"08";"Comunidad Autónoma de Castilla y León";"RNC";"RNC"
"182";"TORQUEMADA";"34";"Palencia";"08";"Comunidad Autónoma de Castilla y León";"RRD";"RRD"
"184";"TORREMORMOJON";"34";"Palencia";"08";"Comunidad Autónoma de Castilla y León";"RRD";"RRGD"
"185";"TRIOLLO";"34";"Palencia";"08";"Comunidad Autónoma de Castilla y León";"RRD";"RRGD"
"186";"VALBUENA DE PISUERGA";"34";"Palencia";"08";"Comunidad Autónoma de Castilla y León";"RRD";"RRGD"
"189";"VALDEOLMILLOS";"34";"Palencia";"08";"Comunidad Autónoma de Castilla y León";"RRD";"RRGD"
"190";"VALDERRABANO";"34";"Palencia";"08";"Comunidad Autónoma de Castilla y León";"RRD";"RRGD"
"192";"VALDE-UCIEZA";"34";"Palencia";"08";"Comunidad Autónoma de Castilla y León";"RRD";"RRGD"
"196";"VALLE DE CERRATO";"34";"Palencia";"08";"Comunidad Autónoma de Castilla y León";"RRD";"RRGD"
"199";"VELILLA DEL RIO CARRION";"34";"Palencia";"08";"Comunidad Autónoma de Castilla y León";"RRD";"RRGD"
"201";"VERTAVILLO";"34";"Palencia";"08";"Comunidad Autónoma de Castilla y León";"RRD";"RRGD"
"202";"VILLABASTA DE VALDAVIA";"34";"Palencia";"08";"Comunidad Autónoma de Castilla y León";"RRD";"RRGD"
"204";"VILLACIDALER";"34";"Palencia";"08";"Comunidad Autónoma de Castilla y León";"RRD";"RRGD"
"205";"VILLACONANCIO";"34";"Palencia";"08";"Comunidad Autónoma de Castilla y León";"RRD";"RRGD"
"206";"VILLADA";"34";"Palencia";"08";"Comunidad Autónoma de Castilla y León";"RNC";"RNC"
"208";"VILLAELES DE VALDAVIA";"34";"Palencia";"08";"Comunidad Autónoma de Castilla y León";"RRD";"RRGD"
"210";"VILLAHAN";"34";"Palencia";"08";"Comunidad Autónoma de Castilla y León";"RRD";"RRGD"
"211";"VILLAHERREROS";"34";"Palencia";"08";"Comunidad Autónoma de Castilla y León";"RRD";"RRGD"
"213";"VILLALACO";"34";"Palencia";"08";"Comunidad Autónoma de Castilla y León";"RRD";"RRGD"
"214";"VILLALBA DE GUARDO";"34";"Palencia";"08";"Comunidad Autónoma de Castilla y León";"RRD";"RRGD"
"215";"VILLALCAZAR DE SIRGA";"34";"Palencia";"08";"Comunidad Autónoma de Castilla y León";"RRD";"RRGD"
"216";"VILLALCON";"34";"Palencia";"08";"Comunidad Autónoma de Castilla y León";"RRD";"RRGD"
"217";"VILLALOBON";"34";"Palencia";"08";"Comunidad Autónoma de Castilla y León";"RNC";"RNC"
"218";"VILLALUENGA DE LA VEGA";"34";"Palencia";"08";"Comunidad Autónoma de Castilla y León";"RNC";"RNC"
"219";"VALLE DEL RETORTILLO";"34";"Palencia";"08";"Comunidad Autónoma de Castilla y León";"RRD";"RRGD"
"220";"VILLAMARTIN DE CAMPOS";"34";"Palencia";"08";"Comunidad Autónoma de Castilla y León";"RRD";"RRGD"
"221";"VILLAMEDIANA";"34";"Palencia";"08";"Comunidad Autónoma de Castilla y León";"RRD";"RRGD"
"222";"VILLAMERIEL";"34";"Palencia";"08";"Comunidad Autónoma de Castilla y León";"RRD";"RRGD"
"223";"VILLAMORONTA";"34";"Palencia";"08";"Comunidad Autónoma de Castilla y León";"RNC";"RNC"
"224";"VILLAMUERA DE LA CUEZA";"34";"Palencia";"08";"Comunidad Autónoma de Castilla y León";"RRD";"RRGD"
"225";"VILLAMURIEL DE CERRATO";"34";"Palencia";"08";"Comunidad Autónoma de Castilla y León";"URBANO";"URBANO"
"228";"VILLANUEVA DEL REBOLLAR";"34";"Palencia";"08";"Comunidad Autónoma de Castilla y León";"RRD";"RRGD"
"229";"VILLANUÑO DE VALDAVIA";"34";"Palencia";"08";"Comunidad Autónoma de Castilla y León";"RRD";"RRGD"
"230";"VILLAPROVEDO";"34";"Palencia";"08";"Comunidad Autónoma de Castilla y León";"RRD";"RRGD"
"231";"VILLARMENTERO DE CAMPOS";"34";"Palencia";"08";"Comunidad Autónoma de Castilla y León";"RRD";"RRGD"
"232";"VILLARRABE";"34";"Palencia";"08";"Comunidad Autónoma de Castilla y León";"RRD";"RRGD"
"233";"VILLARRAMIEL";"34";"Palencia";"08";"Comunidad Autónoma de Castilla y León";"RNC";"RNC"
"234";"VILLASARRACINO";"34";"Palencia";"08";"Comunidad Autónoma de Castilla y León";"RRD";"RRGD"
"235";"VILLASILA DE VALDAVIA";"34";"Palencia";"08";"Comunidad Autónoma de Castilla y León";"RRD";"RRGD"
"237";"VILLATURDE";"34";"Palencia";"08";"Comunidad Autónoma de Castilla y León";"RRD";"RRGD"
"238";"VILLAUMBRALES";"34";"Palencia";"08";"Comunidad Autónoma de Castilla y León";"RNC";"RNC"
"239";"VILLAVIUDAS";"34";"Palencia";"08";"Comunidad Autónoma de Castilla y León";"RRD";"RRD"
"241";"VILLERIAS DE CAMPOS";"34";"Palencia";"08";"Comunidad Autónoma de Castilla y León";"RRD";"RRGD"
"242";"VILLODRE";"34";"Palencia";"08";"Comunidad Autónoma de Castilla y León";"RRD";"RRGD"
"243";"VILLODRIGO";"34";"Palencia";"08";"Comunidad Autónoma de Castilla y León";"RRD";"RRD"
"244";"VILLOLDO";"34";"Palencia";"08";"Comunidad Autónoma de Castilla y León";"RRD";"RRD"
"246";"VILLOTA DEL PARAMO";"34";"Palencia";"08";"Comunidad Autónoma de Castilla y León";"RRD";"RRGD"
"112";"NOGAL DE LAS HUERTAS";"34";"Palencia";"08";"Comunidad Autónoma de Castilla y León";"RRD";"RRGD"
"113";"OLEA DE BOEDO";"34";"Palencia";"08";"Comunidad Autónoma de Castilla y León";"RRD";"RRGD"
"114";"OLMOS DE OJEDA";"34";"Palencia";"08";"Comunidad Autónoma de Castilla y León";"RRD";"RRGD"
"116";"OSORNILLO";"34";"Palencia";"08";"Comunidad Autónoma de Castilla y León";"RRD";"RRGD"
"117";"OSORNO LA MAYOR";"34";"Palencia";"08";"Comunidad Autónoma de Castilla y León";"RNC";"RNC"
"121";"PALENZUELA";"34";"Palencia";"08";"Comunidad Autónoma de Castilla y León";"RRD";"RRGD"
"122";"PARAMO DE BOEDO";"34";"Palencia";"08";"Comunidad Autónoma de Castilla y León";"RRD";"RRGD"
"123";"PAREDES DE NAVA";"34";"Palencia";"08";"Comunidad Autónoma de Castilla y León";"RNC";"RNC"
"124";"PAYO DE OJEDA";"34";"Palencia";"08";"Comunidad Autónoma de Castilla y León";"RRD";"RRGD"
"125";"PEDRAZA DE CAMPOS";"34";"Palencia";"08";"Comunidad Autónoma de Castilla y León";"RRD";"RRGD"
"126";"PEDROSA DE LA VEGA";"34";"Palencia";"08";"Comunidad Autónoma de Castilla y León";"RNC";"RNC"
"127";"PERALES";"34";"Palencia";"08";"Comunidad Autónoma de Castilla y León";"RRD";"RRGD"
"129";"PINO DEL RIO";"34";"Palencia";"08";"Comunidad Autónoma de Castilla y León";"RRD";"RRGD"
"130";"PIÑA DE CAMPOS";"34";"Palencia";"08";"Comunidad Autónoma de Castilla y León";"RNC";"RNC"
"131";"POBLACION DE ARROYO";"34";"Palencia";"08";"Comunidad Autónoma de Castilla y León";"RRD";"RRGD"
"132";"POBLACION DE CAMPOS";"34";"Palencia";"08";"Comunidad Autónoma de Castilla y León";"RRD";"RRGD"
"133";"POBLACION DE CERRATO";"34";"Palencia";"08";"Comunidad Autónoma de Castilla y León";"RRD";"RRGD"
"134";"POLENTINOS";"34";"Palencia";"08";"Comunidad Autónoma de Castilla y León";"RRD";"RRGD"
"135";"POMAR DE VALDIVIA";"34";"Palencia";"08";"Comunidad Autónoma de Castilla y León";"RRD";"RRGD"
"136";"POZA DE LA VEGA";"34";"Palencia";"08";"Comunidad Autónoma de Castilla y León";"RRD";"RRGD"
"137";"POZO DE URAMA";"34";"Palencia";"08";"Comunidad Autónoma de Castilla y León";"RRD";"RRGD"
"139";"PRADANOS DE OJEDA";"34";"Palencia";"08";"Comunidad Autónoma de Castilla y León";"RRD";"RRD"
"140";"PUEBLA DE VALDAVIA (LA)";"34";"Palencia";"08";"Comunidad Autónoma de Castilla y León";"RRD";"RRGD"
"141";"QUINTANA DEL PUENTE";"34";"Palencia";"08";"Comunidad Autónoma de Castilla y León";"RNC";"RNC"
"143";"QUINTANILLA DE ONSOÑA";"34";"Palencia";"08";"Comunidad Autónoma de Castilla y León";"RRD";"RRGD"
"146";"REINOSO DE CERRATO";"34";"Palencia";"08";"Comunidad Autónoma de Castilla y León";"RRD";"RRGD"
"147";"RENEDO DE LA VEGA";"34";"Palencia";"08";"Comunidad Autónoma de Castilla y León";"RRD";"RRD"
"149";"REQUENA DE CAMPOS";"34";"Palencia";"08";"Comunidad Autónoma de Castilla y León";"RRD";"RRGD"
"151";"RESPENDA DE LA PEÑA";"34";"Palencia";"08";"Comunidad Autónoma de Castilla y León";"RRD";"RRGD"
"152";"REVENGA DE CAMPOS";"34";"Palencia";"08";"Comunidad Autónoma de Castilla y León";"RRD";"RRGD"
"154";"REVILLA DE COLLAZOS";"34";"Palencia";"08";"Comunidad Autónoma de Castilla y León";"RRD";"RRGD"
"155";"RIBAS DE CAMPOS";"34";"Palencia";"08";"Comunidad Autónoma de Castilla y León";"RRD";"RRD"
"156";"RIBEROS DE LA CUEZA";"34";"Palencia";"08";"Comunidad Autónoma de Castilla y León";"RRD";"RRGD"
"157";"SALDAÑA";"34";"Palencia";"08";"Comunidad Autónoma de Castilla y León";"RNC";"RNC"
"158";"SALINAS DE PISUERGA";"34";"Palencia";"08";"Comunidad Autónoma de Castilla y León";"RNC";"RNC"
"159";"SAN CEBRIAN DE CAMPOS";"34";"Palencia";"08";"Comunidad Autónoma de Castilla y León";"RNC";"RNC"
"079";"GRIJOTA";"34";"Palencia";"08";"Comunidad Autónoma de Castilla y León";"RNC";"RNC"
"080";"GUARDO";"34";"Palencia";"08";"Comunidad Autónoma de Castilla y León";"RNC";"RNC"
"081";"GUAZA DE CAMPOS";"34";"Palencia";"08";"Comunidad Autónoma de Castilla y León";"RRD";"RRGD"
"082";"HERMEDES DE CERRATO";"34";"Palencia";"08";"Comunidad Autónoma de Castilla y León";"RRD";"RRGD"
"083";"HERRERA DE PISUERGA";"34";"Palencia";"08";"Comunidad Autónoma de Castilla y León";"RNC";"RNC"
"084";"HERRERA DE VALDECAÑAS";"34";"Palencia";"08";"Comunidad Autónoma de Castilla y León";"RRD";"RRGD"
"086";"HONTORIA DE CERRATO";"34";"Palencia";"08";"Comunidad Autónoma de Castilla y León";"RRD";"RRGD"
"087";"HORNILLOS DE CERRATO";"34";"Palencia";"08";"Comunidad Autónoma de Castilla y León";"RRD";"RRGD"
"088";"HUSILLOS";"34";"Palencia";"08";"Comunidad Autónoma de Castilla y León";"RNC";"RNC"
"089";"ITERO DE LA VEGA";"34";"Palencia";"08";"Comunidad Autónoma de Castilla y León";"RRD";"RRGD"
"090";"LOMA DE UCIEZA";"34";"Palencia";"08";"Comunidad Autónoma de Castilla y León";"RRD";"RRGD"
"091";"LAGARTOS";"34";"Palencia";"08";"Comunidad Autónoma de Castilla y León";"RRD";"RRGD"
"092";"LANTADILLA";"34";"Palencia";"08";"Comunidad Autónoma de Castilla y León";"RRD";"RRD"
"093";"VID DE OJEDA (LA)";"34";"Palencia";"08";"Comunidad Autónoma de Castilla y León";"RRD";"RRGD"
"094";"LEDIGOS";"34";"Palencia";"08";"Comunidad Autónoma de Castilla y León";"RRD";"RRGD"
"096";"LOMAS";"34";"Palencia";"08";"Comunidad Autónoma de Castilla y León";"RRD";"RRGD"
"098";"MAGAZ DE PISUERGA";"34";"Palencia";"08";"Comunidad Autónoma de Castilla y León";"RNC";"RNC"
"099";"MANQUILLOS";"34";"Palencia";"08";"Comunidad Autónoma de Castilla y León";"RRD";"RRGD"
"100";"MANTINOS";"34";"Palencia";"08";"Comunidad Autónoma de Castilla y León";"RRD";"RRGD"
"101";"MARCILLA DE CAMPOS";"34";"Palencia";"08";"Comunidad Autónoma de Castilla y León";"RRD";"RRGD"
"102";"MAZARIEGOS";"34";"Palencia";"08";"Comunidad Autónoma de Castilla y León";"RRD";"RRD"
"103";"MAZUECOS DE VALDEGINATE";"34";"Palencia";"08";"Comunidad Autónoma de Castilla y León";"RRD";"RRGD"
"104";"MELGAR DE YUSO";"34";"Palencia";"08";"Comunidad Autónoma de Castilla y León";"RRD";"RRD"
"106";"MENESES DE CAMPOS";"34";"Palencia";"08";"Comunidad Autónoma de Castilla y León";"RRD";"RRGD"
"107";"MICIECES DE OJEDA";"34";"Palencia";"08";"Comunidad Autónoma de Castilla y León";"RRD";"RRGD"
"108";"MONZON DE CAMPOS";"34";"Palencia";"08";"Comunidad Autónoma de Castilla y León";"RNC";"RNC"
"109";"MORATINOS";"34";"Palencia";"08";"Comunidad Autónoma de Castilla y León";"RRD";"RRGD"
"110";"MUDA";"34";"Palencia";"08";"Comunidad Autónoma de Castilla y León";"RRD";"RRD"
"001";"ABARCA DE CAMPOS";"34";"Palencia";"08";"Comunidad Autónoma de Castilla y León";"RRD";"RRGD"
"003";"ABIA DE LAS TORRES";"34";"Palencia";"08";"Comunidad Autónoma de Castilla y León";"RRD";"RRGD"
"004";"AGUILAR DE CAMPOO";"34";"Palencia";"08";"Comunidad Autónoma de Castilla y León";"RNC";"RNC"
"005";"ALAR DEL REY";"34";"Palencia";"08";"Comunidad Autónoma de Castilla y León";"RNC";"RNC"
"006";"ALBA DE CERRATO";"34";"Palencia";"08";"Comunidad Autónoma de Castilla y León";"RRD";"RRGD"
"009";"AMAYUELAS DE ARRIBA";"34";"Palencia";"08";"Comunidad Autónoma de Castilla y León";"RRD";"RRGD"
"010";"AMPUDIA";"34";"Palencia";"08";"Comunidad Autónoma de Castilla y León";"RRD";"RRGD"
"011";"AMUSCO";"34";"Palencia";"08";"Comunidad Autónoma de Castilla y León";"RRD";"RRGD"
"012";"ANTIGÜEDAD";"34";"Palencia";"08";"Comunidad Autónoma de Castilla y León";"RRD";"RRGD"
"015";"ARCONADA";"34";"Palencia";"08";"Comunidad Autónoma de Castilla y León";"RRD";"RRGD"
"017";"ASTUDILLO";"34";"Palencia";"08";"Comunidad Autónoma de Castilla y León";"RRD";"RRD"
"018";"AUTILLA DEL PINO";"34";"Palencia";"08";"Comunidad Autónoma de Castilla y León";"RRD";"RRGD"
"019";"AUTILLO DE CAMPOS";"34";"Palencia";"08";"Comunidad Autónoma de Castilla y León";"RRD";"RRGD"
"020";"AYUELA";"34";"Palencia";"08";"Comunidad Autónoma de Castilla y León";"RRD";"RRGD"
"022";"BALTANAS";"34";"Palencia";"08";"Comunidad Autónoma de Castilla y León";"RRD";"RRGD"
"023";"VENTA DE BAÑOS";"34";"Palencia";"08";"Comunidad Autónoma de Castilla y León";"URBANO";"URBANO"
"024";"BAQUERIN DE CAMPOS";"34";"Palencia";"08";"Comunidad Autónoma de Castilla y León";"RRD";"RRGD"
"025";"BARCENA DE CAMPOS";"34";"Palencia";"08";"Comunidad Autónoma de Castilla y León";"RRD";"RRGD"
"027";"BARRUELO DE SANTULLAN";"34";"Palencia";"08";"Comunidad Autónoma de Castilla y León";"RNC";"RNC"
"028";"BASCONES DE OJEDA";"34";"Palencia";"08";"Comunidad Autónoma de Castilla y León";"RRD";"RRGD"
"029";"BECERRIL DE CAMPOS";"34";"Palencia";"08";"Comunidad Autónoma de Castilla y León";"RRD";"RRD"
"031";"BELMONTE DE CAMPOS";"34";"Palencia";"08";"Comunidad Autónoma de Castilla y León";"RRD";"RRGD"
"032";"BERZOSILLA";"34";"Palencia";"08";"Comunidad Autónoma de Castilla y León";"RRD";"RRGD"
"033";"BOADA DE CAMPOS";"34";"Palencia";"08";"Comunidad Autónoma de Castilla y León";"RRD";"RRGD"
"034";"BOADILLA DEL CAMINO";"34";"Palencia";"08";"Comunidad Autónoma de Castilla y León";"RRD";"RRGD"
"035";"BOADILLA DE RIOSECO";"34";"Palencia";"08";"Comunidad Autónoma de Castilla y León";"RRD";"RRGD"
"036";"BRAÑOSERA";"34";"Palencia";"08";"Comunidad Autónoma de Castilla y León";"RRD";"RRGD"
"037";"BUENAVISTA DE VALDAVIA";"34";"Palencia";"08";"Comunidad Autónoma de Castilla y León";"RRD";"RRGD"
"038";"BUSTILLO DE LA VEGA";"34";"Palencia";"08";"Comunidad Autónoma de Castilla y León";"RNC";"RNC"
"039";"BUSTILLO DEL PARAMO DE CARRION";"34";"Palencia";"08";"Comunidad Autónoma de Castilla y León";"RRD";"RRGD"
"041";"CALAHORRA DE BOEDO";"34";"Palencia";"08";"Comunidad Autónoma de Castilla y León";"RRD";"RRGD"
"042";"CALZADA DE LOS MOLINOS";"34";"Palencia";"08";"Comunidad Autónoma de Castilla y León";"RNC";"RNC"
"045";"CAPILLAS";"34";"Palencia";"08";"Comunidad Autónoma de Castilla y León";"RRD";"RRGD"
"046";"CARDEÑOSA DE VOLPEJERA";"34";"Palencia";"08";"Comunidad Autónoma de Castilla y León";"RRD";"RRGD"
"047";"CARRION DE LOS CONDES";"34";"Palencia";"08";"Comunidad Autónoma de Castilla y León";"RNC";"RNC"
"048";"CASTIL DE VELA";"34";"Palencia";"08";"Comunidad Autónoma de Castilla y León";"RRD";"RRGD"
"049";"CASTREJON DE LA PEÑA";"34";"Palencia";"08";"Comunidad Autónoma de Castilla y León";"RRD";"RRGD"
"050";"CASTRILLO DE DON JUAN";"34";"Palencia";"08";"Comunidad Autónoma de Castilla y León";"RRD";"RRGD"
"051";"CASTRILLO DE ONIELO";"34";"Palencia";"08";"Comunidad Autónoma de Castilla y León";"RRD";"RRGD"
"052";"CASTRILLO DE VILLAVEGA";"34";"Palencia";"08";"Comunidad Autónoma de Castilla y León";"RRD";"RRGD"
"053";"CASTROMOCHO";"34";"Palencia";"08";"Comunidad Autónoma de Castilla y León";"RRD";"RRGD"
"056";"CERVATOS DE LA CUEZA";"34";"Palencia";"08";"Comunidad Autónoma de Castilla y León";"RRD";"RRGD"
"057";"CERVERA DE PISUERGA";"34";"Palencia";"08";"Comunidad Autónoma de Castilla y León";"RRD";"RRGD"
"058";"CEVICO DE LA TORRE";"34";"Palencia";"08";"Comunidad Autónoma de Castilla y León";"RRD";"RRD"
"059";"CEVICO NAVERO";"34";"Palencia";"08";"Comunidad Autónoma de Castilla y León";"RRD";"RRGD"
"060";"CISNEROS";"34";"Palencia";"08";"Comunidad Autónoma de Castilla y León";"RRD";"RRGD"
"061";"COBOS DE CERRATO";"34";"Palencia";"08";"Comunidad Autónoma de Castilla y León";"RRD";"RRGD"
"062";"COLLAZOS DE BOEDO";"34";"Palencia";"08";"Comunidad Autónoma de Castilla y León";"RRD";"RRGD"
"063";"CONGOSTO DE VALDAVIA";"34";"Palencia";"08";"Comunidad Autónoma de Castilla y León";"RRD";"RRGD"
"064";"CORDOVILLA LA REAL";"34";"Palencia";"08";"Comunidad Autónoma de Castilla y León";"RRD";"RRGD"
"066";"CUBILLAS DE CERRATO";"34";"Palencia";"08";"Comunidad Autónoma de Castilla y León";"RRD";"RRGD"
"067";"DEHESA DE MONTEJO";"34";"Palencia";"08";"Comunidad Autónoma de Castilla y León";"RRD";"RRGD"
"068";"DEHESA DE ROMANOS";"34";"Palencia";"08";"Comunidad Autónoma de Castilla y León";"RRD";"RRGD"
"069";"DUEÑAS";"34";"Palencia";"08";"Comunidad Autónoma de Castilla y León";"RNC";"RNC"
"070";"ESPINOSA DE CERRATO";"34";"Palencia";"08";"Comunidad Autónoma de Castilla y León";"RRD";"RRGD"
"071";"ESPINOSA DE VILLAGONZALO";"34";"Palencia";"08";"Comunidad Autónoma de Castilla y León";"RRD";"RRGD"
"072";"FRECHILLA";"34";"Palencia";"08";"Comunidad Autónoma de Castilla y León";"RRD";"RRGD"
"073";"FRESNO DEL RIO";"34";"Palencia";"08";"Comunidad Autónoma de Castilla y León";"RRD";"RRGD"
"074";"FROMISTA";"34";"Palencia";"08";"Comunidad Autónoma de Castilla y León";"RNC";"RNC"
"076";"FUENTES DE NAVA";"34";"Palencia";"08";"Comunidad Autónoma de Castilla y León";"RRD";"RRD"
"077";"FUENTES DE VALDEPERO";"34";"Palencia";"08";"Comunidad Autónoma de Castilla y León";"RRD";"RRD"
"001";"AGAETE";"35";"Las Palmas";"05";"Comunidad Autónoma de Canarias";"URBANO";"URBANO"
"034";"YAIZA";"35";"Las Palmas";"05";"Comunidad Autónoma de Canarias";"RNC";"RNC"
"003";"ANTIGUA";"35";"Las Palmas";"05";"Comunidad Autónoma de Canarias";"RNC";"RNC"
"004";"ARRECIFE";"35";"Las Palmas";"05";"Comunidad Autónoma de Canarias";"URBANO";"URBANO"
"005";"ARTENARA";"35";"Las Palmas";"05";"Comunidad Autónoma de Canarias";"RNC";"RNC"
"006";"ARUCAS";"35";"Las Palmas";"05";"Comunidad Autónoma de Canarias";"URBANO";"URBANO"
"007";"BETANCURIA";"35";"Las Palmas";"05";"Comunidad Autónoma de Canarias";"RRD";"RRGD"
"008";"FIRGAS";"35";"Las Palmas";"05";"Comunidad Autónoma de Canarias";"URBANO";"URBANO"
"009";"GÁLDAR";"35";"Las Palmas";"05";"Comunidad Autónoma de Canarias";"URBANO";"URBANO"
"010";"SANTA MARÍA DE GUÍA";"35";"Las Palmas";"05";"Comunidad Autónoma de Canarias";"URBANO";"URBANO"
"011";"HARÍA";"35";"Las Palmas";"05";"Comunidad Autónoma de Canarias";"RNC";"RNC"
"012";"INGENIO";"35";"Las Palmas";"05";"Comunidad Autónoma de Canarias";"URBANO";"URBANO"
"013";"MOGÁN";"35";"Las Palmas";"05";"Comunidad Autónoma de Canarias";"URBANO";"URBANO"
"014";"MOYA";"35";"Las Palmas";"05";"Comunidad Autónoma de Canarias";"URBANO";"URBANO"
"015";"LA OLIVA";"35";"Las Palmas";"05";"Comunidad Autónoma de Canarias";"RNC";"RNC"
"016";"PÁJARA";"35";"Las Palmas";"05";"Comunidad Autónoma de Canarias";"RNC";"RNC"
"017";"LAS PALMAS DE GRAN CANARIA";"35";"Las Palmas";"05";"Comunidad Autónoma de Canarias";"URBANO";"URBANO"
"018";"PUERTO DEL ROSARIO";"35";"Las Palmas";"05";"Comunidad Autónoma de Canarias";"URBANO";"URBANO"
"019";"SAN BARTOLOMÉ";"35";"Las Palmas";"05";"Comunidad Autónoma de Canarias";"URBANO";"URBANO"
"020";"SAN BARTOLOMÉ DE TIRAJANA";"35";"Las Palmas";"05";"Comunidad Autónoma de Canarias";"URBANO";"URBANO"
"021";"LA ALDEA DE SAN NICOLAS";"35";"Las Palmas";"05";"Comunidad Autónoma de Canarias";"RNC";"RNC"
"022";"SANTA BRÍGIDA";"35";"Las Palmas";"05";"Comunidad Autónoma de Canarias";"URBANO";"URBANO"
"023";"SANTA LUCÍA DE TIRAJANA";"35";"Las Palmas";"05";"Comunidad Autónoma de Canarias";"URBANO";"URBANO"
"024";"TEGUISE";"35";"Las Palmas";"05";"Comunidad Autónoma de Canarias";"RNC";"RNC"
"025";"TEJEDA";"35";"Las Palmas";"05";"Comunidad Autónoma de Canarias";"RNC";"RNC"
"026";"TELDE";"35";"Las Palmas";"05";"Comunidad Autónoma de Canarias";"URBANO";"URBANO"
"027";"TEROR";"35";"Las Palmas";"05";"Comunidad Autónoma de Canarias";"URBANO";"URBANO"
"028";"TÍAS";"35";"Las Palmas";"05";"Comunidad Autónoma de Canarias";"URBANO";"URBANO"
"029";"TINAJO";"35";"Las Palmas";"05";"Comunidad Autónoma de Canarias";"RNC";"RNC"
"030";"TUINEJE";"35";"Las Palmas";"05";"Comunidad Autónoma de Canarias";"RNC";"RNC"
"031";"VALSEQUILLO";"35";"Las Palmas";"05";"Comunidad Autónoma de Canarias";"RNC";"RNC"
"032";"VALLESECO";"35";"Las Palmas";"05";"Comunidad Autónoma de Canarias";"URBANO";"URBANO"
"033";"VEGA DE SAN MATEO";"35";"Las Palmas";"05";"Comunidad Autónoma de Canarias";"URBANO";"URBANO"
"002";"AGÜIMES";"35";"Las Palmas";"05";"Comunidad Autónoma de Canarias";"URBANO";"URBANO"
"029";"MOAÑA";"36";"Pontevedra";"11";"Comunidad Autónoma de Galicia";"URBANO";"URBANO"
"028";"MEIS";"36";"Pontevedra";"11";"Comunidad Autónoma de Galicia";"RNC";"RNC"
"031";"MONDARIZ-BALNEARIO";"36";"Pontevedra";"11";"Comunidad Autónoma de Galicia";"URBANO";"URBANO"
"032";"MORAÑA";"36";"Pontevedra";"11";"Comunidad Autónoma de Galicia";"URBANO";"URBANO"
"033";"MOS";"36";"Pontevedra";"11";"Comunidad Autónoma de Galicia";"URBANO";"URBANO"
"034";"NEVES (AS)";"36";"Pontevedra";"11";"Comunidad Autónoma de Galicia";"RNC";"RNC"
"035";"NIGRAN";"36";"Pontevedra";"11";"Comunidad Autónoma de Galicia";"URBANO";"URBANO"
"036";"OIA";"36";"Pontevedra";"11";"Comunidad Autónoma de Galicia";"RNC";"RNC"
"037";"PAZOS DE BORBEN";"36";"Pontevedra";"11";"Comunidad Autónoma de Galicia";"RNC";"RNC"
"039";"PORRIÑO (O)";"36";"Pontevedra";"11";"Comunidad Autónoma de Galicia";"URBANO";"URBANO"
"040";"PORTAS";"36";"Pontevedra";"11";"Comunidad Autónoma de Galicia";"URBANO";"URBANO"
"041";"POIO";"36";"Pontevedra";"11";"Comunidad Autónoma de Galicia";"URBANO";"URBANO"
"042";"PONTEAREAS";"36";"Pontevedra";"11";"Comunidad Autónoma de Galicia";"URBANO";"URBANO"
"043";"PONTE-CALDELAS";"36";"Pontevedra";"11";"Comunidad Autónoma de Galicia";"RNC";"RNC"
"044";"PONTECESURES";"36";"Pontevedra";"11";"Comunidad Autónoma de Galicia";"URBANO";"URBANO"
"045";"REDONDELA";"36";"Pontevedra";"11";"Comunidad Autónoma de Galicia";"URBANO";"URBANO"
"046";"RIBADUMIA";"36";"Pontevedra";"11";"Comunidad Autónoma de Galicia";"URBANO";"URBANO"
"047";"RODEIRO";"36";"Pontevedra";"11";"Comunidad Autónoma de Galicia";"RNC";"RNC"
"048";"ROSAL (O)";"36";"Pontevedra";"11";"Comunidad Autónoma de Galicia";"URBANO";"URBANO"
"049";"SALCEDA DE CASELAS";"36";"Pontevedra";"11";"Comunidad Autónoma de Galicia";"URBANO";"URBANO"
"050";"SALVATERRA DE MIÑO";"36";"Pontevedra";"11";"Comunidad Autónoma de Galicia";"URBANO";"URBANO"
"051";"SANXENXO";"36";"Pontevedra";"11";"Comunidad Autónoma de Galicia";"URBANO";"URBANO"
"052";"SILLEDA";"36";"Pontevedra";"11";"Comunidad Autónoma de Galicia";"RNC";"RNC"
"053";"SOUTOMAIOR";"36";"Pontevedra";"11";"Comunidad Autónoma de Galicia";"URBANO";"URBANO"
"054";"TOMIÑO";"36";"Pontevedra";"11";"Comunidad Autónoma de Galicia";"URBANO";"URBANO"
"055";"TUI";"36";"Pontevedra";"11";"Comunidad Autónoma de Galicia";"URBANO";"URBANO"
"056";"VALGA";"36";"Pontevedra";"11";"Comunidad Autónoma de Galicia";"URBANO";"URBANO"
"057";"VIGO";"36";"Pontevedra";"11";"Comunidad Autónoma de Galicia";"URBANO";"URBANO"
"058";"VILABOA";"36";"Pontevedra";"11";"Comunidad Autónoma de Galicia";"URBANO";"URBANO"
"059";"VILA DE CRUCES";"36";"Pontevedra";"11";"Comunidad Autónoma de Galicia";"RNC";"RNC"
"060";"VILAGARCIA DE AROUSA";"36";"Pontevedra";"11";"Comunidad Autónoma de Galicia";"URBANO";"URBANO"
"061";"VILANOVA DE AROUSA";"36";"Pontevedra";"11";"Comunidad Autónoma de Galicia";"URBANO";"URBANO"
"062";"ILLA DE AROUSA (A)";"36";"Pontevedra";"11";"Comunidad Autónoma de Galicia";"URBANO";"URBANO"
"900";"PONTEVEDRA";"36";"Pontevedra";"11";"Comunidad Autónoma de Galicia";"URBANO";"URBANO"
"001";"ARBO";"36";"Pontevedra";"11";"Comunidad Autónoma de Galicia";"RNC";"RNC"
"002";"BARRO";"36";"Pontevedra";"11";"Comunidad Autónoma de Galicia";"RNC";"RNC"
"003";"BAIONA";"36";"Pontevedra";"11";"Comunidad Autónoma de Galicia";"URBANO";"URBANO"
"004";"BUEU";"36";"Pontevedra";"11";"Comunidad Autónoma de Galicia";"URBANO";"URBANO"
"005";"CALDAS DE REIS";"36";"Pontevedra";"11";"Comunidad Autónoma de Galicia";"URBANO";"URBANO"
"006";"CAMBADOS";"36";"Pontevedra";"11";"Comunidad Autónoma de Galicia";"URBANO";"URBANO"
"007";"CAMPO LAMEIRO";"36";"Pontevedra";"11";"Comunidad Autónoma de Galicia";"RNC";"RNC"
"008";"CANGAS";"36";"Pontevedra";"11";"Comunidad Autónoma de Galicia";"URBANO";"URBANO"
"009";"CAÑIZA (A)";"36";"Pontevedra";"11";"Comunidad Autónoma de Galicia";"RNC";"RNC"
"010";"CATOIRA";"36";"Pontevedra";"11";"Comunidad Autónoma de Galicia";"URBANO";"URBANO"
"011";"CERDEDO";"36";"Pontevedra";"11";"Comunidad Autónoma de Galicia";"RRD";"RRD"
"012";"COTOBADE";"36";"Pontevedra";"11";"Comunidad Autónoma de Galicia";"RRD";"RRD"
"013";"COVELO (O)";"36";"Pontevedra";"11";"Comunidad Autónoma de Galicia";"RNC";"RNC"
"014";"CRECENTE";"36";"Pontevedra";"11";"Comunidad Autónoma de Galicia";"RNC";"RNC"
"015";"CUNTIS";"36";"Pontevedra";"11";"Comunidad Autónoma de Galicia";"RNC";"RNC"
"016";"DOZON";"36";"Pontevedra";"11";"Comunidad Autónoma de Galicia";"RNC";"RNC"
"017";"ESTRADA (A)";"36";"Pontevedra";"11";"Comunidad Autónoma de Galicia";"RNC";"RNC"
"018";"FORCAREI";"36";"Pontevedra";"11";"Comunidad Autónoma de Galicia";"RNC";"RNC"
"019";"FORNELOS DE MONTES";"36";"Pontevedra";"11";"Comunidad Autónoma de Galicia";"RNC";"RNC"
"020";"AGOLADA";"36";"Pontevedra";"11";"Comunidad Autónoma de Galicia";"RNC";"RNC"
"021";"GONDOMAR";"36";"Pontevedra";"11";"Comunidad Autónoma de Galicia";"URBANO";"URBANO"
"022";"GROVE (O)";"36";"Pontevedra";"11";"Comunidad Autónoma de Galicia";"URBANO";"URBANO"
"023";"GUARDA (A)";"36";"Pontevedra";"11";"Comunidad Autónoma de Galicia";"URBANO";"URBANO"
"024";"LALIN";"36";"Pontevedra";"11";"Comunidad Autónoma de Galicia";"RNC";"RNC"
"025";"LAMA (A)";"36";"Pontevedra";"11";"Comunidad Autónoma de Galicia";"RNC";"RNC"
"026";"MARIN";"36";"Pontevedra";"11";"Comunidad Autónoma de Galicia";"URBANO";"URBANO"
"027";"MEAÑO";"36";"Pontevedra";"11";"Comunidad Autónoma de Galicia";"URBANO";"URBANO"
"030";"MONDARIZ";"36";"Pontevedra";"11";"Comunidad Autónoma de Galicia";"RNC";"RNC"
"250";"PERALEJOS DE ABAJO";"37";"Salamanca";"08";"Comunidad Autónoma de Castilla y León";"RRD";"RRGD"
"251";"PERALEJOS DE ARRIBA";"37";"Salamanca";"08";"Comunidad Autónoma de Castilla y León";"RRD";"RRGD"
"252";"PEREÑA DE LA RIBERA";"37";"Salamanca";"08";"Comunidad Autónoma de Castilla y León";"RRD";"RRGD"
"253";"PEROMINGO";"37";"Salamanca";"08";"Comunidad Autónoma de Castilla y León";"RNC";"RNC"
"254";"PINEDAS";"37";"Salamanca";"08";"Comunidad Autónoma de Castilla y León";"RRD";"RRGD"
"255";"PINO DE TORMES (EL)";"37";"Salamanca";"08";"Comunidad Autónoma de Castilla y León";"RRD";"RRGD"
"256";"PITIEGUA";"37";"Salamanca";"08";"Comunidad Autónoma de Castilla y León";"RRD";"RRD"
"152";"GOLPEJAS";"37";"Salamanca";"08";"Comunidad Autónoma de Castilla y León";"RNC";"RNC"
"153";"GOMECELLO";"37";"Salamanca";"08";"Comunidad Autónoma de Castilla y León";"RNC";"RNC"
"155";"GUADRAMIRO";"37";"Salamanca";"08";"Comunidad Autónoma de Castilla y León";"RRD";"RRGD"
"156";"GUIJO DE AVILA";"37";"Salamanca";"08";"Comunidad Autónoma de Castilla y León";"RRD";"RRGD"
"157";"GUIJUELO";"37";"Salamanca";"08";"Comunidad Autónoma de Castilla y León";"RNC";"RNC"
"158";"HERGUIJUELA DE CIUDAD RODRIGO";"37";"Salamanca";"08";"Comunidad Autónoma de Castilla y León";"RRD";"RRGD"
"159";"HERGUIJUELA DE LA SIERRA";"37";"Salamanca";"08";"Comunidad Autónoma de Castilla y León";"RRD";"RRD"
"160";"HERGUIJUELA DEL CAMPO";"37";"Salamanca";"08";"Comunidad Autónoma de Castilla y León";"RRD";"RRGD"
"161";"HINOJOSA DE DUERO";"37";"Salamanca";"08";"Comunidad Autónoma de Castilla y León";"RRD";"RRGD"
"162";"HORCAJO DE MONTEMAYOR";"37";"Salamanca";"08";"Comunidad Autónoma de Castilla y León";"RRD";"RRGD"
"163";"HORCAJO MEDIANERO";"37";"Salamanca";"08";"Comunidad Autónoma de Castilla y León";"RRD";"RRGD"
"164";"HOYA (LA)";"37";"Salamanca";"08";"Comunidad Autónoma de Castilla y León";"RRD";"RRGD"
"165";"HUERTA";"37";"Salamanca";"08";"Comunidad Autónoma de Castilla y León";"RNC";"RNC"
"166";"IRUELOS";"37";"Salamanca";"08";"Comunidad Autónoma de Castilla y León";"RRD";"RRGD"
"167";"ITUERO DE AZABA";"37";"Salamanca";"08";"Comunidad Autónoma de Castilla y León";"RRD";"RRD"
"168";"JUZBADO";"37";"Salamanca";"08";"Comunidad Autónoma de Castilla y León";"RRD";"RRD"
"169";"LAGUNILLA";"37";"Salamanca";"08";"Comunidad Autónoma de Castilla y León";"RRD";"RRD"
"170";"LARRODRIGO";"37";"Salamanca";"08";"Comunidad Autónoma de Castilla y León";"RRD";"RRGD"
"171";"LEDESMA";"37";"Salamanca";"08";"Comunidad Autónoma de Castilla y León";"RRD";"RRD"
"172";"LEDRADA";"37";"Salamanca";"08";"Comunidad Autónoma de Castilla y León";"RNC";"RNC"
"173";"LINARES DE RIOFRIO";"37";"Salamanca";"08";"Comunidad Autónoma de Castilla y León";"RNC";"RNC"
"174";"LUMBRALES";"37";"Salamanca";"08";"Comunidad Autónoma de Castilla y León";"RNC";"RNC"
"175";"MACOTERA";"37";"Salamanca";"08";"Comunidad Autónoma de Castilla y León";"RNC";"RNC"
"176";"MACHACON";"37";"Salamanca";"08";"Comunidad Autónoma de Castilla y León";"RNC";"RNC"
"177";"MADROÑAL";"37";"Salamanca";"08";"Comunidad Autónoma de Castilla y León";"RNC";"RNC"
"178";"MAILLO (EL)";"37";"Salamanca";"08";"Comunidad Autónoma de Castilla y León";"RRD";"RRGD"
"179";"MALPARTIDA";"37";"Salamanca";"08";"Comunidad Autónoma de Castilla y León";"RRD";"RRD"
"180";"MANCERA DE ABAJO";"37";"Salamanca";"08";"Comunidad Autónoma de Castilla y León";"RRD";"RRD"
"181";"MANZANO (EL)";"37";"Salamanca";"08";"Comunidad Autónoma de Castilla y León";"RRD";"RRGD"
"182";"MARTIAGO";"37";"Salamanca";"08";"Comunidad Autónoma de Castilla y León";"RRD";"RRGD"
"183";"MARTINAMOR";"37";"Salamanca";"08";"Comunidad Autónoma de Castilla y León";"RRD";"RRGD"
"184";"MARTIN DE YELTES";"37";"Salamanca";"08";"Comunidad Autónoma de Castilla y León";"RRD";"RRGD"
"185";"MASUECO";"37";"Salamanca";"08";"Comunidad Autónoma de Castilla y León";"RNC";"RNC"
"186";"CASTELLANOS DE VILLIQUERA";"37";"Salamanca";"08";"Comunidad Autónoma de Castilla y León";"RNC";"RNC"
"187";"MATA DE LEDESMA (LA)";"37";"Salamanca";"08";"Comunidad Autónoma de Castilla y León";"RRD";"RRGD"
"188";"MATILLA DE LOS CAÑOS DEL RIO";"37";"Salamanca";"08";"Comunidad Autónoma de Castilla y León";"RRD";"RRD"
"317";"TALA (LA)";"37";"Salamanca";"08";"Comunidad Autónoma de Castilla y León";"RRD";"RRGD"
"318";"TAMAMES";"37";"Salamanca";"08";"Comunidad Autónoma de Castilla y León";"RNC";"RNC"
"319";"TARAZONA DE GUAREÑA";"37";"Salamanca";"08";"Comunidad Autónoma de Castilla y León";"RRD";"RRD"
"320";"TARDAGUILA";"37";"Salamanca";"08";"Comunidad Autónoma de Castilla y León";"RRD";"RRD"
"321";"TEJADO (EL)";"37";"Salamanca";"08";"Comunidad Autónoma de Castilla y León";"RRD";"RRGD"
"323";"TEJEDA Y SEGOYUELA";"37";"Salamanca";"08";"Comunidad Autónoma de Castilla y León";"RRD";"RRGD"
"324";"TENEBRON";"37";"Salamanca";"08";"Comunidad Autónoma de Castilla y León";"RRD";"RRGD"
"189";"MAYA (LA)";"37";"Salamanca";"08";"Comunidad Autónoma de Castilla y León";"RNC";"RNC"
"190";"MEMBRIBE DE LA SIERRA";"37";"Salamanca";"08";"Comunidad Autónoma de Castilla y León";"RRD";"RRGD"
"191";"MIEZA";"37";"Salamanca";"08";"Comunidad Autónoma de Castilla y León";"RRD";"RRGD"
"192";"MILANO (EL)";"37";"Salamanca";"08";"Comunidad Autónoma de Castilla y León";"RRD";"RRGD"
"193";"MIRANDA DE AZAN";"37";"Salamanca";"08";"Comunidad Autónoma de Castilla y León";"RNC";"RNC"
"194";"MIRANDA DEL CASTAÑAR";"37";"Salamanca";"08";"Comunidad Autónoma de Castilla y León";"RNC";"RNC"
"195";"MOGARRAZ";"37";"Salamanca";"08";"Comunidad Autónoma de Castilla y León";"RNC";"RNC"
"196";"MOLINILLO";"37";"Salamanca";"08";"Comunidad Autónoma de Castilla y León";"RRD";"RRGD"
"197";"MONFORTE DE LA SIERRA";"37";"Salamanca";"08";"Comunidad Autónoma de Castilla y León";"RNC";"RNC"
"198";"MONLEON";"37";"Salamanca";"08";"Comunidad Autónoma de Castilla y León";"RRD";"RRGD"
"199";"MONLERAS";"37";"Salamanca";"08";"Comunidad Autónoma de Castilla y León";"RRD";"RRGD"
"200";"MONSAGRO";"37";"Salamanca";"08";"Comunidad Autónoma de Castilla y León";"RRD";"RRGD"
"201";"MONTEJO";"37";"Salamanca";"08";"Comunidad Autónoma de Castilla y León";"RRD";"RRGD"
"202";"MONTEMAYOR DEL RIO";"37";"Salamanca";"08";"Comunidad Autónoma de Castilla y León";"RNC";"RNC"
"203";"MONTERRUBIO DE ARMUÑA";"37";"Salamanca";"08";"Comunidad Autónoma de Castilla y León";"URBANO";"URBANO"
"204";"MONTERRUBIO DE LA SIERRA";"37";"Salamanca";"08";"Comunidad Autónoma de Castilla y León";"RRD";"RRGD"
"205";"MORASVERDES";"37";"Salamanca";"08";"Comunidad Autónoma de Castilla y León";"RRD";"RRGD"
"206";"MORILLE";"37";"Salamanca";"08";"Comunidad Autónoma de Castilla y León";"RRD";"RRD"
"207";"MORIÑIGO";"37";"Salamanca";"08";"Comunidad Autónoma de Castilla y León";"RRD";"RRD"
"208";"MORISCOS";"37";"Salamanca";"08";"Comunidad Autónoma de Castilla y León";"RNC";"RNC"
"209";"MORONTA";"37";"Salamanca";"08";"Comunidad Autónoma de Castilla y León";"RRD";"RRGD"
"210";"MOZARBEZ";"37";"Salamanca";"08";"Comunidad Autónoma de Castilla y León";"RRD";"RRD"
"212";"NARROS DE MATALAYEGUA";"37";"Salamanca";"08";"Comunidad Autónoma de Castilla y León";"RRD";"RRGD"
"213";"NAVACARROS";"37";"Salamanca";"08";"Comunidad Autónoma de Castilla y León";"RRD";"RRD"
"214";"NAVA DE BEJAR";"37";"Salamanca";"08";"Comunidad Autónoma de Castilla y León";"RRD";"RRD"
"215";"NAVA DE FRANCIA";"37";"Salamanca";"08";"Comunidad Autónoma de Castilla y León";"RRD";"RRGD"
"216";"NAVA DE SOTROBAL";"37";"Salamanca";"08";"Comunidad Autónoma de Castilla y León";"RRD";"RRGD"
"217";"NAVALES";"37";"Salamanca";"08";"Comunidad Autónoma de Castilla y León";"RNC";"RNC"
"218";"NAVALMORAL DE BEJAR";"37";"Salamanca";"08";"Comunidad Autónoma de Castilla y León";"RRD";"RRGD"
"219";"NAVAMORALES";"37";"Salamanca";"08";"Comunidad Autónoma de Castilla y León";"RRD";"RRGD"
"220";"NAVARREDONDA DE LA RINCONADA";"37";"Salamanca";"08";"Comunidad Autónoma de Castilla y León";"RNC";"RNC"
"222";"NAVASFRIAS";"37";"Salamanca";"08";"Comunidad Autónoma de Castilla y León";"RRD";"RRGD"
"223";"NEGRILLA DE PALENCIA";"37";"Salamanca";"08";"Comunidad Autónoma de Castilla y León";"RRD";"RRGD"
"224";"OLMEDO DE CAMACES";"37";"Salamanca";"08";"Comunidad Autónoma de Castilla y León";"RRD";"RRGD"
"225";"ORBADA (LA)";"37";"Salamanca";"08";"Comunidad Autónoma de Castilla y León";"RRD";"RRGD"
"226";"PAJARES DE LA LAGUNA";"37";"Salamanca";"08";"Comunidad Autónoma de Castilla y León";"RRD";"RRD"
"227";"PALACIOS DEL ARZOBISPO";"37";"Salamanca";"08";"Comunidad Autónoma de Castilla y León";"RRD";"RRGD"
"229";"PALACIOSRUBIOS";"37";"Salamanca";"08";"Comunidad Autónoma de Castilla y León";"RRD";"RRD"
"230";"PALENCIA DE NEGRILLA";"37";"Salamanca";"08";"Comunidad Autónoma de Castilla y León";"RRD";"RRD"
"232";"PARADA DE ARRIBA";"37";"Salamanca";"08";"Comunidad Autónoma de Castilla y León";"RNC";"RNC"
"233";"PARADA DE RUBIALES";"37";"Salamanca";"08";"Comunidad Autónoma de Castilla y León";"RRD";"RRD"
"234";"PARADINAS DE SAN JUAN";"37";"Salamanca";"08";"Comunidad Autónoma de Castilla y León";"RRD";"RRD"
"235";"PASTORES";"37";"Salamanca";"08";"Comunidad Autónoma de Castilla y León";"RRD";"RRGD"
"236";"PAYO (EL)";"37";"Salamanca";"08";"Comunidad Autónoma de Castilla y León";"RRD";"RRGD"
"237";"PEDRAZA DE ALBA";"37";"Salamanca";"08";"Comunidad Autónoma de Castilla y León";"RRD";"RRD"
"238";"PEDROSILLO DE ALBA";"37";"Salamanca";"08";"Comunidad Autónoma de Castilla y León";"RRD";"RRGD"
"239";"PEDROSILLO DE LOS AIRES";"37";"Salamanca";"08";"Comunidad Autónoma de Castilla y León";"RRD";"RRGD"
"240";"PEDROSILLO EL RALO";"37";"Salamanca";"08";"Comunidad Autónoma de Castilla y León";"RNC";"RNC"
"241";"PEDROSO DE LA ARMUÑA (EL)";"37";"Salamanca";"08";"Comunidad Autónoma de Castilla y León";"RRD";"RRD"
"242";"PELABRAVO";"37";"Salamanca";"08";"Comunidad Autónoma de Castilla y León";"RNC";"RNC"
"243";"PELARRODRIGUEZ";"37";"Salamanca";"08";"Comunidad Autónoma de Castilla y León";"RRD";"RRD"
"244";"PELAYOS";"37";"Salamanca";"08";"Comunidad Autónoma de Castilla y León";"RRD";"RRGD"
"245";"PEÑA (LA)";"37";"Salamanca";"08";"Comunidad Autónoma de Castilla y León";"RRD";"RRGD"
"246";"PEÑACABALLERA";"37";"Salamanca";"08";"Comunidad Autónoma de Castilla y León";"RNC";"RNC"
"247";"PEÑAPARDA";"37";"Salamanca";"08";"Comunidad Autónoma de Castilla y León";"RRD";"RRGD"
"248";"PEÑARANDA DE BRACAMONTE";"37";"Salamanca";"08";"Comunidad Autónoma de Castilla y León";"URBANO";"URBANO"
"249";"PEÑARANDILLA";"37";"Salamanca";"08";"Comunidad Autónoma de Castilla y León";"RNC";"RNC"
"381";"ZAMARRA";"37";"Salamanca";"08";"Comunidad Autónoma de Castilla y León";"RRD";"RRGD"
"382";"ZAMAYON";"37";"Salamanca";"08";"Comunidad Autónoma de Castilla y León";"RRD";"RRGD"
"383";"ZARAPICOS";"37";"Salamanca";"08";"Comunidad Autónoma de Castilla y León";"RRD";"RRGD"
"384";"ZARZA DE PUMAREDA (LA)";"37";"Salamanca";"08";"Comunidad Autónoma de Castilla y León";"RRD";"RRGD"
"385";"ZORITA DE LA FRONTERA";"37";"Salamanca";"08";"Comunidad Autónoma de Castilla y León";"RRD";"RRGD"
"900";"SALAMANCA";"37";"Salamanca";"08";"Comunidad Autónoma de Castilla y León";"URBANO";"URBANO"
"901";"SALAMANCA(Código Antiguo)";"37";"Salamanca";"08";"Comunidad Autónoma de Castilla y León";"URBANO";"URBANO"
"257";"PIZARRAL";"37";"Salamanca";"08";"Comunidad Autónoma de Castilla y León";"RRD";"RRGD"
"258";"POVEDA DE LAS CINTAS";"37";"Salamanca";"08";"Comunidad Autónoma de Castilla y León";"RRD";"RRD"
"259";"POZOS DE HINOJO";"37";"Salamanca";"08";"Comunidad Autónoma de Castilla y León";"RRD";"RRGD"
"260";"PUEBLA DE AZABA";"37";"Salamanca";"08";"Comunidad Autónoma de Castilla y León";"RRD";"RRGD"
"261";"PUEBLA DE SAN MEDEL";"37";"Salamanca";"08";"Comunidad Autónoma de Castilla y León";"RRD";"RRGD"
"262";"PUEBLA DE YELTES";"37";"Salamanca";"08";"Comunidad Autónoma de Castilla y León";"RRD";"RRGD"
"263";"PUENTE DEL CONGOSTO";"37";"Salamanca";"08";"Comunidad Autónoma de Castilla y León";"RRD";"RRGD"
"264";"PUERTAS";"37";"Salamanca";"08";"Comunidad Autónoma de Castilla y León";"RRD";"RRGD"
"265";"PUERTO DE BEJAR";"37";"Salamanca";"08";"Comunidad Autónoma de Castilla y León";"RNC";"RNC"
"266";"PUERTO SEGURO";"37";"Salamanca";"08";"Comunidad Autónoma de Castilla y León";"RRD";"RRGD"
"267";"RAGAMA";"37";"Salamanca";"08";"Comunidad Autónoma de Castilla y León";"RRD";"RRGD"
"268";"REDONDA (LA)";"37";"Salamanca";"08";"Comunidad Autónoma de Castilla y León";"RRD";"RRGD"
"269";"RETORTILLO";"37";"Salamanca";"08";"Comunidad Autónoma de Castilla y León";"RRD";"RRGD"
"270";"RINCONADA DE LA SIERRA (LA)";"37";"Salamanca";"08";"Comunidad Autónoma de Castilla y León";"RRD";"RRD"
"271";"ROBLEDA";"37";"Salamanca";"08";"Comunidad Autónoma de Castilla y León";"RRD";"RRGD"
"272";"ROBLIZA DE COJOS";"37";"Salamanca";"08";"Comunidad Autónoma de Castilla y León";"RRD";"RRD"
"273";"ROLLAN";"37";"Salamanca";"08";"Comunidad Autónoma de Castilla y León";"RNC";"RNC"
"274";"SAELICES EL CHICO";"37";"Salamanca";"08";"Comunidad Autónoma de Castilla y León";"RRD";"RRGD"
"275";"SAGRADA (LA)";"37";"Salamanca";"08";"Comunidad Autónoma de Castilla y León";"RRD";"RRGD"
"277";"SALDEANA";"37";"Salamanca";"08";"Comunidad Autónoma de Castilla y León";"RRD";"RRGD"
"278";"SALMORAL";"37";"Salamanca";"08";"Comunidad Autónoma de Castilla y León";"RRD";"RRGD"
"279";"SALVATIERRA DE TORMES";"37";"Salamanca";"08";"Comunidad Autónoma de Castilla y León";"RRD";"RRGD"
"280";"SAN CRISTOBAL DE LA CUESTA";"37";"Salamanca";"08";"Comunidad Autónoma de Castilla y León";"URBANO";"URBANO"
"281";"SANCTI-SPIRITUS";"37";"Salamanca";"08";"Comunidad Autónoma de Castilla y León";"RRD";"RRGD"
"282";"SANCHON DE LA RIBERA";"37";"Salamanca";"08";"Comunidad Autónoma de Castilla y León";"RRD";"RRGD"
"283";"SANCHON DE LA SAGRADA";"37";"Salamanca";"08";"Comunidad Autónoma de Castilla y León";"RRD";"RRGD"
"284";"SANCHOTELLO";"37";"Salamanca";"08";"Comunidad Autónoma de Castilla y León";"RNC";"RNC"
"285";"SANDO";"37";"Salamanca";"08";"Comunidad Autónoma de Castilla y León";"RRD";"RRGD"
"286";"SAN ESTEBAN DE LA SIERRA";"37";"Salamanca";"08";"Comunidad Autónoma de Castilla y León";"RNC";"RNC"
"287";"SAN FELICES DE LOS GALLEGOS";"37";"Salamanca";"08";"Comunidad Autónoma de Castilla y León";"RRD";"RRGD"
"288";"SAN MARTIN DEL CASTAÑAR";"37";"Salamanca";"08";"Comunidad Autónoma de Castilla y León";"RNC";"RNC"
"289";"SAN MIGUEL DE VALERO";"37";"Salamanca";"08";"Comunidad Autónoma de Castilla y León";"RRD";"RRD"
"290";"SAN MORALES";"37";"Salamanca";"08";"Comunidad Autónoma de Castilla y León";"RNC";"RNC"
"291";"SAN MUÑOZ";"37";"Salamanca";"08";"Comunidad Autónoma de Castilla y León";"RRD";"RRGD"
"292";"SAN PEDRO DEL VALLE";"37";"Salamanca";"08";"Comunidad Autónoma de Castilla y León";"RRD";"RRD"
"293";"SAN PEDRO DE ROZADOS";"37";"Salamanca";"08";"Comunidad Autónoma de Castilla y León";"RRD";"RRGD"
"294";"SAN PELAYO DE GUAREÑA";"37";"Salamanca";"08";"Comunidad Autónoma de Castilla y León";"RRD";"RRGD"
"295";"SANTA MARIA DE SANDO";"37";"Salamanca";"08";"Comunidad Autónoma de Castilla y León";"RRD";"RRD"
"296";"SANTA MARTA DE TORMES";"37";"Salamanca";"08";"Comunidad Autónoma de Castilla y León";"URBANO";"URBANO"
"298";"SANTIAGO DE LA PUEBLA";"37";"Salamanca";"08";"Comunidad Autónoma de Castilla y León";"RRD";"RRGD"
"299";"SANTIBAÑEZ DE BEJAR";"37";"Salamanca";"08";"Comunidad Autónoma de Castilla y León";"RNC";"RNC"
"300";"SANTIBAÑEZ DE LA SIERRA";"37";"Salamanca";"08";"Comunidad Autónoma de Castilla y León";"RNC";"RNC"
"301";"SANTIZ";"37";"Salamanca";"08";"Comunidad Autónoma de Castilla y León";"RRD";"RRD"
"302";"SANTOS (LOS)";"37";"Salamanca";"08";"Comunidad Autónoma de Castilla y León";"RNC";"RNC"
"303";"SARDON DE LOS FRAILES";"37";"Salamanca";"08";"Comunidad Autónoma de Castilla y León";"RRD";"RRGD"
"304";"SAUCELLE";"37";"Salamanca";"08";"Comunidad Autónoma de Castilla y León";"RRD";"RRGD"
"305";"SAHUGO (EL)";"37";"Salamanca";"08";"Comunidad Autónoma de Castilla y León";"RRD";"RRGD"
"306";"SEPULCRO-HILARIO";"37";"Salamanca";"08";"Comunidad Autónoma de Castilla y León";"RRD";"RRGD"
"307";"SEQUEROS";"37";"Salamanca";"08";"Comunidad Autónoma de Castilla y León";"RNC";"RNC"
"308";"SERRADILLA DEL ARROYO";"37";"Salamanca";"08";"Comunidad Autónoma de Castilla y León";"RRD";"RRGD"
"309";"SERRADILLA DEL LLANO";"37";"Salamanca";"08";"Comunidad Autónoma de Castilla y León";"RRD";"RRGD"
"311";"SIERPE (LA)";"37";"Salamanca";"08";"Comunidad Autónoma de Castilla y León";"RRD";"RRGD"
"312";"SIETEIGLESIAS DE TORMES";"37";"Salamanca";"08";"Comunidad Autónoma de Castilla y León";"RNC";"RNC"
"313";"SOBRADILLO";"37";"Salamanca";"08";"Comunidad Autónoma de Castilla y León";"RRD";"RRGD"
"314";"SORIHUELA";"37";"Salamanca";"08";"Comunidad Autónoma de Castilla y León";"RNC";"RNC"
"315";"SOTOSERRANO";"37";"Salamanca";"08";"Comunidad Autónoma de Castilla y León";"RRD";"RRD"
"316";"TABERA DE ABAJO";"37";"Salamanca";"08";"Comunidad Autónoma de Castilla y León";"RRD";"RRGD"
"022";"ALDEASECA DE LA FRONTERA";"37";"Salamanca";"08";"Comunidad Autónoma de Castilla y León";"RRD";"RRD"
"023";"ALDEATEJADA";"37";"Salamanca";"08";"Comunidad Autónoma de Castilla y León";"RNC";"RNC"
"024";"ALDEAVIEJA DE TORMES";"37";"Salamanca";"08";"Comunidad Autónoma de Castilla y León";"RRD";"RRGD"
"025";"ALDEHUELA DE LA BOVEDA";"37";"Salamanca";"08";"Comunidad Autónoma de Castilla y León";"RRD";"RRGD"
"026";"ALDEHUELA DE YELTES";"37";"Salamanca";"08";"Comunidad Autónoma de Castilla y León";"RRD";"RRGD"
"027";"ALMENARA DE TORMES";"37";"Salamanca";"08";"Comunidad Autónoma de Castilla y León";"RNC";"RNC"
"028";"ALMENDRA";"37";"Salamanca";"08";"Comunidad Autónoma de Castilla y León";"RRD";"RRGD"
"029";"ANAYA DE ALBA";"37";"Salamanca";"08";"Comunidad Autónoma de Castilla y León";"RRD";"RRGD"
"030";"AÑOVER DE TORMES";"37";"Salamanca";"08";"Comunidad Autónoma de Castilla y León";"RRD";"RRGD"
"325";"TERRADILLOS";"37";"Salamanca";"08";"Comunidad Autónoma de Castilla y León";"RNC";"RNC"
"326";"TOPAS";"37";"Salamanca";"08";"Comunidad Autónoma de Castilla y León";"RRD";"RRGD"
"327";"TORDILLOS";"37";"Salamanca";"08";"Comunidad Autónoma de Castilla y León";"RNC";"RNC"
"328";"TORNADIZO (EL)";"37";"Salamanca";"08";"Comunidad Autónoma de Castilla y León";"RRD";"RRD"
"330";"TORRESMENUDAS";"37";"Salamanca";"08";"Comunidad Autónoma de Castilla y León";"RNC";"RNC"
"331";"TRABANCA";"37";"Salamanca";"08";"Comunidad Autónoma de Castilla y León";"RRD";"RRGD"
"332";"TREMEDAL DE TORMES";"37";"Salamanca";"08";"Comunidad Autónoma de Castilla y León";"RRD";"RRGD"
"333";"VALDECARROS";"37";"Salamanca";"08";"Comunidad Autónoma de Castilla y León";"RNC";"RNC"
"334";"VALDEFUENTES DE SANGUSIN";"37";"Salamanca";"08";"Comunidad Autónoma de Castilla y León";"RRD";"RRGD"
"335";"VALDEHIJADEROS";"37";"Salamanca";"08";"Comunidad Autónoma de Castilla y León";"RRD";"RRGD"
"336";"VALDELACASA";"37";"Salamanca";"08";"Comunidad Autónoma de Castilla y León";"RNC";"RNC"
"337";"VALDELAGEVE";"37";"Salamanca";"08";"Comunidad Autónoma de Castilla y León";"RRD";"RRGD"
"338";"VALDELOSA";"37";"Salamanca";"08";"Comunidad Autónoma de Castilla y León";"RRD";"RRGD"
"339";"VALDEMIERQUE";"37";"Salamanca";"08";"Comunidad Autónoma de Castilla y León";"RRD";"RRGD"
"340";"VALDERRODRIGO";"37";"Salamanca";"08";"Comunidad Autónoma de Castilla y León";"RRD";"RRGD"
"341";"VALDUNCIEL";"37";"Salamanca";"08";"Comunidad Autónoma de Castilla y León";"RRD";"RRGD"
"342";"VALERO";"37";"Salamanca";"08";"Comunidad Autónoma de Castilla y León";"RNC";"RNC"
"343";"VALSALABROSO";"37";"Salamanca";"08";"Comunidad Autónoma de Castilla y León";"RRD";"RRGD"
"344";"VALVERDE DE VALDELACASA";"37";"Salamanca";"08";"Comunidad Autónoma de Castilla y León";"RRD";"RRD"
"345";"VALVERDON";"37";"Salamanca";"08";"Comunidad Autónoma de Castilla y León";"RNC";"RNC"
"346";"VALLEJERA DE RIOFRIO";"37";"Salamanca";"08";"Comunidad Autónoma de Castilla y León";"RRD";"RRD"
"347";"VECINOS";"37";"Salamanca";"08";"Comunidad Autónoma de Castilla y León";"RRD";"RRGD"
"348";"VEGA DE TIRADOS";"37";"Salamanca";"08";"Comunidad Autónoma de Castilla y León";"RRD";"RRGD"
"349";"VEGUILLAS (LAS)";"37";"Salamanca";"08";"Comunidad Autónoma de Castilla y León";"RRD";"RRGD"
"350";"VELLES (LA)";"37";"Salamanca";"08";"Comunidad Autónoma de Castilla y León";"RNC";"RNC"
"351";"VENTOSA DEL RIO ALMAR";"37";"Salamanca";"08";"Comunidad Autónoma de Castilla y León";"RRD";"RRGD"
"352";"VIDOLA (LA)";"37";"Salamanca";"08";"Comunidad Autónoma de Castilla y León";"RRD";"RRGD"
"353";"VILVESTRE";"37";"Salamanca";"08";"Comunidad Autónoma de Castilla y León";"RRD";"RRD"
"354";"VILLAFLORES";"37";"Salamanca";"08";"Comunidad Autónoma de Castilla y León";"RRD";"RRGD"
"355";"VILLAGONZALO DE TORMES";"37";"Salamanca";"08";"Comunidad Autónoma de Castilla y León";"RRD";"RRD"
"356";"VILLALBA DE LOS LLANOS";"37";"Salamanca";"08";"Comunidad Autónoma de Castilla y León";"RRD";"RRGD"
"357";"VILLAMAYOR";"37";"Salamanca";"08";"Comunidad Autónoma de Castilla y León";"URBANO";"URBANO"
"358";"VILLANUEVA DEL CONDE";"37";"Salamanca";"08";"Comunidad Autónoma de Castilla y León";"RRD";"RRD"
"359";"VILLAR DE ARGAÑAN";"37";"Salamanca";"08";"Comunidad Autónoma de Castilla y León";"RRD";"RRGD"
"360";"VILLAR DE CIERVO";"37";"Salamanca";"08";"Comunidad Autónoma de Castilla y León";"RRD";"RRGD"
"361";"VILLAR DE GALLIMAZO";"37";"Salamanca";"08";"Comunidad Autónoma de Castilla y León";"RRD";"RRGD"
"362";"VILLAR DE LA YEGUA";"37";"Salamanca";"08";"Comunidad Autónoma de Castilla y León";"RRD";"RRGD"
"363";"VILLAR DE PERALONSO";"37";"Salamanca";"08";"Comunidad Autónoma de Castilla y León";"RRD";"RRGD"
"364";"VILLAR DE SAMANIEGO";"37";"Salamanca";"08";"Comunidad Autónoma de Castilla y León";"RRD";"RRGD"
"365";"VILLARES DE LA REINA";"37";"Salamanca";"08";"Comunidad Autónoma de Castilla y León";"URBANO";"URBANO"
"366";"VILLARES DE YELTES";"37";"Salamanca";"08";"Comunidad Autónoma de Castilla y León";"RRD";"RRGD"
"367";"VILLARINO DE LOS AIRES";"37";"Salamanca";"08";"Comunidad Autónoma de Castilla y León";"RRD";"RRGD"
"368";"VILLARMAYOR";"37";"Salamanca";"08";"Comunidad Autónoma de Castilla y León";"RRD";"RRGD"
"369";"VILLARMUERTO";"37";"Salamanca";"08";"Comunidad Autónoma de Castilla y León";"RRD";"RRGD"
"370";"VILLASBUENAS";"37";"Salamanca";"08";"Comunidad Autónoma de Castilla y León";"RRD";"RRGD"
"371";"VILLASDARDO";"37";"Salamanca";"08";"Comunidad Autónoma de Castilla y León";"RRD";"RRGD"
"372";"VILLASECO DE LOS GAMITOS";"37";"Salamanca";"08";"Comunidad Autónoma de Castilla y León";"RRD";"RRD"
"373";"VILLASECO DE LOS REYES";"37";"Salamanca";"08";"Comunidad Autónoma de Castilla y León";"RRD";"RRGD"
"374";"VILLASRUBIAS";"37";"Salamanca";"08";"Comunidad Autónoma de Castilla y León";"RRD";"RRGD"
"375";"VILLAVERDE DE GUAREÑA";"37";"Salamanca";"08";"Comunidad Autónoma de Castilla y León";"RRD";"RRD"
"376";"VILLAVIEJA DE YELTES";"37";"Salamanca";"08";"Comunidad Autónoma de Castilla y León";"RNC";"RNC"
"377";"VILLORIA";"37";"Salamanca";"08";"Comunidad Autónoma de Castilla y León";"RNC";"RNC"
"378";"VILLORUELA";"37";"Salamanca";"08";"Comunidad Autónoma de Castilla y León";"RNC";"RNC"
"379";"VITIGUDINO";"37";"Salamanca";"08";"Comunidad Autónoma de Castilla y León";"RNC";"RNC"
"380";"YECLA DE YELTES";"37";"Salamanca";"08";"Comunidad Autónoma de Castilla y León";"RRD";"RRGD"
"055";"BOGAJO";"37";"Salamanca";"08";"Comunidad Autónoma de Castilla y León";"RRD";"RRGD"
"056";"BOUZA (LA)";"37";"Salamanca";"08";"Comunidad Autónoma de Castilla y León";"RRD";"RRGD"
"057";"BOVEDA DEL RIO ALMAR";"37";"Salamanca";"08";"Comunidad Autónoma de Castilla y León";"RRD";"RRD"
"058";"BRINCONES";"37";"Salamanca";"08";"Comunidad Autónoma de Castilla y León";"RRD";"RRGD"
"059";"BUENAMADRE";"37";"Salamanca";"08";"Comunidad Autónoma de Castilla y León";"RRD";"RRGD"
"060";"BUENAVISTA";"37";"Salamanca";"08";"Comunidad Autónoma de Castilla y León";"RNC";"RNC"
"061";"CABACO (EL)";"37";"Salamanca";"08";"Comunidad Autónoma de Castilla y León";"RRD";"RRGD"
"062";"CABEZABELLOSA DE LA CALZADA";"37";"Salamanca";"08";"Comunidad Autónoma de Castilla y León";"RRD";"RRD"
"063";"CABEZA DE BEJAR (LA)";"37";"Salamanca";"08";"Comunidad Autónoma de Castilla y León";"RRD";"RRGD"
"065";"CABEZA DEL CABALLO";"37";"Salamanca";"08";"Comunidad Autónoma de Castilla y León";"RRD";"RRGD"
"067";"CABRERIZOS";"37";"Salamanca";"08";"Comunidad Autónoma de Castilla y León";"URBANO";"URBANO"
"068";"CABRILLAS";"37";"Salamanca";"08";"Comunidad Autónoma de Castilla y León";"RNC";"RNC"
"069";"CALVARRASA DE ABAJO";"37";"Salamanca";"08";"Comunidad Autónoma de Castilla y León";"RNC";"RNC"
"070";"CALVARRASA DE ARRIBA";"37";"Salamanca";"08";"Comunidad Autónoma de Castilla y León";"RNC";"RNC"
"071";"CALZADA DE BEJAR (LA)";"37";"Salamanca";"08";"Comunidad Autónoma de Castilla y León";"RRD";"RRD"
"072";"CALZADA DE DON DIEGO";"37";"Salamanca";"08";"Comunidad Autónoma de Castilla y León";"RRD";"RRGD"
"073";"CALZADA DE VALDUNCIEL";"37";"Salamanca";"08";"Comunidad Autónoma de Castilla y León";"RNC";"RNC"
"074";"CAMPILLO DE AZABA";"37";"Salamanca";"08";"Comunidad Autónoma de Castilla y León";"RRD";"RRGD"
"077";"CAMPO DE PEÑARANDA (EL)";"37";"Salamanca";"08";"Comunidad Autónoma de Castilla y León";"RRD";"RRGD"
"078";"CANDELARIO";"37";"Salamanca";"08";"Comunidad Autónoma de Castilla y León";"RNC";"RNC"
"079";"CANILLAS DE ABAJO";"37";"Salamanca";"08";"Comunidad Autónoma de Castilla y León";"RRD";"RRGD"
"080";"CANTAGALLO";"37";"Salamanca";"08";"Comunidad Autónoma de Castilla y León";"RNC";"RNC"
"081";"CANTALAPIEDRA";"37";"Salamanca";"08";"Comunidad Autónoma de Castilla y León";"RNC";"RNC"
"082";"CANTALPINO";"37";"Salamanca";"08";"Comunidad Autónoma de Castilla y León";"RRD";"RRD"
"083";"CANTARACILLO";"37";"Salamanca";"08";"Comunidad Autónoma de Castilla y León";"RRD";"RRGD"
"085";"CARBAJOSA DE LA SAGRADA";"37";"Salamanca";"08";"Comunidad Autónoma de Castilla y León";"URBANO";"URBANO"
"086";"CARPIO DE AZABA";"37";"Salamanca";"08";"Comunidad Autónoma de Castilla y León";"RRD";"RRGD"
"087";"CARRASCAL DE BARREGAS";"37";"Salamanca";"08";"Comunidad Autónoma de Castilla y León";"RNC";"RNC"
"088";"CARRASCAL DEL OBISPO";"37";"Salamanca";"08";"Comunidad Autónoma de Castilla y León";"RRD";"RRGD"
"089";"CASAFRANCA";"37";"Salamanca";"08";"Comunidad Autónoma de Castilla y León";"RRD";"RRGD"
"090";"CASAS DEL CONDE (LAS)";"37";"Salamanca";"08";"Comunidad Autónoma de Castilla y León";"RNC";"RNC"
"091";"CASILLAS DE FLORES";"37";"Salamanca";"08";"Comunidad Autónoma de Castilla y León";"RRD";"RRGD"
"092";"CASTELLANOS DE MORISCOS";"37";"Salamanca";"08";"Comunidad Autónoma de Castilla y León";"URBANO";"URBANO"
"096";"CASTILLEJO DE MARTIN VIEJO";"37";"Salamanca";"08";"Comunidad Autónoma de Castilla y León";"RRD";"RRGD"
"097";"CASTRAZ";"37";"Salamanca";"08";"Comunidad Autónoma de Castilla y León";"RRD";"RRGD"
"098";"CEPEDA";"37";"Salamanca";"08";"Comunidad Autónoma de Castilla y León";"RNC";"RNC"
"099";"CERECEDA DE LA SIERRA";"37";"Salamanca";"08";"Comunidad Autónoma de Castilla y León";"RRD";"RRGD"
"100";"CEREZAL DE PEÑAHORCADA";"37";"Salamanca";"08";"Comunidad Autónoma de Castilla y León";"RRD";"RRGD"
"101";"CERRALBO";"37";"Salamanca";"08";"Comunidad Autónoma de Castilla y León";"RRD";"RRGD"
"102";"CERRO (EL)";"37";"Salamanca";"08";"Comunidad Autónoma de Castilla y León";"RNC";"RNC"
"103";"CESPEDOSA DE TORMES";"37";"Salamanca";"08";"Comunidad Autónoma de Castilla y León";"RRD";"RRD"
"104";"CILLEROS DE LA BASTIDA";"37";"Salamanca";"08";"Comunidad Autónoma de Castilla y León";"RRD";"RRGD"
"106";"CIPEREZ";"37";"Salamanca";"08";"Comunidad Autónoma de Castilla y León";"RRD";"RRGD"
"001";"ABUSEJO";"37";"Salamanca";"08";"Comunidad Autónoma de Castilla y León";"RRD";"RRD"
"002";"AGALLAS";"37";"Salamanca";"08";"Comunidad Autónoma de Castilla y León";"RRD";"RRGD"
"003";"AHIGAL DE LOS ACEITEROS";"37";"Salamanca";"08";"Comunidad Autónoma de Castilla y León";"RRD";"RRGD"
"004";"AHIGAL DE VILLARINO";"37";"Salamanca";"08";"Comunidad Autónoma de Castilla y León";"RRD";"RRGD"
"005";"ALAMEDA DE GARDON (LA)";"37";"Salamanca";"08";"Comunidad Autónoma de Castilla y León";"RRD";"RRGD"
"006";"ALAMEDILLA (LA)";"37";"Salamanca";"08";"Comunidad Autónoma de Castilla y León";"RRD";"RRGD"
"007";"ALARAZ";"37";"Salamanca";"08";"Comunidad Autónoma de Castilla y León";"RRD";"RRD"
"008";"ALBA DE TORMES";"37";"Salamanca";"08";"Comunidad Autónoma de Castilla y León";"URBANO";"URBANO"
"009";"ALBA DE YELTES";"37";"Salamanca";"08";"Comunidad Autónoma de Castilla y León";"RRD";"RRD"
"010";"ALBERCA (LA)";"37";"Salamanca";"08";"Comunidad Autónoma de Castilla y León";"RNC";"RNC"
"011";"ALBERGUERIA DE ARGAÑAN (LA)";"37";"Salamanca";"08";"Comunidad Autónoma de Castilla y León";"RRD";"RRGD"
"012";"ALCONADA";"37";"Salamanca";"08";"Comunidad Autónoma de Castilla y León";"RRD";"RRGD"
"013";"ALDEACIPRESTE";"37";"Salamanca";"08";"Comunidad Autónoma de Castilla y León";"RRD";"RRGD"
"014";"ALDEADAVILA DE LA RIBERA";"37";"Salamanca";"08";"Comunidad Autónoma de Castilla y León";"RNC";"RNC"
"015";"ALDEA DEL OBISPO";"37";"Salamanca";"08";"Comunidad Autónoma de Castilla y León";"RRD";"RRGD"
"016";"ALDEALENGUA";"37";"Salamanca";"08";"Comunidad Autónoma de Castilla y León";"URBANO";"URBANO"
"017";"ALDEANUEVA DE FIGUEROA";"37";"Salamanca";"08";"Comunidad Autónoma de Castilla y León";"RRD";"RRGD"
"018";"ALDEANUEVA DE LA SIERRA";"37";"Salamanca";"08";"Comunidad Autónoma de Castilla y León";"RRD";"RRGD"
"019";"ALDEARRODRIGO";"37";"Salamanca";"08";"Comunidad Autónoma de Castilla y León";"RNC";"RNC"
"020";"ALDEARRUBIA";"37";"Salamanca";"08";"Comunidad Autónoma de Castilla y León";"RNC";"RNC"
"021";"ALDEASECA DE ALBA";"37";"Salamanca";"08";"Comunidad Autónoma de Castilla y León";"RRD";"RRGD"
"107";"CIUDAD RODRIGO";"37";"Salamanca";"08";"Comunidad Autónoma de Castilla y León";"RNC";"RNC"
"108";"COCA DE ALBA";"37";"Salamanca";"08";"Comunidad Autónoma de Castilla y León";"RRD";"RRD"
"109";"COLMENAR DE MONTEMAYOR";"37";"Salamanca";"08";"Comunidad Autónoma de Castilla y León";"RRD";"RRGD"
"110";"CORDOVILLA";"37";"Salamanca";"08";"Comunidad Autónoma de Castilla y León";"RRD";"RRGD"
"112";"CRISTOBAL";"37";"Salamanca";"08";"Comunidad Autónoma de Castilla y León";"RRD";"RRGD"
"113";"CUBO DE DON SANCHO (EL)";"37";"Salamanca";"08";"Comunidad Autónoma de Castilla y León";"RRD";"RRGD"
"114";"CHAGARCIA MEDIANERO";"37";"Salamanca";"08";"Comunidad Autónoma de Castilla y León";"RRD";"RRGD"
"115";"DIOS LE GUARDE";"37";"Salamanca";"08";"Comunidad Autónoma de Castilla y León";"RRD";"RRGD"
"116";"DOÑINOS DE LEDESMA";"37";"Salamanca";"08";"Comunidad Autónoma de Castilla y León";"RRD";"RRGD"
"117";"DOÑINOS DE SALAMANCA";"37";"Salamanca";"08";"Comunidad Autónoma de Castilla y León";"URBANO";"URBANO"
"118";"EJEME";"37";"Salamanca";"08";"Comunidad Autónoma de Castilla y León";"RRD";"RRGD"
"119";"ENCINA (LA)";"37";"Salamanca";"08";"Comunidad Autónoma de Castilla y León";"RRD";"RRGD"
"120";"ENCINA DE SAN SILVESTRE";"37";"Salamanca";"08";"Comunidad Autónoma de Castilla y León";"RRD";"RRGD"
"121";"ENCINAS DE ABAJO";"37";"Salamanca";"08";"Comunidad Autónoma de Castilla y León";"RNC";"RNC"
"122";"ENCINAS DE ARRIBA";"37";"Salamanca";"08";"Comunidad Autónoma de Castilla y León";"RNC";"RNC"
"123";"ENCINASOLA DE LOS COMENDADORES";"37";"Salamanca";"08";"Comunidad Autónoma de Castilla y León";"RRD";"RRGD"
"124";"ENDRINAL";"37";"Salamanca";"08";"Comunidad Autónoma de Castilla y León";"RRD";"RRGD"
"125";"ESCURIAL DE LA SIERRA";"37";"Salamanca";"08";"Comunidad Autónoma de Castilla y León";"RRD";"RRD"
"126";"ESPADAÑA";"37";"Salamanca";"08";"Comunidad Autónoma de Castilla y León";"RRD";"RRGD"
"127";"ESPEJA";"37";"Salamanca";"08";"Comunidad Autónoma de Castilla y León";"RRD";"RRGD"
"128";"ESPINO DE LA ORBADA";"37";"Salamanca";"08";"Comunidad Autónoma de Castilla y León";"RRD";"RRD"
"129";"FLORIDA DE LIEBANA";"37";"Salamanca";"08";"Comunidad Autónoma de Castilla y León";"RNC";"RNC"
"130";"FORFOLEDA";"37";"Salamanca";"08";"Comunidad Autónoma de Castilla y León";"RRD";"RRGD"
"131";"FRADES DE LA SIERRA";"37";"Salamanca";"08";"Comunidad Autónoma de Castilla y León";"RRD";"RRGD"
"132";"FREGENEDA (LA)";"37";"Salamanca";"08";"Comunidad Autónoma de Castilla y León";"RRD";"RRD"
"133";"FRESNEDOSO";"37";"Salamanca";"08";"Comunidad Autónoma de Castilla y León";"RNC";"RNC"
"134";"FRESNO ALHANDIGA";"37";"Salamanca";"08";"Comunidad Autónoma de Castilla y León";"RNC";"RNC"
"135";"FUENTE DE SAN ESTEBAN (LA)";"37";"Salamanca";"08";"Comunidad Autónoma de Castilla y León";"RNC";"RNC"
"136";"FUENTEGUINALDO";"37";"Salamanca";"08";"Comunidad Autónoma de Castilla y León";"RRD";"RRGD"
"137";"FUENTELIANTE";"37";"Salamanca";"08";"Comunidad Autónoma de Castilla y León";"RRD";"RRGD"
"138";"FUENTERROBLE DE SALVATIERRA";"37";"Salamanca";"08";"Comunidad Autónoma de Castilla y León";"RRD";"RRD"
"139";"FUENTES DE BEJAR";"37";"Salamanca";"08";"Comunidad Autónoma de Castilla y León";"RNC";"RNC"
"140";"FUENTES DE OÑORO";"37";"Salamanca";"08";"Comunidad Autónoma de Castilla y León";"RNC";"RNC"
"141";"GAJATES";"37";"Salamanca";"08";"Comunidad Autónoma de Castilla y León";"RRD";"RRGD"
"142";"GALINDO Y PERAHUY";"37";"Salamanca";"08";"Comunidad Autónoma de Castilla y León";"RNC";"RNC"
"143";"GALINDUSTE";"37";"Salamanca";"08";"Comunidad Autónoma de Castilla y León";"RNC";"RNC"
"144";"GALISANCHO";"37";"Salamanca";"08";"Comunidad Autónoma de Castilla y León";"RNC";"RNC"
"145";"GALLEGOS DE ARGAÑAN";"37";"Salamanca";"08";"Comunidad Autónoma de Castilla y León";"RRD";"RRGD"
"146";"GALLEGOS DE SOLMIRON";"37";"Salamanca";"08";"Comunidad Autónoma de Castilla y León";"RRD";"RRGD"
"147";"GARCIBUEY";"37";"Salamanca";"08";"Comunidad Autónoma de Castilla y León";"RNC";"RNC"
"148";"GARCIHERNANDEZ";"37";"Salamanca";"08";"Comunidad Autónoma de Castilla y León";"RRD";"RRD"
"149";"GARCIRREY";"37";"Salamanca";"08";"Comunidad Autónoma de Castilla y León";"RRD";"RRGD"
"151";"GEJUELO DEL BARRO";"37";"Salamanca";"08";"Comunidad Autónoma de Castilla y León";"RRD";"RRGD"
"031";"ARABAYONA DE MOGICA";"37";"Salamanca";"08";"Comunidad Autónoma de Castilla y León";"RNC";"RNC"
"032";"ARAPILES";"37";"Salamanca";"08";"Comunidad Autónoma de Castilla y León";"RNC";"RNC"
"033";"ARCEDIANO";"37";"Salamanca";"08";"Comunidad Autónoma de Castilla y León";"RRD";"RRD"
"034";"ARCO (EL)";"37";"Salamanca";"08";"Comunidad Autónoma de Castilla y León";"RRD";"RRD"
"035";"ARMENTEROS";"37";"Salamanca";"08";"Comunidad Autónoma de Castilla y León";"RRD";"RRGD"
"036";"SAN MIGUEL DEL ROBLEDO";"37";"Salamanca";"08";"Comunidad Autónoma de Castilla y León";"RRD";"RRGD"
"037";"ATALAYA (LA)";"37";"Salamanca";"08";"Comunidad Autónoma de Castilla y León";"RRD";"RRGD"
"038";"BABILAFUENTE";"37";"Salamanca";"08";"Comunidad Autónoma de Castilla y León";"RNC";"RNC"
"039";"BAÑOBAREZ";"37";"Salamanca";"08";"Comunidad Autónoma de Castilla y León";"RRD";"RRGD"
"040";"BARBADILLO";"37";"Salamanca";"08";"Comunidad Autónoma de Castilla y León";"RRD";"RRD"
"041";"BARBALOS";"37";"Salamanca";"08";"Comunidad Autónoma de Castilla y León";"RRD";"RRGD"
"042";"BARCEO";"37";"Salamanca";"08";"Comunidad Autónoma de Castilla y León";"RRD";"RRGD"
"044";"BARRUECOPARDO";"37";"Salamanca";"08";"Comunidad Autónoma de Castilla y León";"RRD";"RRD"
"045";"BASTIDA (LA)";"37";"Salamanca";"08";"Comunidad Autónoma de Castilla y León";"RRD";"RRGD"
"046";"BEJAR";"37";"Salamanca";"08";"Comunidad Autónoma de Castilla y León";"URBANO";"URBANO"
"047";"BELEÑA";"37";"Salamanca";"08";"Comunidad Autónoma de Castilla y León";"RRD";"RRD"
"049";"BERMELLAR";"37";"Salamanca";"08";"Comunidad Autónoma de Castilla y León";"RRD";"RRGD"
"050";"BERROCAL DE HUEBRA";"37";"Salamanca";"08";"Comunidad Autónoma de Castilla y León";"RRD";"RRGD"
"051";"BERROCAL DE SALVATIERRA";"37";"Salamanca";"08";"Comunidad Autónoma de Castilla y León";"RRD";"RRGD"
"052";"BOADA";"37";"Salamanca";"08";"Comunidad Autónoma de Castilla y León";"RRD";"RRD"
"054";"BODON (EL)";"37";"Salamanca";"08";"Comunidad Autónoma de Castilla y León";"RRD";"RRGD"
"003";"ALAJERÓ";"38";"Santa Cruz de Tenerife";"05";"Comunidad Autónoma de Canarias";"RNC";"RNC"
"002";"AGULO";"38";"Santa Cruz de Tenerife";"05";"Comunidad Autónoma de Canarias";"RNC";"RNC"
"005";"ARICO";"38";"Santa Cruz de Tenerife";"05";"Comunidad Autónoma de Canarias";"RNC";"RNC"
"006";"ARONA";"38";"Santa Cruz de Tenerife";"05";"Comunidad Autónoma de Canarias";"URBANO";"URBANO"
"007";"BARLOVENTO";"38";"Santa Cruz de Tenerife";"05";"Comunidad Autónoma de Canarias";"RNC";"RNC"
"008";"BREÑA ALTA";"38";"Santa Cruz de Tenerife";"05";"Comunidad Autónoma de Canarias";"URBANO";"URBANO"
"009";"BREÑA BAJA";"38";"Santa Cruz de Tenerife";"05";"Comunidad Autónoma de Canarias";"URBANO";"URBANO"
"010";"BUENAVISTA DEL NORTE";"38";"Santa Cruz de Tenerife";"05";"Comunidad Autónoma de Canarias";"RNC";"RNC"
"011";"CANDELARIA";"38";"Santa Cruz de Tenerife";"05";"Comunidad Autónoma de Canarias";"URBANO";"URBANO"
"012";"FASNIA";"38";"Santa Cruz de Tenerife";"05";"Comunidad Autónoma de Canarias";"RNC";"RNC"
"013";"FRONTERA";"38";"Santa Cruz de Tenerife";"05";"Comunidad Autónoma de Canarias";"RNC";"RNC"
"014";"FUENCALIENTE DE LA PALMA";"38";"Santa Cruz de Tenerife";"05";"Comunidad Autónoma de Canarias";"RNC";"RNC"
"015";"GARACHICO";"38";"Santa Cruz de Tenerife";"05";"Comunidad Autónoma de Canarias";"URBANO";"URBANO"
"016";"GARAFÍA";"38";"Santa Cruz de Tenerife";"05";"Comunidad Autónoma de Canarias";"RNC";"RNC"
"017";"GRANADILLA DE ABONA";"38";"Santa Cruz de Tenerife";"05";"Comunidad Autónoma de Canarias";"URBANO";"URBANO"
"018";"LA GUANCHA";"38";"Santa Cruz de Tenerife";"05";"Comunidad Autónoma de Canarias";"URBANO";"URBANO"
"019";"GUIA DE ISORA";"38";"Santa Cruz de Tenerife";"05";"Comunidad Autónoma de Canarias";"URBANO";"URBANO"
"020";"GÜÍMAR";"38";"Santa Cruz de Tenerife";"05";"Comunidad Autónoma de Canarias";"URBANO";"URBANO"
"021";"HERMIGUA";"38";"Santa Cruz de Tenerife";"05";"Comunidad Autónoma de Canarias";"RNC";"RNC"
"022";"ICOD DE LOS VINOS";"38";"Santa Cruz de Tenerife";"05";"Comunidad Autónoma de Canarias";"URBANO";"URBANO"
"023";"LA LAGUNA";"38";"Santa Cruz de Tenerife";"05";"Comunidad Autónoma de Canarias";"URBANO";"URBANO"
"024";"LOS LLANOS DE ARIDANE";"38";"Santa Cruz de Tenerife";"05";"Comunidad Autónoma de Canarias";"URBANO";"URBANO"
"025";"LA MATANZA DE ACENTEJO";"38";"Santa Cruz de Tenerife";"05";"Comunidad Autónoma de Canarias";"URBANO";"URBANO"
"026";"LA OROTAVA";"38";"Santa Cruz de Tenerife";"05";"Comunidad Autónoma de Canarias";"URBANO";"URBANO"
"027";"EL PASO";"38";"Santa Cruz de Tenerife";"05";"Comunidad Autónoma de Canarias";"RNC";"RNC"
"028";"PUERTO DE LA CRUZ";"38";"Santa Cruz de Tenerife";"05";"Comunidad Autónoma de Canarias";"URBANO";"URBANO"
"029";"PUNTAGORDA";"38";"Santa Cruz de Tenerife";"05";"Comunidad Autónoma de Canarias";"RNC";"RNC"
"030";"PUNTALLANA";"38";"Santa Cruz de Tenerife";"05";"Comunidad Autónoma de Canarias";"RNC";"RNC"
"031";"LOS REALEJOS";"38";"Santa Cruz de Tenerife";"05";"Comunidad Autónoma de Canarias";"URBANO";"URBANO"
"032";"EL ROSARIO";"38";"Santa Cruz de Tenerife";"05";"Comunidad Autónoma de Canarias";"URBANO";"URBANO"
"033";"SAN ANDRÉS Y SAUCES";"38";"Santa Cruz de Tenerife";"05";"Comunidad Autónoma de Canarias";"RNC";"RNC"
"034";"SAN JUAN DE LA RAMBLA";"38";"Santa Cruz de Tenerife";"05";"Comunidad Autónoma de Canarias";"URBANO";"URBANO"
"035";"SAN MIGUEL";"38";"Santa Cruz de Tenerife";"05";"Comunidad Autónoma de Canarias";"URBANO";"URBANO"
"036";"SAN SEBASTIÁN DE LA GOMERA";"38";"Santa Cruz de Tenerife";"05";"Comunidad Autónoma de Canarias";"RNC";"RNC"
"037";"SANTA CRUZ DE LA PALMA";"38";"Santa Cruz de Tenerife";"05";"Comunidad Autónoma de Canarias";"URBANO";"URBANO"
"038";"SANTA CRUZ DE TENERIFE(Código Antiguo)";"38";"Santa Cruz de Tenerife";"05";"Comunidad Autónoma de Canarias";"URBANO";"URBANO"
"039";"SANTA ÚRSULA";"38";"Santa Cruz de Tenerife";"05";"Comunidad Autónoma de Canarias";"URBANO";"URBANO"
"040";"SANTIAGO DEL TEIDE";"38";"Santa Cruz de Tenerife";"05";"Comunidad Autónoma de Canarias";"URBANO";"URBANO"
"041";"EL SAUZAL";"38";"Santa Cruz de Tenerife";"05";"Comunidad Autónoma de Canarias";"URBANO";"URBANO"
"042";"LOS SILOS";"38";"Santa Cruz de Tenerife";"05";"Comunidad Autónoma de Canarias";"URBANO";"URBANO"
"043";"TACORONTE";"38";"Santa Cruz de Tenerife";"05";"Comunidad Autónoma de Canarias";"URBANO";"URBANO"
"044";"EL TANQUE";"38";"Santa Cruz de Tenerife";"05";"Comunidad Autónoma de Canarias";"URBANO";"URBANO"
"045";"TAZACORTE";"38";"Santa Cruz de Tenerife";"05";"Comunidad Autónoma de Canarias";"URBANO";"URBANO"
"046";"TEGUESTE";"38";"Santa Cruz de Tenerife";"05";"Comunidad Autónoma de Canarias";"URBANO";"URBANO"
"047";"TIJARAFE";"38";"Santa Cruz de Tenerife";"05";"Comunidad Autónoma de Canarias";"RNC";"RNC"
"048";"VALVERDE";"38";"Santa Cruz de Tenerife";"05";"Comunidad Autónoma de Canarias";"RNC";"RNC"
"049";"VALLE GRAN REY";"38";"Santa Cruz de Tenerife";"05";"Comunidad Autónoma de Canarias";"URBANO";"URBANO"
"050";"VALLEHERMOSO";"38";"Santa Cruz de Tenerife";"05";"Comunidad Autónoma de Canarias";"RNC";"RNC"
"051";"LA VICTORIA DE ACENTEJO";"38";"Santa Cruz de Tenerife";"05";"Comunidad Autónoma de Canarias";"URBANO";"URBANO"
"052";"VILAFLOR DE CHASNA";"38";"Santa Cruz de Tenerife";"05";"Comunidad Autónoma de Canarias";"RNC";"RNC"
"053";"VILLA DE MAZO";"38";"Santa Cruz de Tenerife";"05";"Comunidad Autónoma de Canarias";"RNC";"RNC"
"054";"EL PINAR DE EL HIERRO";"38";"Santa Cruz de Tenerife";"05";"Comunidad Autónoma de Canarias";"RNC";"RNC"
"900";"SANTA CRUZ DE TENERIFE";"38";"Santa Cruz de Tenerife";"05";"Comunidad Autónoma de Canarias";"URBANO";"URBANO"
"001";"ADEJE";"38";"Santa Cruz de Tenerife";"05";"Comunidad Autónoma de Canarias";"URBANO";"URBANO"
"004";"ARAFO";"38";"Santa Cruz de Tenerife";"05";"Comunidad Autónoma de Canarias";"URBANO";"URBANO"
"048";"PENAGOS";"39";"Cantabria";"06";"Comunidad Autónoma de Cantabria";"RNC";"RNC"
"049";"PEÑARRUBIA";"39";"Cantabria";"06";"Comunidad Autónoma de Cantabria";"RRD";"RRGD"
"050";"PESAGUERO";"39";"Cantabria";"06";"Comunidad Autónoma de Cantabria";"RRD";"RRGD"
"051";"PESQUERA";"39";"Cantabria";"06";"Comunidad Autónoma de Cantabria";"RRD";"RRGD"
"052";"PIELAGOS";"39";"Cantabria";"06";"Comunidad Autónoma de Cantabria";"URBANO";"URBANO"
"053";"POLACIONES";"39";"Cantabria";"06";"Comunidad Autónoma de Cantabria";"RRD";"RRGD"
"054";"POLANCO";"39";"Cantabria";"06";"Comunidad Autónoma de Cantabria";"URBANO";"URBANO"
"055";"POTES";"39";"Cantabria";"06";"Comunidad Autónoma de Cantabria";"URBANO";"URBANO"
"056";"PUENTE VIESGO";"39";"Cantabria";"06";"Comunidad Autónoma de Cantabria";"RNC";"RNC"
"057";"RAMALES DE LA VICTORIA";"39";"Cantabria";"06";"Comunidad Autónoma de Cantabria";"RNC";"RNC"
"058";"RASINES";"39";"Cantabria";"06";"Comunidad Autónoma de Cantabria";"RNC";"RNC"
"059";"REINOSA";"39";"Cantabria";"06";"Comunidad Autónoma de Cantabria";"URBANO";"URBANO"
"060";"REOCIN";"39";"Cantabria";"06";"Comunidad Autónoma de Cantabria";"URBANO";"URBANO"
"061";"RIBAMONTAN AL MAR";"39";"Cantabria";"06";"Comunidad Autónoma de Cantabria";"URBANO";"URBANO"
"062";"RIBAMONTAN AL MONTE";"39";"Cantabria";"06";"Comunidad Autónoma de Cantabria";"RNC";"RNC"
"063";"RIONANSA";"39";"Cantabria";"06";"Comunidad Autónoma de Cantabria";"RRD";"RRD"
"064";"RIOTUERTO";"39";"Cantabria";"06";"Comunidad Autónoma de Cantabria";"RNC";"RNC"
"065";"ROZAS DE VALDEARROYO (LAS)";"39";"Cantabria";"06";"Comunidad Autónoma de Cantabria";"RRD";"RRGD"
"066";"RUENTE";"39";"Cantabria";"06";"Comunidad Autónoma de Cantabria";"RNC";"RNC"
"067";"RUESGA";"39";"Cantabria";"06";"Comunidad Autónoma de Cantabria";"RRD";"RRD"
"068";"RUILOBA";"39";"Cantabria";"06";"Comunidad Autónoma de Cantabria";"RNC";"RNC"
"069";"SAN FELICES DE BUELNA";"39";"Cantabria";"06";"Comunidad Autónoma de Cantabria";"RNC";"RNC"
"070";"SAN MIGUEL DE AGUAYO";"39";"Cantabria";"06";"Comunidad Autónoma de Cantabria";"RRD";"RRGD"
"071";"SAN PEDRO DEL ROMERAL";"39";"Cantabria";"06";"Comunidad Autónoma de Cantabria";"RRD";"RRD"
"072";"SAN ROQUE DE RIOMIERA";"39";"Cantabria";"06";"Comunidad Autónoma de Cantabria";"RRD";"RRD"
"073";"SANTA CRUZ DE BEZANA";"39";"Cantabria";"06";"Comunidad Autónoma de Cantabria";"URBANO";"URBANO"
"074";"SANTA MARIA DE CAYON";"39";"Cantabria";"06";"Comunidad Autónoma de Cantabria";"URBANO";"URBANO"
"076";"SANTILLANA DEL MAR";"39";"Cantabria";"06";"Comunidad Autónoma de Cantabria";"URBANO";"URBANO"
"001";"ALFOZ DE LLOREDO";"39";"Cantabria";"06";"Comunidad Autónoma de Cantabria";"RNC";"RNC"
"002";"AMPUERO";"39";"Cantabria";"06";"Comunidad Autónoma de Cantabria";"URBANO";"URBANO"
"003";"ANIEVAS";"39";"Cantabria";"06";"Comunidad Autónoma de Cantabria";"RNC";"RNC"
"004";"ARENAS DE IGUÑA";"39";"Cantabria";"06";"Comunidad Autónoma de Cantabria";"RNC";"RNC"
"005";"ARGOÑOS";"39";"Cantabria";"06";"Comunidad Autónoma de Cantabria";"URBANO";"URBANO"
"006";"ARNUERO";"39";"Cantabria";"06";"Comunidad Autónoma de Cantabria";"RNC";"RNC"
"007";"ARREDONDO";"39";"Cantabria";"06";"Comunidad Autónoma de Cantabria";"RRD";"RRD"
"008";"ASTILLERO (EL)";"39";"Cantabria";"06";"Comunidad Autónoma de Cantabria";"URBANO";"URBANO"
"009";"BARCENA DE CICERO";"39";"Cantabria";"06";"Comunidad Autónoma de Cantabria";"URBANO";"URBANO"
"010";"BARCENA DE PIE DE CONCHA";"39";"Cantabria";"06";"Comunidad Autónoma de Cantabria";"RNC";"RNC"
"011";"BAREYO";"39";"Cantabria";"06";"Comunidad Autónoma de Cantabria";"RNC";"RNC"
"077";"SANTIURDE DE REINOSA";"39";"Cantabria";"06";"Comunidad Autónoma de Cantabria";"RRD";"RRD"
"078";"SANTIURDE DE TORANZO";"39";"Cantabria";"06";"Comunidad Autónoma de Cantabria";"RNC";"RNC"
"079";"SANTOÑA";"39";"Cantabria";"06";"Comunidad Autónoma de Cantabria";"URBANO";"URBANO"
"080";"SAN VICENTE DE LA BARQUERA";"39";"Cantabria";"06";"Comunidad Autónoma de Cantabria";"RNC";"RNC"
"081";"SARO";"39";"Cantabria";"06";"Comunidad Autónoma de Cantabria";"RNC";"RNC"
"082";"SELAYA";"39";"Cantabria";"06";"Comunidad Autónoma de Cantabria";"RNC";"RNC"
"083";"SOBA";"39";"Cantabria";"06";"Comunidad Autónoma de Cantabria";"RRD";"RRGD"
"084";"SOLORZANO";"39";"Cantabria";"06";"Comunidad Autónoma de Cantabria";"RNC";"RNC"
"085";"SUANCES";"39";"Cantabria";"06";"Comunidad Autónoma de Cantabria";"URBANO";"URBANO"
"086";"TOJOS (LOS)";"39";"Cantabria";"06";"Comunidad Autónoma de Cantabria";"RRD";"RRGD"
"087";"TORRELAVEGA";"39";"Cantabria";"06";"Comunidad Autónoma de Cantabria";"URBANO";"URBANO"
"088";"TRESVISO";"39";"Cantabria";"06";"Comunidad Autónoma de Cantabria";"RRD";"RRGD"
"089";"TUDANCA";"39";"Cantabria";"06";"Comunidad Autónoma de Cantabria";"RRD";"RRGD"
"090";"UDIAS";"39";"Cantabria";"06";"Comunidad Autónoma de Cantabria";"RNC";"RNC"
"091";"VALDALIGA";"39";"Cantabria";"06";"Comunidad Autónoma de Cantabria";"RNC";"RNC"
"092";"VALDEOLEA";"39";"Cantabria";"06";"Comunidad Autónoma de Cantabria";"RRD";"RRD"
"093";"VALDEPRADO DEL RIO";"39";"Cantabria";"06";"Comunidad Autónoma de Cantabria";"RRD";"RRGD"
"094";"VALDERREDIBLE";"39";"Cantabria";"06";"Comunidad Autónoma de Cantabria";"RRD";"RRGD"
"095";"VAL DE SAN VICENTE";"39";"Cantabria";"06";"Comunidad Autónoma de Cantabria";"RNC";"RNC"
"096";"VEGA DE LIEBANA";"39";"Cantabria";"06";"Comunidad Autónoma de Cantabria";"RRD";"RRGD"
"097";"VEGA DE PAS";"39";"Cantabria";"06";"Comunidad Autónoma de Cantabria";"RRD";"RRD"
"098";"VILLACARRIEDO";"39";"Cantabria";"06";"Comunidad Autónoma de Cantabria";"RNC";"RNC"
"099";"VILLAESCUSA";"39";"Cantabria";"06";"Comunidad Autónoma de Cantabria";"URBANO";"URBANO"
"100";"VILLAFUFRE";"39";"Cantabria";"06";"Comunidad Autónoma de Cantabria";"RNC";"RNC"
"101";"VALLE DE VILLAVERDE";"39";"Cantabria";"06";"Comunidad Autónoma de Cantabria";"RNC";"RNC"
"102";"VOTO";"39";"Cantabria";"06";"Comunidad Autónoma de Cantabria";"RNC";"RNC"
"103";"COMUNIDAD CAMPOO-CABUERNIGA";"39";"Cantabria";"06";"Comunidad Autónoma de Cantabria";"RRD";"RRGD"
"900";"SANTANDER";"39";"Cantabria";"06";"Comunidad Autónoma de Cantabria";"URBANO";"URBANO"
"012";"CABEZON DE LA SAL";"39";"Cantabria";"06";"Comunidad Autónoma de Cantabria";"URBANO";"URBANO"
"013";"CABEZON DE LIEBANA";"39";"Cantabria";"06";"Comunidad Autónoma de Cantabria";"RRD";"RRGD"
"014";"CABUERNIGA";"39";"Cantabria";"06";"Comunidad Autónoma de Cantabria";"RRD";"RRD"
"015";"CAMALEÑO";"39";"Cantabria";"06";"Comunidad Autónoma de Cantabria";"RRD";"RRGD"
"016";"CAMARGO";"39";"Cantabria";"06";"Comunidad Autónoma de Cantabria";"URBANO";"URBANO"
"017";"CAMPOO DE YUSO";"39";"Cantabria";"06";"Comunidad Autónoma de Cantabria";"RRD";"RRGD"
"018";"CARTES";"39";"Cantabria";"06";"Comunidad Autónoma de Cantabria";"URBANO";"URBANO"
"019";"CASTAÑEDA";"39";"Cantabria";"06";"Comunidad Autónoma de Cantabria";"URBANO";"URBANO"
"020";"CASTRO-URDIALES";"39";"Cantabria";"06";"Comunidad Autónoma de Cantabria";"URBANO";"URBANO"
"021";"CIEZA";"39";"Cantabria";"06";"Comunidad Autónoma de Cantabria";"RRD";"RRD"
"022";"CILLORIGO DE LIEBANA";"39";"Cantabria";"06";"Comunidad Autónoma de Cantabria";"RNC";"RNC"
"023";"COLINDRES";"39";"Cantabria";"06";"Comunidad Autónoma de Cantabria";"URBANO";"URBANO"
"024";"COMILLAS";"39";"Cantabria";"06";"Comunidad Autónoma de Cantabria";"URBANO";"URBANO"
"025";"CORRALES DE BUELNA (LOS)";"39";"Cantabria";"06";"Comunidad Autónoma de Cantabria";"URBANO";"URBANO"
"026";"CORVERA DE TORANZO";"39";"Cantabria";"06";"Comunidad Autónoma de Cantabria";"RNC";"RNC"
"027";"CAMPOO DE ENMEDIO";"39";"Cantabria";"06";"Comunidad Autónoma de Cantabria";"RNC";"RNC"
"028";"ENTRAMBASAGUAS";"39";"Cantabria";"06";"Comunidad Autónoma de Cantabria";"URBANO";"URBANO"
"029";"ESCALANTE";"39";"Cantabria";"06";"Comunidad Autónoma de Cantabria";"RNC";"RNC"
"030";"GURIEZO";"39";"Cantabria";"06";"Comunidad Autónoma de Cantabria";"RNC";"RNC"
"031";"HAZAS DE CESTO";"39";"Cantabria";"06";"Comunidad Autónoma de Cantabria";"RNC";"RNC"
"032";"HERMANDAD DE CAMPOO DE SUSO";"39";"Cantabria";"06";"Comunidad Autónoma de Cantabria";"RRD";"RRGD"
"033";"HERRERIAS";"39";"Cantabria";"06";"Comunidad Autónoma de Cantabria";"RNC";"RNC"
"034";"LAMASON";"39";"Cantabria";"06";"Comunidad Autónoma de Cantabria";"RRD";"RRGD"
"035";"LAREDO";"39";"Cantabria";"06";"Comunidad Autónoma de Cantabria";"URBANO";"URBANO"
"036";"LIENDO";"39";"Cantabria";"06";"Comunidad Autónoma de Cantabria";"RNC";"RNC"
"037";"LIERGANES";"39";"Cantabria";"06";"Comunidad Autónoma de Cantabria";"RNC";"RNC"
"038";"LIMPIAS";"39";"Cantabria";"06";"Comunidad Autónoma de Cantabria";"URBANO";"URBANO"
"039";"LUENA";"39";"Cantabria";"06";"Comunidad Autónoma de Cantabria";"RRD";"RRGD"
"040";"MARINA DE CUDEYO";"39";"Cantabria";"06";"Comunidad Autónoma de Cantabria";"URBANO";"URBANO"
"041";"MAZCUERRAS";"39";"Cantabria";"06";"Comunidad Autónoma de Cantabria";"RNC";"RNC"
"042";"MEDIO CUDEYO";"39";"Cantabria";"06";"Comunidad Autónoma de Cantabria";"URBANO";"URBANO"
"043";"MERUELO";"39";"Cantabria";"06";"Comunidad Autónoma de Cantabria";"URBANO";"URBANO"
"044";"MIENGO";"39";"Cantabria";"06";"Comunidad Autónoma de Cantabria";"URBANO";"URBANO"
"045";"MIERA";"39";"Cantabria";"06";"Comunidad Autónoma de Cantabria";"RRD";"RRD"
"046";"MOLLEDO";"39";"Cantabria";"06";"Comunidad Autónoma de Cantabria";"RNC";"RNC"
"047";"NOJA";"39";"Cantabria";"06";"Comunidad Autónoma de Cantabria";"URBANO";"URBANO"
"060";"CEREZO DE ARRIBA";"40";"Segovia";"08";"Comunidad Autónoma de Castilla y León";"RRD";"RRGD"
"061";"CILLERUELO DE SAN MAMES";"40";"Segovia";"08";"Comunidad Autónoma de Castilla y León";"RRD";"RRGD"
"063";"COBOS DE FUENTIDUEÑA";"40";"Segovia";"08";"Comunidad Autónoma de Castilla y León";"RRD";"RRGD"
"065";"COCA";"40";"Segovia";"08";"Comunidad Autónoma de Castilla y León";"RNC";"RNC"
"066";"CODORNIZ";"40";"Segovia";"08";"Comunidad Autónoma de Castilla y León";"RRD";"RRGD"
"067";"COLLADO HERMOSO";"40";"Segovia";"08";"Comunidad Autónoma de Castilla y León";"RRD";"RRGD"
"068";"CONDADO DE CASTILNOVO";"40";"Segovia";"08";"Comunidad Autónoma de Castilla y León";"RRD";"RRGD"
"069";"CORRAL DE AYLLON";"40";"Segovia";"08";"Comunidad Autónoma de Castilla y León";"RRD";"RRGD"
"070";"COZUELOS DE FUENTIDUEÑA";"40";"Segovia";"08";"Comunidad Autónoma de Castilla y León";"RRD";"RRD"
"071";"CUBILLO";"40";"Segovia";"08";"Comunidad Autónoma de Castilla y León";"RRD";"RRGD"
"072";"CUELLAR";"40";"Segovia";"08";"Comunidad Autónoma de Castilla y León";"RNC";"RNC"
"074";"CUEVAS DE PROVANCO";"40";"Segovia";"08";"Comunidad Autónoma de Castilla y León";"RRD";"RRGD"
"075";"CHAÑE";"40";"Segovia";"08";"Comunidad Autónoma de Castilla y León";"RNC";"RNC"
"078";"DOMINGO GARCIA";"40";"Segovia";"08";"Comunidad Autónoma de Castilla y León";"RRD";"RRGD"
"079";"DONHIERRO";"40";"Segovia";"08";"Comunidad Autónoma de Castilla y León";"RRD";"RRGD"
"081";"DURUELO";"40";"Segovia";"08";"Comunidad Autónoma de Castilla y León";"RRD";"RRD"
"082";"ENCINAS";"40";"Segovia";"08";"Comunidad Autónoma de Castilla y León";"RRD";"RRGD"
"146";"MELQUE DE CERCOS";"40";"Segovia";"08";"Comunidad Autónoma de Castilla y León";"RRD";"RRGD"
"147";"MEMBIBRE DE LA HOZ";"40";"Segovia";"08";"Comunidad Autónoma de Castilla y León";"RRD";"RRGD"
"148";"MIGUELAÑEZ";"40";"Segovia";"08";"Comunidad Autónoma de Castilla y León";"RRD";"RRGD"
"150";"MONTEJO DE AREVALO";"40";"Segovia";"08";"Comunidad Autónoma de Castilla y León";"RRD";"RRGD"
"151";"MONTEJO DE LA VEGA DE LA SERREZUELA";"40";"Segovia";"08";"Comunidad Autónoma de Castilla y León";"RRD";"RRGD"
"152";"MONTERRUBIO";"40";"Segovia";"08";"Comunidad Autónoma de Castilla y León";"RRD";"RRGD"
"154";"MORAL DE HORNUEZ";"40";"Segovia";"08";"Comunidad Autónoma de Castilla y León";"RRD";"RRGD"
"157";"MOZONCILLO";"40";"Segovia";"08";"Comunidad Autónoma de Castilla y León";"RNC";"RNC"
"158";"MUÑOPEDRO";"40";"Segovia";"08";"Comunidad Autónoma de Castilla y León";"RRD";"RRGD"
"159";"MUÑOVEROS";"40";"Segovia";"08";"Comunidad Autónoma de Castilla y León";"RRD";"RRGD"
"162";"NAVA DE LA ASUNCION";"40";"Segovia";"08";"Comunidad Autónoma de Castilla y León";"RNC";"RNC"
"163";"NAVAFRIA";"40";"Segovia";"08";"Comunidad Autónoma de Castilla y León";"RRD";"RRD"
"164";"NAVALILLA";"40";"Segovia";"08";"Comunidad Autónoma de Castilla y León";"RRD";"RRGD"
"165";"NAVALMANZANO";"40";"Segovia";"08";"Comunidad Autónoma de Castilla y León";"RNC";"RNC"
"166";"NAVARES DE AYUSO";"40";"Segovia";"08";"Comunidad Autónoma de Castilla y León";"RRD";"RRGD"
"167";"NAVARES DE ENMEDIO";"40";"Segovia";"08";"Comunidad Autónoma de Castilla y León";"RRD";"RRGD"
"168";"NAVARES DE LAS CUEVAS";"40";"Segovia";"08";"Comunidad Autónoma de Castilla y León";"RRD";"RRGD"
"001";"ABADES";"40";"Segovia";"08";"Comunidad Autónoma de Castilla y León";"RNC";"RNC"
"002";"ADRADA DE PIRON";"40";"Segovia";"08";"Comunidad Autónoma de Castilla y León";"RRD";"RRGD"
"003";"ADRADOS";"40";"Segovia";"08";"Comunidad Autónoma de Castilla y León";"RRD";"RRGD"
"004";"AGUILAFUENTE";"40";"Segovia";"08";"Comunidad Autónoma de Castilla y León";"RRD";"RRD"
"005";"ALCONADA DE MADERUELO";"40";"Segovia";"08";"Comunidad Autónoma de Castilla y León";"RRD";"RRGD"
"006";"ALDEALCORVO";"40";"Segovia";"08";"Comunidad Autónoma de Castilla y León";"RRD";"RRGD"
"007";"ALDEALENGUA DE PEDRAZA";"40";"Segovia";"08";"Comunidad Autónoma de Castilla y León";"RRD";"RRGD"
"008";"ALDEALENGUA DE SANTA MARIA";"40";"Segovia";"08";"Comunidad Autónoma de Castilla y León";"RRD";"RRGD"
"009";"ALDEANUEVA DE LA SERREZUELA";"40";"Segovia";"08";"Comunidad Autónoma de Castilla y León";"RRD";"RRGD"
"010";"ALDEANUEVA DEL CODONAL";"40";"Segovia";"08";"Comunidad Autónoma de Castilla y León";"RRD";"RRGD"
"012";"ALDEA REAL";"40";"Segovia";"08";"Comunidad Autónoma de Castilla y León";"RRD";"RRD"
"013";"ALDEASOÑA";"40";"Segovia";"08";"Comunidad Autónoma de Castilla y León";"RRD";"RRGD"
"014";"ALDEHORNO";"40";"Segovia";"08";"Comunidad Autónoma de Castilla y León";"RRD";"RRGD"
"015";"ALDEHUELA DEL CODONAL";"40";"Segovia";"08";"Comunidad Autónoma de Castilla y León";"RRD";"RRGD"
"017";"ALDEONTE";"40";"Segovia";"08";"Comunidad Autónoma de Castilla y León";"RRD";"RRGD"
"018";"ANAYA";"40";"Segovia";"08";"Comunidad Autónoma de Castilla y León";"RRD";"RRD"
"019";"AÑE";"40";"Segovia";"08";"Comunidad Autónoma de Castilla y León";"RRD";"RRGD"
"021";"ARAHUETES";"40";"Segovia";"08";"Comunidad Autónoma de Castilla y León";"RRD";"RRGD"
"022";"ARCONES";"40";"Segovia";"08";"Comunidad Autónoma de Castilla y León";"RRD";"RRGD"
"023";"AREVALILLO DE CEGA";"40";"Segovia";"08";"Comunidad Autónoma de Castilla y León";"RRD";"RRGD"
"024";"ARMUÑA";"40";"Segovia";"08";"Comunidad Autónoma de Castilla y León";"RRD";"RRGD"
"026";"AYLLON";"40";"Segovia";"08";"Comunidad Autónoma de Castilla y León";"RRD";"RRD"
"028";"BARBOLLA";"40";"Segovia";"08";"Comunidad Autónoma de Castilla y León";"RRD";"RRGD"
"029";"BASARDILLA";"40";"Segovia";"08";"Comunidad Autónoma de Castilla y León";"RRD";"RRGD"
"031";"BERCIAL";"40";"Segovia";"08";"Comunidad Autónoma de Castilla y León";"RRD";"RRGD"
"032";"BERCIMUEL";"40";"Segovia";"08";"Comunidad Autónoma de Castilla y León";"RRD";"RRGD"
"033";"BERNARDOS";"40";"Segovia";"08";"Comunidad Autónoma de Castilla y León";"RNC";"RNC"
"035";"BERNUY DE PORREROS";"40";"Segovia";"08";"Comunidad Autónoma de Castilla y León";"RNC";"RNC"
"036";"BOCEGUILLAS";"40";"Segovia";"08";"Comunidad Autónoma de Castilla y León";"RNC";"RNC"
"037";"BRIEVA";"40";"Segovia";"08";"Comunidad Autónoma de Castilla y León";"RRD";"RRGD"
"038";"CABALLAR";"40";"Segovia";"08";"Comunidad Autónoma de Castilla y León";"RRD";"RRGD"
"039";"CABAÑAS DE POLENDOS";"40";"Segovia";"08";"Comunidad Autónoma de Castilla y León";"RRD";"RRGD"
"040";"CABEZUELA";"40";"Segovia";"08";"Comunidad Autónoma de Castilla y León";"RNC";"RNC"
"041";"CALABAZAS DE FUENTIDUEÑA";"40";"Segovia";"08";"Comunidad Autónoma de Castilla y León";"RRD";"RRGD"
"043";"CAMPO DE SAN PEDRO";"40";"Segovia";"08";"Comunidad Autónoma de Castilla y León";"RRD";"RRGD"
"044";"CANTALEJO";"40";"Segovia";"08";"Comunidad Autónoma de Castilla y León";"RNC";"RNC"
"045";"CANTIMPALOS";"40";"Segovia";"08";"Comunidad Autónoma de Castilla y León";"RNC";"RNC"
"047";"CARBONERO EL MAYOR";"40";"Segovia";"08";"Comunidad Autónoma de Castilla y León";"RNC";"RNC"
"048";"CARRASCAL DEL RIO";"40";"Segovia";"08";"Comunidad Autónoma de Castilla y León";"RRD";"RRGD"
"050";"CASLA";"40";"Segovia";"08";"Comunidad Autónoma de Castilla y León";"RRD";"RRD"
"051";"CASTILLEJO DE MESLEON";"40";"Segovia";"08";"Comunidad Autónoma de Castilla y León";"RRD";"RRGD"
"053";"CASTRO DE FUENTIDUEÑA";"40";"Segovia";"08";"Comunidad Autónoma de Castilla y León";"RRD";"RRGD"
"054";"CASTROJIMENO";"40";"Segovia";"08";"Comunidad Autónoma de Castilla y León";"RRD";"RRGD"
"055";"CASTROSERNA DE ABAJO";"40";"Segovia";"08";"Comunidad Autónoma de Castilla y León";"RRD";"RRGD"
"057";"CASTROSERRACIN";"40";"Segovia";"08";"Comunidad Autónoma de Castilla y León";"RRD";"RRGD"
"058";"CEDILLO DE LA TORRE";"40";"Segovia";"08";"Comunidad Autónoma de Castilla y León";"RRD";"RRGD"
"059";"CEREZO DE ABAJO";"40";"Segovia";"08";"Comunidad Autónoma de Castilla y León";"RRD";"RRGD"
"233";"SOTOSALBOS";"40";"Segovia";"08";"Comunidad Autónoma de Castilla y León";"RRD";"RRGD"
"234";"TABANERA LA LUENGA";"40";"Segovia";"08";"Comunidad Autónoma de Castilla y León";"RRD";"RRGD"
"236";"TOLOCIRIO";"40";"Segovia";"08";"Comunidad Autónoma de Castilla y León";"RRD";"RRGD"
"237";"TORREADRADA";"40";"Segovia";"08";"Comunidad Autónoma de Castilla y León";"RRD";"RRGD"
"238";"TORRECABALLEROS";"40";"Segovia";"08";"Comunidad Autónoma de Castilla y León";"RNC";"RNC"
"239";"TORRECILLA DEL PINAR";"40";"Segovia";"08";"Comunidad Autónoma de Castilla y León";"RRD";"RRD"
"240";"TORREIGLESIAS";"40";"Segovia";"08";"Comunidad Autónoma de Castilla y León";"RRD";"RRGD"
"241";"TORRE VAL DE SAN PEDRO";"40";"Segovia";"08";"Comunidad Autónoma de Castilla y León";"RRD";"RRGD"
"242";"TRESCASAS";"40";"Segovia";"08";"Comunidad Autónoma de Castilla y León";"RNC";"RNC"
"243";"TUREGANO";"40";"Segovia";"08";"Comunidad Autónoma de Castilla y León";"RNC";"RNC"
"245";"URUEÑAS";"40";"Segovia";"08";"Comunidad Autónoma de Castilla y León";"RRD";"RRGD"
"246";"VALDEPRADOS";"40";"Segovia";"08";"Comunidad Autónoma de Castilla y León";"RRD";"RRGD"
"248";"VALDEVACAS DE MONTEJO";"40";"Segovia";"08";"Comunidad Autónoma de Castilla y León";"RRD";"RRGD"
"249";"VALDEVACAS Y GUIJAR";"40";"Segovia";"08";"Comunidad Autónoma de Castilla y León";"RRD";"RRGD"
"251";"VALSECA";"40";"Segovia";"08";"Comunidad Autónoma de Castilla y León";"RRD";"RRD"
"252";"VALTIENDAS";"40";"Segovia";"08";"Comunidad Autónoma de Castilla y León";"RRD";"RRGD"
"253";"VALVERDE DEL MAJANO";"40";"Segovia";"08";"Comunidad Autónoma de Castilla y León";"RNC";"RNC"
"083";"ENCINILLAS";"40";"Segovia";"08";"Comunidad Autónoma de Castilla y León";"RNC";"RNC"
"084";"ESCALONA DEL PRADO";"40";"Segovia";"08";"Comunidad Autónoma de Castilla y León";"RNC";"RNC"
"085";"ESCARABAJOSA DE CABEZAS";"40";"Segovia";"08";"Comunidad Autónoma de Castilla y León";"RNC";"RNC"
"086";"ESCOBAR DE POLENDOS";"40";"Segovia";"08";"Comunidad Autónoma de Castilla y León";"RRD";"RRGD"
"087";"ESPINAR (EL)";"40";"Segovia";"08";"Comunidad Autónoma de Castilla y León";"RNC";"RNC"
"088";"ESPIRDO";"40";"Segovia";"08";"Comunidad Autónoma de Castilla y León";"RNC";"RNC"
"091";"FRESNEDA DE CUELLAR";"40";"Segovia";"08";"Comunidad Autónoma de Castilla y León";"RNC";"RNC"
"092";"FRESNO DE CANTESPINO";"40";"Segovia";"08";"Comunidad Autónoma de Castilla y León";"RRD";"RRGD"
"093";"FRESNO DE LA FUENTE";"40";"Segovia";"08";"Comunidad Autónoma de Castilla y León";"RRD";"RRGD"
"094";"FRUMALES";"40";"Segovia";"08";"Comunidad Autónoma de Castilla y León";"RRD";"RRGD"
"095";"FUENTE DE SANTA CRUZ";"40";"Segovia";"08";"Comunidad Autónoma de Castilla y León";"RRD";"RRGD"
"096";"FUENTE EL OLMO DE FUENTIDUEÑA";"40";"Segovia";"08";"Comunidad Autónoma de Castilla y León";"RRD";"RRGD"
"097";"FUENTE EL OLMO DE ISCAR";"40";"Segovia";"08";"Comunidad Autónoma de Castilla y León";"RRD";"RRGD"
"100";"FUENTEPELAYO";"40";"Segovia";"08";"Comunidad Autónoma de Castilla y León";"RNC";"RNC"
"101";"FUENTEPIÑEL";"40";"Segovia";"08";"Comunidad Autónoma de Castilla y León";"RRD";"RRGD"
"102";"FUENTERREBOLLO";"40";"Segovia";"08";"Comunidad Autónoma de Castilla y León";"RRD";"RRD"
"103";"FUENTESAUCO DE FUENTIDUEÑA";"40";"Segovia";"08";"Comunidad Autónoma de Castilla y León";"RRD";"RRD"
"105";"FUENTESOTO";"40";"Segovia";"08";"Comunidad Autónoma de Castilla y León";"RRD";"RRGD"
"106";"FUENTIDUEÑA";"40";"Segovia";"08";"Comunidad Autónoma de Castilla y León";"RRD";"RRGD"
"107";"GALLEGOS";"40";"Segovia";"08";"Comunidad Autónoma de Castilla y León";"RRD";"RRGD"
"108";"GARCILLAN";"40";"Segovia";"08";"Comunidad Autónoma de Castilla y León";"RNC";"RNC"
"109";"GOMEZSERRACIN";"40";"Segovia";"08";"Comunidad Autónoma de Castilla y León";"RNC";"RNC"
"111";"GRAJERA";"40";"Segovia";"08";"Comunidad Autónoma de Castilla y León";"RNC";"RNC"
"114";"HONRUBIA DE LA CUESTA";"40";"Segovia";"08";"Comunidad Autónoma de Castilla y León";"RRD";"RRGD"
"115";"HONTALBILLA";"40";"Segovia";"08";"Comunidad Autónoma de Castilla y León";"RRD";"RRD"
"116";"HONTANARES DE ERESMA";"40";"Segovia";"08";"Comunidad Autónoma de Castilla y León";"URBANO";"URBANO"
"119";"HUERTOS (LOS)";"40";"Segovia";"08";"Comunidad Autónoma de Castilla y León";"RRD";"RRD"
"120";"ITUERO Y LAMA";"40";"Segovia";"08";"Comunidad Autónoma de Castilla y León";"RNC";"RNC"
"122";"JUARROS DE RIOMOROS";"40";"Segovia";"08";"Comunidad Autónoma de Castilla y León";"RRD";"RRGD"
"123";"JUARROS DE VOLTOYA";"40";"Segovia";"08";"Comunidad Autónoma de Castilla y León";"RRD";"RRD"
"124";"LABAJOS";"40";"Segovia";"08";"Comunidad Autónoma de Castilla y León";"RRD";"RRGD"
"125";"LAGUNA DE CONTRERAS";"40";"Segovia";"08";"Comunidad Autónoma de Castilla y León";"RRD";"RRGD"
"127";"LANGUILLA";"40";"Segovia";"08";"Comunidad Autónoma de Castilla y León";"RRD";"RRGD"
"128";"LASTRAS DE CUELLAR";"40";"Segovia";"08";"Comunidad Autónoma de Castilla y León";"RRD";"RRGD"
"129";"LASTRAS DEL POZO";"40";"Segovia";"08";"Comunidad Autónoma de Castilla y León";"RRD";"RRGD"
"130";"LASTRILLA (LA)";"40";"Segovia";"08";"Comunidad Autónoma de Castilla y León";"URBANO";"URBANO"
"131";"LOSA (LA)";"40";"Segovia";"08";"Comunidad Autónoma de Castilla y León";"RNC";"RNC"
"134";"MADERUELO";"40";"Segovia";"08";"Comunidad Autónoma de Castilla y León";"RRD";"RRGD"
"137";"MARAZOLEJA";"40";"Segovia";"08";"Comunidad Autónoma de Castilla y León";"RRD";"RRGD"
"138";"MARAZUELA";"40";"Segovia";"08";"Comunidad Autónoma de Castilla y León";"RRD";"RRGD"
"139";"MARTIN MIGUEL";"40";"Segovia";"08";"Comunidad Autónoma de Castilla y León";"RNC";"RNC"
"140";"MARTIN MUÑOZ DE LA DEHESA";"40";"Segovia";"08";"Comunidad Autónoma de Castilla y León";"RNC";"RNC"
"141";"MARTIN MUÑOZ DE LAS POSADAS";"40";"Segovia";"08";"Comunidad Autónoma de Castilla y León";"RRD";"RRGD"
"142";"MARUGAN";"40";"Segovia";"08";"Comunidad Autónoma de Castilla y León";"RNC";"RNC"
"143";"MATABUENA";"40";"Segovia";"08";"Comunidad Autónoma de Castilla y León";"RRD";"RRD"
"144";"MATA DE CUELLAR";"40";"Segovia";"08";"Comunidad Autónoma de Castilla y León";"RNC";"RNC"
"145";"MATILLA (LA)";"40";"Segovia";"08";"Comunidad Autónoma de Castilla y León";"RRD";"RRD"
"255";"VALLE DE TABLADILLO";"40";"Segovia";"08";"Comunidad Autónoma de Castilla y León";"RRD";"RRGD"
"256";"VALLELADO";"40";"Segovia";"08";"Comunidad Autónoma de Castilla y León";"RNC";"RNC"
"257";"VALLERUELA DE PEDRAZA";"40";"Segovia";"08";"Comunidad Autónoma de Castilla y León";"RRD";"RRGD"
"258";"VALLERUELA DE SEPULVEDA";"40";"Segovia";"08";"Comunidad Autónoma de Castilla y León";"RRD";"RRGD"
"260";"VEGANZONES";"40";"Segovia";"08";"Comunidad Autónoma de Castilla y León";"RRD";"RRD"
"261";"VEGAS DE MATUTE";"40";"Segovia";"08";"Comunidad Autónoma de Castilla y León";"RRD";"RRD"
"262";"VENTOSILLA Y TEJADILLA";"40";"Segovia";"08";"Comunidad Autónoma de Castilla y León";"RRD";"RRGD"
"263";"VILLACASTIN";"40";"Segovia";"08";"Comunidad Autónoma de Castilla y León";"RNC";"RNC"
"268";"VILLAVERDE DE ISCAR";"40";"Segovia";"08";"Comunidad Autónoma de Castilla y León";"RNC";"RNC"
"269";"VILLAVERDE DE MONTEJO";"40";"Segovia";"08";"Comunidad Autónoma de Castilla y León";"RRD";"RRGD"
"270";"VILLEGUILLO";"40";"Segovia";"08";"Comunidad Autónoma de Castilla y León";"RRD";"RRGD"
"272";"YANGUAS DE ERESMA";"40";"Segovia";"08";"Comunidad Autónoma de Castilla y León";"RRD";"RRGD"
"274";"ZARZUELA DEL MONTE";"40";"Segovia";"08";"Comunidad Autónoma de Castilla y León";"RNC";"RNC"
"275";"ZARZUELA DEL PINAR";"40";"Segovia";"08";"Comunidad Autónoma de Castilla y León";"RNC";"RNC"
"279";"NAVAS DE RIOFRIO";"40";"Segovia";"08";"Comunidad Autónoma de Castilla y León";"RNC";"RNC"
"280";"SAN CRISTOBAL DE SEGOVIA";"40";"Segovia";"08";"Comunidad Autónoma de Castilla y León";"URBANO";"URBANO"
"900";"SEGOVIA";"40";"Segovia";"08";"Comunidad Autónoma de Castilla y León";"URBANO";"URBANO"
"169";"NAVAS DE ORO";"40";"Segovia";"08";"Comunidad Autónoma de Castilla y León";"RNC";"RNC"
"170";"NAVAS DE SAN ANTONIO";"40";"Segovia";"08";"Comunidad Autónoma de Castilla y León";"RRD";"RRGD"
"172";"NIEVA";"40";"Segovia";"08";"Comunidad Autónoma de Castilla y León";"RRD";"RRGD"
"174";"OLOMBRADA";"40";"Segovia";"08";"Comunidad Autónoma de Castilla y León";"RRD";"RRD"
"175";"OREJANA";"40";"Segovia";"08";"Comunidad Autónoma de Castilla y León";"RRD";"RRGD"
"176";"ORTIGOSA DEL MONTE";"40";"Segovia";"08";"Comunidad Autónoma de Castilla y León";"RNC";"RNC"
"177";"ORTIGOSA DE PESTAÑO";"40";"Segovia";"08";"Comunidad Autónoma de Castilla y León";"RRD";"RRGD"
"178";"OTERO DE HERREROS";"40";"Segovia";"08";"Comunidad Autónoma de Castilla y León";"RNC";"RNC"
"180";"PAJAREJOS";"40";"Segovia";"08";"Comunidad Autónoma de Castilla y León";"RRD";"RRGD"
"182";"PALAZUELOS DE ERESMA";"40";"Segovia";"08";"Comunidad Autónoma de Castilla y León";"URBANO";"URBANO"
"184";"PEDRAZA";"40";"Segovia";"08";"Comunidad Autónoma de Castilla y León";"RRD";"RRD"
"185";"PELAYOS DEL ARROYO";"40";"Segovia";"08";"Comunidad Autónoma de Castilla y León";"RRD";"RRGD"
"187";"PEROSILLO";"40";"Segovia";"08";"Comunidad Autónoma de Castilla y León";"RRD";"RRGD"
"188";"PINAREJOS";"40";"Segovia";"08";"Comunidad Autónoma de Castilla y León";"RRD";"RRGD"
"189";"PINARNEGRILLO";"40";"Segovia";"08";"Comunidad Autónoma de Castilla y León";"RRD";"RRGD"
"191";"PRADALES";"40";"Segovia";"08";"Comunidad Autónoma de Castilla y León";"RRD";"RRGD"
"192";"PRADENA";"40";"Segovia";"08";"Comunidad Autónoma de Castilla y León";"RRD";"RRD"
"193";"PUEBLA DE PEDRAZA";"40";"Segovia";"08";"Comunidad Autónoma de Castilla y León";"RRD";"RRGD"
"194";"RAPARIEGOS";"40";"Segovia";"08";"Comunidad Autónoma de Castilla y León";"RRD";"RRD"
"195";"REBOLLO";"40";"Segovia";"08";"Comunidad Autónoma de Castilla y León";"RRD";"RRGD"
"196";"REMONDO";"40";"Segovia";"08";"Comunidad Autónoma de Castilla y León";"RNC";"RNC"
"198";"RIAGUAS DE SAN BARTOLOME";"40";"Segovia";"08";"Comunidad Autónoma de Castilla y León";"RRD";"RRGD"
"200";"RIAZA";"40";"Segovia";"08";"Comunidad Autónoma de Castilla y León";"RNC";"RNC"
"201";"RIBOTA";"40";"Segovia";"08";"Comunidad Autónoma de Castilla y León";"RRD";"RRGD"
"202";"RIOFRIO DE RIAZA";"40";"Segovia";"08";"Comunidad Autónoma de Castilla y León";"RRD";"RRGD"
"203";"RODA DE ERESMA";"40";"Segovia";"08";"Comunidad Autónoma de Castilla y León";"RNC";"RNC"
"204";"SACRAMENIA";"40";"Segovia";"08";"Comunidad Autónoma de Castilla y León";"RRD";"RRD"
"207";"SAMBOAL";"40";"Segovia";"08";"Comunidad Autónoma de Castilla y León";"RRD";"RRD"
"208";"SAN CRISTOBAL DE CUELLAR";"40";"Segovia";"08";"Comunidad Autónoma de Castilla y León";"RRD";"RRD"
"209";"SAN CRISTOBAL DE LA VEGA";"40";"Segovia";"08";"Comunidad Autónoma de Castilla y León";"RRD";"RRGD"
"210";"SANCHONUÑO";"40";"Segovia";"08";"Comunidad Autónoma de Castilla y León";"RNC";"RNC"
"211";"SANGARCIA";"40";"Segovia";"08";"Comunidad Autónoma de Castilla y León";"RRD";"RRD"
"212";"REAL SITIO DE SAN ILDEFONSO";"40";"Segovia";"08";"Comunidad Autónoma de Castilla y León";"RNC";"RNC"
"213";"SAN MARTIN Y MUDRIAN";"40";"Segovia";"08";"Comunidad Autónoma de Castilla y León";"RRD";"RRGD"
"214";"SAN MIGUEL DE BERNUY";"40";"Segovia";"08";"Comunidad Autónoma de Castilla y León";"RRD";"RRGD"
"215";"SAN PEDRO DE GAILLOS";"40";"Segovia";"08";"Comunidad Autónoma de Castilla y León";"RRD";"RRD"
"217";"SANTA MARIA LA REAL DE NIEVA";"40";"Segovia";"08";"Comunidad Autónoma de Castilla y León";"RRD";"RRGD"
"218";"SANTA MARTA DEL CERRO";"40";"Segovia";"08";"Comunidad Autónoma de Castilla y León";"RRD";"RRGD"
"220";"SANTIUSTE DE PEDRAZA";"40";"Segovia";"08";"Comunidad Autónoma de Castilla y León";"RRD";"RRGD"
"221";"SANTIUSTE DE SAN JUAN BAUTISTA";"40";"Segovia";"08";"Comunidad Autónoma de Castilla y León";"RRD";"RRD"
"222";"SANTO DOMINGO DE PIRON";"40";"Segovia";"08";"Comunidad Autónoma de Castilla y León";"RRD";"RRGD"
"223";"SANTO TOME DEL PUERTO";"40";"Segovia";"08";"Comunidad Autónoma de Castilla y León";"RRD";"RRGD"
"224";"SAUQUILLO DE CABEZAS";"40";"Segovia";"08";"Comunidad Autónoma de Castilla y León";"RRD";"RRGD"
"225";"SEBULCOR";"40";"Segovia";"08";"Comunidad Autónoma de Castilla y León";"RRD";"RRD"
"227";"SEPULVEDA";"40";"Segovia";"08";"Comunidad Autónoma de Castilla y León";"RRD";"RRD"
"228";"SEQUERA DE FRESNO";"40";"Segovia";"08";"Comunidad Autónoma de Castilla y León";"RRD";"RRGD"
"232";"SOTILLO";"40";"Segovia";"08";"Comunidad Autónoma de Castilla y León";"RRD";"RRGD"
"006";"Alcolea del Río";"41";"Sevilla";"01";"Comunidad Autónoma de Andalucía";"RNC";"RNC"
"007";"Algaba (La)";"41";"Sevilla";"01";"Comunidad Autónoma de Andalucía";"URBANO";"URBANO"
"008";"Algámitas";"41";"Sevilla";"01";"Comunidad Autónoma de Andalucía";"RNC";"RNC"
"009";"Almadén de la Plata";"41";"Sevilla";"01";"Comunidad Autónoma de Andalucía";"RRD";"RRGD"
"010";"Almensilla";"41";"Sevilla";"01";"Comunidad Autónoma de Andalucía";"URBANO";"URBANO"
"011";"Arahal";"41";"Sevilla";"01";"Comunidad Autónoma de Andalucía";"RNC";"RNC"
"012";"Aznalcázar";"41";"Sevilla";"01";"Comunidad Autónoma de Andalucía";"RRD";"RRD"
"013";"Aznalcóllar";"41";"Sevilla";"01";"Comunidad Autónoma de Andalucía";"RNC";"RNC"
"014";"Badolatosa";"41";"Sevilla";"01";"Comunidad Autónoma de Andalucía";"RNC";"RNC"
"015";"Benacazón";"41";"Sevilla";"01";"Comunidad Autónoma de Andalucía";"URBANO";"URBANO"
"016";"Bollullos de la Mitación";"41";"Sevilla";"01";"Comunidad Autónoma de Andalucía";"URBANO";"URBANO"
"017";"Bormujos";"41";"Sevilla";"01";"Comunidad Autónoma de Andalucía";"URBANO";"URBANO"
"018";"Brenes";"41";"Sevilla";"01";"Comunidad Autónoma de Andalucía";"URBANO";"URBANO"
"019";"Burguillos";"41";"Sevilla";"01";"Comunidad Autónoma de Andalucía";"URBANO";"URBANO"
"020";"Cabezas de San Juan (Las)";"41";"Sevilla";"01";"Comunidad Autónoma de Andalucía";"RNC";"RNC"
"021";"Camas";"41";"Sevilla";"01";"Comunidad Autónoma de Andalucía";"URBANO";"URBANO"
"022";"Campana (La)";"41";"Sevilla";"01";"Comunidad Autónoma de Andalucía";"RNC";"RNC"
"023";"Cantillana";"41";"Sevilla";"01";"Comunidad Autónoma de Andalucía";"RNC";"RNC"
"024";"Carmona";"41";"Sevilla";"01";"Comunidad Autónoma de Andalucía";"RNC";"RNC"
"025";"Carrión de los Céspedes";"41";"Sevilla";"01";"Comunidad Autónoma de Andalucía";"URBANO";"URBANO"
"026";"Casariche";"41";"Sevilla";"01";"Comunidad Autónoma de Andalucía";"URBANO";"URBANO"
"027";"Castilblanco de los Arroyos";"41";"Sevilla";"01";"Comunidad Autónoma de Andalucía";"RNC";"RNC"
"028";"Castilleja de Guzmán";"41";"Sevilla";"01";"Comunidad Autónoma de Andalucía";"URBANO";"URBANO"
"029";"Castilleja de la Cuesta";"41";"Sevilla";"01";"Comunidad Autónoma de Andalucía";"URBANO";"URBANO"
"030";"Castilleja del Campo";"41";"Sevilla";"01";"Comunidad Autónoma de Andalucía";"RNC";"RNC"
"031";"Castillo de las Guardas (El)";"41";"Sevilla";"01";"Comunidad Autónoma de Andalucía";"RRD";"RRGD"
"032";"Cazalla de la Sierra";"41";"Sevilla";"01";"Comunidad Autónoma de Andalucía";"RNC";"RNC"
"033";"Constantina";"41";"Sevilla";"01";"Comunidad Autónoma de Andalucía";"RRD";"RRD"
"034";"Coria del Río";"41";"Sevilla";"01";"Comunidad Autónoma de Andalucía";"URBANO";"URBANO"
"035";"Coripe";"41";"Sevilla";"01";"Comunidad Autónoma de Andalucía";"RNC";"RNC"
"036";"Coronil (El)";"41";"Sevilla";"01";"Comunidad Autónoma de Andalucía";"RNC";"RNC"
"037";"Corrales (Los)";"41";"Sevilla";"01";"Comunidad Autónoma de Andalucía";"RNC";"RNC"
"038";"Dos Hermanas";"41";"Sevilla";"01";"Comunidad Autónoma de Andalucía";"URBANO";"URBANO"
"039";"Ecija";"41";"Sevilla";"01";"Comunidad Autónoma de Andalucía";"URBANO";"URBANO"
"040";"Espartinas";"41";"Sevilla";"01";"Comunidad Autónoma de Andalucía";"URBANO";"URBANO"
"041";"Estepa";"41";"Sevilla";"01";"Comunidad Autónoma de Andalucía";"RNC";"RNC"
"042";"Fuentes de Andalucía";"41";"Sevilla";"01";"Comunidad Autónoma de Andalucía";"RNC";"RNC"
"043";"Garrobo (El)";"41";"Sevilla";"01";"Comunidad Autónoma de Andalucía";"RNC";"RNC"
"044";"Gelves";"41";"Sevilla";"01";"Comunidad Autónoma de Andalucía";"URBANO";"URBANO"
"045";"Gerena";"41";"Sevilla";"01";"Comunidad Autónoma de Andalucía";"RNC";"RNC"
"046";"Gilena";"41";"Sevilla";"01";"Comunidad Autónoma de Andalucía";"RNC";"RNC"
"047";"Gines";"41";"Sevilla";"01";"Comunidad Autónoma de Andalucía";"URBANO";"URBANO"
"048";"Guadalcanal";"41";"Sevilla";"01";"Comunidad Autónoma de Andalucía";"RRD";"RRD"
"049";"Guillena";"41";"Sevilla";"01";"Comunidad Autónoma de Andalucía";"RNC";"RNC"
"050";"Herrera";"41";"Sevilla";"01";"Comunidad Autónoma de Andalucía";"URBANO";"URBANO"
"051";"Huévar del Aljarafe";"41";"Sevilla";"01";"Comunidad Autónoma de Andalucía";"RNC";"RNC"
"052";"Lantejuela";"41";"Sevilla";"01";"Comunidad Autónoma de Andalucía";"URBANO";"URBANO"
"053";"Lebrija";"41";"Sevilla";"01";"Comunidad Autónoma de Andalucía";"RNC";"RNC"
"054";"Lora de Estepa";"41";"Sevilla";"01";"Comunidad Autónoma de Andalucía";"RNC";"RNC"
"055";"Lora del Río";"41";"Sevilla";"01";"Comunidad Autónoma de Andalucía";"RNC";"RNC"
"056";"Luisiana (La)";"41";"Sevilla";"01";"Comunidad Autónoma de Andalucía";"URBANO";"URBANO"
"057";"Madroño (El)";"41";"Sevilla";"01";"Comunidad Autónoma de Andalucía";"RRD";"RRGD"
"058";"Mairena del Alcor";"41";"Sevilla";"01";"Comunidad Autónoma de Andalucía";"URBANO";"URBANO"
"059";"Mairena del Aljarafe";"41";"Sevilla";"01";"Comunidad Autónoma de Andalucía";"URBANO";"URBANO"
"060";"Marchena";"41";"Sevilla";"01";"Comunidad Autónoma de Andalucía";"RNC";"RNC"
"061";"Marinaleda";"41";"Sevilla";"01";"Comunidad Autónoma de Andalucía";"URBANO";"URBANO"
"062";"Martín de la Jara";"41";"Sevilla";"01";"Comunidad Autónoma de Andalucía";"RNC";"RNC"
"063";"Molares (Los)";"41";"Sevilla";"01";"Comunidad Autónoma de Andalucía";"RNC";"RNC"
"064";"Montellano";"41";"Sevilla";"01";"Comunidad Autónoma de Andalucía";"RNC";"RNC"
"065";"Morón de la Frontera";"41";"Sevilla";"01";"Comunidad Autónoma de Andalucía";"RNC";"RNC"
"066";"Navas de la Concepción (Las)";"41";"Sevilla";"01";"Comunidad Autónoma de Andalucía";"RNC";"RNC"
"067";"Olivares";"41";"Sevilla";"01";"Comunidad Autónoma de Andalucía";"URBANO";"URBANO"
"068";"Osuna";"41";"Sevilla";"01";"Comunidad Autónoma de Andalucía";"RNC";"RNC"
"069";"Palacios y Villafranca (Los)";"41";"Sevilla";"01";"Comunidad Autónoma de Andalucía";"URBANO";"URBANO"
"070";"Palomares del Río";"41";"Sevilla";"01";"Comunidad Autónoma de Andalucía";"URBANO";"URBANO"
"071";"Paradas";"41";"Sevilla";"01";"Comunidad Autónoma de Andalucía";"RNC";"RNC"
"072";"Pedrera";"41";"Sevilla";"01";"Comunidad Autónoma de Andalucía";"RNC";"RNC"
"073";"Pedroso (El)";"41";"Sevilla";"01";"Comunidad Autónoma de Andalucía";"RRD";"RRGD"
"074";"Peñaflor";"41";"Sevilla";"01";"Comunidad Autónoma de Andalucía";"RNC";"RNC"
"075";"Pilas";"41";"Sevilla";"01";"Comunidad Autónoma de Andalucía";"URBANO";"URBANO"
"076";"Pruna";"41";"Sevilla";"01";"Comunidad Autónoma de Andalucía";"RNC";"RNC"
"077";"Puebla de Cazalla (La)";"41";"Sevilla";"01";"Comunidad Autónoma de Andalucía";"RNC";"RNC"
"078";"Puebla de los Infantes (La)";"41";"Sevilla";"01";"Comunidad Autónoma de Andalucía";"RNC";"RNC"
"079";"Puebla del Río (La)";"41";"Sevilla";"01";"Comunidad Autónoma de Andalucía";"RNC";"RNC"
"080";"Real de la Jara (El)";"41";"Sevilla";"01";"Comunidad Autónoma de Andalucía";"RRD";"RRD"
"081";"Rinconada (La)";"41";"Sevilla";"01";"Comunidad Autónoma de Andalucía";"URBANO";"URBANO"
"082";"Roda de Andalucía (La)";"41";"Sevilla";"01";"Comunidad Autónoma de Andalucía";"RNC";"RNC"
"083";"Ronquillo (El)";"41";"Sevilla";"01";"Comunidad Autónoma de Andalucía";"RNC";"RNC"
"084";"Rubio (El)";"41";"Sevilla";"01";"Comunidad Autónoma de Andalucía";"URBANO";"URBANO"
"085";"Salteras";"41";"Sevilla";"01";"Comunidad Autónoma de Andalucía";"RNC";"RNC"
"086";"San Juan de Aznalfarache";"41";"Sevilla";"01";"Comunidad Autónoma de Andalucía";"URBANO";"URBANO"
"087";"Sanlúcar la Mayor";"41";"Sevilla";"01";"Comunidad Autónoma de Andalucía";"URBANO";"URBANO"
"088";"San Nicolás del Puerto";"41";"Sevilla";"01";"Comunidad Autónoma de Andalucía";"RNC";"RNC"
"089";"Santiponce";"41";"Sevilla";"01";"Comunidad Autónoma de Andalucía";"URBANO";"URBANO"
"090";"Saucejo (El)";"41";"Sevilla";"01";"Comunidad Autónoma de Andalucía";"RNC";"RNC"
"092";"Tocina";"41";"Sevilla";"01";"Comunidad Autónoma de Andalucía";"URBANO";"URBANO"
"093";"Tomares";"41";"Sevilla";"01";"Comunidad Autónoma de Andalucía";"URBANO";"URBANO"
"094";"Umbrete";"41";"Sevilla";"01";"Comunidad Autónoma de Andalucía";"URBANO";"URBANO"
"095";"Utrera";"41";"Sevilla";"01";"Comunidad Autónoma de Andalucía";"URBANO";"URBANO"
"096";"Valencina de la Concepción";"41";"Sevilla";"01";"Comunidad Autónoma de Andalucía";"URBANO";"URBANO"
"097";"Villamanrique de la Condesa";"41";"Sevilla";"01";"Comunidad Autónoma de Andalucía";"RNC";"RNC"
"098";"Villanueva del Ariscal";"41";"Sevilla";"01";"Comunidad Autónoma de Andalucía";"URBANO";"URBANO"
"099";"Villanueva del Río y Minas";"41";"Sevilla";"01";"Comunidad Autónoma de Andalucía";"RNC";"RNC"
"100";"Villanueva de San Juan";"41";"Sevilla";"01";"Comunidad Autónoma de Andalucía";"RNC";"RNC"
"101";"Villaverde del Río";"41";"Sevilla";"01";"Comunidad Autónoma de Andalucía";"URBANO";"URBANO"
"102";"Viso del Alcor (El)";"41";"Sevilla";"01";"Comunidad Autónoma de Andalucía";"URBANO";"URBANO"
"103";"Cañada Rosal";"41";"Sevilla";"01";"Comunidad Autónoma de Andalucía";"URBANO";"URBANO"
"104";"Isla Mayor";"41";"Sevilla";"01";"Comunidad Autónoma de Andalucía";"RNC";"RNC"
"105";"Cuervo de Sevilla (El)";"41";"Sevilla";"01";"Comunidad Autónoma de Andalucía";"URBANO";"URBANO"
"106";"El Palmar de Troya";"41";"Sevilla";"01";"Comunidad Autónoma de Andalucía";"RRD";"RRD"
"900";"Sevilla";"41";"Sevilla";"01";"Comunidad Autónoma de Andalucía";"URBANO";"URBANO"
"001";"Aguadulce";"41";"Sevilla";"01";"Comunidad Autónoma de Andalucía";"URBANO";"URBANO"
"002";"Alanís";"41";"Sevilla";"01";"Comunidad Autónoma de Andalucía";"RRD";"RRGD"
"003";"Albaida del Aljarafe";"41";"Sevilla";"01";"Comunidad Autónoma de Andalucía";"URBANO";"URBANO"
"004";"Alcalá de Guadaíra";"41";"Sevilla";"01";"Comunidad Autónoma de Andalucía";"URBANO";"URBANO"
"005";"Alcalá del Río";"41";"Sevilla";"01";"Comunidad Autónoma de Andalucía";"URBANO";"URBANO"
"034";"ALMENAR DE SORIA";"42";"Soria";"08";"Comunidad Autónoma de Castilla y León";"RRD";"RRGD"
"035";"ALPANSEQUE";"42";"Soria";"08";"Comunidad Autónoma de Castilla y León";"RRD";"RRGD"
"038";"ARANCON";"42";"Soria";"08";"Comunidad Autónoma de Castilla y León";"RRD";"RRGD"
"039";"ARCOS DE JALON";"42";"Soria";"08";"Comunidad Autónoma de Castilla y León";"RRD";"RRGD"
"040";"ARENILLAS";"42";"Soria";"08";"Comunidad Autónoma de Castilla y León";"RRD";"RRGD"
"041";"AREVALO DE LA SIERRA";"42";"Soria";"08";"Comunidad Autónoma de Castilla y León";"RRD";"RRGD"
"045";"AUSEJO DE LA SIERRA";"42";"Soria";"08";"Comunidad Autónoma de Castilla y León";"RRD";"RRGD"
"047";"BARAONA";"42";"Soria";"08";"Comunidad Autónoma de Castilla y León";"RRD";"RRGD"
"048";"BARCA";"42";"Soria";"08";"Comunidad Autónoma de Castilla y León";"RRD";"RRGD"
"049";"BARCONES";"42";"Soria";"08";"Comunidad Autónoma de Castilla y León";"RRD";"RRGD"
"051";"BAYUBAS DE ABAJO";"42";"Soria";"08";"Comunidad Autónoma de Castilla y León";"RRD";"RRGD"
"052";"BAYUBAS DE ARRIBA";"42";"Soria";"08";"Comunidad Autónoma de Castilla y León";"RRD";"RRGD"
"055";"BERATON";"42";"Soria";"08";"Comunidad Autónoma de Castilla y León";"RRD";"RRGD"
"056";"BERLANGA DE DUERO";"42";"Soria";"08";"Comunidad Autónoma de Castilla y León";"RRD";"RRGD"
"058";"BLACOS";"42";"Soria";"08";"Comunidad Autónoma de Castilla y León";"RRD";"RRGD"
"059";"BLIECOS";"42";"Soria";"08";"Comunidad Autónoma de Castilla y León";"RRD";"RRGD"
"064";"BORJABAD";"42";"Soria";"08";"Comunidad Autónoma de Castilla y León";"RRD";"RRGD"
"065";"BOROBIA";"42";"Soria";"08";"Comunidad Autónoma de Castilla y León";"RRD";"RRGD"
"068";"BUBEROS";"42";"Soria";"08";"Comunidad Autónoma de Castilla y León";"RRD";"RRGD"
"070";"BUITRAGO";"42";"Soria";"08";"Comunidad Autónoma de Castilla y León";"RRD";"RRD"
"071";"BURGO DE OSMA-CIUDAD DE OSMA";"42";"Soria";"08";"Comunidad Autónoma de Castilla y León";"RNC";"RNC"
"072";"CABREJAS DEL CAMPO";"42";"Soria";"08";"Comunidad Autónoma de Castilla y León";"RRD";"RRGD"
"073";"CABREJAS DEL PINAR";"42";"Soria";"08";"Comunidad Autónoma de Castilla y León";"RRD";"RRGD"
"075";"CALATAÑAZOR";"42";"Soria";"08";"Comunidad Autónoma de Castilla y León";"RRD";"RRGD"
"077";"CALTOJAR";"42";"Soria";"08";"Comunidad Autónoma de Castilla y León";"RRD";"RRGD"
"079";"CANDILICHERA";"42";"Soria";"08";"Comunidad Autónoma de Castilla y León";"RRD";"RRGD"
"081";"CAÑAMAQUE";"42";"Soria";"08";"Comunidad Autónoma de Castilla y León";"RRD";"RRGD"
"082";"CARABANTES";"42";"Soria";"08";"Comunidad Autónoma de Castilla y León";"RRD";"RRGD"
"083";"CARACENA";"42";"Soria";"08";"Comunidad Autónoma de Castilla y León";"RRD";"RRGD"
"086";"CARRASCOSA DE ABAJO";"42";"Soria";"08";"Comunidad Autónoma de Castilla y León";"RRD";"RRGD"
"088";"CARRASCOSA DE LA SIERRA";"42";"Soria";"08";"Comunidad Autónoma de Castilla y León";"RRD";"RRGD"
"089";"CASAREJOS";"42";"Soria";"08";"Comunidad Autónoma de Castilla y León";"RRD";"RRGD"
"092";"CASTILFRIO DE LA SIERRA";"42";"Soria";"08";"Comunidad Autónoma de Castilla y León";"RRD";"RRGD"
"093";"CASTILRUIZ";"42";"Soria";"08";"Comunidad Autónoma de Castilla y León";"RRD";"RRGD"
"094";"CASTILLEJO DE ROBLEDO";"42";"Soria";"08";"Comunidad Autónoma de Castilla y León";"RRD";"RRGD"
"095";"CENTENERA DE ANDALUZ";"42";"Soria";"08";"Comunidad Autónoma de Castilla y León";"RRD";"RRGD"
"096";"CERBON";"42";"Soria";"08";"Comunidad Autónoma de Castilla y León";"RRD";"RRGD"
"097";"CIDONES";"42";"Soria";"08";"Comunidad Autónoma de Castilla y León";"RRD";"RRGD"
"098";"CIGUDOSA";"42";"Soria";"08";"Comunidad Autónoma de Castilla y León";"RRD";"RRGD"
"099";"CIHUELA";"42";"Soria";"08";"Comunidad Autónoma de Castilla y León";"RRD";"RRGD"
"100";"CIRIA";"42";"Soria";"08";"Comunidad Autónoma de Castilla y León";"RRD";"RRGD"
"102";"CIRUJALES DEL RIO";"42";"Soria";"08";"Comunidad Autónoma de Castilla y León";"RRD";"RRGD"
"107";"COSCURITA";"42";"Soria";"08";"Comunidad Autónoma de Castilla y León";"RRD";"RRGD"
"108";"COVALEDA";"42";"Soria";"08";"Comunidad Autónoma de Castilla y León";"RNC";"RNC"
"109";"CUBILLA";"42";"Soria";"08";"Comunidad Autónoma de Castilla y León";"RRD";"RRGD"
"111";"CUBO DE LA SOLANA";"42";"Soria";"08";"Comunidad Autónoma de Castilla y León";"RRD";"RRGD"
"114";"CUEVA DE AGREDA";"42";"Soria";"08";"Comunidad Autónoma de Castilla y León";"RRD";"RRGD"
"120";"DEVANOS";"42";"Soria";"08";"Comunidad Autónoma de Castilla y León";"RRD";"RRGD"
"121";"DEZA";"42";"Soria";"08";"Comunidad Autónoma de Castilla y León";"RRD";"RRGD"
"124";"DURUELO DE LA SIERRA";"42";"Soria";"08";"Comunidad Autónoma de Castilla y León";"RNC";"RNC"
"002";"ABEJAR";"42";"Soria";"08";"Comunidad Autónoma de Castilla y León";"RNC";"RNC"
"005";"ADRADAS";"42";"Soria";"08";"Comunidad Autónoma de Castilla y León";"RRD";"RRGD"
"006";"AGREDA";"42";"Soria";"08";"Comunidad Autónoma de Castilla y León";"RNC";"RNC"
"012";"ALCONABA";"42";"Soria";"08";"Comunidad Autónoma de Castilla y León";"RRD";"RRGD"
"014";"ALCUBILLA DE AVELLANEDA";"42";"Soria";"08";"Comunidad Autónoma de Castilla y León";"RRD";"RRGD"
"150";"GARRAY";"42";"Soria";"08";"Comunidad Autónoma de Castilla y León";"RRD";"RRD"
"151";"GOLMAYO";"42";"Soria";"08";"Comunidad Autónoma de Castilla y León";"RNC";"RNC"
"152";"GOMARA";"42";"Soria";"08";"Comunidad Autónoma de Castilla y León";"RRD";"RRGD"
"153";"GORMAZ";"42";"Soria";"08";"Comunidad Autónoma de Castilla y León";"RRD";"RRGD"
"154";"HERRERA DE SORIA";"42";"Soria";"08";"Comunidad Autónoma de Castilla y León";"RRD";"RRGD"
"157";"HINOJOSA DEL CAMPO";"42";"Soria";"08";"Comunidad Autónoma de Castilla y León";"RRD";"RRGD"
"169";"LANGA DE DUERO";"42";"Soria";"08";"Comunidad Autónoma de Castilla y León";"RRD";"RRGD"
"172";"LICERAS";"42";"Soria";"08";"Comunidad Autónoma de Castilla y León";"RRD";"RRGD"
"175";"LOSILLA (LA)";"42";"Soria";"08";"Comunidad Autónoma de Castilla y León";"RRD";"RRGD"
"178";"MAGAÑA";"42";"Soria";"08";"Comunidad Autónoma de Castilla y León";"RRD";"RRGD"
"179";"MAJAN";"42";"Soria";"08";"Comunidad Autónoma de Castilla y León";"RRD";"RRGD"
"182";"MATALEBRERAS";"42";"Soria";"08";"Comunidad Autónoma de Castilla y León";"RRD";"RRGD"
"183";"MATAMALA DE ALMAZAN";"42";"Soria";"08";"Comunidad Autónoma de Castilla y León";"RRD";"RRGD"
"187";"MEDINACELI";"42";"Soria";"08";"Comunidad Autónoma de Castilla y León";"RRD";"RRGD"
"190";"MIÑO DE MEDINACELI";"42";"Soria";"08";"Comunidad Autónoma de Castilla y León";"RRD";"RRGD"
"191";"MIÑO DE SAN ESTEBAN";"42";"Soria";"08";"Comunidad Autónoma de Castilla y León";"RRD";"RRGD"
"193";"MOLINOS DE DUERO";"42";"Soria";"08";"Comunidad Autónoma de Castilla y León";"RRD";"RRGD"
"194";"MOMBLONA";"42";"Soria";"08";"Comunidad Autónoma de Castilla y León";"RRD";"RRGD"
"195";"MONTEAGUDO DE LAS VICARIAS";"42";"Soria";"08";"Comunidad Autónoma de Castilla y León";"RRD";"RRGD"
"196";"MONTEJO DE TIERMES";"42";"Soria";"08";"Comunidad Autónoma de Castilla y León";"RRD";"RRGD"
"197";"MONTENEGRO DE CAMEROS";"42";"Soria";"08";"Comunidad Autónoma de Castilla y León";"RRD";"RRGD"
"201";"MORON DE ALMAZAN";"42";"Soria";"08";"Comunidad Autónoma de Castilla y León";"RRD";"RRGD"
"202";"MURIEL DE LA FUENTE";"42";"Soria";"08";"Comunidad Autónoma de Castilla y León";"RNC";"RNC"
"203";"MURIEL VIEJO";"42";"Soria";"08";"Comunidad Autónoma de Castilla y León";"RRD";"RRGD"
"205";"NAFRIA DE UCERO";"42";"Soria";"08";"Comunidad Autónoma de Castilla y León";"RRD";"RRGD"
"207";"NARROS";"42";"Soria";"08";"Comunidad Autónoma de Castilla y León";"RRD";"RRGD"
"209";"NAVALENO";"42";"Soria";"08";"Comunidad Autónoma de Castilla y León";"RNC";"RNC"
"210";"NEPAS";"42";"Soria";"08";"Comunidad Autónoma de Castilla y León";"RRD";"RRGD"
"213";"NOLAY";"42";"Soria";"08";"Comunidad Autónoma de Castilla y León";"RRD";"RRGD"
"216";"NOVIERCAS";"42";"Soria";"08";"Comunidad Autónoma de Castilla y León";"RRD";"RRGD"
"219";"OLVEGA";"42";"Soria";"08";"Comunidad Autónoma de Castilla y León";"RNC";"RNC"
"220";"ONCALA";"42";"Soria";"08";"Comunidad Autónoma de Castilla y León";"RRD";"RRGD"
"228";"PINILLA DEL CAMPO";"42";"Soria";"08";"Comunidad Autónoma de Castilla y León";"RRD";"RRGD"
"232";"PORTILLO DE SORIA";"42";"Soria";"08";"Comunidad Autónoma de Castilla y León";"RRD";"RRGD"
"233";"POVEDA DE SORIA (LA)";"42";"Soria";"08";"Comunidad Autónoma de Castilla y León";"RRD";"RRGD"
"234";"POZALMURO";"42";"Soria";"08";"Comunidad Autónoma de Castilla y León";"RRD";"RRGD"
"236";"QUINTANA REDONDA";"42";"Soria";"08";"Comunidad Autónoma de Castilla y León";"RRD";"RRGD"
"237";"QUINTANAS DE GORMAZ";"42";"Soria";"08";"Comunidad Autónoma de Castilla y León";"RRD";"RRGD"
"241";"QUIÑONERIA";"42";"Soria";"08";"Comunidad Autónoma de Castilla y León";"RRD";"RRGD"
"242";"RABANOS (LOS)";"42";"Soria";"08";"Comunidad Autónoma de Castilla y León";"RRD";"RRGD"
"244";"REBOLLAR";"42";"Soria";"08";"Comunidad Autónoma de Castilla y León";"RRD";"RRGD"
"246";"RECUERDA";"42";"Soria";"08";"Comunidad Autónoma de Castilla y León";"RRD";"RRGD"
"248";"RELLO";"42";"Soria";"08";"Comunidad Autónoma de Castilla y León";"RRD";"RRGD"
"249";"RENIEBLAS";"42";"Soria";"08";"Comunidad Autónoma de Castilla y León";"RRD";"RRGD"
"250";"RETORTILLO DE SORIA";"42";"Soria";"08";"Comunidad Autónoma de Castilla y León";"RRD";"RRGD"
"252";"REZNOS";"42";"Soria";"08";"Comunidad Autónoma de Castilla y León";"RRD";"RRGD"
"253";"RIBA DE ESCALOTE (LA)";"42";"Soria";"08";"Comunidad Autónoma de Castilla y León";"RRD";"RRGD"
"254";"RIOSECO DE SORIA";"42";"Soria";"08";"Comunidad Autónoma de Castilla y León";"RRD";"RRGD"
"255";"ROLLAMIENTA";"42";"Soria";"08";"Comunidad Autónoma de Castilla y León";"RRD";"RRGD"
"257";"ROYO (EL)";"42";"Soria";"08";"Comunidad Autónoma de Castilla y León";"RRD";"RRGD"
"015";"ALCUBILLA DE LAS PEÑAS";"42";"Soria";"08";"Comunidad Autónoma de Castilla y León";"RRD";"RRGD"
"018";"ALDEALAFUENTE";"42";"Soria";"08";"Comunidad Autónoma de Castilla y León";"RRD";"RRGD"
"019";"ALDEALICES";"42";"Soria";"08";"Comunidad Autónoma de Castilla y León";"RRD";"RRGD"
"020";"ALDEALPOZO";"42";"Soria";"08";"Comunidad Autónoma de Castilla y León";"RRD";"RRGD"
"021";"ALDEALSEÑOR";"42";"Soria";"08";"Comunidad Autónoma de Castilla y León";"RRD";"RRGD"
"024";"ALDEHUELA DE PERIAÑEZ";"42";"Soria";"08";"Comunidad Autónoma de Castilla y León";"RRD";"RRGD"
"025";"ALDEHUELAS (LAS)";"42";"Soria";"08";"Comunidad Autónoma de Castilla y León";"RRD";"RRGD"
"026";"ALENTISQUE";"42";"Soria";"08";"Comunidad Autónoma de Castilla y León";"RRD";"RRGD"
"027";"ALIUD";"42";"Soria";"08";"Comunidad Autónoma de Castilla y León";"RRD";"RRGD"
"028";"ALMAJANO";"42";"Soria";"08";"Comunidad Autónoma de Castilla y León";"RNC";"RNC"
"029";"ALMALUEZ";"42";"Soria";"08";"Comunidad Autónoma de Castilla y León";"RRD";"RRGD"
"031";"ALMARZA";"42";"Soria";"08";"Comunidad Autónoma de Castilla y León";"RRD";"RRGD"
"032";"ALMAZAN";"42";"Soria";"08";"Comunidad Autónoma de Castilla y León";"RNC";"RNC"
"033";"ALMAZUL";"42";"Soria";"08";"Comunidad Autónoma de Castilla y León";"RRD";"RRGD"
"259";"SALDUERO";"42";"Soria";"08";"Comunidad Autónoma de Castilla y León";"RNC";"RNC"
"263";"SAN ESTEBAN DE GORMAZ";"42";"Soria";"08";"Comunidad Autónoma de Castilla y León";"RRD";"RRGD"
"264";"SAN FELICES";"42";"Soria";"08";"Comunidad Autónoma de Castilla y León";"RRD";"RRGD"
"265";"SAN LEONARDO DE YAGÜE";"42";"Soria";"08";"Comunidad Autónoma de Castilla y León";"RNC";"RNC"
"266";"SAN PEDRO MANRIQUE";"42";"Soria";"08";"Comunidad Autónoma de Castilla y León";"RRD";"RRGD"
"267";"SANTA CRUZ DE YANGUAS";"42";"Soria";"08";"Comunidad Autónoma de Castilla y León";"RRD";"RRGD"
"268";"SANTA MARIA DE HUERTA";"42";"Soria";"08";"Comunidad Autónoma de Castilla y León";"RRD";"RRGD"
"269";"SANTA MARIA DE LAS HOYAS";"42";"Soria";"08";"Comunidad Autónoma de Castilla y León";"RRD";"RRGD"
"274";"SERON DE NAGIMA";"42";"Soria";"08";"Comunidad Autónoma de Castilla y León";"RRD";"RRGD"
"275";"SOLIEDRA";"42";"Soria";"08";"Comunidad Autónoma de Castilla y León";"RRD";"RRGD"
"278";"SOTILLO DEL RINCON";"42";"Soria";"08";"Comunidad Autónoma de Castilla y León";"RRD";"RRGD"
"280";"SUELLACABRAS";"42";"Soria";"08";"Comunidad Autónoma de Castilla y León";"RRD";"RRGD"
"281";"TAJAHUERCE";"42";"Soria";"08";"Comunidad Autónoma de Castilla y León";"RRD";"RRGD"
"282";"TAJUECO";"42";"Soria";"08";"Comunidad Autónoma de Castilla y León";"RRD";"RRGD"
"283";"TALVEILA";"42";"Soria";"08";"Comunidad Autónoma de Castilla y León";"RRD";"RRGD"
"287";"TARDELCUENDE";"42";"Soria";"08";"Comunidad Autónoma de Castilla y León";"RRD";"RRGD"
"289";"TARODA";"42";"Soria";"08";"Comunidad Autónoma de Castilla y León";"RRD";"RRGD"
"290";"TEJADO";"42";"Soria";"08";"Comunidad Autónoma de Castilla y León";"RRD";"RRGD"
"292";"TORLENGUA";"42";"Soria";"08";"Comunidad Autónoma de Castilla y León";"RRD";"RRGD"
"295";"TORREBLACOS";"42";"Soria";"08";"Comunidad Autónoma de Castilla y León";"RRD";"RRGD"
"298";"TORRUBIA DE SORIA";"42";"Soria";"08";"Comunidad Autónoma de Castilla y León";"RRD";"RRGD"
"299";"TREVAGO";"42";"Soria";"08";"Comunidad Autónoma de Castilla y León";"RRD";"RRGD"
"300";"UCERO";"42";"Soria";"08";"Comunidad Autónoma de Castilla y León";"RRD";"RRGD"
"302";"VADILLO";"42";"Soria";"08";"Comunidad Autónoma de Castilla y León";"RRD";"RRGD"
"304";"VALDEAVELLANO DE TERA";"42";"Soria";"08";"Comunidad Autónoma de Castilla y León";"RRD";"RRD"
"305";"VALDEGEÑA";"42";"Soria";"08";"Comunidad Autónoma de Castilla y León";"RRD";"RRGD"
"306";"VALDELAGUA DEL CERRO";"42";"Soria";"08";"Comunidad Autónoma de Castilla y León";"RRD";"RRGD"
"307";"VALDEMALUQUE";"42";"Soria";"08";"Comunidad Autónoma de Castilla y León";"RRD";"RRGD"
"309";"VALDENEBRO";"42";"Soria";"08";"Comunidad Autónoma de Castilla y León";"RRD";"RRGD"
"310";"VALDEPRADO";"42";"Soria";"08";"Comunidad Autónoma de Castilla y León";"RRD";"RRGD"
"311";"VALDERRODILLA";"42";"Soria";"08";"Comunidad Autónoma de Castilla y León";"RRD";"RRGD"
"313";"VALTAJEROS";"42";"Soria";"08";"Comunidad Autónoma de Castilla y León";"RRD";"RRGD"
"318";"VELAMAZAN";"42";"Soria";"08";"Comunidad Autónoma de Castilla y León";"RRD";"RRGD"
"319";"VELILLA DE LA SIERRA";"42";"Soria";"08";"Comunidad Autónoma de Castilla y León";"RRD";"RRGD"
"320";"VELILLA DE LOS AJOS";"42";"Soria";"08";"Comunidad Autónoma de Castilla y León";"RRD";"RRGD"
"325";"VIANA DE DUERO";"42";"Soria";"08";"Comunidad Autónoma de Castilla y León";"RRD";"RRGD"
"328";"VILLACIERVOS";"42";"Soria";"08";"Comunidad Autónoma de Castilla y León";"RRD";"RRGD"
"330";"VILLANUEVA DE GORMAZ";"42";"Soria";"08";"Comunidad Autónoma de Castilla y León";"RRD";"RRGD"
"331";"VILLAR DEL ALA";"42";"Soria";"08";"Comunidad Autónoma de Castilla y León";"RRD";"RRGD"
"332";"VILLAR DEL CAMPO";"42";"Soria";"08";"Comunidad Autónoma de Castilla y León";"RRD";"RRGD"
"333";"VILLAR DEL RIO";"42";"Soria";"08";"Comunidad Autónoma de Castilla y León";"RRD";"RRGD"
"335";"VILLARES DE SORIA (LOS)";"42";"Soria";"08";"Comunidad Autónoma de Castilla y León";"RRD";"RRGD"
"337";"VILLASAYAS";"42";"Soria";"08";"Comunidad Autónoma de Castilla y León";"RRD";"RRGD"
"338";"VILLASECA DE ARCIEL";"42";"Soria";"08";"Comunidad Autónoma de Castilla y León";"RRD";"RRGD"
"340";"VINUESA";"42";"Soria";"08";"Comunidad Autónoma de Castilla y León";"RRD";"RRGD"
"341";"VIZMANOS";"42";"Soria";"08";"Comunidad Autónoma de Castilla y León";"RRD";"RRGD"
"342";"VOZMEDIANO";"42";"Soria";"08";"Comunidad Autónoma de Castilla y León";"RRD";"RRGD"
"343";"YANGUAS";"42";"Soria";"08";"Comunidad Autónoma de Castilla y León";"RRD";"RRGD"
"344";"YELO";"42";"Soria";"08";"Comunidad Autónoma de Castilla y León";"RRD";"RRGD"
"900";"SORIA";"42";"Soria";"08";"Comunidad Autónoma de Castilla y León";"URBANO";"URBANO"
"125";"ESCOBOSA DE ALMAZAN";"42";"Soria";"08";"Comunidad Autónoma de Castilla y León";"RRD";"RRGD"
"126";"ESPEJA DE SAN MARCELINO";"42";"Soria";"08";"Comunidad Autónoma de Castilla y León";"RRD";"RRGD"
"127";"ESPEJON";"42";"Soria";"08";"Comunidad Autónoma de Castilla y León";"RRD";"RRGD"
"128";"ESTEPA DE SAN JUAN";"42";"Soria";"08";"Comunidad Autónoma de Castilla y León";"RRD";"RRGD"
"132";"FRECHILLA DE ALMAZAN";"42";"Soria";"08";"Comunidad Autónoma de Castilla y León";"RRD";"RRGD"
"133";"FRESNO DE CARACENA";"42";"Soria";"08";"Comunidad Autónoma de Castilla y León";"RRD";"RRGD"
"135";"FUENTEARMEGIL";"42";"Soria";"08";"Comunidad Autónoma de Castilla y León";"RRD";"RRGD"
"137";"FUENTECAMBRON";"42";"Soria";"08";"Comunidad Autónoma de Castilla y León";"RRD";"RRGD"
"139";"FUENTECANTOS";"42";"Soria";"08";"Comunidad Autónoma de Castilla y León";"RRD";"RRGD"
"142";"FUENTELMONGE";"42";"Soria";"08";"Comunidad Autónoma de Castilla y León";"RRD";"RRGD"
"143";"FUENTELSAZ DE SORIA";"42";"Soria";"08";"Comunidad Autónoma de Castilla y León";"RRD";"RRGD"
"144";"FUENTEPINILLA";"42";"Soria";"08";"Comunidad Autónoma de Castilla y León";"RRD";"RRGD"
"146";"FUENTES DE MAGAÑA";"42";"Soria";"08";"Comunidad Autónoma de Castilla y León";"RRD";"RRGD"
"147";"FUENTESTRUN";"42";"Soria";"08";"Comunidad Autónoma de Castilla y León";"RRD";"RRGD"
"037";"CALAFELL";"43";"Tarragona";"09";"Comunidad Autónoma de Cataluña";"URBANO";"URBANO"
"038";"CAMBRILS";"43";"Tarragona";"09";"Comunidad Autónoma de Cataluña";"URBANO";"URBANO"
"039";"LA CANONJA";"43";"Tarragona";"09";"Comunidad Autónoma de Cataluña";"URBANO";"URBANO"
"040";"CAPAFONTS";"43";"Tarragona";"09";"Comunidad Autónoma de Cataluña";"RRD";"RRGD"
"041";"CAPÇANES";"43";"Tarragona";"09";"Comunidad Autónoma de Cataluña";"RNC";"RNC"
"042";"CASERES";"43";"Tarragona";"09";"Comunidad Autónoma de Cataluña";"RRD";"RRGD"
"043";"CASTELLVELL DEL CAMP";"43";"Tarragona";"09";"Comunidad Autónoma de Cataluña";"URBANO";"URBANO"
"044";"CATLLAR (EL)";"43";"Tarragona";"09";"Comunidad Autónoma de Cataluña";"URBANO";"URBANO"
"045";"SENIA (LA)";"43";"Tarragona";"09";"Comunidad Autónoma de Cataluña";"RNC";"RNC"
"046";"COLLDEJOU";"43";"Tarragona";"09";"Comunidad Autónoma de Cataluña";"RRD";"RRD"
"047";"CONESA";"43";"Tarragona";"09";"Comunidad Autónoma de Cataluña";"RRD";"RRGD"
"048";"CONSTANTI";"43";"Tarragona";"09";"Comunidad Autónoma de Cataluña";"URBANO";"URBANO"
"049";"CORBERA D'EBRE";"43";"Tarragona";"09";"Comunidad Autónoma de Cataluña";"RNC";"RNC"
"050";"CORNUDELLA DE MONTSANT";"43";"Tarragona";"09";"Comunidad Autónoma de Cataluña";"RNC";"RNC"
"051";"CREIXELL";"43";"Tarragona";"09";"Comunidad Autónoma de Cataluña";"URBANO";"URBANO"
"052";"CUNIT";"43";"Tarragona";"09";"Comunidad Autónoma de Cataluña";"URBANO";"URBANO"
"053";"XERTA";"43";"Tarragona";"09";"Comunidad Autónoma de Cataluña";"RNC";"RNC"
"054";"DUESAIGÜES";"43";"Tarragona";"09";"Comunidad Autónoma de Cataluña";"RNC";"RNC"
"055";"ESPLUGA DE FRANCOLI (L')";"43";"Tarragona";"09";"Comunidad Autónoma de Cataluña";"RNC";"RNC"
"056";"FALSET";"43";"Tarragona";"09";"Comunidad Autónoma de Cataluña";"RNC";"RNC"
"057";"FATARELLA (LA)";"43";"Tarragona";"09";"Comunidad Autónoma de Cataluña";"RNC";"RNC"
"058";"FEBRO (LA)";"43";"Tarragona";"09";"Comunidad Autónoma de Cataluña";"RRD";"RRGD"
"059";"FIGUERA (LA)";"43";"Tarragona";"09";"Comunidad Autónoma de Cataluña";"RRD";"RRGD"
"060";"FIGUEROLA DEL CAMP";"43";"Tarragona";"09";"Comunidad Autónoma de Cataluña";"RNC";"RNC"
"061";"FLIX";"43";"Tarragona";"09";"Comunidad Autónoma de Cataluña";"RNC";"RNC"
"062";"FORES";"43";"Tarragona";"09";"Comunidad Autónoma de Cataluña";"RRD";"RRGD"
"063";"FREGINALS";"43";"Tarragona";"09";"Comunidad Autónoma de Cataluña";"RNC";"RNC"
"064";"GALERA (LA)";"43";"Tarragona";"09";"Comunidad Autónoma de Cataluña";"RNC";"RNC"
"065";"GANDESA";"43";"Tarragona";"09";"Comunidad Autónoma de Cataluña";"RNC";"RNC"
"066";"GARCIA";"43";"Tarragona";"09";"Comunidad Autónoma de Cataluña";"RRD";"RRD"
"067";"GARIDELLS (ELS)";"43";"Tarragona";"09";"Comunidad Autónoma de Cataluña";"RNC";"RNC"
"068";"GINESTAR";"43";"Tarragona";"09";"Comunidad Autónoma de Cataluña";"RNC";"RNC"
"069";"GODALL";"43";"Tarragona";"09";"Comunidad Autónoma de Cataluña";"RNC";"RNC"
"070";"GRATALLOPS";"43";"Tarragona";"09";"Comunidad Autónoma de Cataluña";"RNC";"RNC"
"071";"GUIAMETS (ELS)";"43";"Tarragona";"09";"Comunidad Autónoma de Cataluña";"RNC";"RNC"
"072";"HORTA DE SANT JOAN";"43";"Tarragona";"09";"Comunidad Autónoma de Cataluña";"RRD";"RRD"
"073";"LLOAR (EL)";"43";"Tarragona";"09";"Comunidad Autónoma de Cataluña";"RNC";"RNC"
"074";"LLORAC";"43";"Tarragona";"09";"Comunidad Autónoma de Cataluña";"RRD";"RRGD"
"075";"LLORENÇ DEL PENEDES";"43";"Tarragona";"09";"Comunidad Autónoma de Cataluña";"URBANO";"URBANO"
"076";"MARGALEF";"43";"Tarragona";"09";"Comunidad Autónoma de Cataluña";"RRD";"RRGD"
"077";"MARÇA";"43";"Tarragona";"09";"Comunidad Autónoma de Cataluña";"RNC";"RNC"
"078";"MAS DE BARBERANS";"43";"Tarragona";"09";"Comunidad Autónoma de Cataluña";"RRD";"RRGD"
"001";"AIGUAMURCIA";"43";"Tarragona";"09";"Comunidad Autónoma de Cataluña";"RRD";"RRD"
"002";"ALBINYANA";"43";"Tarragona";"09";"Comunidad Autónoma de Cataluña";"URBANO";"URBANO"
"003";"ALBIOL (L')";"43";"Tarragona";"09";"Comunidad Autónoma de Cataluña";"RNC";"RNC"
"004";"ALCANAR";"43";"Tarragona";"09";"Comunidad Autónoma de Cataluña";"URBANO";"URBANO"
"005";"ALCOVER";"43";"Tarragona";"09";"Comunidad Autónoma de Cataluña";"URBANO";"URBANO"
"006";"ALDOVER";"43";"Tarragona";"09";"Comunidad Autónoma de Cataluña";"RNC";"RNC"
"007";"ALEIXAR (L')";"43";"Tarragona";"09";"Comunidad Autónoma de Cataluña";"RNC";"RNC"
"008";"ALFARA DE CARLES";"43";"Tarragona";"09";"Comunidad Autónoma de Cataluña";"RRD";"RRGD"
"009";"ALFORJA";"43";"Tarragona";"09";"Comunidad Autónoma de Cataluña";"RNC";"RNC"
"010";"ALIO";"43";"Tarragona";"09";"Comunidad Autónoma de Cataluña";"RNC";"RNC"
"011";"ALMOSTER";"43";"Tarragona";"09";"Comunidad Autónoma de Cataluña";"URBANO";"URBANO"
"012";"ALTAFULLA";"43";"Tarragona";"09";"Comunidad Autónoma de Cataluña";"URBANO";"URBANO"
"013";"AMETLLA DE MAR (L')";"43";"Tarragona";"09";"Comunidad Autónoma de Cataluña";"URBANO";"URBANO"
"014";"AMPOSTA";"43";"Tarragona";"09";"Comunidad Autónoma de Cataluña";"URBANO";"URBANO"
"103";"PASSANANT I BELLTALL";"43";"Tarragona";"09";"Comunidad Autónoma de Cataluña";"RRD";"RRGD"
"104";"PAÜLS";"43";"Tarragona";"09";"Comunidad Autónoma de Cataluña";"RNC";"RNC"
"105";"PERAFORT";"43";"Tarragona";"09";"Comunidad Autónoma de Cataluña";"URBANO";"URBANO"
"106";"PERELLO (EL)";"43";"Tarragona";"09";"Comunidad Autónoma de Cataluña";"RNC";"RNC"
"107";"PILES (LES)";"43";"Tarragona";"09";"Comunidad Autónoma de Cataluña";"RRD";"RRD"
"108";"PINELL DE BRAI (EL)";"43";"Tarragona";"09";"Comunidad Autónoma de Cataluña";"RNC";"RNC"
"109";"PIRA";"43";"Tarragona";"09";"Comunidad Autónoma de Cataluña";"RNC";"RNC"
"110";"PLA DE SANTA MARIA (EL)";"43";"Tarragona";"09";"Comunidad Autónoma de Cataluña";"RNC";"RNC"
"111";"POBLA DE MAFUMET (LA)";"43";"Tarragona";"09";"Comunidad Autónoma de Cataluña";"URBANO";"URBANO"
"112";"POBLA DE MASSALUCA (LA)";"43";"Tarragona";"09";"Comunidad Autónoma de Cataluña";"RRD";"RRGD"
"113";"POBLA DE MONTORNES (LA)";"43";"Tarragona";"09";"Comunidad Autónoma de Cataluña";"URBANO";"URBANO"
"114";"POBOLEDA";"43";"Tarragona";"09";"Comunidad Autónoma de Cataluña";"RNC";"RNC"
"115";"PONT D'ARMENTERA (EL)";"43";"Tarragona";"09";"Comunidad Autónoma de Cataluña";"RNC";"RNC"
"116";"PORRERA";"43";"Tarragona";"09";"Comunidad Autónoma de Cataluña";"RNC";"RNC"
"117";"PRADELL DE LA TEIXETA";"43";"Tarragona";"09";"Comunidad Autónoma de Cataluña";"RRD";"RRGD"
"118";"PRADES";"43";"Tarragona";"09";"Comunidad Autónoma de Cataluña";"RNC";"RNC"
"119";"PRAT DE COMTE";"43";"Tarragona";"09";"Comunidad Autónoma de Cataluña";"RRD";"RRGD"
"120";"PRATDIP";"43";"Tarragona";"09";"Comunidad Autónoma de Cataluña";"RNC";"RNC"
"121";"PUIGPELAT";"43";"Tarragona";"09";"Comunidad Autónoma de Cataluña";"URBANO";"URBANO"
"122";"QUEROL";"43";"Tarragona";"09";"Comunidad Autónoma de Cataluña";"RRD";"RRGD"
"123";"RASQUERA";"43";"Tarragona";"09";"Comunidad Autónoma de Cataluña";"RNC";"RNC"
"124";"RENAU";"43";"Tarragona";"09";"Comunidad Autónoma de Cataluña";"RNC";"RNC"
"125";"REUS";"43";"Tarragona";"09";"Comunidad Autónoma de Cataluña";"URBANO";"URBANO"
"126";"RIBA (LA)";"43";"Tarragona";"09";"Comunidad Autónoma de Cataluña";"RNC";"RNC"
"127";"RIBA-ROJA D'EBRE";"43";"Tarragona";"09";"Comunidad Autónoma de Cataluña";"RRD";"RRD"
"128";"RIERA DE GAIA (LA)";"43";"Tarragona";"09";"Comunidad Autónoma de Cataluña";"URBANO";"URBANO"
"129";"RIUDECANYES";"43";"Tarragona";"09";"Comunidad Autónoma de Cataluña";"RNC";"RNC"
"130";"RIUDECOLS";"43";"Tarragona";"09";"Comunidad Autónoma de Cataluña";"RNC";"RNC"
"131";"RIUDOMS";"43";"Tarragona";"09";"Comunidad Autónoma de Cataluña";"URBANO";"URBANO"
"132";"ROCAFORT DE QUERALT";"43";"Tarragona";"09";"Comunidad Autónoma de Cataluña";"RNC";"RNC"
"133";"RODA DE BERÀ";"43";"Tarragona";"09";"Comunidad Autónoma de Cataluña";"URBANO";"URBANO"
"134";"RODONYA";"43";"Tarragona";"09";"Comunidad Autónoma de Cataluña";"RNC";"RNC"
"135";"ROQUETES";"43";"Tarragona";"09";"Comunidad Autónoma de Cataluña";"RNC";"RNC"
"136";"ROURELL (EL)";"43";"Tarragona";"09";"Comunidad Autónoma de Cataluña";"URBANO";"URBANO"
"137";"SALOMO";"43";"Tarragona";"09";"Comunidad Autónoma de Cataluña";"RNC";"RNC"
"138";"SANT CARLES DE LA RAPITA";"43";"Tarragona";"09";"Comunidad Autónoma de Cataluña";"URBANO";"URBANO"
"139";"SANT JAUME DELS DOMENYS";"43";"Tarragona";"09";"Comunidad Autónoma de Cataluña";"URBANO";"URBANO"
"140";"SANTA BARBARA";"43";"Tarragona";"09";"Comunidad Autónoma de Cataluña";"URBANO";"URBANO"
"141";"SANTA COLOMA DE QUERALT";"43";"Tarragona";"09";"Comunidad Autónoma de Cataluña";"RNC";"RNC"
"142";"SANTA OLIVA";"43";"Tarragona";"09";"Comunidad Autónoma de Cataluña";"URBANO";"URBANO"
"143";"PONTILS";"43";"Tarragona";"09";"Comunidad Autónoma de Cataluña";"RRD";"RRGD"
"144";"SARRAL";"43";"Tarragona";"09";"Comunidad Autónoma de Cataluña";"RNC";"RNC"
"015";"ARBOLI";"43";"Tarragona";"09";"Comunidad Autónoma de Cataluña";"RRD";"RRGD"
"016";"L`ARBOÇ";"43";"Tarragona";"09";"Comunidad Autónoma de Cataluña";"URBANO";"URBANO"
"017";"ARGENTERA (L')";"43";"Tarragona";"09";"Comunidad Autónoma de Cataluña";"RNC";"RNC"
"018";"ARNES";"43";"Tarragona";"09";"Comunidad Autónoma de Cataluña";"RRD";"RRD"
"019";"ASCO";"43";"Tarragona";"09";"Comunidad Autónoma de Cataluña";"RNC";"RNC"
"020";"BANYERES DEL PENEDES";"43";"Tarragona";"09";"Comunidad Autónoma de Cataluña";"URBANO";"URBANO"
"021";"BARBERA DE LA CONCA";"43";"Tarragona";"09";"Comunidad Autónoma de Cataluña";"RNC";"RNC"
"022";"BATEA";"43";"Tarragona";"09";"Comunidad Autónoma de Cataluña";"RNC";"RNC"
"023";"BELLMUNT DEL PRIORAT";"43";"Tarragona";"09";"Comunidad Autónoma de Cataluña";"RNC";"RNC"
"024";"BELLVEI";"43";"Tarragona";"09";"Comunidad Autónoma de Cataluña";"URBANO";"URBANO"
"025";"BENIFALLET";"43";"Tarragona";"09";"Comunidad Autónoma de Cataluña";"RRD";"RRD"
"026";"BENISSANET";"43";"Tarragona";"09";"Comunidad Autónoma de Cataluña";"RNC";"RNC"
"027";"BISBAL DE FALSET (LA)";"43";"Tarragona";"09";"Comunidad Autónoma de Cataluña";"RNC";"RNC"
"028";"BISBAL DEL PENEDES (LA)";"43";"Tarragona";"09";"Comunidad Autónoma de Cataluña";"URBANO";"URBANO"
"029";"BLANCAFORT";"43";"Tarragona";"09";"Comunidad Autónoma de Cataluña";"RNC";"RNC"
"030";"BONASTRE";"43";"Tarragona";"09";"Comunidad Autónoma de Cataluña";"RNC";"RNC"
"031";"BORGES DEL CAMP (LES)";"43";"Tarragona";"09";"Comunidad Autónoma de Cataluña";"URBANO";"URBANO"
"032";"BOT";"43";"Tarragona";"09";"Comunidad Autónoma de Cataluña";"RNC";"RNC"
"033";"BOTARELL";"43";"Tarragona";"09";"Comunidad Autónoma de Cataluña";"RNC";"RNC"
"034";"BRAFIM";"43";"Tarragona";"09";"Comunidad Autónoma de Cataluña";"URBANO";"URBANO"
"035";"CABACES";"43";"Tarragona";"09";"Comunidad Autónoma de Cataluña";"RRD";"RRD"
"036";"CABRA DEL CAMP";"43";"Tarragona";"09";"Comunidad Autónoma de Cataluña";"RNC";"RNC"
"145";"SAVALLA DEL COMTAT";"43";"Tarragona";"09";"Comunidad Autónoma de Cataluña";"RRD";"RRGD"
"146";"SECUITA (LA)";"43";"Tarragona";"09";"Comunidad Autónoma de Cataluña";"RNC";"RNC"
"147";"SELVA DEL CAMP (LA)";"43";"Tarragona";"09";"Comunidad Autónoma de Cataluña";"URBANO";"URBANO"
"148";"SENAN";"43";"Tarragona";"09";"Comunidad Autónoma de Cataluña";"RRD";"RRGD"
"149";"SOLIVELLA";"43";"Tarragona";"09";"Comunidad Autónoma de Cataluña";"RNC";"RNC"
"151";"TIVENYS";"43";"Tarragona";"09";"Comunidad Autónoma de Cataluña";"RNC";"RNC"
"152";"TIVISSA";"43";"Tarragona";"09";"Comunidad Autónoma de Cataluña";"RRD";"RRGD"
"153";"TORRE DE FONTAUBELLA (LA)";"43";"Tarragona";"09";"Comunidad Autónoma de Cataluña";"RNC";"RNC"
"154";"TORRE DE L'ESPANYOL (LA)";"43";"Tarragona";"09";"Comunidad Autónoma de Cataluña";"RNC";"RNC"
"155";"TORREDEMBARRA";"43";"Tarragona";"09";"Comunidad Autónoma de Cataluña";"URBANO";"URBANO"
"156";"TORROJA DEL PRIORAT";"43";"Tarragona";"09";"Comunidad Autónoma de Cataluña";"RRD";"RRD"
"157";"TORTOSA";"43";"Tarragona";"09";"Comunidad Autónoma de Cataluña";"URBANO";"URBANO"
"158";"ULLDECONA";"43";"Tarragona";"09";"Comunidad Autónoma de Cataluña";"RNC";"RNC"
"159";"ULLDEMOLINS";"43";"Tarragona";"09";"Comunidad Autónoma de Cataluña";"RRD";"RRD"
"160";"VALLCLARA";"43";"Tarragona";"09";"Comunidad Autónoma de Cataluña";"RRD";"RRGD"
"161";"VALLFOGONA DE RIUCORB";"43";"Tarragona";"09";"Comunidad Autónoma de Cataluña";"RRD";"RRGD"
"162";"VALLMOLL";"43";"Tarragona";"09";"Comunidad Autónoma de Cataluña";"URBANO";"URBANO"
"163";"VALLS";"43";"Tarragona";"09";"Comunidad Autónoma de Cataluña";"URBANO";"URBANO"
"164";"VANDELLOS I L'HOSPITALET DE L'INFANT";"43";"Tarragona";"09";"Comunidad Autónoma de Cataluña";"RNC";"RNC"
"165";"VENDRELL (EL)";"43";"Tarragona";"09";"Comunidad Autónoma de Cataluña";"URBANO";"URBANO"
"166";"VESPELLA DE GAIA";"43";"Tarragona";"09";"Comunidad Autónoma de Cataluña";"RNC";"RNC"
"167";"VILABELLA";"43";"Tarragona";"09";"Comunidad Autónoma de Cataluña";"RNC";"RNC"
"168";"VILALLONGA DEL CAMP";"43";"Tarragona";"09";"Comunidad Autónoma de Cataluña";"URBANO";"URBANO"
"169";"VILANOVA D'ESCORNALBOU";"43";"Tarragona";"09";"Comunidad Autónoma de Cataluña";"RNC";"RNC"
"170";"VILANOVA DE PRADES";"43";"Tarragona";"09";"Comunidad Autónoma de Cataluña";"RRD";"RRGD"
"171";"VILAPLANA";"43";"Tarragona";"09";"Comunidad Autónoma de Cataluña";"RNC";"RNC"
"172";"VILA-RODONA";"43";"Tarragona";"09";"Comunidad Autónoma de Cataluña";"RNC";"RNC"
"173";"VILA-SECA";"43";"Tarragona";"09";"Comunidad Autónoma de Cataluña";"URBANO";"URBANO"
"174";"VILAVERD";"43";"Tarragona";"09";"Comunidad Autónoma de Cataluña";"RNC";"RNC"
"175";"VILELLA ALTA (LA)";"43";"Tarragona";"09";"Comunidad Autónoma de Cataluña";"RNC";"RNC"
"176";"VILELLA BAIXA (LA)";"43";"Tarragona";"09";"Comunidad Autónoma de Cataluña";"RNC";"RNC"
"177";"VILALBA DELS ARCS";"43";"Tarragona";"09";"Comunidad Autónoma de Cataluña";"RRD";"RRD"
"178";"VIMBODI I POBLET";"43";"Tarragona";"09";"Comunidad Autónoma de Cataluña";"RNC";"RNC"
"179";"VINEBRE";"43";"Tarragona";"09";"Comunidad Autónoma de Cataluña";"RNC";"RNC"
"180";"VINYOLS I ELS ARCS";"43";"Tarragona";"09";"Comunidad Autónoma de Cataluña";"URBANO";"URBANO"
"181";"DELTEBRE";"43";"Tarragona";"09";"Comunidad Autónoma de Cataluña";"URBANO";"URBANO"
"182";"SANT JAUME D'ENVEJA";"43";"Tarragona";"09";"Comunidad Autónoma de Cataluña";"RNC";"RNC"
"183";"CAMARLES";"43";"Tarragona";"09";"Comunidad Autónoma de Cataluña";"URBANO";"URBANO"
"184";"ALDEA (L')";"43";"Tarragona";"09";"Comunidad Autónoma de Cataluña";"URBANO";"URBANO"
"185";"SALOU";"43";"Tarragona";"09";"Comunidad Autónoma de Cataluña";"URBANO";"URBANO"
"186";"AMPOLLA (L')";"43";"Tarragona";"09";"Comunidad Autónoma de Cataluña";"RNC";"RNC"
"900";"TARRAGONA";"43";"Tarragona";"09";"Comunidad Autónoma de Cataluña";"URBANO";"URBANO"
"079";"MASDENVERGE";"43";"Tarragona";"09";"Comunidad Autónoma de Cataluña";"RNC";"RNC"
"080";"MASLLORENÇ";"43";"Tarragona";"09";"Comunidad Autónoma de Cataluña";"RNC";"RNC"
"081";"MASO (LA)";"43";"Tarragona";"09";"Comunidad Autónoma de Cataluña";"RNC";"RNC"
"082";"MASPUJOLS";"43";"Tarragona";"09";"Comunidad Autónoma de Cataluña";"URBANO";"URBANO"
"083";"MASROIG (EL)";"43";"Tarragona";"09";"Comunidad Autónoma de Cataluña";"RNC";"RNC"
"084";"MILA (EL)";"43";"Tarragona";"09";"Comunidad Autónoma de Cataluña";"RNC";"RNC"
"085";"MIRAVET";"43";"Tarragona";"09";"Comunidad Autónoma de Cataluña";"RNC";"RNC"
"086";"MOLAR (EL)";"43";"Tarragona";"09";"Comunidad Autónoma de Cataluña";"RRD";"RRD"
"087";"MONTBLANC";"43";"Tarragona";"09";"Comunidad Autónoma de Cataluña";"RNC";"RNC"
"089";"MONTBRIO DEL CAMP";"43";"Tarragona";"09";"Comunidad Autónoma de Cataluña";"URBANO";"URBANO"
"090";"MONTFERRI";"43";"Tarragona";"09";"Comunidad Autónoma de Cataluña";"RNC";"RNC"
"091";"MONTMELL (EL)";"43";"Tarragona";"09";"Comunidad Autónoma de Cataluña";"RNC";"RNC"
"092";"MONT-RAL";"43";"Tarragona";"09";"Comunidad Autónoma de Cataluña";"RRD";"RRGD"
"093";"MONT-ROIG DEL CAMP";"43";"Tarragona";"09";"Comunidad Autónoma de Cataluña";"URBANO";"URBANO"
"094";"MORA D'EBRE";"43";"Tarragona";"09";"Comunidad Autónoma de Cataluña";"URBANO";"URBANO"
"095";"MORA LA NOVA";"43";"Tarragona";"09";"Comunidad Autónoma de Cataluña";"URBANO";"URBANO"
"096";"MORELL (EL)";"43";"Tarragona";"09";"Comunidad Autónoma de Cataluña";"URBANO";"URBANO"
"097";"MORERA DE MONTSANT (LA)";"43";"Tarragona";"09";"Comunidad Autónoma de Cataluña";"RRD";"RRGD"
"099";"NOU DE GAIA (LA)";"43";"Tarragona";"09";"Comunidad Autónoma de Cataluña";"URBANO";"URBANO"
"100";"NULLES";"43";"Tarragona";"09";"Comunidad Autónoma de Cataluña";"RNC";"RNC"
"101";"PALMA D'EBRE (LA)";"43";"Tarragona";"09";"Comunidad Autónoma de Cataluña";"RRD";"RRD"
"102";"PALLARESOS (ELS)";"43";"Tarragona";"09";"Comunidad Autónoma de Cataluña";"URBANO";"URBANO"
"051";"CALANDA";"44";"Teruel";"02";"Comunidad Autónoma de Aragón";"RNC";"RNC"
"052";"CALOMARDE";"44";"Teruel";"02";"Comunidad Autónoma de Aragón";"RRD";"RRGD"
"053";"CAMAÑAS";"44";"Teruel";"02";"Comunidad Autónoma de Aragón";"RRD";"RRGD"
"054";"CAMARENA DE LA SIERRA";"44";"Teruel";"02";"Comunidad Autónoma de Aragón";"RRD";"RRGD"
"055";"CAMARILLAS";"44";"Teruel";"02";"Comunidad Autónoma de Aragón";"RRD";"RRGD"
"056";"CAMINREAL";"44";"Teruel";"02";"Comunidad Autónoma de Aragón";"RNC";"RNC"
"058";"CAMPOS";"44";"Teruel";"02";"Comunidad Autónoma de Aragón";"RRD";"RRD"
"059";"CANTAVIEJA";"44";"Teruel";"02";"Comunidad Autónoma de Aragón";"RRD";"RRGD"
"060";"CAÑADA DE BENATANDUZ";"44";"Teruel";"02";"Comunidad Autónoma de Aragón";"RRD";"RRGD"
"061";"CAÑADA DE VERICH (LA)";"44";"Teruel";"02";"Comunidad Autónoma de Aragón";"RRD";"RRD"
"062";"CAÑADA VELLIDA";"44";"Teruel";"02";"Comunidad Autónoma de Aragón";"RRD";"RRGD"
"063";"CAÑIZAR DEL OLIVAR";"44";"Teruel";"02";"Comunidad Autónoma de Aragón";"RRD";"RRGD"
"064";"CASCANTE DEL RIO";"44";"Teruel";"02";"Comunidad Autónoma de Aragón";"RRD";"RRGD"
"065";"CASTEJON DE TORNOS";"44";"Teruel";"02";"Comunidad Autónoma de Aragón";"RRD";"RRGD"
"066";"CASTEL DE CABRA";"44";"Teruel";"02";"Comunidad Autónoma de Aragón";"RRD";"RRGD"
"067";"CASTELNOU";"44";"Teruel";"02";"Comunidad Autónoma de Aragón";"RRD";"RRGD"
"068";"CASTELSERAS";"44";"Teruel";"02";"Comunidad Autónoma de Aragón";"RNC";"RNC"
"069";"CASTELVISPAL";"44";"Teruel";"02";"Comunidad Autónoma de Aragón";"RRD";"RRGD"
"070";"CASTELLAR (EL)";"44";"Teruel";"02";"Comunidad Autónoma de Aragón";"RRD";"RRGD"
"071";"CASTELLOTE";"44";"Teruel";"02";"Comunidad Autónoma de Aragón";"RRD";"RRGD"
"074";"CEDRILLAS";"44";"Teruel";"02";"Comunidad Autónoma de Aragón";"RRD";"RRD"
"075";"CELADAS";"44";"Teruel";"02";"Comunidad Autónoma de Aragón";"RRD";"RRGD"
"076";"CELLA";"44";"Teruel";"02";"Comunidad Autónoma de Aragón";"RNC";"RNC"
"077";"CEROLLERA (LA)";"44";"Teruel";"02";"Comunidad Autónoma de Aragón";"RRD";"RRGD"
"079";"CIRUJEDA";"44";"Teruel";"02";"Comunidad Autónoma de Aragón";"RRD";"RRGD"
"081";"CODOÑERA (LA)";"44";"Teruel";"02";"Comunidad Autónoma de Aragón";"RNC";"RNC"
"082";"COLLADICO";"44";"Teruel";"02";"Comunidad Autónoma de Aragón";"RRD";"RRGD"
"084";"CORBALAN";"44";"Teruel";"02";"Comunidad Autónoma de Aragón";"RRD";"RRGD"
"086";"CORTES DE ARAGON";"44";"Teruel";"02";"Comunidad Autónoma de Aragón";"RRD";"RRGD"
"087";"COSA";"44";"Teruel";"02";"Comunidad Autónoma de Aragón";"RRD";"RRGD"
"088";"CRETAS";"44";"Teruel";"02";"Comunidad Autónoma de Aragón";"RRD";"RRD"
"089";"CRIVILLEN";"44";"Teruel";"02";"Comunidad Autónoma de Aragón";"RRD";"RRGD"
"090";"CUBA (LA)";"44";"Teruel";"02";"Comunidad Autónoma de Aragón";"RRD";"RRGD"
"091";"CUBLA";"44";"Teruel";"02";"Comunidad Autónoma de Aragón";"RRD";"RRGD"
"092";"CUCALON";"44";"Teruel";"02";"Comunidad Autónoma de Aragón";"RRD";"RRGD"
"094";"CUERVO (EL)";"44";"Teruel";"02";"Comunidad Autónoma de Aragón";"RRD";"RRGD"
"095";"CUEVAS DE ALMUDEN";"44";"Teruel";"02";"Comunidad Autónoma de Aragón";"RRD";"RRGD"
"001";"ABABUJ";"44";"Teruel";"02";"Comunidad Autónoma de Aragón";"RRD";"RRGD"
"002";"ABEJUELA";"44";"Teruel";"02";"Comunidad Autónoma de Aragón";"RRD";"RRGD"
"003";"AGUATON";"44";"Teruel";"02";"Comunidad Autónoma de Aragón";"RRD";"RRGD"
"004";"AGUAVIVA";"44";"Teruel";"02";"Comunidad Autónoma de Aragón";"RRD";"RRD"
"005";"AGUILAR DEL ALFAMBRA";"44";"Teruel";"02";"Comunidad Autónoma de Aragón";"RRD";"RRGD"
"006";"ALACON";"44";"Teruel";"02";"Comunidad Autónoma de Aragón";"RRD";"RRGD"
"007";"ALBA";"44";"Teruel";"02";"Comunidad Autónoma de Aragón";"RRD";"RRGD"
"008";"ALBALATE DEL ARZOBISPO";"44";"Teruel";"02";"Comunidad Autónoma de Aragón";"RRD";"RRD"
"009";"ALBARRACIN";"44";"Teruel";"02";"Comunidad Autónoma de Aragón";"RRD";"RRGD"
"010";"ALBENTOSA";"44";"Teruel";"02";"Comunidad Autónoma de Aragón";"RRD";"RRGD"
"011";"ALCAINE";"44";"Teruel";"02";"Comunidad Autónoma de Aragón";"RRD";"RRGD"
"012";"ALCALA DE LA SELVA";"44";"Teruel";"02";"Comunidad Autónoma de Aragón";"RRD";"RRGD"
"013";"ALCAÑIZ";"44";"Teruel";"02";"Comunidad Autónoma de Aragón";"RNC";"RNC"
"014";"ALCORISA";"44";"Teruel";"02";"Comunidad Autónoma de Aragón";"RNC";"RNC"
"016";"ALFAMBRA";"44";"Teruel";"02";"Comunidad Autónoma de Aragón";"RRD";"RRGD"
"017";"ALIAGA";"44";"Teruel";"02";"Comunidad Autónoma de Aragón";"RRD";"RRGD"
"018";"ALMOHAJA";"44";"Teruel";"02";"Comunidad Autónoma de Aragón";"RRD";"RRGD"
"019";"ALOBRAS";"44";"Teruel";"02";"Comunidad Autónoma de Aragón";"RRD";"RRGD"
"020";"ALPEÑES";"44";"Teruel";"02";"Comunidad Autónoma de Aragón";"RRD";"RRGD"
"021";"ALLEPUZ";"44";"Teruel";"02";"Comunidad Autónoma de Aragón";"RRD";"RRGD"
"022";"ALLOZA";"44";"Teruel";"02";"Comunidad Autónoma de Aragón";"RRD";"RRGD"
"023";"ALLUEVA";"44";"Teruel";"02";"Comunidad Autónoma de Aragón";"RRD";"RRGD"
"129";"HINOJOSA DE JARQUE";"44";"Teruel";"02";"Comunidad Autónoma de Aragón";"RRD";"RRGD"
"130";"HOZ DE LA VIEJA (LA)";"44";"Teruel";"02";"Comunidad Autónoma de Aragón";"RRD";"RRGD"
"131";"HUESA DEL COMUN";"44";"Teruel";"02";"Comunidad Autónoma de Aragón";"RRD";"RRGD"
"132";"IGLESUELA DEL CID (LA)";"44";"Teruel";"02";"Comunidad Autónoma de Aragón";"RRD";"RRD"
"133";"JABALOYAS";"44";"Teruel";"02";"Comunidad Autónoma de Aragón";"RRD";"RRGD"
"134";"JARQUE DE LA VAL";"44";"Teruel";"02";"Comunidad Autónoma de Aragón";"RRD";"RRGD"
"135";"JATIEL";"44";"Teruel";"02";"Comunidad Autónoma de Aragón";"RRD";"RRGD"
"136";"JORCAS";"44";"Teruel";"02";"Comunidad Autónoma de Aragón";"RRD";"RRGD"
"137";"JOSA";"44";"Teruel";"02";"Comunidad Autónoma de Aragón";"RRD";"RRGD"
"139";"LAGUERUELA";"44";"Teruel";"02";"Comunidad Autónoma de Aragón";"RRD";"RRGD"
"140";"LANZUELA";"44";"Teruel";"02";"Comunidad Autónoma de Aragón";"RRD";"RRGD"
"142";"LIBROS";"44";"Teruel";"02";"Comunidad Autónoma de Aragón";"RRD";"RRGD"
"143";"LIDON";"44";"Teruel";"02";"Comunidad Autónoma de Aragón";"RRD";"RRGD"
"144";"LINARES DE MORA";"44";"Teruel";"02";"Comunidad Autónoma de Aragón";"RRD";"RRGD"
"145";"LOSCOS";"44";"Teruel";"02";"Comunidad Autónoma de Aragón";"RRD";"RRGD"
"148";"LLEDO";"44";"Teruel";"02";"Comunidad Autónoma de Aragón";"RRD";"RRD"
"149";"MAICAS";"44";"Teruel";"02";"Comunidad Autónoma de Aragón";"RRD";"RRGD"
"150";"MANZANERA";"44";"Teruel";"02";"Comunidad Autónoma de Aragón";"RRD";"RRGD"
"151";"MARTIN DEL RIO";"44";"Teruel";"02";"Comunidad Autónoma de Aragón";"RRD";"RRGD"
"152";"MAS DE LAS MATAS";"44";"Teruel";"02";"Comunidad Autónoma de Aragón";"RNC";"RNC"
"153";"MATA DE LOS OLMOS (LA)";"44";"Teruel";"02";"Comunidad Autónoma de Aragón";"RRD";"RRD"
"154";"MAZALEON";"44";"Teruel";"02";"Comunidad Autónoma de Aragón";"RRD";"RRGD"
"155";"MEZQUITA DE JARQUE";"44";"Teruel";"02";"Comunidad Autónoma de Aragón";"RRD";"RRGD"
"156";"MEZQUITA DE LOSCOS";"44";"Teruel";"02";"Comunidad Autónoma de Aragón";"RRD";"RRGD"
"157";"MIRAMBEL";"44";"Teruel";"02";"Comunidad Autónoma de Aragón";"RRD";"RRGD"
"158";"MIRAVETE DE LA SIERRA";"44";"Teruel";"02";"Comunidad Autónoma de Aragón";"RRD";"RRGD"
"159";"MOLINOS";"44";"Teruel";"02";"Comunidad Autónoma de Aragón";"RRD";"RRGD"
"160";"MONFORTE DE MOYUELA";"44";"Teruel";"02";"Comunidad Autónoma de Aragón";"RRD";"RRGD"
"161";"MONREAL DEL CAMPO";"44";"Teruel";"02";"Comunidad Autónoma de Aragón";"RNC";"RNC"
"162";"MONROYO";"44";"Teruel";"02";"Comunidad Autónoma de Aragón";"RRD";"RRGD"
"163";"MONTALBAN";"44";"Teruel";"02";"Comunidad Autónoma de Aragón";"RNC";"RNC"
"164";"MONTEAGUDO DEL CASTILLO";"44";"Teruel";"02";"Comunidad Autónoma de Aragón";"RRD";"RRGD"
"165";"MONTERDE DE ALBARRACIN";"44";"Teruel";"02";"Comunidad Autónoma de Aragón";"RRD";"RRGD"
"166";"MONTORO DE MEZQUITA";"44";"Teruel";"02";"Comunidad Autónoma de Aragón";"RRD";"RRGD"
"167";"MORA DE RUBIELOS";"44";"Teruel";"02";"Comunidad Autónoma de Aragón";"RRD";"RRD"
"168";"MOSCARDON";"44";"Teruel";"02";"Comunidad Autónoma de Aragón";"RRD";"RRGD"
"169";"MOSQUERUELA";"44";"Teruel";"02";"Comunidad Autónoma de Aragón";"RRD";"RRGD"
"024";"ANADON";"44";"Teruel";"02";"Comunidad Autónoma de Aragón";"RRD";"RRGD"
"025";"ANDORRA";"44";"Teruel";"02";"Comunidad Autónoma de Aragón";"RNC";"RNC"
"026";"ARCOS DE LAS SALINAS";"44";"Teruel";"02";"Comunidad Autónoma de Aragón";"RRD";"RRGD"
"027";"ARENS DE LLEDO";"44";"Teruel";"02";"Comunidad Autónoma de Aragón";"RRD";"RRGD"
"028";"ARGENTE";"44";"Teruel";"02";"Comunidad Autónoma de Aragón";"RRD";"RRGD"
"029";"ARIÑO";"44";"Teruel";"02";"Comunidad Autónoma de Aragón";"RRD";"RRD"
"030";"ARMILLAS";"44";"Teruel";"02";"Comunidad Autónoma de Aragón";"RRD";"RRGD"
"031";"AZAILA";"44";"Teruel";"02";"Comunidad Autónoma de Aragón";"RRD";"RRGD"
"032";"BADENAS";"44";"Teruel";"02";"Comunidad Autónoma de Aragón";"RRD";"RRGD"
"033";"BAGUENA";"44";"Teruel";"02";"Comunidad Autónoma de Aragón";"RRD";"RRD"
"034";"BAÑON";"44";"Teruel";"02";"Comunidad Autónoma de Aragón";"RRD";"RRGD"
"035";"BARRACHINA";"44";"Teruel";"02";"Comunidad Autónoma de Aragón";"RRD";"RRGD"
"036";"BEA";"44";"Teruel";"02";"Comunidad Autónoma de Aragón";"RRD";"RRGD"
"037";"BECEITE";"44";"Teruel";"02";"Comunidad Autónoma de Aragón";"RRD";"RRGD"
"038";"BELMONTE DE SAN JOSE";"44";"Teruel";"02";"Comunidad Autónoma de Aragón";"RRD";"RRGD"
"039";"BELLO";"44";"Teruel";"02";"Comunidad Autónoma de Aragón";"RRD";"RRGD"
"040";"BERGE";"44";"Teruel";"02";"Comunidad Autónoma de Aragón";"RRD";"RRGD"
"041";"BEZAS";"44";"Teruel";"02";"Comunidad Autónoma de Aragón";"RRD";"RRGD"
"042";"BLANCAS";"44";"Teruel";"02";"Comunidad Autónoma de Aragón";"RRD";"RRGD"
"043";"BLESA";"44";"Teruel";"02";"Comunidad Autónoma de Aragón";"RRD";"RRGD"
"044";"BORDON";"44";"Teruel";"02";"Comunidad Autónoma de Aragón";"RRD";"RRGD"
"045";"BRONCHALES";"44";"Teruel";"02";"Comunidad Autónoma de Aragón";"RRD";"RRGD"
"046";"BUEÑA";"44";"Teruel";"02";"Comunidad Autónoma de Aragón";"RRD";"RRGD"
"047";"BURBAGUENA";"44";"Teruel";"02";"Comunidad Autónoma de Aragón";"RRD";"RRGD"
"048";"CABRA DE MORA";"44";"Teruel";"02";"Comunidad Autónoma de Aragón";"RRD";"RRGD"
"049";"CALACEITE";"44";"Teruel";"02";"Comunidad Autónoma de Aragón";"RRD";"RRD"
"050";"CALAMOCHA";"44";"Teruel";"02";"Comunidad Autónoma de Aragón";"RNC";"RNC"
"202";"PUEBLA DE HIJAR (LA)";"44";"Teruel";"02";"Comunidad Autónoma de Aragón";"RNC";"RNC"
"203";"PUEBLA DE VALVERDE (LA)";"44";"Teruel";"02";"Comunidad Autónoma de Aragón";"RRD";"RRGD"
"204";"PUERTOMINGALVO";"44";"Teruel";"02";"Comunidad Autónoma de Aragón";"RRD";"RRGD"
"205";"RAFALES";"44";"Teruel";"02";"Comunidad Autónoma de Aragón";"RRD";"RRGD"
"206";"RAMBLA DE MARTIN (LA)";"44";"Teruel";"02";"Comunidad Autónoma de Aragón";"RRD";"RRGD"
"207";"RILLO";"44";"Teruel";"02";"Comunidad Autónoma de Aragón";"RRD";"RRGD"
"208";"RIODEVA";"44";"Teruel";"02";"Comunidad Autónoma de Aragón";"RRD";"RRGD"
"209";"RODENAS";"44";"Teruel";"02";"Comunidad Autónoma de Aragón";"RRD";"RRGD"
"210";"ROYUELA";"44";"Teruel";"02";"Comunidad Autónoma de Aragón";"RRD";"RRGD"
"211";"RUBIALES";"44";"Teruel";"02";"Comunidad Autónoma de Aragón";"RRD";"RRGD"
"212";"RUBIELOS DE LA CERIDA";"44";"Teruel";"02";"Comunidad Autónoma de Aragón";"RRD";"RRGD"
"213";"RUBIELOS DE MORA";"44";"Teruel";"02";"Comunidad Autónoma de Aragón";"RRD";"RRD"
"214";"RUDILLA";"44";"Teruel";"02";"Comunidad Autónoma de Aragón";"RRD";"RRGD"
"215";"SALCEDILLO";"44";"Teruel";"02";"Comunidad Autónoma de Aragón";"RRD";"RRGD"
"216";"SALDON";"44";"Teruel";"02";"Comunidad Autónoma de Aragón";"RRD";"RRGD"
"217";"SAMPER DE CALANDA";"44";"Teruel";"02";"Comunidad Autónoma de Aragón";"RRD";"RRGD"
"218";"SAN AGUSTIN";"44";"Teruel";"02";"Comunidad Autónoma de Aragón";"RRD";"RRGD"
"219";"SAN MARTIN DEL RIO";"44";"Teruel";"02";"Comunidad Autónoma de Aragón";"RRD";"RRD"
"220";"SANTA CRUZ DE NOGUERAS";"44";"Teruel";"02";"Comunidad Autónoma de Aragón";"RRD";"RRGD"
"221";"SANTA EULALIA";"44";"Teruel";"02";"Comunidad Autónoma de Aragón";"RNC";"RNC"
"223";"SARRION";"44";"Teruel";"02";"Comunidad Autónoma de Aragón";"RRD";"RRD"
"224";"SEGURA DE LOS BAÑOS";"44";"Teruel";"02";"Comunidad Autónoma de Aragón";"RRD";"RRGD"
"225";"SENO";"44";"Teruel";"02";"Comunidad Autónoma de Aragón";"RRD";"RRGD"
"226";"SINGRA";"44";"Teruel";"02";"Comunidad Autónoma de Aragón";"RRD";"RRGD"
"228";"TERRIENTE";"44";"Teruel";"02";"Comunidad Autónoma de Aragón";"RRD";"RRGD"
"230";"TORIL Y MASEGOSO";"44";"Teruel";"02";"Comunidad Autónoma de Aragón";"RRD";"RRGD"
"231";"TORMON";"44";"Teruel";"02";"Comunidad Autónoma de Aragón";"RRD";"RRGD"
"232";"TORNOS";"44";"Teruel";"02";"Comunidad Autónoma de Aragón";"RRD";"RRGD"
"233";"TORRALBA DE LOS SISONES";"44";"Teruel";"02";"Comunidad Autónoma de Aragón";"RRD";"RRGD"
"234";"TORRECILLA DE ALCAÑIZ";"44";"Teruel";"02";"Comunidad Autónoma de Aragón";"RNC";"RNC"
"235";"TORRECILLA DEL REBOLLAR";"44";"Teruel";"02";"Comunidad Autónoma de Aragón";"RRD";"RRGD"
"236";"TORRE DE ARCAS";"44";"Teruel";"02";"Comunidad Autónoma de Aragón";"RRD";"RRGD"
"237";"TORRE DE LAS ARCAS";"44";"Teruel";"02";"Comunidad Autónoma de Aragón";"RRD";"RRGD"
"238";"TORRE DEL COMPTE";"44";"Teruel";"02";"Comunidad Autónoma de Aragón";"RRD";"RRGD"
"239";"TORRELACARCEL";"44";"Teruel";"02";"Comunidad Autónoma de Aragón";"RRD";"RRGD"
"240";"TORRE LOS NEGROS";"44";"Teruel";"02";"Comunidad Autónoma de Aragón";"RRD";"RRGD"
"241";"TORREMOCHA DE JILOCA";"44";"Teruel";"02";"Comunidad Autónoma de Aragón";"RRD";"RRGD"
"098";"CUEVAS LABRADAS";"44";"Teruel";"02";"Comunidad Autónoma de Aragón";"RRD";"RRGD"
"101";"EJULVE";"44";"Teruel";"02";"Comunidad Autónoma de Aragón";"RRD";"RRGD"
"102";"ESCORIHUELA";"44";"Teruel";"02";"Comunidad Autónoma de Aragón";"RRD";"RRGD"
"104";"ESCUCHA";"44";"Teruel";"02";"Comunidad Autónoma de Aragón";"RNC";"RNC"
"105";"ESTERCUEL";"44";"Teruel";"02";"Comunidad Autónoma de Aragón";"RRD";"RRGD"
"106";"FERRERUELA DE HUERVA";"44";"Teruel";"02";"Comunidad Autónoma de Aragón";"RRD";"RRGD"
"107";"FONFRIA";"44";"Teruel";"02";"Comunidad Autónoma de Aragón";"RRD";"RRGD"
"108";"FORMICHE ALTO";"44";"Teruel";"02";"Comunidad Autónoma de Aragón";"RRD";"RRGD"
"110";"FORNOLES";"44";"Teruel";"02";"Comunidad Autónoma de Aragón";"RRD";"RRGD"
"111";"FORTANETE";"44";"Teruel";"02";"Comunidad Autónoma de Aragón";"RRD";"RRGD"
"112";"FOZ-CALANDA";"44";"Teruel";"02";"Comunidad Autónoma de Aragón";"RRD";"RRGD"
"113";"FRESNEDA (LA)";"44";"Teruel";"02";"Comunidad Autónoma de Aragón";"RRD";"RRD"
"114";"FRIAS DE ALBARRACIN";"44";"Teruel";"02";"Comunidad Autónoma de Aragón";"RRD";"RRGD"
"115";"FUENFERRADA";"44";"Teruel";"02";"Comunidad Autónoma de Aragón";"RRD";"RRGD"
"116";"FUENTES CALIENTES";"44";"Teruel";"02";"Comunidad Autónoma de Aragón";"RRD";"RRGD"
"117";"FUENTES CLARAS";"44";"Teruel";"02";"Comunidad Autónoma de Aragón";"RRD";"RRD"
"118";"FUENTES DE RUBIELOS";"44";"Teruel";"02";"Comunidad Autónoma de Aragón";"RRD";"RRGD"
"119";"FUENTESPALDA";"44";"Teruel";"02";"Comunidad Autónoma de Aragón";"RRD";"RRGD"
"120";"GALVE";"44";"Teruel";"02";"Comunidad Autónoma de Aragón";"RRD";"RRGD"
"121";"GARGALLO";"44";"Teruel";"02";"Comunidad Autónoma de Aragón";"RRD";"RRGD"
"122";"GEA DE ALBARRACIN";"44";"Teruel";"02";"Comunidad Autónoma de Aragón";"RRD";"RRGD"
"123";"GINEBROSA (LA)";"44";"Teruel";"02";"Comunidad Autónoma de Aragón";"RRD";"RRGD"
"124";"GODOS";"44";"Teruel";"02";"Comunidad Autónoma de Aragón";"RRD";"RRGD"
"125";"GRIEGOS";"44";"Teruel";"02";"Comunidad Autónoma de Aragón";"RRD";"RRGD"
"126";"GUADALAVIAR";"44";"Teruel";"02";"Comunidad Autónoma de Aragón";"RRD";"RRD"
"127";"GUDAR";"44";"Teruel";"02";"Comunidad Autónoma de Aragón";"RRD";"RRGD"
"128";"HIJAR";"44";"Teruel";"02";"Comunidad Autónoma de Aragón";"RRD";"RRD"
"242";"TORRES DE ALBARRACIN";"44";"Teruel";"02";"Comunidad Autónoma de Aragón";"RRD";"RRGD"
"243";"TORREVELILLA";"44";"Teruel";"02";"Comunidad Autónoma de Aragón";"RRD";"RRGD"
"244";"TORRIJAS";"44";"Teruel";"02";"Comunidad Autónoma de Aragón";"RRD";"RRGD"
"245";"TORRIJO DEL CAMPO";"44";"Teruel";"02";"Comunidad Autónoma de Aragón";"RRD";"RRD"
"247";"TRAMACASTIEL";"44";"Teruel";"02";"Comunidad Autónoma de Aragón";"RRD";"RRGD"
"248";"TRAMACASTILLA";"44";"Teruel";"02";"Comunidad Autónoma de Aragón";"RRD";"RRGD"
"249";"TRONCHON";"44";"Teruel";"02";"Comunidad Autónoma de Aragón";"RRD";"RRGD"
"250";"URREA DE GAEN";"44";"Teruel";"02";"Comunidad Autónoma de Aragón";"RRD";"RRD"
"251";"UTRILLAS";"44";"Teruel";"02";"Comunidad Autónoma de Aragón";"RNC";"RNC"
"252";"VALACLOCHE";"44";"Teruel";"02";"Comunidad Autónoma de Aragón";"RRD";"RRGD"
"253";"VALBONA";"44";"Teruel";"02";"Comunidad Autónoma de Aragón";"RRD";"RRGD"
"254";"VALDEALGORFA";"44";"Teruel";"02";"Comunidad Autónoma de Aragón";"RNC";"RNC"
"256";"VALDECONEJOS";"44";"Teruel";"02";"Comunidad Autónoma de Aragón";"RNC";"RNC"
"257";"VALDECUENCA";"44";"Teruel";"02";"Comunidad Autónoma de Aragón";"RRD";"RRGD"
"258";"VALDELINARES";"44";"Teruel";"02";"Comunidad Autónoma de Aragón";"RRD";"RRGD"
"259";"VALDELTORMO";"44";"Teruel";"02";"Comunidad Autónoma de Aragón";"RNC";"RNC"
"260";"VALDERROBRES";"44";"Teruel";"02";"Comunidad Autónoma de Aragón";"RNC";"RNC"
"261";"VALJUNQUERA";"44";"Teruel";"02";"Comunidad Autónoma de Aragón";"RRD";"RRGD"
"263";"VALLECILLO (EL)";"44";"Teruel";"02";"Comunidad Autónoma de Aragón";"RRD";"RRGD"
"264";"VEGUILLAS DE LA SIERRA";"44";"Teruel";"02";"Comunidad Autónoma de Aragón";"RRD";"RRGD"
"265";"VILLAFRANCA DEL CAMPO";"44";"Teruel";"02";"Comunidad Autónoma de Aragón";"RRD";"RRGD"
"266";"VILLAHERMOSA DEL CAMPO";"44";"Teruel";"02";"Comunidad Autónoma de Aragón";"RRD";"RRGD"
"270";"VILLANUEVA DEL REBOLLAR DE LA SIERRA";"44";"Teruel";"02";"Comunidad Autónoma de Aragón";"RRD";"RRGD"
"271";"VILLAR DEL COBO";"44";"Teruel";"02";"Comunidad Autónoma de Aragón";"RRD";"RRGD"
"272";"VILLAR DEL SALZ";"44";"Teruel";"02";"Comunidad Autónoma de Aragón";"RRD";"RRGD"
"274";"VILLARLUENGO";"44";"Teruel";"02";"Comunidad Autónoma de Aragón";"RRD";"RRGD"
"275";"VILLARQUEMADO";"44";"Teruel";"02";"Comunidad Autónoma de Aragón";"RNC";"RNC"
"276";"VILLARROYA DE LOS PINARES";"44";"Teruel";"02";"Comunidad Autónoma de Aragón";"RRD";"RRGD"
"277";"VILLASTAR";"44";"Teruel";"02";"Comunidad Autónoma de Aragón";"RNC";"RNC"
"278";"VILLEL";"44";"Teruel";"02";"Comunidad Autónoma de Aragón";"RRD";"RRGD"
"279";"VINACEITE";"44";"Teruel";"02";"Comunidad Autónoma de Aragón";"RRD";"RRGD"
"280";"VISIEDO";"44";"Teruel";"02";"Comunidad Autónoma de Aragón";"RRD";"RRGD"
"281";"VIVEL DEL RIO MARTIN";"44";"Teruel";"02";"Comunidad Autónoma de Aragón";"RRD";"RRGD"
"282";"ZOMA (LA)";"44";"Teruel";"02";"Comunidad Autónoma de Aragón";"RRD";"RRGD"
"283";"COMUNIDAD PARDINA DE MERCADAL";"44";"Teruel";"02";"Comunidad Autónoma de Aragón";"RRD";"RRGD"
"900";"TERUEL";"44";"Teruel";"02";"Comunidad Autónoma de Aragón";"URBANO";"URBANO"
"901";"TERUEL(Código Antiguo)";"44";"Teruel";"02";"Comunidad Autónoma de Aragón";"URBANO";"URBANO"
"170";"MUNIESA";"44";"Teruel";"02";"Comunidad Autónoma de Aragón";"RRD";"RRGD"
"172";"NOGUERA DE ALBARRACIN";"44";"Teruel";"02";"Comunidad Autónoma de Aragón";"RRD";"RRGD"
"173";"NOGUERAS";"44";"Teruel";"02";"Comunidad Autónoma de Aragón";"RRD";"RRGD"
"174";"NOGUERUELAS";"44";"Teruel";"02";"Comunidad Autónoma de Aragón";"RRD";"RRGD"
"176";"OBON";"44";"Teruel";"02";"Comunidad Autónoma de Aragón";"RRD";"RRGD"
"177";"ODON";"44";"Teruel";"02";"Comunidad Autónoma de Aragón";"RRD";"RRGD"
"178";"OJOS NEGROS";"44";"Teruel";"02";"Comunidad Autónoma de Aragón";"RRD";"RRGD"
"180";"OLBA";"44";"Teruel";"02";"Comunidad Autónoma de Aragón";"RRD";"RRD"
"181";"OLIETE";"44";"Teruel";"02";"Comunidad Autónoma de Aragón";"RRD";"RRGD"
"182";"OLMOS (LOS)";"44";"Teruel";"02";"Comunidad Autónoma de Aragón";"RRD";"RRGD"
"183";"ORIHUELA DEL TREMEDAL";"44";"Teruel";"02";"Comunidad Autónoma de Aragón";"RRD";"RRGD"
"184";"ORRIOS";"44";"Teruel";"02";"Comunidad Autónoma de Aragón";"RRD";"RRGD"
"185";"PALOMAR DE ARROYOS";"44";"Teruel";"02";"Comunidad Autónoma de Aragón";"RRD";"RRGD"
"186";"PANCRUDO";"44";"Teruel";"02";"Comunidad Autónoma de Aragón";"RRD";"RRGD"
"187";"PARRAS DE CASTELLOTE (LAS)";"44";"Teruel";"02";"Comunidad Autónoma de Aragón";"RRD";"RRGD"
"188";"PARRAS DE MARTIN (LAS)";"44";"Teruel";"02";"Comunidad Autónoma de Aragón";"RNC";"RNC"
"189";"PEÑARROYA DE TASTAVINS";"44";"Teruel";"02";"Comunidad Autónoma de Aragón";"RRD";"RRGD"
"190";"PERACENSE";"44";"Teruel";"02";"Comunidad Autónoma de Aragón";"RRD";"RRGD"
"191";"PERALEJOS";"44";"Teruel";"02";"Comunidad Autónoma de Aragón";"RRD";"RRGD"
"192";"PERALES DEL ALFAMBRA";"44";"Teruel";"02";"Comunidad Autónoma de Aragón";"RRD";"RRGD"
"193";"PIEDRAHITA";"44";"Teruel";"02";"Comunidad Autónoma de Aragón";"RRD";"RRGD"
"194";"PITARQUE";"44";"Teruel";"02";"Comunidad Autónoma de Aragón";"RRD";"RRGD"
"195";"PLOU";"44";"Teruel";"02";"Comunidad Autónoma de Aragón";"RRD";"RRGD"
"196";"POBO (EL)";"44";"Teruel";"02";"Comunidad Autónoma de Aragón";"RRD";"RRGD"
"198";"PORTELLADA (LA)";"44";"Teruel";"02";"Comunidad Autónoma de Aragón";"RRD";"RRD"
"200";"POZONDON";"44";"Teruel";"02";"Comunidad Autónoma de Aragón";"RRD";"RRGD"
"201";"POZUEL DEL CAMPO";"44";"Teruel";"02";"Comunidad Autónoma de Aragón";"RRD";"RRGD"
"158";"SANTA CRUZ DEL RETAMAR";"45";"Toledo";"07";"Comunidad Autónoma de Castilla-La Mancha";"RNC";"RNC"
"159";"SANTA OLALLA";"45";"Toledo";"07";"Comunidad Autónoma de Castilla-La Mancha";"RNC";"RNC"
"160";"SARTAJADA";"45";"Toledo";"07";"Comunidad Autónoma de Castilla-La Mancha";"RRD";"RRGD"
"161";"SEGURILLA";"45";"Toledo";"07";"Comunidad Autónoma de Castilla-La Mancha";"RNC";"RNC"
"162";"SESEÑA";"45";"Toledo";"07";"Comunidad Autónoma de Castilla-La Mancha";"URBANO";"URBANO"
"163";"SEVILLEJA DE LA JARA";"45";"Toledo";"07";"Comunidad Autónoma de Castilla-La Mancha";"RRD";"RRGD"
"164";"SONSECA";"45";"Toledo";"07";"Comunidad Autónoma de Castilla-La Mancha";"URBANO";"URBANO"
"165";"SOTILLO DE LAS PALOMAS";"45";"Toledo";"07";"Comunidad Autónoma de Castilla-La Mancha";"RRD";"RRD"
"166";"TALAVERA DE LA REINA";"45";"Toledo";"07";"Comunidad Autónoma de Castilla-La Mancha";"URBANO";"URBANO"
"167";"TEMBLEQUE";"45";"Toledo";"07";"Comunidad Autónoma de Castilla-La Mancha";"RRD";"RRD"
"168";"TOBOSO (EL)";"45";"Toledo";"07";"Comunidad Autónoma de Castilla-La Mancha";"RRD";"RRD"
"170";"TORRALBA DE OROPESA";"45";"Toledo";"07";"Comunidad Autónoma de Castilla-La Mancha";"RRD";"RRD"
"171";"TORRECILLA DE LA JARA";"45";"Toledo";"07";"Comunidad Autónoma de Castilla-La Mancha";"RRD";"RRGD"
"172";"TORRE DE ESTEBAN HAMBRAN (LA)";"45";"Toledo";"07";"Comunidad Autónoma de Castilla-La Mancha";"RNC";"RNC"
"173";"TORRICO";"45";"Toledo";"07";"Comunidad Autónoma de Castilla-La Mancha";"RNC";"RNC"
"174";"TORRIJOS";"45";"Toledo";"07";"Comunidad Autónoma de Castilla-La Mancha";"URBANO";"URBANO"
"175";"TOTANES";"45";"Toledo";"07";"Comunidad Autónoma de Castilla-La Mancha";"RNC";"RNC"
"176";"TURLEQUE";"45";"Toledo";"07";"Comunidad Autónoma de Castilla-La Mancha";"RRD";"RRGD"
"177";"UGENA";"45";"Toledo";"07";"Comunidad Autónoma de Castilla-La Mancha";"URBANO";"URBANO"
"178";"URDA";"45";"Toledo";"07";"Comunidad Autónoma de Castilla-La Mancha";"RRD";"RRD"
"179";"SANTO DOMINGO-CAUDILLA";"45";"Toledo";"07";"Comunidad Autónoma de Castilla-La Mancha";"RNC";"RNC"
"180";"VALDEVERDEJA";"45";"Toledo";"07";"Comunidad Autónoma de Castilla-La Mancha";"RRD";"RRD"
"181";"VALMOJADO";"45";"Toledo";"07";"Comunidad Autónoma de Castilla-La Mancha";"URBANO";"URBANO"
"182";"VELADA";"45";"Toledo";"07";"Comunidad Autónoma de Castilla-La Mancha";"RNC";"RNC"
"183";"VENTAS CON PEÑA AGUILERA (LAS)";"45";"Toledo";"07";"Comunidad Autónoma de Castilla-La Mancha";"RRD";"RRD"
"184";"VENTAS DE RETAMOSA (LAS)";"45";"Toledo";"07";"Comunidad Autónoma de Castilla-La Mancha";"URBANO";"URBANO"
"185";"VENTAS DE SAN JULIAN (LAS)";"45";"Toledo";"07";"Comunidad Autónoma de Castilla-La Mancha";"RNC";"RNC"
"186";"VILLACAÑAS";"45";"Toledo";"07";"Comunidad Autónoma de Castilla-La Mancha";"RNC";"RNC"
"187";"VILLA DE DON FADRIQUE (LA)";"45";"Toledo";"07";"Comunidad Autónoma de Castilla-La Mancha";"RNC";"RNC"
"188";"VILLAFRANCA DE LOS CABALLEROS";"45";"Toledo";"07";"Comunidad Autónoma de Castilla-La Mancha";"RNC";"RNC"
"189";"VILLALUENGA DE LA SAGRA";"45";"Toledo";"07";"Comunidad Autónoma de Castilla-La Mancha";"URBANO";"URBANO"
"190";"VILLAMIEL DE TOLEDO";"45";"Toledo";"07";"Comunidad Autónoma de Castilla-La Mancha";"RNC";"RNC"
"191";"VILLAMINAYA";"45";"Toledo";"07";"Comunidad Autónoma de Castilla-La Mancha";"RNC";"RNC"
"192";"VILLAMUELAS";"45";"Toledo";"07";"Comunidad Autónoma de Castilla-La Mancha";"RNC";"RNC"
"193";"VILLANUEVA DE ALCARDETE";"45";"Toledo";"07";"Comunidad Autónoma de Castilla-La Mancha";"RNC";"RNC"
"194";"VILLANUEVA DE BOGAS";"45";"Toledo";"07";"Comunidad Autónoma de Castilla-La Mancha";"RNC";"RNC"
"195";"VILLAREJO DE MONTALBAN";"45";"Toledo";"07";"Comunidad Autónoma de Castilla-La Mancha";"RRD";"RRGD"
"196";"VILLARRUBIA DE SANTIAGO";"45";"Toledo";"07";"Comunidad Autónoma de Castilla-La Mancha";"RNC";"RNC"
"197";"VILLASECA DE LA SAGRA";"45";"Toledo";"07";"Comunidad Autónoma de Castilla-La Mancha";"RNC";"RNC"
"198";"VILLASEQUILLA";"45";"Toledo";"07";"Comunidad Autónoma de Castilla-La Mancha";"RNC";"RNC"
"199";"VILLATOBAS";"45";"Toledo";"07";"Comunidad Autónoma de Castilla-La Mancha";"RNC";"RNC"
"200";"VISO DE SAN JUAN (EL)";"45";"Toledo";"07";"Comunidad Autónoma de Castilla-La Mancha";"RNC";"RNC"
"201";"YEBENES (LOS)";"45";"Toledo";"07";"Comunidad Autónoma de Castilla-La Mancha";"RRD";"RRD"
"202";"YELES";"45";"Toledo";"07";"Comunidad Autónoma de Castilla-La Mancha";"URBANO";"URBANO"
"203";"YEPES";"45";"Toledo";"07";"Comunidad Autónoma de Castilla-La Mancha";"RNC";"RNC"
"204";"YUNCLER";"45";"Toledo";"07";"Comunidad Autónoma de Castilla-La Mancha";"URBANO";"URBANO"
"205";"YUNCLILLOS";"45";"Toledo";"07";"Comunidad Autónoma de Castilla-La Mancha";"RNC";"RNC"
"206";"YUNCOS";"45";"Toledo";"07";"Comunidad Autónoma de Castilla-La Mancha";"URBANO";"URBANO"
"900";"TOLEDO";"45";"Toledo";"07";"Comunidad Autónoma de Castilla-La Mancha";"URBANO";"URBANO"
"901";"TOLEDO(Código Antiguo)";"45";"Toledo";"07";"Comunidad Autónoma de Castilla-La Mancha";"URBANO";"URBANO"
"094";"MARRUPE";"45";"Toledo";"07";"Comunidad Autónoma de Castilla-La Mancha";"RNC";"RNC"
"095";"MASCARAQUE";"45";"Toledo";"07";"Comunidad Autónoma de Castilla-La Mancha";"RRD";"RRGD"
"096";"MATA (LA)";"45";"Toledo";"07";"Comunidad Autónoma de Castilla-La Mancha";"RNC";"RNC"
"097";"MAZARAMBROZ";"45";"Toledo";"07";"Comunidad Autónoma de Castilla-La Mancha";"RRD";"RRGD"
"098";"MEJORADA";"45";"Toledo";"07";"Comunidad Autónoma de Castilla-La Mancha";"RNC";"RNC"
"099";"MENASALBAS";"45";"Toledo";"07";"Comunidad Autónoma de Castilla-La Mancha";"RNC";"RNC"
"100";"MENTRIDA";"45";"Toledo";"07";"Comunidad Autónoma de Castilla-La Mancha";"RNC";"RNC"
"101";"MESEGAR DE TAJO";"45";"Toledo";"07";"Comunidad Autónoma de Castilla-La Mancha";"RNC";"RNC"
"102";"MIGUEL ESTEBAN";"45";"Toledo";"07";"Comunidad Autónoma de Castilla-La Mancha";"RNC";"RNC"
"103";"MOCEJON";"45";"Toledo";"07";"Comunidad Autónoma de Castilla-La Mancha";"URBANO";"URBANO"
"104";"MOHEDAS DE LA JARA";"45";"Toledo";"07";"Comunidad Autónoma de Castilla-La Mancha";"RRD";"RRGD"
"105";"MONTEARAGON";"45";"Toledo";"07";"Comunidad Autónoma de Castilla-La Mancha";"RNC";"RNC"
"106";"MONTESCLAROS";"45";"Toledo";"07";"Comunidad Autónoma de Castilla-La Mancha";"RNC";"RNC"
"107";"MORA";"45";"Toledo";"07";"Comunidad Autónoma de Castilla-La Mancha";"RNC";"RNC"
"108";"NAMBROCA";"45";"Toledo";"07";"Comunidad Autónoma de Castilla-La Mancha";"RNC";"RNC"
"109";"NAVA DE RICOMALILLO (LA)";"45";"Toledo";"07";"Comunidad Autónoma de Castilla-La Mancha";"RNC";"RNC"
"110";"NAVAHERMOSA";"45";"Toledo";"07";"Comunidad Autónoma de Castilla-La Mancha";"RNC";"RNC"
"111";"NAVALCAN";"45";"Toledo";"07";"Comunidad Autónoma de Castilla-La Mancha";"RNC";"RNC"
"112";"NAVALMORALEJO";"45";"Toledo";"07";"Comunidad Autónoma de Castilla-La Mancha";"RRD";"RRGD"
"113";"NAVALMORALES (LOS)";"45";"Toledo";"07";"Comunidad Autónoma de Castilla-La Mancha";"RNC";"RNC"
"114";"NAVALUCILLOS (LOS)";"45";"Toledo";"07";"Comunidad Autónoma de Castilla-La Mancha";"RRD";"RRGD"
"115";"NAVAMORCUENDE";"45";"Toledo";"07";"Comunidad Autónoma de Castilla-La Mancha";"RRD";"RRGD"
"116";"NOBLEJAS";"45";"Toledo";"07";"Comunidad Autónoma de Castilla-La Mancha";"RNC";"RNC"
"117";"NOEZ";"45";"Toledo";"07";"Comunidad Autónoma de Castilla-La Mancha";"RNC";"RNC"
"118";"NOMBELA";"45";"Toledo";"07";"Comunidad Autónoma de Castilla-La Mancha";"RRD";"RRGD"
"119";"NOVES";"45";"Toledo";"07";"Comunidad Autónoma de Castilla-La Mancha";"RNC";"RNC"
"120";"NUMANCIA DE LA SAGRA";"45";"Toledo";"07";"Comunidad Autónoma de Castilla-La Mancha";"URBANO";"URBANO"
"121";"NUÑO GOMEZ";"45";"Toledo";"07";"Comunidad Autónoma de Castilla-La Mancha";"RRD";"RRGD"
"122";"OCAÑA";"45";"Toledo";"07";"Comunidad Autónoma de Castilla-La Mancha";"RNC";"RNC"
"123";"OLIAS DEL REY";"45";"Toledo";"07";"Comunidad Autónoma de Castilla-La Mancha";"URBANO";"URBANO"
"124";"ONTIGOLA";"45";"Toledo";"07";"Comunidad Autónoma de Castilla-La Mancha";"URBANO";"URBANO"
"125";"ORGAZ";"45";"Toledo";"07";"Comunidad Autónoma de Castilla-La Mancha";"RNC";"RNC"
"126";"OROPESA";"45";"Toledo";"07";"Comunidad Autónoma de Castilla-La Mancha";"RRD";"RRGD"
"127";"OTERO";"45";"Toledo";"07";"Comunidad Autónoma de Castilla-La Mancha";"RRD";"RRD"
"128";"PALOMEQUE";"45";"Toledo";"07";"Comunidad Autónoma de Castilla-La Mancha";"RNC";"RNC"
"129";"PANTOJA";"45";"Toledo";"07";"Comunidad Autónoma de Castilla-La Mancha";"URBANO";"URBANO"
"130";"PAREDES DE ESCALONA";"45";"Toledo";"07";"Comunidad Autónoma de Castilla-La Mancha";"RRD";"RRGD"
"131";"PARRILLAS";"45";"Toledo";"07";"Comunidad Autónoma de Castilla-La Mancha";"RRD";"RRGD"
"132";"PELAHUSTAN";"45";"Toledo";"07";"Comunidad Autónoma de Castilla-La Mancha";"RRD";"RRGD"
"133";"PEPINO";"45";"Toledo";"07";"Comunidad Autónoma de Castilla-La Mancha";"RNC";"RNC"
"134";"POLAN";"45";"Toledo";"07";"Comunidad Autónoma de Castilla-La Mancha";"RNC";"RNC"
"135";"PORTILLO DE TOLEDO";"45";"Toledo";"07";"Comunidad Autónoma de Castilla-La Mancha";"URBANO";"URBANO"
"136";"PUEBLA DE ALMORADIEL (LA)";"45";"Toledo";"07";"Comunidad Autónoma de Castilla-La Mancha";"RNC";"RNC"
"137";"PUEBLA DE MONTALBAN (LA)";"45";"Toledo";"07";"Comunidad Autónoma de Castilla-La Mancha";"RNC";"RNC"
"138";"PUEBLANUEVA (LA)";"45";"Toledo";"07";"Comunidad Autónoma de Castilla-La Mancha";"RNC";"RNC"
"139";"PUENTE DEL ARZOBISPO (EL)";"45";"Toledo";"07";"Comunidad Autónoma de Castilla-La Mancha";"URBANO";"URBANO"
"140";"PUERTO DE SAN VICENTE";"45";"Toledo";"07";"Comunidad Autónoma de Castilla-La Mancha";"RRD";"RRGD"
"141";"PULGAR";"45";"Toledo";"07";"Comunidad Autónoma de Castilla-La Mancha";"RNC";"RNC"
"142";"QUERO";"45";"Toledo";"07";"Comunidad Autónoma de Castilla-La Mancha";"RRD";"RRD"
"143";"QUINTANAR DE LA ORDEN";"45";"Toledo";"07";"Comunidad Autónoma de Castilla-La Mancha";"URBANO";"URBANO"
"144";"QUISMONDO";"45";"Toledo";"07";"Comunidad Autónoma de Castilla-La Mancha";"RNC";"RNC"
"145";"REAL DE SAN VICENTE (EL)";"45";"Toledo";"07";"Comunidad Autónoma de Castilla-La Mancha";"RNC";"RNC"
"146";"RECAS";"45";"Toledo";"07";"Comunidad Autónoma de Castilla-La Mancha";"URBANO";"URBANO"
"147";"RETAMOSO";"45";"Toledo";"07";"Comunidad Autónoma de Castilla-La Mancha";"RRD";"RRGD"
"148";"RIELVES";"45";"Toledo";"07";"Comunidad Autónoma de Castilla-La Mancha";"RNC";"RNC"
"149";"ROBLEDO DEL MAZO";"45";"Toledo";"07";"Comunidad Autónoma de Castilla-La Mancha";"RRD";"RRGD"
"150";"ROMERAL (EL)";"45";"Toledo";"07";"Comunidad Autónoma de Castilla-La Mancha";"RRD";"RRGD"
"151";"SAN BARTOLOME DE LAS ABIERTAS";"45";"Toledo";"07";"Comunidad Autónoma de Castilla-La Mancha";"RRD";"RRGD"
"152";"SAN MARTIN DE MONTALBAN";"45";"Toledo";"07";"Comunidad Autónoma de Castilla-La Mancha";"RRD";"RRGD"
"153";"SAN MARTIN DE PUSA";"45";"Toledo";"07";"Comunidad Autónoma de Castilla-La Mancha";"RRD";"RRGD"
"154";"SAN PABLO DE LOS MONTES";"45";"Toledo";"07";"Comunidad Autónoma de Castilla-La Mancha";"RNC";"RNC"
"155";"SAN ROMAN DE LOS MONTES";"45";"Toledo";"07";"Comunidad Autónoma de Castilla-La Mancha";"RNC";"RNC"
"156";"SANTA ANA DE PUSA";"45";"Toledo";"07";"Comunidad Autónoma de Castilla-La Mancha";"RNC";"RNC"
"157";"SANTA CRUZ DE LA ZARZA";"45";"Toledo";"07";"Comunidad Autónoma de Castilla-La Mancha";"RNC";"RNC"
"028";"CALERA Y CHOZAS";"45";"Toledo";"07";"Comunidad Autónoma de Castilla-La Mancha";"RNC";"RNC"
"029";"CALERUELA";"45";"Toledo";"07";"Comunidad Autónoma de Castilla-La Mancha";"RNC";"RNC"
"030";"CALZADA DE OROPESA";"45";"Toledo";"07";"Comunidad Autónoma de Castilla-La Mancha";"RRD";"RRGD"
"031";"CAMARENA";"45";"Toledo";"07";"Comunidad Autónoma de Castilla-La Mancha";"RNC";"RNC"
"032";"CAMARENILLA";"45";"Toledo";"07";"Comunidad Autónoma de Castilla-La Mancha";"RNC";"RNC"
"033";"CAMPILLO DE LA JARA (EL)";"45";"Toledo";"07";"Comunidad Autónoma de Castilla-La Mancha";"RRD";"RRGD"
"034";"CAMUÑAS";"45";"Toledo";"07";"Comunidad Autónoma de Castilla-La Mancha";"RNC";"RNC"
"035";"CARDIEL DE LOS MONTES";"45";"Toledo";"07";"Comunidad Autónoma de Castilla-La Mancha";"RNC";"RNC"
"036";"CARMENA";"45";"Toledo";"07";"Comunidad Autónoma de Castilla-La Mancha";"RNC";"RNC"
"037";"CARPIO DE TAJO (EL)";"45";"Toledo";"07";"Comunidad Autónoma de Castilla-La Mancha";"RNC";"RNC"
"038";"CARRANQUE";"45";"Toledo";"07";"Comunidad Autónoma de Castilla-La Mancha";"URBANO";"URBANO"
"039";"CARRICHES";"45";"Toledo";"07";"Comunidad Autónoma de Castilla-La Mancha";"RNC";"RNC"
"040";"CASAR DE ESCALONA (EL)";"45";"Toledo";"07";"Comunidad Autónoma de Castilla-La Mancha";"RNC";"RNC"
"041";"CASARRUBIOS DEL MONTE";"45";"Toledo";"07";"Comunidad Autónoma de Castilla-La Mancha";"RNC";"RNC"
"042";"CASASBUENAS";"45";"Toledo";"07";"Comunidad Autónoma de Castilla-La Mancha";"RRD";"RRGD"
"043";"CASTILLO DE BAYUELA";"45";"Toledo";"07";"Comunidad Autónoma de Castilla-La Mancha";"RNC";"RNC"
"045";"CAZALEGAS";"45";"Toledo";"07";"Comunidad Autónoma de Castilla-La Mancha";"RNC";"RNC"
"046";"CEBOLLA";"45";"Toledo";"07";"Comunidad Autónoma de Castilla-La Mancha";"RNC";"RNC"
"047";"CEDILLO DEL CONDADO";"45";"Toledo";"07";"Comunidad Autónoma de Castilla-La Mancha";"URBANO";"URBANO"
"048";"CERRALBOS (LOS)";"45";"Toledo";"07";"Comunidad Autónoma de Castilla-La Mancha";"RRD";"RRD"
"049";"CERVERA DE LOS MONTES";"45";"Toledo";"07";"Comunidad Autónoma de Castilla-La Mancha";"RNC";"RNC"
"050";"CIRUELOS";"45";"Toledo";"07";"Comunidad Autónoma de Castilla-La Mancha";"RNC";"RNC"
"051";"COBEJA";"45";"Toledo";"07";"Comunidad Autónoma de Castilla-La Mancha";"URBANO";"URBANO"
"052";"COBISA";"45";"Toledo";"07";"Comunidad Autónoma de Castilla-La Mancha";"URBANO";"URBANO"
"053";"CONSUEGRA";"45";"Toledo";"07";"Comunidad Autónoma de Castilla-La Mancha";"RNC";"RNC"
"054";"CORRAL DE ALMAGUER";"45";"Toledo";"07";"Comunidad Autónoma de Castilla-La Mancha";"RNC";"RNC"
"055";"CUERVA";"45";"Toledo";"07";"Comunidad Autónoma de Castilla-La Mancha";"RNC";"RNC"
"056";"CHOZAS DE CANALES";"45";"Toledo";"07";"Comunidad Autónoma de Castilla-La Mancha";"URBANO";"URBANO"
"057";"CHUECA";"45";"Toledo";"07";"Comunidad Autónoma de Castilla-La Mancha";"RNC";"RNC"
"058";"DOMINGO PEREZ";"45";"Toledo";"07";"Comunidad Autónoma de Castilla-La Mancha";"RNC";"RNC"
"059";"DOSBARRIOS";"45";"Toledo";"07";"Comunidad Autónoma de Castilla-La Mancha";"RNC";"RNC"
"060";"ERUSTES";"45";"Toledo";"07";"Comunidad Autónoma de Castilla-La Mancha";"RNC";"RNC"
"061";"ESCALONA";"45";"Toledo";"07";"Comunidad Autónoma de Castilla-La Mancha";"RNC";"RNC"
"062";"ESCALONILLA";"45";"Toledo";"07";"Comunidad Autónoma de Castilla-La Mancha";"RNC";"RNC"
"063";"ESPINOSO DEL REY";"45";"Toledo";"07";"Comunidad Autónoma de Castilla-La Mancha";"RRD";"RRD"
"064";"ESQUIVIAS";"45";"Toledo";"07";"Comunidad Autónoma de Castilla-La Mancha";"URBANO";"URBANO"
"065";"ESTRELLA (LA)";"45";"Toledo";"07";"Comunidad Autónoma de Castilla-La Mancha";"RRD";"RRGD"
"066";"FUENSALIDA";"45";"Toledo";"07";"Comunidad Autónoma de Castilla-La Mancha";"URBANO";"URBANO"
"067";"GALVEZ";"45";"Toledo";"07";"Comunidad Autónoma de Castilla-La Mancha";"RNC";"RNC"
"069";"GARCIOTUM";"45";"Toledo";"07";"Comunidad Autónoma de Castilla-La Mancha";"RRD";"RRD"
"070";"GERINDOTE";"45";"Toledo";"07";"Comunidad Autónoma de Castilla-La Mancha";"RNC";"RNC"
"071";"GUADAMUR";"45";"Toledo";"07";"Comunidad Autónoma de Castilla-La Mancha";"RNC";"RNC"
"072";"GUARDIA (LA)";"45";"Toledo";"07";"Comunidad Autónoma de Castilla-La Mancha";"RRD";"RRD"
"073";"HERENCIAS (LAS)";"45";"Toledo";"07";"Comunidad Autónoma de Castilla-La Mancha";"RRD";"RRD"
"074";"HERRERUELA DE OROPESA";"45";"Toledo";"07";"Comunidad Autónoma de Castilla-La Mancha";"RNC";"RNC"
"075";"HINOJOSA DE SAN VICENTE";"45";"Toledo";"07";"Comunidad Autónoma de Castilla-La Mancha";"RNC";"RNC"
"076";"HONTANAR";"45";"Toledo";"07";"Comunidad Autónoma de Castilla-La Mancha";"RRD";"RRGD"
"077";"HORMIGOS";"45";"Toledo";"07";"Comunidad Autónoma de Castilla-La Mancha";"RNC";"RNC"
"078";"HUECAS";"45";"Toledo";"07";"Comunidad Autónoma de Castilla-La Mancha";"RNC";"RNC"
"079";"HUERTA DE VALDECARABANOS";"45";"Toledo";"07";"Comunidad Autónoma de Castilla-La Mancha";"RNC";"RNC"
"080";"IGLESUELA (LA)";"45";"Toledo";"07";"Comunidad Autónoma de Castilla-La Mancha";"RRD";"RRGD"
"081";"ILLAN DE VACAS";"45";"Toledo";"07";"Comunidad Autónoma de Castilla-La Mancha";"RRD";"RRGD"
"082";"ILLESCAS";"45";"Toledo";"07";"Comunidad Autónoma de Castilla-La Mancha";"URBANO";"URBANO"
"083";"LAGARTERA";"45";"Toledo";"07";"Comunidad Autónoma de Castilla-La Mancha";"RNC";"RNC"
"084";"LAYOS";"45";"Toledo";"07";"Comunidad Autónoma de Castilla-La Mancha";"RNC";"RNC"
"085";"LILLO";"45";"Toledo";"07";"Comunidad Autónoma de Castilla-La Mancha";"RNC";"RNC"
"086";"LOMINCHAR";"45";"Toledo";"07";"Comunidad Autónoma de Castilla-La Mancha";"URBANO";"URBANO"
"087";"LUCILLOS";"45";"Toledo";"07";"Comunidad Autónoma de Castilla-La Mancha";"RNC";"RNC"
"088";"MADRIDEJOS";"45";"Toledo";"07";"Comunidad Autónoma de Castilla-La Mancha";"RNC";"RNC"
"089";"MAGAN";"45";"Toledo";"07";"Comunidad Autónoma de Castilla-La Mancha";"URBANO";"URBANO"
"090";"MALPICA DE TAJO";"45";"Toledo";"07";"Comunidad Autónoma de Castilla-La Mancha";"RNC";"RNC"
"091";"MANZANEQUE";"45";"Toledo";"07";"Comunidad Autónoma de Castilla-La Mancha";"RNC";"RNC"
"092";"MAQUEDA";"45";"Toledo";"07";"Comunidad Autónoma de Castilla-La Mancha";"RRD";"RRGD"
"093";"MARJALIZA";"45";"Toledo";"07";"Comunidad Autónoma de Castilla-La Mancha";"RRD";"RRGD"
"001";"AJOFRIN";"45";"Toledo";"07";"Comunidad Autónoma de Castilla-La Mancha";"RNC";"RNC"
"002";"ALAMEDA DE LA SAGRA";"45";"Toledo";"07";"Comunidad Autónoma de Castilla-La Mancha";"URBANO";"URBANO"
"003";"ALBARREAL DE TAJO";"45";"Toledo";"07";"Comunidad Autónoma de Castilla-La Mancha";"RNC";"RNC"
"004";"ALCABON";"45";"Toledo";"07";"Comunidad Autónoma de Castilla-La Mancha";"RNC";"RNC"
"005";"ALCAÑIZO";"45";"Toledo";"07";"Comunidad Autónoma de Castilla-La Mancha";"RNC";"RNC"
"006";"ALCAUDETE DE LA JARA";"45";"Toledo";"07";"Comunidad Autónoma de Castilla-La Mancha";"RRD";"RRD"
"007";"ALCOLEA DE TAJO";"45";"Toledo";"07";"Comunidad Autónoma de Castilla-La Mancha";"RRD";"RRD"
"008";"ALDEA EN CABO";"45";"Toledo";"07";"Comunidad Autónoma de Castilla-La Mancha";"RRD";"RRGD"
"009";"ALDEANUEVA DE BARBARROYA";"45";"Toledo";"07";"Comunidad Autónoma de Castilla-La Mancha";"RRD";"RRGD"
"010";"ALDEANUEVA DE SAN BARTOLOME";"45";"Toledo";"07";"Comunidad Autónoma de Castilla-La Mancha";"RNC";"RNC"
"011";"ALMENDRAL DE LA CAÑADA";"45";"Toledo";"07";"Comunidad Autónoma de Castilla-La Mancha";"RRD";"RRD"
"012";"ALMONACID DE TOLEDO";"45";"Toledo";"07";"Comunidad Autónoma de Castilla-La Mancha";"RRD";"RRD"
"013";"ALMOROX";"45";"Toledo";"07";"Comunidad Autónoma de Castilla-La Mancha";"RNC";"RNC"
"014";"AÑOVER DE TAJO";"45";"Toledo";"07";"Comunidad Autónoma de Castilla-La Mancha";"URBANO";"URBANO"
"015";"ARCICOLLAR";"45";"Toledo";"07";"Comunidad Autónoma de Castilla-La Mancha";"RNC";"RNC"
"016";"ARGES";"45";"Toledo";"07";"Comunidad Autónoma de Castilla-La Mancha";"URBANO";"URBANO"
"017";"AZUTAN";"45";"Toledo";"07";"Comunidad Autónoma de Castilla-La Mancha";"RNC";"RNC"
"018";"BARCIENCE";"45";"Toledo";"07";"Comunidad Autónoma de Castilla-La Mancha";"RNC";"RNC"
"019";"BARGAS";"45";"Toledo";"07";"Comunidad Autónoma de Castilla-La Mancha";"URBANO";"URBANO"
"020";"BELVIS DE LA JARA";"45";"Toledo";"07";"Comunidad Autónoma de Castilla-La Mancha";"RNC";"RNC"
"021";"BOROX";"45";"Toledo";"07";"Comunidad Autónoma de Castilla-La Mancha";"RNC";"RNC"
"022";"BUENAVENTURA";"45";"Toledo";"07";"Comunidad Autónoma de Castilla-La Mancha";"RRD";"RRD"
"023";"BURGUILLOS DE TOLEDO";"45";"Toledo";"07";"Comunidad Autónoma de Castilla-La Mancha";"URBANO";"URBANO"
"024";"BURUJON";"45";"Toledo";"07";"Comunidad Autónoma de Castilla-La Mancha";"RNC";"RNC"
"025";"CABAÑAS DE LA SAGRA";"45";"Toledo";"07";"Comunidad Autónoma de Castilla-La Mancha";"URBANO";"URBANO"
"026";"CABAÑAS DE YEPES";"45";"Toledo";"07";"Comunidad Autónoma de Castilla-La Mancha";"RNC";"RNC"
"027";"CABEZAMESADA";"45";"Toledo";"07";"Comunidad Autónoma de Castilla-La Mancha";"RRD";"RRGD"
"005";"ALAQUAS";"46";"Valencia";"17";"Comunidad Valenciana";"URBANO";"URBANO"
"006";"ALBAIDA";"46";"Valencia";"17";"Comunidad Valenciana";"URBANO";"URBANO"
"007";"ALBAL";"46";"Valencia";"17";"Comunidad Valenciana";"URBANO";"URBANO"
"008";"ALBALAT DE LA RIBERA";"46";"Valencia";"17";"Comunidad Valenciana";"URBANO";"URBANO"
"009";"ALBALAT DELS SORELLS";"46";"Valencia";"17";"Comunidad Valenciana";"URBANO";"URBANO"
"010";"ALBALAT DELS TARONGERS";"46";"Valencia";"17";"Comunidad Valenciana";"RNC";"RNC"
"011";"ALBERIC";"46";"Valencia";"17";"Comunidad Valenciana";"URBANO";"URBANO"
"012";"ALBORACHE";"46";"Valencia";"17";"Comunidad Valenciana";"RNC";"RNC"
"013";"ALBORAIA/ALBORAYA";"46";"Valencia";"17";"Comunidad Valenciana";"URBANO";"URBANO"
"014";"ALBUIXECH";"46";"Valencia";"17";"Comunidad Valenciana";"URBANO";"URBANO"
"019";"ALCUDIA (L')";"46";"Valencia";"17";"Comunidad Valenciana";"URBANO";"URBANO"
"020";"ALCUDIA DE CRESPINS (L')";"46";"Valencia";"17";"Comunidad Valenciana";"URBANO";"URBANO"
"021";"ALDAIA";"46";"Valencia";"17";"Comunidad Valenciana";"URBANO";"URBANO"
"022";"ALFAFAR";"46";"Valencia";"17";"Comunidad Valenciana";"URBANO";"URBANO"
"023";"ALFAUIR";"46";"Valencia";"17";"Comunidad Valenciana";"RNC";"RNC"
"024";"ALFARA DE LA BARONIA";"46";"Valencia";"17";"Comunidad Valenciana";"RNC";"RNC"
"025";"ALFARA DEL PATRIARCA";"46";"Valencia";"17";"Comunidad Valenciana";"URBANO";"URBANO"
"026";"ALFARP";"46";"Valencia";"17";"Comunidad Valenciana";"RNC";"RNC"
"027";"ALFARRASI";"46";"Valencia";"17";"Comunidad Valenciana";"URBANO";"URBANO"
"028";"ALGAR DE PALANCIA";"46";"Valencia";"17";"Comunidad Valenciana";"RNC";"RNC"
"029";"ALGEMESI";"46";"Valencia";"17";"Comunidad Valenciana";"URBANO";"URBANO"
"030";"ALGIMIA DE ALFARA";"46";"Valencia";"17";"Comunidad Valenciana";"RNC";"RNC"
"031";"ALGINET";"46";"Valencia";"17";"Comunidad Valenciana";"URBANO";"URBANO"
"032";"ALMASSERA";"46";"Valencia";"17";"Comunidad Valenciana";"URBANO";"URBANO"
"033";"ALMISERA";"46";"Valencia";"17";"Comunidad Valenciana";"RNC";"RNC"
"034";"ALMOINES";"46";"Valencia";"17";"Comunidad Valenciana";"URBANO";"URBANO"
"035";"ALMUSSAFES";"46";"Valencia";"17";"Comunidad Valenciana";"URBANO";"URBANO"
"036";"ALPUENTE";"46";"Valencia";"17";"Comunidad Valenciana";"RRD";"RRGD"
"037";"L'ALQUERIA DE LA COMTESSA";"46";"Valencia";"17";"Comunidad Valenciana";"URBANO";"URBANO"
"038";"ANDILLA";"46";"Valencia";"17";"Comunidad Valenciana";"RRD";"RRGD"
"039";"ANNA";"46";"Valencia";"17";"Comunidad Valenciana";"URBANO";"URBANO"
"040";"ANTELLA";"46";"Valencia";"17";"Comunidad Valenciana";"RNC";"RNC"
"041";"ARAS DE LOS OLMOS";"46";"Valencia";"17";"Comunidad Valenciana";"RRD";"RRGD"
"042";"AIELO DE MALFERIT";"46";"Valencia";"17";"Comunidad Valenciana";"URBANO";"URBANO"
"043";"AIELO DE RUGAT";"46";"Valencia";"17";"Comunidad Valenciana";"RNC";"RNC"
"044";"AYORA";"46";"Valencia";"17";"Comunidad Valenciana";"RRD";"RRD"
"045";"BARXETA";"46";"Valencia";"17";"Comunidad Valenciana";"RNC";"RNC"
"046";"BARX";"46";"Valencia";"17";"Comunidad Valenciana";"RNC";"RNC"
"047";"BELGIDA";"46";"Valencia";"17";"Comunidad Valenciana";"RNC";"RNC"
"048";"BELLREGUARD";"46";"Valencia";"17";"Comunidad Valenciana";"URBANO";"URBANO"
"049";"BELLUS";"46";"Valencia";"17";"Comunidad Valenciana";"RNC";"RNC"
"050";"BENAGEBER";"46";"Valencia";"17";"Comunidad Valenciana";"RRD";"RRGD"
"051";"BENAGUASIL";"46";"Valencia";"17";"Comunidad Valenciana";"URBANO";"URBANO"
"052";"BENAVITES";"46";"Valencia";"17";"Comunidad Valenciana";"URBANO";"URBANO"
"053";"BENEIXIDA";"46";"Valencia";"17";"Comunidad Valenciana";"URBANO";"URBANO"
"054";"BENETUSSER";"46";"Valencia";"17";"Comunidad Valenciana";"URBANO";"URBANO"
"055";"BENIARJO";"46";"Valencia";"17";"Comunidad Valenciana";"URBANO";"URBANO"
"056";"BENIATJAR";"46";"Valencia";"17";"Comunidad Valenciana";"RNC";"RNC"
"057";"BENICOLET";"46";"Valencia";"17";"Comunidad Valenciana";"RNC";"RNC"
"058";"BENIFAIRO DE LES VALLS";"46";"Valencia";"17";"Comunidad Valenciana";"URBANO";"URBANO"
"059";"BENIFAIRO DE LA VALLDIGNA";"46";"Valencia";"17";"Comunidad Valenciana";"RNC";"RNC"
"060";"BENIFAIO";"46";"Valencia";"17";"Comunidad Valenciana";"URBANO";"URBANO"
"061";"BENIFLA";"46";"Valencia";"17";"Comunidad Valenciana";"URBANO";"URBANO"
"062";"BENIGANIM";"46";"Valencia";"17";"Comunidad Valenciana";"URBANO";"URBANO"
"063";"BENIMODO";"46";"Valencia";"17";"Comunidad Valenciana";"URBANO";"URBANO"
"064";"BENIMUSLEM";"46";"Valencia";"17";"Comunidad Valenciana";"URBANO";"URBANO"
"066";"BENIPARRELL";"46";"Valencia";"17";"Comunidad Valenciana";"URBANO";"URBANO"
"068";"BENIRREDRA";"46";"Valencia";"17";"Comunidad Valenciana";"RNC";"RNC"
"069";"BENISSANO";"46";"Valencia";"17";"Comunidad Valenciana";"URBANO";"URBANO"
"070";"BENISSODA";"46";"Valencia";"17";"Comunidad Valenciana";"URBANO";"URBANO"
"071";"BENISSUERA";"46";"Valencia";"17";"Comunidad Valenciana";"RNC";"RNC"
"072";"BETERA";"46";"Valencia";"17";"Comunidad Valenciana";"URBANO";"URBANO"
"073";"BICORP";"46";"Valencia";"17";"Comunidad Valenciana";"RRD";"RRGD"
"074";"BOCAIRENT";"46";"Valencia";"17";"Comunidad Valenciana";"RNC";"RNC"
"075";"BOLBAITE";"46";"Valencia";"17";"Comunidad Valenciana";"RNC";"RNC"
"076";"BONREPOS I MIRAMBELL";"46";"Valencia";"17";"Comunidad Valenciana";"URBANO";"URBANO"
"077";"BUFALI";"46";"Valencia";"17";"Comunidad Valenciana";"RNC";"RNC"
"078";"BUGARRA";"46";"Valencia";"17";"Comunidad Valenciana";"RNC";"RNC"
"079";"BUÑOL";"46";"Valencia";"17";"Comunidad Valenciana";"RNC";"RNC"
"080";"BURJASSOT";"46";"Valencia";"17";"Comunidad Valenciana";"URBANO";"URBANO"
"001";"ADEMUZ";"46";"Valencia";"17";"Comunidad Valenciana";"RRD";"RRD"
"002";"ADOR";"46";"Valencia";"17";"Comunidad Valenciana";"URBANO";"URBANO"
"003";"ATZENETA D'ALBAIDA";"46";"Valencia";"17";"Comunidad Valenciana";"URBANO";"URBANO"
"004";"AGULLENT";"46";"Valencia";"17";"Comunidad Valenciana";"URBANO";"URBANO"
"085";"CARCAIXENT";"46";"Valencia";"17";"Comunidad Valenciana";"URBANO";"URBANO"
"086";"CARCER";"46";"Valencia";"17";"Comunidad Valenciana";"URBANO";"URBANO"
"087";"CARLET";"46";"Valencia";"17";"Comunidad Valenciana";"URBANO";"URBANO"
"088";"CARRICOLA";"46";"Valencia";"17";"Comunidad Valenciana";"RNC";"RNC"
"089";"CASAS ALTAS";"46";"Valencia";"17";"Comunidad Valenciana";"RRD";"RRD"
"090";"CASAS BAJAS";"46";"Valencia";"17";"Comunidad Valenciana";"RRD";"RRGD"
"091";"CASINOS";"46";"Valencia";"17";"Comunidad Valenciana";"RNC";"RNC"
"092";"CASTELLO DE RUGAT";"46";"Valencia";"17";"Comunidad Valenciana";"URBANO";"URBANO"
"093";"CASTELLONET DE LA CONQUESTA";"46";"Valencia";"17";"Comunidad Valenciana";"RNC";"RNC"
"094";"CASTIELFABIB";"46";"Valencia";"17";"Comunidad Valenciana";"RRD";"RRGD"
"095";"CATADAU";"46";"Valencia";"17";"Comunidad Valenciana";"RNC";"RNC"
"096";"CATARROJA";"46";"Valencia";"17";"Comunidad Valenciana";"URBANO";"URBANO"
"097";"CAUDETE DE LAS FUENTES";"46";"Valencia";"17";"Comunidad Valenciana";"RNC";"RNC"
"098";"CERDA";"46";"Valencia";"17";"Comunidad Valenciana";"URBANO";"URBANO"
"099";"COFRENTES";"46";"Valencia";"17";"Comunidad Valenciana";"RRD";"RRD"
"100";"CORBERA";"46";"Valencia";"17";"Comunidad Valenciana";"URBANO";"URBANO"
"101";"CORTES DE PALLAS";"46";"Valencia";"17";"Comunidad Valenciana";"RRD";"RRGD"
"102";"COTES";"46";"Valencia";"17";"Comunidad Valenciana";"RNC";"RNC"
"103";"QUART DE LES VALLS";"46";"Valencia";"17";"Comunidad Valenciana";"URBANO";"URBANO"
"104";"QUART DE POBLET";"46";"Valencia";"17";"Comunidad Valenciana";"URBANO";"URBANO"
"105";"QUARTELL";"46";"Valencia";"17";"Comunidad Valenciana";"URBANO";"URBANO"
"106";"QUATRETONDA";"46";"Valencia";"17";"Comunidad Valenciana";"RNC";"RNC"
"107";"CULLERA";"46";"Valencia";"17";"Comunidad Valenciana";"URBANO";"URBANO"
"108";"CHELVA";"46";"Valencia";"17";"Comunidad Valenciana";"RRD";"RRGD"
"109";"CHELLA";"46";"Valencia";"17";"Comunidad Valenciana";"RNC";"RNC"
"110";"CHERA";"46";"Valencia";"17";"Comunidad Valenciana";"RRD";"RRD"
"111";"CHESTE";"46";"Valencia";"17";"Comunidad Valenciana";"URBANO";"URBANO"
"112";"XIRIVELLA";"46";"Valencia";"17";"Comunidad Valenciana";"URBANO";"URBANO"
"113";"CHIVA";"46";"Valencia";"17";"Comunidad Valenciana";"RNC";"RNC"
"114";"CHULILLA";"46";"Valencia";"17";"Comunidad Valenciana";"RRD";"RRD"
"115";"DAIMUS";"46";"Valencia";"17";"Comunidad Valenciana";"URBANO";"URBANO"
"116";"DOMEÑO";"46";"Valencia";"17";"Comunidad Valenciana";"RRD";"RRD"
"117";"DOS AGUAS";"46";"Valencia";"17";"Comunidad Valenciana";"RRD";"RRGD"
"118";"ELIANA (L')";"46";"Valencia";"17";"Comunidad Valenciana";"URBANO";"URBANO"
"119";"EMPERADOR";"46";"Valencia";"17";"Comunidad Valenciana";"URBANO";"URBANO"
"120";"ENGUERA";"46";"Valencia";"17";"Comunidad Valenciana";"RNC";"RNC"
"121";"ENOVA (L')";"46";"Valencia";"17";"Comunidad Valenciana";"URBANO";"URBANO"
"122";"ESTIVELLA";"46";"Valencia";"17";"Comunidad Valenciana";"RNC";"RNC"
"123";"ESTUBENY";"46";"Valencia";"17";"Comunidad Valenciana";"RNC";"RNC"
"124";"FAURA";"46";"Valencia";"17";"Comunidad Valenciana";"URBANO";"URBANO"
"125";"FAVARA";"46";"Valencia";"17";"Comunidad Valenciana";"URBANO";"URBANO"
"126";"FONTANARS DELS ALFORINS";"46";"Valencia";"17";"Comunidad Valenciana";"RNC";"RNC"
"127";"FORTALENY";"46";"Valencia";"17";"Comunidad Valenciana";"URBANO";"URBANO"
"128";"FOIOS";"46";"Valencia";"17";"Comunidad Valenciana";"URBANO";"URBANO"
"129";"FONT D'EN CARROS (LA)";"46";"Valencia";"17";"Comunidad Valenciana";"URBANO";"URBANO"
"130";"FONT DE LA FIGUERA (LA)";"46";"Valencia";"17";"Comunidad Valenciana";"RNC";"RNC"
"131";"FUENTERROBLES";"46";"Valencia";"17";"Comunidad Valenciana";"RNC";"RNC"
"132";"GAVARDA";"46";"Valencia";"17";"Comunidad Valenciana";"URBANO";"URBANO"
"133";"GANDIA";"46";"Valencia";"17";"Comunidad Valenciana";"URBANO";"URBANO"
"134";"GENOVES";"46";"Valencia";"17";"Comunidad Valenciana";"URBANO";"URBANO"
"135";"GESTALGAR";"46";"Valencia";"17";"Comunidad Valenciana";"RRD";"RRGD"
"136";"GILET";"46";"Valencia";"17";"Comunidad Valenciana";"URBANO";"URBANO"
"137";"GODELLA";"46";"Valencia";"17";"Comunidad Valenciana";"URBANO";"URBANO"
"138";"GODELLETA";"46";"Valencia";"17";"Comunidad Valenciana";"RNC";"RNC"
"139";"GRANJA DE LA COSTERA (LA)";"46";"Valencia";"17";"Comunidad Valenciana";"URBANO";"URBANO"
"140";"GUADASSEQUIES";"46";"Valencia";"17";"Comunidad Valenciana";"URBANO";"URBANO"
"141";"GUADASSUAR";"46";"Valencia";"17";"Comunidad Valenciana";"URBANO";"URBANO"
"142";"GUARDAMAR DE LA SAFOR";"46";"Valencia";"17";"Comunidad Valenciana";"URBANO";"URBANO"
"143";"HIGUERUELAS";"46";"Valencia";"17";"Comunidad Valenciana";"RNC";"RNC"
"144";"JALANCE";"46";"Valencia";"17";"Comunidad Valenciana";"RRD";"RRD"
"015";"ALCASSER";"46";"Valencia";"17";"Comunidad Valenciana";"URBANO";"URBANO"
"016";"ALCANTERA DE XUQUER";"46";"Valencia";"17";"Comunidad Valenciana";"URBANO";"URBANO"
"017";"ALZIRA";"46";"Valencia";"17";"Comunidad Valenciana";"URBANO";"URBANO"
"018";"ALCUBLAS";"46";"Valencia";"17";"Comunidad Valenciana";"RNC";"RNC"
"149";"LLIRIA";"46";"Valencia";"17";"Comunidad Valenciana";"URBANO";"URBANO"
"150";"LORIGUILLA";"46";"Valencia";"17";"Comunidad Valenciana";"RNC";"RNC"
"151";"LOSA DEL OBISPO";"46";"Valencia";"17";"Comunidad Valenciana";"RNC";"RNC"
"152";"LLUTXENT";"46";"Valencia";"17";"Comunidad Valenciana";"RNC";"RNC"
"153";"LLOCNOU D`EN FENOLLET";"46";"Valencia";"17";"Comunidad Valenciana";"URBANO";"URBANO"
"154";"LLOCNOU DE LA CORONA";"46";"Valencia";"17";"Comunidad Valenciana";"URBANO";"URBANO"
"155";"LLOCNOU DE SANT JERONI";"46";"Valencia";"17";"Comunidad Valenciana";"RNC";"RNC"
"156";"LLANERA DE RANES";"46";"Valencia";"17";"Comunidad Valenciana";"URBANO";"URBANO"
"157";"LLAURI";"46";"Valencia";"17";"Comunidad Valenciana";"RNC";"RNC"
"158";"LLOMBAI";"46";"Valencia";"17";"Comunidad Valenciana";"RNC";"RNC"
"159";"LLOSA DE RANES (LA)";"46";"Valencia";"17";"Comunidad Valenciana";"URBANO";"URBANO"
"160";"MACASTRE";"46";"Valencia";"17";"Comunidad Valenciana";"RNC";"RNC"
"161";"MANISES";"46";"Valencia";"17";"Comunidad Valenciana";"URBANO";"URBANO"
"162";"MANUEL";"46";"Valencia";"17";"Comunidad Valenciana";"URBANO";"URBANO"
"163";"MARINES";"46";"Valencia";"17";"Comunidad Valenciana";"RNC";"RNC"
"164";"MASSALAVES";"46";"Valencia";"17";"Comunidad Valenciana";"URBANO";"URBANO"
"165";"MASSALFASSAR";"46";"Valencia";"17";"Comunidad Valenciana";"URBANO";"URBANO"
"166";"MASSAMAGRELL";"46";"Valencia";"17";"Comunidad Valenciana";"URBANO";"URBANO"
"167";"MASSANASSA";"46";"Valencia";"17";"Comunidad Valenciana";"URBANO";"URBANO"
"168";"MELIANA";"46";"Valencia";"17";"Comunidad Valenciana";"URBANO";"URBANO"
"169";"MILLARES";"46";"Valencia";"17";"Comunidad Valenciana";"RRD";"RRGD"
"170";"MIRAMAR";"46";"Valencia";"17";"Comunidad Valenciana";"URBANO";"URBANO"
"171";"MISLATA";"46";"Valencia";"17";"Comunidad Valenciana";"URBANO";"URBANO"
"172";"MOGENTE/MOIXENT";"46";"Valencia";"17";"Comunidad Valenciana";"RNC";"RNC"
"173";"MONCADA";"46";"Valencia";"17";"Comunidad Valenciana";"URBANO";"URBANO"
"174";"MONTSERRAT";"46";"Valencia";"17";"Comunidad Valenciana";"URBANO";"URBANO"
"175";"MONTAVERNER";"46";"Valencia";"17";"Comunidad Valenciana";"URBANO";"URBANO"
"176";"MONTESA";"46";"Valencia";"17";"Comunidad Valenciana";"RNC";"RNC"
"177";"MONTITXELVO/MONTICHELVO";"46";"Valencia";"17";"Comunidad Valenciana";"RNC";"RNC"
"178";"MONTROI/MONTROY";"46";"Valencia";"17";"Comunidad Valenciana";"RNC";"RNC"
"179";"MUSEROS";"46";"Valencia";"17";"Comunidad Valenciana";"URBANO";"URBANO"
"180";"NAQUERA";"46";"Valencia";"17";"Comunidad Valenciana";"URBANO";"URBANO"
"181";"NAVARRES";"46";"Valencia";"17";"Comunidad Valenciana";"RNC";"RNC"
"182";"NOVELE/NOVETLE";"46";"Valencia";"17";"Comunidad Valenciana";"URBANO";"URBANO"
"183";"OLIVA";"46";"Valencia";"17";"Comunidad Valenciana";"URBANO";"URBANO"
"184";"OLOCAU";"46";"Valencia";"17";"Comunidad Valenciana";"RNC";"RNC"
"185";"OLLERIA (L')";"46";"Valencia";"17";"Comunidad Valenciana";"URBANO";"URBANO"
"186";"ONTINYENT";"46";"Valencia";"17";"Comunidad Valenciana";"URBANO";"URBANO"
"187";"OTOS";"46";"Valencia";"17";"Comunidad Valenciana";"RNC";"RNC"
"188";"PAIPORTA";"46";"Valencia";"17";"Comunidad Valenciana";"URBANO";"URBANO"
"189";"PALMA DE GANDIA";"46";"Valencia";"17";"Comunidad Valenciana";"URBANO";"URBANO"
"190";"PALMERA";"46";"Valencia";"17";"Comunidad Valenciana";"URBANO";"URBANO"
"191";"PALOMAR(EL)";"46";"Valencia";"17";"Comunidad Valenciana";"RNC";"RNC"
"192";"PATERNA";"46";"Valencia";"17";"Comunidad Valenciana";"URBANO";"URBANO"
"193";"PEDRALBA";"46";"Valencia";"17";"Comunidad Valenciana";"RNC";"RNC"
"194";"PETRES";"46";"Valencia";"17";"Comunidad Valenciana";"URBANO";"URBANO"
"195";"PICANYA";"46";"Valencia";"17";"Comunidad Valenciana";"URBANO";"URBANO"
"196";"PICASSENT";"46";"Valencia";"17";"Comunidad Valenciana";"URBANO";"URBANO"
"197";"PILES";"46";"Valencia";"17";"Comunidad Valenciana";"URBANO";"URBANO"
"198";"PINET";"46";"Valencia";"17";"Comunidad Valenciana";"RNC";"RNC"
"199";"POLINYA DE XUQUER";"46";"Valencia";"17";"Comunidad Valenciana";"URBANO";"URBANO"
"200";"POTRIES";"46";"Valencia";"17";"Comunidad Valenciana";"URBANO";"URBANO"
"201";"POBLA DE FARNALS (LA)";"46";"Valencia";"17";"Comunidad Valenciana";"URBANO";"URBANO"
"202";"POBLA DEL DUC (LA)";"46";"Valencia";"17";"Comunidad Valenciana";"URBANO";"URBANO"
"203";"PUEBLA DE SAN MIGUEL";"46";"Valencia";"17";"Comunidad Valenciana";"RRD";"RRGD"
"204";"POBLA DE VALLBONA (LA)";"46";"Valencia";"17";"Comunidad Valenciana";"URBANO";"URBANO"
"205";"POBLA LLARGA (LA)";"46";"Valencia";"17";"Comunidad Valenciana";"URBANO";"URBANO"
"206";"EL PUIG DE SANTA MARIA";"46";"Valencia";"17";"Comunidad Valenciana";"URBANO";"URBANO"
"207";"PUÇOL";"46";"Valencia";"17";"Comunidad Valenciana";"URBANO";"URBANO"
"208";"QUESA";"46";"Valencia";"17";"Comunidad Valenciana";"RRD";"RRD"
"081";"CALLES";"46";"Valencia";"17";"Comunidad Valenciana";"RRD";"RRGD"
"082";"CAMPORROBLES";"46";"Valencia";"17";"Comunidad Valenciana";"RNC";"RNC"
"083";"CANALS";"46";"Valencia";"17";"Comunidad Valenciana";"URBANO";"URBANO"
"084";"CANET D'EN BERENGUER";"46";"Valencia";"17";"Comunidad Valenciana";"URBANO";"URBANO"
"209";"RAFELBUNYOL";"46";"Valencia";"17";"Comunidad Valenciana";"URBANO";"URBANO"
"210";"RAFELCOFER";"46";"Valencia";"17";"Comunidad Valenciana";"URBANO";"URBANO"
"211";"RAFELGUARAF";"46";"Valencia";"17";"Comunidad Valenciana";"URBANO";"URBANO"
"212";"RAFOL DE SALEM";"46";"Valencia";"17";"Comunidad Valenciana";"URBANO";"URBANO"
"213";"EL REAL DE GANDIA";"46";"Valencia";"17";"Comunidad Valenciana";"URBANO";"URBANO"
"214";"REAL";"46";"Valencia";"17";"Comunidad Valenciana";"URBANO";"URBANO"
"215";"REQUENA";"46";"Valencia";"17";"Comunidad Valenciana";"RNC";"RNC"
"216";"RIBA-ROJA DE TURIA";"46";"Valencia";"17";"Comunidad Valenciana";"URBANO";"URBANO"
"217";"RIOLA";"46";"Valencia";"17";"Comunidad Valenciana";"URBANO";"URBANO"
"218";"ROCAFORT";"46";"Valencia";"17";"Comunidad Valenciana";"URBANO";"URBANO"
"219";"ROTGLA I CORBERA";"46";"Valencia";"17";"Comunidad Valenciana";"URBANO";"URBANO"
"220";"ROTOVA";"46";"Valencia";"17";"Comunidad Valenciana";"URBANO";"URBANO"
"221";"RUGAT";"46";"Valencia";"17";"Comunidad Valenciana";"RNC";"RNC"
"222";"SAGUNTO/SAGUNT";"46";"Valencia";"17";"Comunidad Valenciana";"URBANO";"URBANO"
"223";"SALEM";"46";"Valencia";"17";"Comunidad Valenciana";"RNC";"RNC"
"224";"SANT JOANET";"46";"Valencia";"17";"Comunidad Valenciana";"URBANO";"URBANO"
"225";"SEDAVI";"46";"Valencia";"17";"Comunidad Valenciana";"URBANO";"URBANO"
"226";"SEGART";"46";"Valencia";"17";"Comunidad Valenciana";"RNC";"RNC"
"227";"SELLENT";"46";"Valencia";"17";"Comunidad Valenciana";"RNC";"RNC"
"228";"SEMPERE";"46";"Valencia";"17";"Comunidad Valenciana";"RRD";"RRD"
"229";"SENYERA";"46";"Valencia";"17";"Comunidad Valenciana";"URBANO";"URBANO"
"230";"SERRA";"46";"Valencia";"17";"Comunidad Valenciana";"RNC";"RNC"
"231";"SIETE AGUAS";"46";"Valencia";"17";"Comunidad Valenciana";"RRD";"RRD"
"232";"SILLA";"46";"Valencia";"17";"Comunidad Valenciana";"URBANO";"URBANO"
"233";"SIMAT DE LA VALLDIGNA";"46";"Valencia";"17";"Comunidad Valenciana";"RNC";"RNC"
"234";"SINARCAS";"46";"Valencia";"17";"Comunidad Valenciana";"RRD";"RRD"
"235";"SOLLANA";"46";"Valencia";"17";"Comunidad Valenciana";"URBANO";"URBANO"
"236";"SOT DE CHERA";"46";"Valencia";"17";"Comunidad Valenciana";"RRD";"RRD"
"237";"SUECA";"46";"Valencia";"17";"Comunidad Valenciana";"URBANO";"URBANO"
"238";"SUMACARCER";"46";"Valencia";"17";"Comunidad Valenciana";"RNC";"RNC"
"239";"TAVERNES BLANQUES";"46";"Valencia";"17";"Comunidad Valenciana";"URBANO";"URBANO"
"240";"TAVERNES DE LA VALLDIGNA";"46";"Valencia";"17";"Comunidad Valenciana";"URBANO";"URBANO"
"241";"TERESA DE COFRENTES";"46";"Valencia";"17";"Comunidad Valenciana";"RRD";"RRGD"
"242";"TERRATEIG";"46";"Valencia";"17";"Comunidad Valenciana";"RNC";"RNC"
"243";"TITAGUAS";"46";"Valencia";"17";"Comunidad Valenciana";"RRD";"RRGD"
"244";"TORREBAJA";"46";"Valencia";"17";"Comunidad Valenciana";"RNC";"RNC"
"245";"TORRELLA";"46";"Valencia";"17";"Comunidad Valenciana";"URBANO";"URBANO"
"246";"TORRENT";"46";"Valencia";"17";"Comunidad Valenciana";"URBANO";"URBANO"
"247";"TORRES TORRES";"46";"Valencia";"17";"Comunidad Valenciana";"RNC";"RNC"
"248";"TOUS";"46";"Valencia";"17";"Comunidad Valenciana";"RRD";"RRD"
"249";"TUEJAR";"46";"Valencia";"17";"Comunidad Valenciana";"RRD";"RRD"
"250";"TURIS";"46";"Valencia";"17";"Comunidad Valenciana";"RNC";"RNC"
"251";"UTIEL";"46";"Valencia";"17";"Comunidad Valenciana";"RNC";"RNC"
"253";"VALLADA";"46";"Valencia";"17";"Comunidad Valenciana";"RNC";"RNC"
"254";"VALLANCA";"46";"Valencia";"17";"Comunidad Valenciana";"RRD";"RRGD"
"255";"VALLES";"46";"Valencia";"17";"Comunidad Valenciana";"URBANO";"URBANO"
"256";"VENTA DEL MORO";"46";"Valencia";"17";"Comunidad Valenciana";"RRD";"RRGD"
"257";"VILALLONGA/VILLALONGA";"46";"Valencia";"17";"Comunidad Valenciana";"RNC";"RNC"
"258";"VILAMARXANT";"46";"Valencia";"17";"Comunidad Valenciana";"URBANO";"URBANO"
"259";"VILLANUEVA DE CASTELLON";"46";"Valencia";"17";"Comunidad Valenciana";"URBANO";"URBANO"
"260";"VILLAR DEL ARZOBISPO";"46";"Valencia";"17";"Comunidad Valenciana";"RNC";"RNC"
"261";"VILLARGORDO DEL CABRIEL";"46";"Valencia";"17";"Comunidad Valenciana";"RRD";"RRD"
"262";"VINALESA";"46";"Valencia";"17";"Comunidad Valenciana";"URBANO";"URBANO"
"263";"YATOVA";"46";"Valencia";"17";"Comunidad Valenciana";"RNC";"RNC"
"264";"YESA (LA)";"46";"Valencia";"17";"Comunidad Valenciana";"RRD";"RRGD"
"265";"ZARRA";"46";"Valencia";"17";"Comunidad Valenciana";"RRD";"RRGD"
"266";"GATOVA";"46";"Valencia";"17";"Comunidad Valenciana";"RNC";"RNC"
"267";"SAN ANTONIO DE BENAGEBER";"46";"Valencia";"17";"Comunidad Valenciana";"URBANO";"URBANO"
"268";"BENICULL DE XÚQUER";"46";"Valencia";"17";"Comunidad Valenciana";"URBANO";"URBANO"
"900";"VALENCIA";"46";"Valencia";"17";"Comunidad Valenciana";"URBANO";"URBANO"
"145";"XERACO";"46";"Valencia";"17";"Comunidad Valenciana";"URBANO";"URBANO"
"146";"JARAFUEL";"46";"Valencia";"17";"Comunidad Valenciana";"RRD";"RRGD"
"147";"XATIVA";"46";"Valencia";"17";"Comunidad Valenciana";"URBANO";"URBANO"
"148";"XERESA";"46";"Valencia";"17";"Comunidad Valenciana";"URBANO";"URBANO"
"041";"CASTROBOL";"47";"Valladolid";"08";"Comunidad Autónoma de Castilla y León";"RRD";"RRGD"
"042";"CASTRODEZA";"47";"Valladolid";"08";"Comunidad Autónoma de Castilla y León";"RRD";"RRD"
"043";"CASTROMEMBIBRE";"47";"Valladolid";"08";"Comunidad Autónoma de Castilla y León";"RRD";"RRGD"
"044";"CASTROMONTE";"47";"Valladolid";"08";"Comunidad Autónoma de Castilla y León";"RRD";"RRGD"
"045";"CASTRONUEVO DE ESGUEVA";"47";"Valladolid";"08";"Comunidad Autónoma de Castilla y León";"RNC";"RNC"
"046";"CASTRONUÑO";"47";"Valladolid";"08";"Comunidad Autónoma de Castilla y León";"RRD";"RRGD"
"047";"CASTROPONCE";"47";"Valladolid";"08";"Comunidad Autónoma de Castilla y León";"RRD";"RRGD"
"048";"CASTROVERDE DE CERRATO";"47";"Valladolid";"08";"Comunidad Autónoma de Castilla y León";"RRD";"RRGD"
"049";"CEINOS DE CAMPOS";"47";"Valladolid";"08";"Comunidad Autónoma de Castilla y León";"RRD";"RRGD"
"050";"CERVILLEGO DE LA CRUZ";"47";"Valladolid";"08";"Comunidad Autónoma de Castilla y León";"RRD";"RRGD"
"051";"CIGALES";"47";"Valladolid";"08";"Comunidad Autónoma de Castilla y León";"RNC";"RNC"
"052";"CIGUÑUELA";"47";"Valladolid";"08";"Comunidad Autónoma de Castilla y León";"RNC";"RNC"
"053";"CISTERNIGA";"47";"Valladolid";"08";"Comunidad Autónoma de Castilla y León";"URBANO";"URBANO"
"054";"COGECES DE ISCAR";"47";"Valladolid";"08";"Comunidad Autónoma de Castilla y León";"RRD";"RRD"
"055";"COGECES DEL MONTE";"47";"Valladolid";"08";"Comunidad Autónoma de Castilla y León";"RRD";"RRD"
"056";"CORCOS";"47";"Valladolid";"08";"Comunidad Autónoma de Castilla y León";"RRD";"RRGD"
"057";"CORRALES DE DUERO";"47";"Valladolid";"08";"Comunidad Autónoma de Castilla y León";"RRD";"RRGD"
"058";"CUBILLAS DE SANTA MARTA";"47";"Valladolid";"08";"Comunidad Autónoma de Castilla y León";"RNC";"RNC"
"059";"CUENCA DE CAMPOS";"47";"Valladolid";"08";"Comunidad Autónoma de Castilla y León";"RRD";"RRGD"
"060";"CURIEL DE DUERO";"47";"Valladolid";"08";"Comunidad Autónoma de Castilla y León";"RRD";"RRGD"
"061";"ENCINAS DE ESGUEVA";"47";"Valladolid";"08";"Comunidad Autónoma de Castilla y León";"RRD";"RRD"
"062";"ESGUEVILLAS DE ESGUEVA";"47";"Valladolid";"08";"Comunidad Autónoma de Castilla y León";"RRD";"RRGD"
"063";"FOMBELLIDA";"47";"Valladolid";"08";"Comunidad Autónoma de Castilla y León";"RRD";"RRGD"
"064";"FOMPEDRAZA";"47";"Valladolid";"08";"Comunidad Autónoma de Castilla y León";"RRD";"RRGD"
"065";"FONTIHOYUELO";"47";"Valladolid";"08";"Comunidad Autónoma de Castilla y León";"RRD";"RRGD"
"066";"FRESNO EL VIEJO";"47";"Valladolid";"08";"Comunidad Autónoma de Castilla y León";"RNC";"RNC"
"067";"FUENSALDAÑA";"47";"Valladolid";"08";"Comunidad Autónoma de Castilla y León";"RNC";"RNC"
"068";"FUENTE EL SOL";"47";"Valladolid";"08";"Comunidad Autónoma de Castilla y León";"RRD";"RRGD"
"069";"FUENTE-OLMEDO";"47";"Valladolid";"08";"Comunidad Autónoma de Castilla y León";"RRD";"RRGD"
"001";"ADALIA";"47";"Valladolid";"08";"Comunidad Autónoma de Castilla y León";"RRD";"RRGD"
"002";"AGUASAL";"47";"Valladolid";"08";"Comunidad Autónoma de Castilla y León";"RRD";"RRGD"
"003";"AGUILAR DE CAMPOS";"47";"Valladolid";"08";"Comunidad Autónoma de Castilla y León";"RRD";"RRGD"
"004";"ALAEJOS";"47";"Valladolid";"08";"Comunidad Autónoma de Castilla y León";"RNC";"RNC"
"106";"OLMOS DE ESGUEVA";"47";"Valladolid";"08";"Comunidad Autónoma de Castilla y León";"RRD";"RRD"
"107";"OLMOS DE PEÑAFIEL";"47";"Valladolid";"08";"Comunidad Autónoma de Castilla y León";"RRD";"RRGD"
"110";"PALAZUELO DE VEDIJA";"47";"Valladolid";"08";"Comunidad Autónoma de Castilla y León";"RRD";"RRGD"
"111";"PARRILLA (LA)";"47";"Valladolid";"08";"Comunidad Autónoma de Castilla y León";"RRD";"RRD"
"112";"PEDRAJA DE PORTILLO (LA)";"47";"Valladolid";"08";"Comunidad Autónoma de Castilla y León";"RNC";"RNC"
"113";"PEDRAJAS DE SAN ESTEBAN";"47";"Valladolid";"08";"Comunidad Autónoma de Castilla y León";"URBANO";"URBANO"
"114";"PEDROSA DEL REY";"47";"Valladolid";"08";"Comunidad Autónoma de Castilla y León";"RRD";"RRGD"
"115";"PEÑAFIEL";"47";"Valladolid";"08";"Comunidad Autónoma de Castilla y León";"RNC";"RNC"
"116";"PEÑAFLOR DE HORNIJA";"47";"Valladolid";"08";"Comunidad Autónoma de Castilla y León";"RRD";"RRGD"
"117";"PESQUERA DE DUERO";"47";"Valladolid";"08";"Comunidad Autónoma de Castilla y León";"RRD";"RRD"
"118";"PIÑA DE ESGUEVA";"47";"Valladolid";"08";"Comunidad Autónoma de Castilla y León";"RRD";"RRD"
"119";"PIÑEL DE ABAJO";"47";"Valladolid";"08";"Comunidad Autónoma de Castilla y León";"RRD";"RRGD"
"120";"PIÑEL DE ARRIBA";"47";"Valladolid";"08";"Comunidad Autónoma de Castilla y León";"RRD";"RRGD"
"122";"POLLOS";"47";"Valladolid";"08";"Comunidad Autónoma de Castilla y León";"RRD";"RRD"
"123";"PORTILLO";"47";"Valladolid";"08";"Comunidad Autónoma de Castilla y León";"RNC";"RNC"
"124";"POZAL DE GALLINAS";"47";"Valladolid";"08";"Comunidad Autónoma de Castilla y León";"RNC";"RNC"
"125";"POZALDEZ";"47";"Valladolid";"08";"Comunidad Autónoma de Castilla y León";"RNC";"RNC"
"126";"POZUELO DE LA ORDEN";"47";"Valladolid";"08";"Comunidad Autónoma de Castilla y León";"RRD";"RRGD"
"127";"PURAS";"47";"Valladolid";"08";"Comunidad Autónoma de Castilla y León";"RRD";"RRGD"
"128";"QUINTANILLA DE ARRIBA";"47";"Valladolid";"08";"Comunidad Autónoma de Castilla y León";"RRD";"RRGD"
"129";"QUINTANILLA DEL MOLAR";"47";"Valladolid";"08";"Comunidad Autónoma de Castilla y León";"RRD";"RRGD"
"130";"QUINTANILLA DE ONESIMO";"47";"Valladolid";"08";"Comunidad Autónoma de Castilla y León";"RNC";"RNC"
"131";"QUINTANILLA DE TRIGUEROS";"47";"Valladolid";"08";"Comunidad Autónoma de Castilla y León";"RRD";"RRGD"
"132";"RABANO";"47";"Valladolid";"08";"Comunidad Autónoma de Castilla y León";"RRD";"RRGD"
"133";"RAMIRO";"47";"Valladolid";"08";"Comunidad Autónoma de Castilla y León";"RRD";"RRGD"
"134";"RENEDO DE ESGUEVA";"47";"Valladolid";"08";"Comunidad Autónoma de Castilla y León";"URBANO";"URBANO"
"135";"ROALES DE CAMPOS";"47";"Valladolid";"08";"Comunidad Autónoma de Castilla y León";"RRD";"RRGD"
"136";"ROBLADILLO";"47";"Valladolid";"08";"Comunidad Autónoma de Castilla y León";"RRD";"RRD"
"138";"ROTURAS";"47";"Valladolid";"08";"Comunidad Autónoma de Castilla y León";"RRD";"RRGD"
"005";"ALCAZAREN";"47";"Valladolid";"08";"Comunidad Autónoma de Castilla y León";"RNC";"RNC"
"006";"ALDEA DE SAN MIGUEL";"47";"Valladolid";"08";"Comunidad Autónoma de Castilla y León";"RRD";"RRD"
"007";"ALDEAMAYOR DE SAN MARTIN";"47";"Valladolid";"08";"Comunidad Autónoma de Castilla y León";"URBANO";"URBANO"
"009";"ALMENARA DE ADAJA";"47";"Valladolid";"08";"Comunidad Autónoma de Castilla y León";"RRD";"RRGD"
"010";"AMUSQUILLO";"47";"Valladolid";"08";"Comunidad Autónoma de Castilla y León";"RRD";"RRGD"
"011";"ARROYO DE LA ENCOMIENDA";"47";"Valladolid";"08";"Comunidad Autónoma de Castilla y León";"URBANO";"URBANO"
"012";"ATAQUINES";"47";"Valladolid";"08";"Comunidad Autónoma de Castilla y León";"RNC";"RNC"
"013";"BAHABON";"47";"Valladolid";"08";"Comunidad Autónoma de Castilla y León";"RRD";"RRGD"
"014";"BARCIAL DE LA LOMA";"47";"Valladolid";"08";"Comunidad Autónoma de Castilla y León";"RRD";"RRGD"
"015";"BARRUELO DEL VALLE";"47";"Valladolid";"08";"Comunidad Autónoma de Castilla y León";"RRD";"RRGD"
"016";"BECILLA DE VALDERADUEY";"47";"Valladolid";"08";"Comunidad Autónoma de Castilla y León";"RRD";"RRGD"
"017";"BENAFARCES";"47";"Valladolid";"08";"Comunidad Autónoma de Castilla y León";"RRD";"RRGD"
"018";"BERCERO";"47";"Valladolid";"08";"Comunidad Autónoma de Castilla y León";"RRD";"RRGD"
"019";"BERCERUELO";"47";"Valladolid";"08";"Comunidad Autónoma de Castilla y León";"RRD";"RRGD"
"020";"BERRUECES";"47";"Valladolid";"08";"Comunidad Autónoma de Castilla y León";"RRD";"RRGD"
"021";"BOBADILLA DEL CAMPO";"47";"Valladolid";"08";"Comunidad Autónoma de Castilla y León";"RRD";"RRD"
"022";"BOCIGAS";"47";"Valladolid";"08";"Comunidad Autónoma de Castilla y León";"RRD";"RRGD"
"023";"BOCOS DE DUERO";"47";"Valladolid";"08";"Comunidad Autónoma de Castilla y León";"RRD";"RRD"
"024";"BOECILLO";"47";"Valladolid";"08";"Comunidad Autónoma de Castilla y León";"URBANO";"URBANO"
"025";"BOLAÑOS DE CAMPOS";"47";"Valladolid";"08";"Comunidad Autónoma de Castilla y León";"RRD";"RRD"
"026";"BRAHOJOS DE MEDINA";"47";"Valladolid";"08";"Comunidad Autónoma de Castilla y León";"RRD";"RRGD"
"027";"BUSTILLO DE CHAVES";"47";"Valladolid";"08";"Comunidad Autónoma de Castilla y León";"RRD";"RRGD"
"028";"CABEZON DE PISUERGA";"47";"Valladolid";"08";"Comunidad Autónoma de Castilla y León";"RNC";"RNC"
"029";"CABEZON DE VALDERADUEY";"47";"Valladolid";"08";"Comunidad Autónoma de Castilla y León";"RRD";"RRGD"
"030";"CABREROS DEL MONTE";"47";"Valladolid";"08";"Comunidad Autónoma de Castilla y León";"RRD";"RRGD"
"031";"CAMPASPERO";"47";"Valladolid";"08";"Comunidad Autónoma de Castilla y León";"RNC";"RNC"
"032";"CAMPILLO (EL)";"47";"Valladolid";"08";"Comunidad Autónoma de Castilla y León";"RRD";"RRGD"
"033";"CAMPORREDONDO";"47";"Valladolid";"08";"Comunidad Autónoma de Castilla y León";"RRD";"RRD"
"034";"CANALEJAS DE PEÑAFIEL";"47";"Valladolid";"08";"Comunidad Autónoma de Castilla y León";"RRD";"RRGD"
"035";"CANILLAS DE ESGUEVA";"47";"Valladolid";"08";"Comunidad Autónoma de Castilla y León";"RRD";"RRGD"
"036";"CARPIO";"47";"Valladolid";"08";"Comunidad Autónoma de Castilla y León";"RNC";"RNC"
"037";"CASASOLA DE ARION";"47";"Valladolid";"08";"Comunidad Autónoma de Castilla y León";"RRD";"RRD"
"038";"CASTREJON DE TRABANCOS";"47";"Valladolid";"08";"Comunidad Autónoma de Castilla y León";"RRD";"RRGD"
"039";"CASTRILLO DE DUERO";"47";"Valladolid";"08";"Comunidad Autónoma de Castilla y León";"RRD";"RRGD"
"040";"CASTRILLO-TEJERIEGO";"47";"Valladolid";"08";"Comunidad Autónoma de Castilla y León";"RRD";"RRGD"
"174";"TRASPINEDO";"47";"Valladolid";"08";"Comunidad Autónoma de Castilla y León";"RNC";"RNC"
"175";"TRIGUEROS DEL VALLE";"47";"Valladolid";"08";"Comunidad Autónoma de Castilla y León";"RRD";"RRGD"
"176";"TUDELA DE DUERO";"47";"Valladolid";"08";"Comunidad Autónoma de Castilla y León";"URBANO";"URBANO"
"177";"UNION DE CAMPOS (LA)";"47";"Valladolid";"08";"Comunidad Autónoma de Castilla y León";"RRD";"RRGD"
"178";"URONES DE CASTROPONCE";"47";"Valladolid";"08";"Comunidad Autónoma de Castilla y León";"RRD";"RRGD"
"179";"URUEÑA";"47";"Valladolid";"08";"Comunidad Autónoma de Castilla y León";"RRD";"RRGD"
"180";"VALBUENA DE DUERO";"47";"Valladolid";"08";"Comunidad Autónoma de Castilla y León";"RRD";"RRD"
"181";"VALDEARCOS DE LA VEGA";"47";"Valladolid";"08";"Comunidad Autónoma de Castilla y León";"RRD";"RRGD"
"182";"VALDENEBRO DE LOS VALLES";"47";"Valladolid";"08";"Comunidad Autónoma de Castilla y León";"RRD";"RRGD"
"183";"VALDESTILLAS";"47";"Valladolid";"08";"Comunidad Autónoma de Castilla y León";"RNC";"RNC"
"184";"VALDUNQUILLO";"47";"Valladolid";"08";"Comunidad Autónoma de Castilla y León";"RRD";"RRGD"
"185";"VALORIA LA BUENA";"47";"Valladolid";"08";"Comunidad Autónoma de Castilla y León";"RNC";"RNC"
"186";"VALVERDE DE CAMPOS";"47";"Valladolid";"08";"Comunidad Autónoma de Castilla y León";"RRD";"RRGD"
"188";"VEGA DE RUIPONCE";"47";"Valladolid";"08";"Comunidad Autónoma de Castilla y León";"RRD";"RRGD"
"189";"VEGA DE VALDETRONCO";"47";"Valladolid";"08";"Comunidad Autónoma de Castilla y León";"RRD";"RRGD"
"190";"VELASCALVARO";"47";"Valladolid";"08";"Comunidad Autónoma de Castilla y León";"RRD";"RRGD"
"191";"VELILLA";"47";"Valladolid";"08";"Comunidad Autónoma de Castilla y León";"RRD";"RRGD"
"192";"VELLIZA";"47";"Valladolid";"08";"Comunidad Autónoma de Castilla y León";"RRD";"RRGD"
"193";"VENTOSA DE LA CUESTA";"47";"Valladolid";"08";"Comunidad Autónoma de Castilla y León";"RRD";"RRGD"
"194";"VIANA DE CEGA";"47";"Valladolid";"08";"Comunidad Autónoma de Castilla y León";"URBANO";"URBANO"
"195";"VILORIA";"47";"Valladolid";"08";"Comunidad Autónoma de Castilla y León";"RNC";"RNC"
"196";"VILLABAÑEZ";"47";"Valladolid";"08";"Comunidad Autónoma de Castilla y León";"RRD";"RRD"
"197";"VILLABARUZ DE CAMPOS";"47";"Valladolid";"08";"Comunidad Autónoma de Castilla y León";"RRD";"RRGD"
"198";"VILLABRAGIMA";"47";"Valladolid";"08";"Comunidad Autónoma de Castilla y León";"RNC";"RNC"
"199";"VILLACARRALON";"47";"Valladolid";"08";"Comunidad Autónoma de Castilla y León";"RRD";"RRGD"
"200";"VILLACID DE CAMPOS";"47";"Valladolid";"08";"Comunidad Autónoma de Castilla y León";"RRD";"RRGD"
"201";"VILLACO";"47";"Valladolid";"08";"Comunidad Autónoma de Castilla y León";"RRD";"RRGD"
"204";"VILLAFRADES DE CAMPOS";"47";"Valladolid";"08";"Comunidad Autónoma de Castilla y León";"RRD";"RRGD"
"205";"VILLAFRANCA DE DUERO";"47";"Valladolid";"08";"Comunidad Autónoma de Castilla y León";"RNC";"RNC"
"070";"GALLEGOS DE HORNIJA";"47";"Valladolid";"08";"Comunidad Autónoma de Castilla y León";"RRD";"RRD"
"071";"GATON DE CAMPOS";"47";"Valladolid";"08";"Comunidad Autónoma de Castilla y León";"RRD";"RRGD"
"072";"GERIA";"47";"Valladolid";"08";"Comunidad Autónoma de Castilla y León";"RNC";"RNC"
"074";"HERRIN DE CAMPOS";"47";"Valladolid";"08";"Comunidad Autónoma de Castilla y León";"RRD";"RRGD"
"075";"HORNILLOS DE ERESMA";"47";"Valladolid";"08";"Comunidad Autónoma de Castilla y León";"RRD";"RRGD"
"076";"ISCAR";"47";"Valladolid";"08";"Comunidad Autónoma de Castilla y León";"URBANO";"URBANO"
"077";"LAGUNA DE DUERO";"47";"Valladolid";"08";"Comunidad Autónoma de Castilla y León";"URBANO";"URBANO"
"078";"LANGAYO";"47";"Valladolid";"08";"Comunidad Autónoma de Castilla y León";"RRD";"RRGD"
"079";"LOMOVIEJO";"47";"Valladolid";"08";"Comunidad Autónoma de Castilla y León";"RRD";"RRGD"
"080";"LLANO DE OLMEDO";"47";"Valladolid";"08";"Comunidad Autónoma de Castilla y León";"RRD";"RRGD"
"081";"MANZANILLO";"47";"Valladolid";"08";"Comunidad Autónoma de Castilla y León";"RRD";"RRGD"
"082";"MARZALES";"47";"Valladolid";"08";"Comunidad Autónoma de Castilla y León";"RRD";"RRGD"
"083";"MATAPOZUELOS";"47";"Valladolid";"08";"Comunidad Autónoma de Castilla y León";"RNC";"RNC"
"084";"MATILLA DE LOS CAÑOS";"47";"Valladolid";"08";"Comunidad Autónoma de Castilla y León";"RRD";"RRD"
"085";"MAYORGA";"47";"Valladolid";"08";"Comunidad Autónoma de Castilla y León";"RRD";"RRD"
"086";"MEDINA DEL CAMPO";"47";"Valladolid";"08";"Comunidad Autónoma de Castilla y León";"URBANO";"URBANO"
"087";"MEDINA DE RIOSECO";"47";"Valladolid";"08";"Comunidad Autónoma de Castilla y León";"RNC";"RNC"
"088";"MEGECES";"47";"Valladolid";"08";"Comunidad Autónoma de Castilla y León";"RNC";"RNC"
"089";"MELGAR DE ABAJO";"47";"Valladolid";"08";"Comunidad Autónoma de Castilla y León";"RRD";"RRGD"
"090";"MELGAR DE ARRIBA";"47";"Valladolid";"08";"Comunidad Autónoma de Castilla y León";"RRD";"RRGD"
"091";"MOJADOS";"47";"Valladolid";"08";"Comunidad Autónoma de Castilla y León";"RNC";"RNC"
"092";"MONASTERIO DE VEGA";"47";"Valladolid";"08";"Comunidad Autónoma de Castilla y León";"RRD";"RRGD"
"093";"MONTEALEGRE DE CAMPOS";"47";"Valladolid";"08";"Comunidad Autónoma de Castilla y León";"RRD";"RRGD"
"094";"MONTEMAYOR DE PILILLA";"47";"Valladolid";"08";"Comunidad Autónoma de Castilla y León";"RNC";"RNC"
"095";"MORAL DE LA REINA";"47";"Valladolid";"08";"Comunidad Autónoma de Castilla y León";"RRD";"RRGD"
"096";"MORALEJA DE LAS PANADERAS";"47";"Valladolid";"08";"Comunidad Autónoma de Castilla y León";"RRD";"RRGD"
"097";"MORALES DE CAMPOS";"47";"Valladolid";"08";"Comunidad Autónoma de Castilla y León";"RRD";"RRD"
"098";"MOTA DEL MARQUES";"47";"Valladolid";"08";"Comunidad Autónoma de Castilla y León";"RRD";"RRD"
"099";"MUCIENTES";"47";"Valladolid";"08";"Comunidad Autónoma de Castilla y León";"RRD";"RRD"
"100";"MUDARRA (LA)";"47";"Valladolid";"08";"Comunidad Autónoma de Castilla y León";"RRD";"RRD"
"101";"MURIEL";"47";"Valladolid";"08";"Comunidad Autónoma de Castilla y León";"RRD";"RRGD"
"102";"NAVA DEL REY";"47";"Valladolid";"08";"Comunidad Autónoma de Castilla y León";"RNC";"RNC"
"103";"NUEVA VILLA DE LAS TORRES";"47";"Valladolid";"08";"Comunidad Autónoma de Castilla y León";"RRD";"RRD"
"104";"OLIVARES DE DUERO";"47";"Valladolid";"08";"Comunidad Autónoma de Castilla y León";"RRD";"RRD"
"105";"OLMEDO";"47";"Valladolid";"08";"Comunidad Autónoma de Castilla y León";"RNC";"RNC"
"206";"VILLAFRECHOS";"47";"Valladolid";"08";"Comunidad Autónoma de Castilla y León";"RRD";"RRD"
"207";"VILLAFUERTE";"47";"Valladolid";"08";"Comunidad Autónoma de Castilla y León";"RRD";"RRGD"
"208";"VILLAGARCIA DE CAMPOS";"47";"Valladolid";"08";"Comunidad Autónoma de Castilla y León";"RRD";"RRD"
"209";"VILLAGOMEZ LA NUEVA";"47";"Valladolid";"08";"Comunidad Autónoma de Castilla y León";"RRD";"RRGD"
"210";"VILLALAN DE CAMPOS";"47";"Valladolid";"08";"Comunidad Autónoma de Castilla y León";"RRD";"RRGD"
"211";"VILLALAR DE LOS COMUNEROS";"47";"Valladolid";"08";"Comunidad Autónoma de Castilla y León";"RRD";"RRD"
"212";"VILLALBA DE LA LOMA";"47";"Valladolid";"08";"Comunidad Autónoma de Castilla y León";"RRD";"RRGD"
"213";"VILLALBA DE LOS ALCORES";"47";"Valladolid";"08";"Comunidad Autónoma de Castilla y León";"RRD";"RRGD"
"214";"VILLALBARBA";"47";"Valladolid";"08";"Comunidad Autónoma de Castilla y León";"RRD";"RRGD"
"215";"VILLALON DE CAMPOS";"47";"Valladolid";"08";"Comunidad Autónoma de Castilla y León";"RNC";"RNC"
"216";"VILLAMURIEL DE CAMPOS";"47";"Valladolid";"08";"Comunidad Autónoma de Castilla y León";"RRD";"RRGD"
"217";"VILLAN DE TORDESILLAS";"47";"Valladolid";"08";"Comunidad Autónoma de Castilla y León";"RRD";"RRD"
"218";"VILLANUBLA";"47";"Valladolid";"08";"Comunidad Autónoma de Castilla y León";"RNC";"RNC"
"219";"VILLANUEVA DE DUERO";"47";"Valladolid";"08";"Comunidad Autónoma de Castilla y León";"RNC";"RNC"
"220";"VILLANUEVA DE LA CONDESA";"47";"Valladolid";"08";"Comunidad Autónoma de Castilla y León";"RRD";"RRGD"
"221";"VILLANUEVA DE LOS CABALLEROS";"47";"Valladolid";"08";"Comunidad Autónoma de Castilla y León";"RRD";"RRGD"
"222";"VILLANUEVA DE LOS INFANTES";"47";"Valladolid";"08";"Comunidad Autónoma de Castilla y León";"RRD";"RRGD"
"223";"VILLANUEVA DE SAN MANCIO";"47";"Valladolid";"08";"Comunidad Autónoma de Castilla y León";"RRD";"RRGD"
"224";"VILLARDEFRADES";"47";"Valladolid";"08";"Comunidad Autónoma de Castilla y León";"RRD";"RRGD"
"225";"VILLARMENTERO DE ESGUEVA";"47";"Valladolid";"08";"Comunidad Autónoma de Castilla y León";"RRD";"RRGD"
"226";"VILLASEXMIR";"47";"Valladolid";"08";"Comunidad Autónoma de Castilla y León";"RRD";"RRGD"
"227";"VILLAVAQUERIN";"47";"Valladolid";"08";"Comunidad Autónoma de Castilla y León";"RRD";"RRGD"
"228";"VILLAVELLID";"47";"Valladolid";"08";"Comunidad Autónoma de Castilla y León";"RRD";"RRGD"
"229";"VILLAVERDE DE MEDINA";"47";"Valladolid";"08";"Comunidad Autónoma de Castilla y León";"RRD";"RRD"
"230";"VILLAVICENCIO DE LOS CABALLEROS";"47";"Valladolid";"08";"Comunidad Autónoma de Castilla y León";"RRD";"RRGD"
"231";"WAMBA";"47";"Valladolid";"08";"Comunidad Autónoma de Castilla y León";"RRD";"RRD"
"232";"ZARATAN";"47";"Valladolid";"08";"Comunidad Autónoma de Castilla y León";"URBANO";"URBANO"
"233";"ZARZA (LA)";"47";"Valladolid";"08";"Comunidad Autónoma de Castilla y León";"RRD";"RRGD"
"900";"VALLADOLID";"47";"Valladolid";"08";"Comunidad Autónoma de Castilla y León";"URBANO";"URBANO"
"139";"RUBI DE BRACAMONTE";"47";"Valladolid";"08";"Comunidad Autónoma de Castilla y León";"RRD";"RRD"
"140";"RUEDA";"47";"Valladolid";"08";"Comunidad Autónoma de Castilla y León";"RNC";"RNC"
"141";"SAELICES DE MAYORGA";"47";"Valladolid";"08";"Comunidad Autónoma de Castilla y León";"RRD";"RRGD"
"142";"SALVADOR DE ZAPARDIEL";"47";"Valladolid";"08";"Comunidad Autónoma de Castilla y León";"RRD";"RRGD"
"143";"SAN CEBRIAN DE MAZOTE";"47";"Valladolid";"08";"Comunidad Autónoma de Castilla y León";"RRD";"RRGD"
"144";"SAN LLORENTE";"47";"Valladolid";"08";"Comunidad Autónoma de Castilla y León";"RRD";"RRGD"
"145";"SAN MARTIN DE VALVENI";"47";"Valladolid";"08";"Comunidad Autónoma de Castilla y León";"RRD";"RRGD"
"146";"SAN MIGUEL DEL ARROYO";"47";"Valladolid";"08";"Comunidad Autónoma de Castilla y León";"RRD";"RRD"
"147";"SAN MIGUEL DEL PINO";"47";"Valladolid";"08";"Comunidad Autónoma de Castilla y León";"RNC";"RNC"
"148";"SAN PABLO DE LA MORALEJA";"47";"Valladolid";"08";"Comunidad Autónoma de Castilla y León";"RRD";"RRGD"
"149";"SAN PEDRO DE LATARCE";"47";"Valladolid";"08";"Comunidad Autónoma de Castilla y León";"RRD";"RRD"
"150";"SAN PELAYO";"47";"Valladolid";"08";"Comunidad Autónoma de Castilla y León";"RRD";"RRGD"
"151";"SAN ROMAN DE HORNIJA";"47";"Valladolid";"08";"Comunidad Autónoma de Castilla y León";"RRD";"RRGD"
"152";"SAN SALVADOR";"47";"Valladolid";"08";"Comunidad Autónoma de Castilla y León";"RRD";"RRGD"
"153";"SANTA EUFEMIA DEL ARROYO";"47";"Valladolid";"08";"Comunidad Autónoma de Castilla y León";"RRD";"RRGD"
"154";"SANTERVAS DE CAMPOS";"47";"Valladolid";"08";"Comunidad Autónoma de Castilla y León";"RRD";"RRGD"
"155";"SANTIBAÑEZ DE VALCORBA";"47";"Valladolid";"08";"Comunidad Autónoma de Castilla y León";"RRD";"RRGD"
"156";"SANTOVENIA DE PISUERGA";"47";"Valladolid";"08";"Comunidad Autónoma de Castilla y León";"URBANO";"URBANO"
"157";"SAN VICENTE DEL PALACIO";"47";"Valladolid";"08";"Comunidad Autónoma de Castilla y León";"RRD";"RRGD"
"158";"SARDON DE DUERO";"47";"Valladolid";"08";"Comunidad Autónoma de Castilla y León";"RNC";"RNC"
"159";"SECA (LA)";"47";"Valladolid";"08";"Comunidad Autónoma de Castilla y León";"RNC";"RNC"
"160";"SERRADA";"47";"Valladolid";"08";"Comunidad Autónoma de Castilla y León";"RNC";"RNC"
"161";"SIETE IGLESIAS DE TRABANCOS";"47";"Valladolid";"08";"Comunidad Autónoma de Castilla y León";"RRD";"RRGD"
"162";"SIMANCAS";"47";"Valladolid";"08";"Comunidad Autónoma de Castilla y León";"URBANO";"URBANO"
"163";"TAMARIZ DE CAMPOS";"47";"Valladolid";"08";"Comunidad Autónoma de Castilla y León";"RRD";"RRGD"
"164";"TIEDRA";"47";"Valladolid";"08";"Comunidad Autónoma de Castilla y León";"RRD";"RRGD"
"165";"TORDEHUMOS";"47";"Valladolid";"08";"Comunidad Autónoma de Castilla y León";"RRD";"RRGD"
"166";"TORDESILLAS";"47";"Valladolid";"08";"Comunidad Autónoma de Castilla y León";"RNC";"RNC"
"167";"TORRECILLA DE LA ABADESA";"47";"Valladolid";"08";"Comunidad Autónoma de Castilla y León";"RRD";"RRD"
"168";"TORRECILLA DE LA ORDEN";"47";"Valladolid";"08";"Comunidad Autónoma de Castilla y León";"RRD";"RRGD"
"169";"TORRECILLA DE LA TORRE";"47";"Valladolid";"08";"Comunidad Autónoma de Castilla y León";"RRD";"RRGD"
"170";"TORRE DE ESGUEVA";"47";"Valladolid";"08";"Comunidad Autónoma de Castilla y León";"RRD";"RRGD"
"171";"TORRE DE PEÑAFIEL";"47";"Valladolid";"08";"Comunidad Autónoma de Castilla y León";"RRD";"RRGD"
"172";"TORRELOBATON";"47";"Valladolid";"08";"Comunidad Autónoma de Castilla y León";"RRD";"RRGD"
"173";"TORRESCARCELA";"47";"Valladolid";"08";"Comunidad Autónoma de Castilla y León";"RRD";"RRGD"
"086";"SOPUERTA";"48";"Vizcaya";"15";"Comunidad Autónoma del País Vasco";"RNC";"RNC"
"087";"TRUCIOS-TURTZIOZ";"48";"Vizcaya";"15";"Comunidad Autónoma del País Vasco";"RNC";"RNC"
"088";"UBIDE";"48";"Vizcaya";"15";"Comunidad Autónoma del País Vasco";"RNC";"RNC"
"089";"URDULIZ";"48";"Vizcaya";"15";"Comunidad Autónoma del País Vasco";"URBANO";"URBANO"
"090";"BALMASEDA";"48";"Vizcaya";"15";"Comunidad Autónoma del País Vasco";"URBANO";"URBANO"
"091";"ATXONDO";"48";"Vizcaya";"15";"Comunidad Autónoma del País Vasco";"RNC";"RNC"
"092";"BEDIA";"48";"Vizcaya";"15";"Comunidad Autónoma del País Vasco";"RNC";"RNC"
"093";"AREATZA";"48";"Vizcaya";"15";"Comunidad Autónoma del País Vasco";"URBANO";"URBANO"
"094";"IGORRE";"48";"Vizcaya";"15";"Comunidad Autónoma del País Vasco";"URBANO";"URBANO"
"095";"ZALDIBAR";"48";"Vizcaya";"15";"Comunidad Autónoma del País Vasco";"URBANO";"URBANO"
"096";"ZALLA";"48";"Vizcaya";"15";"Comunidad Autónoma del País Vasco";"URBANO";"URBANO"
"097";"ZARATAMO";"48";"Vizcaya";"15";"Comunidad Autónoma del País Vasco";"URBANO";"URBANO"
"901";"DERIO";"48";"Vizcaya";"15";"Comunidad Autónoma del País Vasco";"URBANO";"URBANO"
"902";"ERANDIO";"48";"Vizcaya";"15";"Comunidad Autónoma del País Vasco";"URBANO";"URBANO"
"001";"ABADIÐO";"48";"Vizcaya";"15";"Comunidad Autónoma del País Vasco";"URBANO";"URBANO"
"002";"ABANTO Y CIÉRVANA-ABANTO ZIERBENA";"48";"Vizcaya";"15";"Comunidad Autónoma del País Vasco";"URBANO";"URBANO"
"003";"AMOREBIETA-ETXANO";"48";"Vizcaya";"15";"Comunidad Autónoma del País Vasco";"URBANO";"URBANO"
"004";"AMOROTO";"48";"Vizcaya";"15";"Comunidad Autónoma del País Vasco";"RNC";"RNC"
"005";"ARAKALDO";"48";"Vizcaya";"15";"Comunidad Autónoma del País Vasco";"RNC";"RNC"
"006";"ARANTZAZU";"48";"Vizcaya";"15";"Comunidad Autónoma del País Vasco";"URBANO";"URBANO"
"007";"MUNITIBAR-ARBATZEGI GERRIKAITZ";"48";"Vizcaya";"15";"Comunidad Autónoma del País Vasco";"RNC";"RNC"
"008";"ARTZENTALES";"48";"Vizcaya";"15";"Comunidad Autónoma del País Vasco";"RNC";"RNC"
"009";"ARRANKUDIAGA";"48";"Vizcaya";"15";"Comunidad Autónoma del País Vasco";"RNC";"RNC"
"010";"ARRIETA";"48";"Vizcaya";"15";"Comunidad Autónoma del País Vasco";"RNC";"RNC"
"011";"ARRIGORRIAGA";"48";"Vizcaya";"15";"Comunidad Autónoma del País Vasco";"URBANO";"URBANO"
"012";"BAKIO";"48";"Vizcaya";"15";"Comunidad Autónoma del País Vasco";"URBANO";"URBANO"
"013";"BARAKALDO";"48";"Vizcaya";"15";"Comunidad Autónoma del País Vasco";"URBANO";"URBANO"
"014";"BARRIKA";"48";"Vizcaya";"15";"Comunidad Autónoma del País Vasco";"URBANO";"URBANO"
"015";"BASAURI";"48";"Vizcaya";"15";"Comunidad Autónoma del País Vasco";"URBANO";"URBANO"
"016";"BERANGO";"48";"Vizcaya";"15";"Comunidad Autónoma del País Vasco";"URBANO";"URBANO"
"017";"BERMEO";"48";"Vizcaya";"15";"Comunidad Autónoma del País Vasco";"URBANO";"URBANO"
"018";"BERRIATUA";"48";"Vizcaya";"15";"Comunidad Autónoma del País Vasco";"RNC";"RNC"
"019";"BERRIZ";"48";"Vizcaya";"15";"Comunidad Autónoma del País Vasco";"URBANO";"URBANO"
"020";"BILBAO";"48";"Vizcaya";"15";"Comunidad Autónoma del País Vasco";"URBANO";"URBANO"
"021";"BUSTURIA";"48";"Vizcaya";"15";"Comunidad Autónoma del País Vasco";"RNC";"RNC"
"022";"KARRANTZA HARANA/VALLE DE CARRANZA";"48";"Vizcaya";"15";"Comunidad Autónoma del País Vasco";"RNC";"RNC"
"023";"ARTEA";"48";"Vizcaya";"15";"Comunidad Autónoma del País Vasco";"RNC";"RNC"
"024";"ZEANURI";"48";"Vizcaya";"15";"Comunidad Autónoma del País Vasco";"RNC";"RNC"
"025";"ZEBERIO";"48";"Vizcaya";"15";"Comunidad Autónoma del País Vasco";"RNC";"RNC"
"026";"DIMA";"48";"Vizcaya";"15";"Comunidad Autónoma del País Vasco";"RNC";"RNC"
"027";"DURANGO";"48";"Vizcaya";"15";"Comunidad Autónoma del País Vasco";"URBANO";"URBANO"
"028";"EA";"48";"Vizcaya";"15";"Comunidad Autónoma del País Vasco";"RNC";"RNC"
"029";"ETXEBARRI ANTEIGLESIA DE SAN ESTEBAN-ETXEBARRI DONEZTEBEKO ELIZATEA";"48";"Vizcaya";"15";"Comunidad Autónoma del País Vasco";"URBANO";"URBANO"
"030";"ETXEBARRIA";"48";"Vizcaya";"15";"Comunidad Autónoma del País Vasco";"RNC";"RNC"
"031";"ELANTXOBE";"48";"Vizcaya";"15";"Comunidad Autónoma del País Vasco";"URBANO";"URBANO"
"032";"ELORRIO";"48";"Vizcaya";"15";"Comunidad Autónoma del País Vasco";"URBANO";"URBANO"
"033";"EREÐO";"48";"Vizcaya";"15";"Comunidad Autónoma del País Vasco";"RNC";"RNC"
"034";"ERMUA";"48";"Vizcaya";"15";"Comunidad Autónoma del País Vasco";"URBANO";"URBANO"
"035";"FRUIZ";"48";"Vizcaya";"15";"Comunidad Autónoma del País Vasco";"RNC";"RNC"
"916";"USANSOLO";"48";"Vizcaya";"15";"Comunidad Autónoma del País Vasco";"RRD";"RRGD"
"903";"LOIU";"48";"Vizcaya";"15";"Comunidad Autónoma del País Vasco";"URBANO";"URBANO"
"904";"SONDIKA";"48";"Vizcaya";"15";"Comunidad Autónoma del País Vasco";"URBANO";"URBANO"
"905";"ZAMUDIO";"48";"Vizcaya";"15";"Comunidad Autónoma del País Vasco";"URBANO";"URBANO"
"906";"FORUA";"48";"Vizcaya";"15";"Comunidad Autónoma del País Vasco";"URBANO";"URBANO"
"907";"KORTEZUBI";"48";"Vizcaya";"15";"Comunidad Autónoma del País Vasco";"RNC";"RNC"
"908";"MURUETA";"48";"Vizcaya";"15";"Comunidad Autónoma del País Vasco";"RNC";"RNC"
"909";"NABARNIZ";"48";"Vizcaya";"15";"Comunidad Autónoma del País Vasco";"RNC";"RNC"
"910";"IURRETA";"48";"Vizcaya";"15";"Comunidad Autónoma del País Vasco";"URBANO";"URBANO"
"911";"AJANGIZ";"48";"Vizcaya";"15";"Comunidad Autónoma del País Vasco";"RNC";"RNC"
"912";"ALONSOTEGI";"48";"Vizcaya";"15";"Comunidad Autónoma del País Vasco";"URBANO";"URBANO"
"913";"ZIERBENA";"48";"Vizcaya";"15";"Comunidad Autónoma del País Vasco";"URBANO";"URBANO"
"914";"ARRATZU";"48";"Vizcaya";"15";"Comunidad Autónoma del País Vasco";"RNC";"RNC"
"915";"ZIORTZA-BOLIBAR";"48";"Vizcaya";"15";"Comunidad Autónoma del País Vasco";"RNC";"RNC"
"036";"GALDAKAO";"48";"Vizcaya";"15";"Comunidad Autónoma del País Vasco";"RNC";"RNC"
"037";"GALDAMES";"48";"Vizcaya";"15";"Comunidad Autónoma del País Vasco";"RNC";"RNC"
"038";"GAMIZ-FIKA";"48";"Vizcaya";"15";"Comunidad Autónoma del País Vasco";"RNC";"RNC"
"039";"GARAY";"48";"Vizcaya";"15";"Comunidad Autónoma del País Vasco";"RNC";"RNC"
"040";"GATIKA";"48";"Vizcaya";"15";"Comunidad Autónoma del País Vasco";"RNC";"RNC"
"041";"GAUTEGIZ ARTEAGA";"48";"Vizcaya";"15";"Comunidad Autónoma del País Vasco";"RNC";"RNC"
"042";"GORDEXOLA";"48";"Vizcaya";"15";"Comunidad Autónoma del País Vasco";"RNC";"RNC"
"043";"GORLIZ";"48";"Vizcaya";"15";"Comunidad Autónoma del País Vasco";"URBANO";"URBANO"
"044";"GETXO";"48";"Vizcaya";"15";"Comunidad Autónoma del País Vasco";"URBANO";"URBANO"
"045";"G_EÐES";"48";"Vizcaya";"15";"Comunidad Autónoma del País Vasco";"URBANO";"URBANO"
"046";"GERNIKA-LUMO";"48";"Vizcaya";"15";"Comunidad Autónoma del País Vasco";"URBANO";"URBANO"
"047";"GIZABURUAGA";"48";"Vizcaya";"15";"Comunidad Autónoma del País Vasco";"RNC";"RNC"
"048";"IBARRANGELU";"48";"Vizcaya";"15";"Comunidad Autónoma del País Vasco";"RNC";"RNC"
"049";"ISPASTER";"48";"Vizcaya";"15";"Comunidad Autónoma del País Vasco";"RNC";"RNC"
"050";"IZURTZA";"48";"Vizcaya";"15";"Comunidad Autónoma del País Vasco";"RNC";"RNC"
"051";"LANESTOSA";"48";"Vizcaya";"15";"Comunidad Autónoma del País Vasco";"URBANO";"URBANO"
"052";"LARRABETZU";"48";"Vizcaya";"15";"Comunidad Autónoma del País Vasco";"RNC";"RNC"
"053";"LAUKIZ";"48";"Vizcaya";"15";"Comunidad Autónoma del País Vasco";"URBANO";"URBANO"
"054";"LEIOA";"48";"Vizcaya";"15";"Comunidad Autónoma del País Vasco";"URBANO";"URBANO"
"055";"LEMOA";"48";"Vizcaya";"15";"Comunidad Autónoma del País Vasco";"URBANO";"URBANO"
"056";"LEMOIZ";"48";"Vizcaya";"15";"Comunidad Autónoma del País Vasco";"RNC";"RNC"
"057";"LEKEITIO";"48";"Vizcaya";"15";"Comunidad Autónoma del País Vasco";"URBANO";"URBANO"
"058";"MALLABIA";"48";"Vizcaya";"15";"Comunidad Autónoma del País Vasco";"RNC";"RNC"
"059";"MAÐARIA";"48";"Vizcaya";"15";"Comunidad Autónoma del País Vasco";"RNC";"RNC"
"060";"MARKINA-XEMEIN";"48";"Vizcaya";"15";"Comunidad Autónoma del País Vasco";"URBANO";"URBANO"
"061";"MARURI-JATABE";"48";"Vizcaya";"15";"Comunidad Autónoma del País Vasco";"RNC";"RNC"
"062";"MENDATA";"48";"Vizcaya";"15";"Comunidad Autónoma del País Vasco";"RNC";"RNC"
"063";"MENDEXA";"48";"Vizcaya";"15";"Comunidad Autónoma del País Vasco";"RNC";"RNC"
"064";"MEÐAKA";"48";"Vizcaya";"15";"Comunidad Autónoma del País Vasco";"RNC";"RNC"
"065";"UGAO-MIRABALLES";"48";"Vizcaya";"15";"Comunidad Autónoma del País Vasco";"URBANO";"URBANO"
"066";"MORGA";"48";"Vizcaya";"15";"Comunidad Autónoma del País Vasco";"RNC";"RNC"
"067";"MUXIKA";"48";"Vizcaya";"15";"Comunidad Autónoma del País Vasco";"RNC";"RNC"
"068";"MUNDAKA";"48";"Vizcaya";"15";"Comunidad Autónoma del País Vasco";"URBANO";"URBANO"
"069";"MUNGIA";"48";"Vizcaya";"15";"Comunidad Autónoma del País Vasco";"URBANO";"URBANO"
"070";"AULESTI";"48";"Vizcaya";"15";"Comunidad Autónoma del País Vasco";"RNC";"RNC"
"071";"MUSKIZ";"48";"Vizcaya";"15";"Comunidad Autónoma del País Vasco";"URBANO";"URBANO"
"072";"OTXANDIO";"48";"Vizcaya";"15";"Comunidad Autónoma del País Vasco";"URBANO";"URBANO"
"073";"ONDARROA";"48";"Vizcaya";"15";"Comunidad Autónoma del País Vasco";"URBANO";"URBANO"
"074";"URDUÐA-ORDUÐA";"48";"Vizcaya";"15";"Comunidad Autónoma del País Vasco";"URBANO";"URBANO"
"075";"OROZKO";"48";"Vizcaya";"15";"Comunidad Autónoma del País Vasco";"RNC";"RNC"
"076";"SUKARRIETA";"48";"Vizcaya";"15";"Comunidad Autónoma del País Vasco";"URBANO";"URBANO"
"077";"PLENTZIA";"48";"Vizcaya";"15";"Comunidad Autónoma del País Vasco";"URBANO";"URBANO"
"078";"PORTUGALETE";"48";"Vizcaya";"15";"Comunidad Autónoma del País Vasco";"URBANO";"URBANO"
"079";"ERRIGOITI";"48";"Vizcaya";"15";"Comunidad Autónoma del País Vasco";"RNC";"RNC"
"080";"VALLE DE TRÁPAGA-TRAPAGARAN";"48";"Vizcaya";"15";"Comunidad Autónoma del País Vasco";"URBANO";"URBANO"
"081";"LEZAMA";"48";"Vizcaya";"15";"Comunidad Autónoma del País Vasco";"URBANO";"URBANO"
"082";"SANTURTZI";"48";"Vizcaya";"15";"Comunidad Autónoma del País Vasco";"URBANO";"URBANO"
"083";"ORTUELLA";"48";"Vizcaya";"15";"Comunidad Autónoma del País Vasco";"URBANO";"URBANO"
"084";"SESTAO";"48";"Vizcaya";"15";"Comunidad Autónoma del País Vasco";"URBANO";"URBANO"
"085";"Sopela";"48";"Vizcaya";"15";"Comunidad Autónoma del País Vasco";"URBANO";"URBANO"
"125";"MANZANAL DE LOS INFANTES";"49";"Zamora";"08";"Comunidad Autónoma de Castilla y León";"RRD";"RRGD"
"126";"MATILLA DE ARZON";"49";"Zamora";"08";"Comunidad Autónoma de Castilla y León";"RRD";"RRGD"
"127";"MATILLA LA SECA";"49";"Zamora";"08";"Comunidad Autónoma de Castilla y León";"RRD";"RRGD"
"128";"MAYALDE";"49";"Zamora";"08";"Comunidad Autónoma de Castilla y León";"RRD";"RRGD"
"129";"MELGAR DE TERA";"49";"Zamora";"08";"Comunidad Autónoma de Castilla y León";"RRD";"RRD"
"130";"MICERECES DE TERA";"49";"Zamora";"08";"Comunidad Autónoma de Castilla y León";"RNC";"RNC"
"131";"MILLES DE LA POLVOROSA";"49";"Zamora";"08";"Comunidad Autónoma de Castilla y León";"RRD";"RRD"
"133";"MOLACILLOS";"49";"Zamora";"08";"Comunidad Autónoma de Castilla y León";"RRD";"RRD"
"134";"MOLEZUELAS DE LA CARBALLEDA";"49";"Zamora";"08";"Comunidad Autónoma de Castilla y León";"RRD";"RRGD"
"135";"MOMBUEY";"49";"Zamora";"08";"Comunidad Autónoma de Castilla y León";"RRD";"RRD"
"136";"MONFARRACINOS";"49";"Zamora";"08";"Comunidad Autónoma de Castilla y León";"RNC";"RNC"
"002";"ABEZAMES";"49";"Zamora";"08";"Comunidad Autónoma de Castilla y León";"RRD";"RRGD"
"003";"ALCAÑICES";"49";"Zamora";"08";"Comunidad Autónoma de Castilla y León";"RNC";"RNC"
"004";"ALCUBILLA DE NOGALES";"49";"Zamora";"08";"Comunidad Autónoma de Castilla y León";"RRD";"RRD"
"005";"ALFARAZ DE SAYAGO";"49";"Zamora";"08";"Comunidad Autónoma de Castilla y León";"RRD";"RRGD"
"006";"ALGODRE";"49";"Zamora";"08";"Comunidad Autónoma de Castilla y León";"RRD";"RRGD"
"007";"ALMARAZ DE DUERO";"49";"Zamora";"08";"Comunidad Autónoma de Castilla y León";"RRD";"RRD"
"008";"ALMEIDA DE SAYAGO";"49";"Zamora";"08";"Comunidad Autónoma de Castilla y León";"RRD";"RRGD"
"009";"ANDAVIAS";"49";"Zamora";"08";"Comunidad Autónoma de Castilla y León";"RNC";"RNC"
"010";"ARCENILLAS";"49";"Zamora";"08";"Comunidad Autónoma de Castilla y León";"RNC";"RNC"
"011";"ARCOS DE LA POLVOROSA";"49";"Zamora";"08";"Comunidad Autónoma de Castilla y León";"RNC";"RNC"
"012";"ARGAÑIN";"49";"Zamora";"08";"Comunidad Autónoma de Castilla y León";"RRD";"RRGD"
"013";"ARGUJILLO";"49";"Zamora";"08";"Comunidad Autónoma de Castilla y León";"RRD";"RRD"
"015";"ARQUILLINOS";"49";"Zamora";"08";"Comunidad Autónoma de Castilla y León";"RRD";"RRGD"
"016";"ARRABALDE";"49";"Zamora";"08";"Comunidad Autónoma de Castilla y León";"RNC";"RNC"
"017";"ASPARIEGOS";"49";"Zamora";"08";"Comunidad Autónoma de Castilla y León";"RRD";"RRGD"
"018";"ASTURIANOS";"49";"Zamora";"08";"Comunidad Autónoma de Castilla y León";"RRD";"RRGD"
"019";"AYOO DE VIDRIALES";"49";"Zamora";"08";"Comunidad Autónoma de Castilla y León";"RRD";"RRGD"
"021";"BARCIAL DEL BARCO";"49";"Zamora";"08";"Comunidad Autónoma de Castilla y León";"RNC";"RNC"
"022";"BELVER DE LOS MONTES";"49";"Zamora";"08";"Comunidad Autónoma de Castilla y León";"RRD";"RRGD"
"023";"BENAVENTE";"49";"Zamora";"08";"Comunidad Autónoma de Castilla y León";"URBANO";"URBANO"
"024";"BENEGILES";"49";"Zamora";"08";"Comunidad Autónoma de Castilla y León";"RNC";"RNC"
"026";"BERMILLO DE SAYAGO";"49";"Zamora";"08";"Comunidad Autónoma de Castilla y León";"RRD";"RRGD"
"027";"BOVEDA DE TORO (LA)";"49";"Zamora";"08";"Comunidad Autónoma de Castilla y León";"RRD";"RRD"
"029";"BRETO";"49";"Zamora";"08";"Comunidad Autónoma de Castilla y León";"RRD";"RRD"
"030";"BRETOCINO";"49";"Zamora";"08";"Comunidad Autónoma de Castilla y León";"RNC";"RNC"
"031";"BRIME DE SOG";"49";"Zamora";"08";"Comunidad Autónoma de Castilla y León";"RRD";"RRGD"
"032";"BRIME DE URZ";"49";"Zamora";"08";"Comunidad Autónoma de Castilla y León";"RRD";"RRGD"
"033";"BURGANES DE VALVERDE";"49";"Zamora";"08";"Comunidad Autónoma de Castilla y León";"RNC";"RNC"
"034";"BUSTILLO DEL ORO";"49";"Zamora";"08";"Comunidad Autónoma de Castilla y León";"RRD";"RRGD"
"035";"CABAÑAS DE SAYAGO";"49";"Zamora";"08";"Comunidad Autónoma de Castilla y León";"RRD";"RRGD"
"036";"CALZADILLA DE TERA";"49";"Zamora";"08";"Comunidad Autónoma de Castilla y León";"RRD";"RRD"
"037";"CAMARZANA DE TERA";"49";"Zamora";"08";"Comunidad Autónoma de Castilla y León";"RNC";"RNC"
"038";"CAÑIZAL";"49";"Zamora";"08";"Comunidad Autónoma de Castilla y León";"RNC";"RNC"
"039";"CAÑIZO";"49";"Zamora";"08";"Comunidad Autónoma de Castilla y León";"RRD";"RRGD"
"040";"CARBAJALES DE ALBA";"49";"Zamora";"08";"Comunidad Autónoma de Castilla y León";"RRD";"RRD"
"041";"CARBELLINO";"49";"Zamora";"08";"Comunidad Autónoma de Castilla y León";"RRD";"RRGD"
"043";"CASASECA DE CAMPEAN";"49";"Zamora";"08";"Comunidad Autónoma de Castilla y León";"RRD";"RRD"
"044";"CASASECA DE LAS CHANAS";"49";"Zamora";"08";"Comunidad Autónoma de Castilla y León";"RNC";"RNC"
"045";"CASTRILLO DE LA GUAREÑA";"49";"Zamora";"08";"Comunidad Autónoma de Castilla y León";"RRD";"RRGD"
"046";"CASTROGONZALO";"49";"Zamora";"08";"Comunidad Autónoma de Castilla y León";"RNC";"RNC"
"047";"CASTRONUEVO";"49";"Zamora";"08";"Comunidad Autónoma de Castilla y León";"RRD";"RRGD"
"048";"CASTROVERDE DE CAMPOS";"49";"Zamora";"08";"Comunidad Autónoma de Castilla y León";"RRD";"RRGD"
"049";"CAZURRA";"49";"Zamora";"08";"Comunidad Autónoma de Castilla y León";"RRD";"RRD"
"051";"CERECINOS DE CAMPOS";"49";"Zamora";"08";"Comunidad Autónoma de Castilla y León";"RRD";"RRD"
"052";"CERECINOS DEL CARRIZAL";"49";"Zamora";"08";"Comunidad Autónoma de Castilla y León";"RRD";"RRGD"
"054";"CERNADILLA";"49";"Zamora";"08";"Comunidad Autónoma de Castilla y León";"RRD";"RRGD"
"057";"COBREROS";"49";"Zamora";"08";"Comunidad Autónoma de Castilla y León";"RRD";"RRGD"
"058";"CODESAL";"49";"Zamora";"08";"Comunidad Autónoma de Castilla y León";"RRD";"RRGD"
"060";"COOMONTE";"49";"Zamora";"08";"Comunidad Autónoma de Castilla y León";"RNC";"RNC"
"061";"CORESES";"49";"Zamora";"08";"Comunidad Autónoma de Castilla y León";"RNC";"RNC"
"062";"CORRALES DEL VINO";"49";"Zamora";"08";"Comunidad Autónoma de Castilla y León";"RNC";"RNC"
"199";"ROBLEDA-CERVANTES";"49";"Zamora";"08";"Comunidad Autónoma de Castilla y León";"RNC";"RNC"
"200";"ROELOS DE SAYAGO";"49";"Zamora";"08";"Comunidad Autónoma de Castilla y León";"RRD";"RRGD"
"201";"ROSINOS DE LA REQUEJADA";"49";"Zamora";"08";"Comunidad Autónoma de Castilla y León";"RRD";"RRGD"
"203";"SALCE";"49";"Zamora";"08";"Comunidad Autónoma de Castilla y León";"RRD";"RRGD"
"204";"SAMIR DE LOS CAÑOS";"49";"Zamora";"08";"Comunidad Autónoma de Castilla y León";"RRD";"RRGD"
"205";"SAN AGUSTIN DEL POZO";"49";"Zamora";"08";"Comunidad Autónoma de Castilla y León";"RNC";"RNC"
"206";"SAN CEBRIAN DE CASTRO";"49";"Zamora";"08";"Comunidad Autónoma de Castilla y León";"RRD";"RRGD"
"208";"SAN CRISTOBAL DE ENTREVIÑAS";"49";"Zamora";"08";"Comunidad Autónoma de Castilla y León";"RNC";"RNC"
"209";"SAN ESTEBAN DEL MOLAR";"49";"Zamora";"08";"Comunidad Autónoma de Castilla y León";"RRD";"RRGD"
"210";"SAN JUSTO";"49";"Zamora";"08";"Comunidad Autónoma de Castilla y León";"RRD";"RRGD"
"212";"SAN MARTIN DE VALDERADUEY";"49";"Zamora";"08";"Comunidad Autónoma de Castilla y León";"RRD";"RRGD"
"063";"COTANES DEL MONTE";"49";"Zamora";"08";"Comunidad Autónoma de Castilla y León";"RRD";"RRGD"
"064";"CUBILLOS";"49";"Zamora";"08";"Comunidad Autónoma de Castilla y León";"RNC";"RNC"
"065";"CUBO DE BENAVENTE";"49";"Zamora";"08";"Comunidad Autónoma de Castilla y León";"RRD";"RRGD"
"066";"CUBO DE TIERRA DEL VINO (EL)";"49";"Zamora";"08";"Comunidad Autónoma de Castilla y León";"RRD";"RRD"
"067";"CUELGAMURES";"49";"Zamora";"08";"Comunidad Autónoma de Castilla y León";"RRD";"RRGD"
"069";"DONADO";"49";"Zamora";"08";"Comunidad Autónoma de Castilla y León";"RRD";"RRGD"
"070";"ENTRALA";"49";"Zamora";"08";"Comunidad Autónoma de Castilla y León";"RNC";"RNC"
"072";"ESPADAÑEDO";"49";"Zamora";"08";"Comunidad Autónoma de Castilla y León";"RRD";"RRGD"
"074";"FARAMONTANOS DE TABARA";"49";"Zamora";"08";"Comunidad Autónoma de Castilla y León";"RRD";"RRGD"
"075";"FARIZA";"49";"Zamora";"08";"Comunidad Autónoma de Castilla y León";"RRD";"RRGD"
"076";"FERMOSELLE";"49";"Zamora";"08";"Comunidad Autónoma de Castilla y León";"RNC";"RNC"
"077";"FERRERAS DE ABAJO";"49";"Zamora";"08";"Comunidad Autónoma de Castilla y León";"RRD";"RRGD"
"078";"FERRERAS DE ARRIBA";"49";"Zamora";"08";"Comunidad Autónoma de Castilla y León";"RRD";"RRGD"
"079";"FERRERUELA";"49";"Zamora";"08";"Comunidad Autónoma de Castilla y León";"RRD";"RRGD"
"080";"FIGUERUELA DE ABAJO";"49";"Zamora";"08";"Comunidad Autónoma de Castilla y León";"RRD";"RRGD"
"081";"FIGUERUELA DE ARRIBA";"49";"Zamora";"08";"Comunidad Autónoma de Castilla y León";"RRD";"RRGD"
"082";"FIGUERUELA DE SAYAGO";"49";"Zamora";"08";"Comunidad Autónoma de Castilla y León";"RRD";"RRGD"
"083";"FONFRIA";"49";"Zamora";"08";"Comunidad Autónoma de Castilla y León";"RRD";"RRGD"
"087";"FRESNO DE LA POLVOROSA";"49";"Zamora";"08";"Comunidad Autónoma de Castilla y León";"RNC";"RNC"
"088";"FRESNO DE LA RIBERA";"49";"Zamora";"08";"Comunidad Autónoma de Castilla y León";"RNC";"RNC"
"089";"FRESNO DE SAYAGO";"49";"Zamora";"08";"Comunidad Autónoma de Castilla y León";"RRD";"RRGD"
"090";"FRIERA DE VALVERDE";"49";"Zamora";"08";"Comunidad Autónoma de Castilla y León";"RRD";"RRD"
"092";"FUENTE ENCALADA";"49";"Zamora";"08";"Comunidad Autónoma de Castilla y León";"RRD";"RRGD"
"093";"FUENTELAPEÑA";"49";"Zamora";"08";"Comunidad Autónoma de Castilla y León";"RRD";"RRD"
"094";"FUENTESAUCO";"49";"Zamora";"08";"Comunidad Autónoma de Castilla y León";"RNC";"RNC"
"095";"FUENTES DE ROPEL";"49";"Zamora";"08";"Comunidad Autónoma de Castilla y León";"RRD";"RRGD"
"096";"FUENTESECAS";"49";"Zamora";"08";"Comunidad Autónoma de Castilla y León";"RRD";"RRGD"
"097";"FUENTESPREADAS";"49";"Zamora";"08";"Comunidad Autónoma de Castilla y León";"RNC";"RNC"
"098";"GALENDE";"49";"Zamora";"08";"Comunidad Autónoma de Castilla y León";"RRD";"RRD"
"099";"GALLEGOS DEL PAN";"49";"Zamora";"08";"Comunidad Autónoma de Castilla y León";"RRD";"RRGD"
"100";"GALLEGOS DEL RIO";"49";"Zamora";"08";"Comunidad Autónoma de Castilla y León";"RRD";"RRGD"
"101";"GAMONES";"49";"Zamora";"08";"Comunidad Autónoma de Castilla y León";"RRD";"RRGD"
"103";"GEMA";"49";"Zamora";"08";"Comunidad Autónoma de Castilla y León";"RRD";"RRD"
"104";"GRANJA DE MORERUELA";"49";"Zamora";"08";"Comunidad Autónoma de Castilla y León";"RRD";"RRGD"
"105";"GRANUCILLO";"49";"Zamora";"08";"Comunidad Autónoma de Castilla y León";"RRD";"RRGD"
"106";"GUARRATE";"49";"Zamora";"08";"Comunidad Autónoma de Castilla y León";"RRD";"RRD"
"107";"HERMISENDE";"49";"Zamora";"08";"Comunidad Autónoma de Castilla y León";"RRD";"RRGD"
"108";"HINIESTA (LA)";"49";"Zamora";"08";"Comunidad Autónoma de Castilla y León";"RRD";"RRD"
"109";"JAMBRINA";"49";"Zamora";"08";"Comunidad Autónoma de Castilla y León";"RRD";"RRD"
"110";"JUSTEL";"49";"Zamora";"08";"Comunidad Autónoma de Castilla y León";"RRD";"RRGD"
"111";"LOSACINO";"49";"Zamora";"08";"Comunidad Autónoma de Castilla y León";"RRD";"RRGD"
"112";"LOSACIO";"49";"Zamora";"08";"Comunidad Autónoma de Castilla y León";"RRD";"RRGD"
"113";"LUBIAN";"49";"Zamora";"08";"Comunidad Autónoma de Castilla y León";"RRD";"RRGD"
"114";"LUELMO";"49";"Zamora";"08";"Comunidad Autónoma de Castilla y León";"RRD";"RRGD"
"115";"MADERAL (EL)";"49";"Zamora";"08";"Comunidad Autónoma de Castilla y León";"RRD";"RRGD"
"116";"MADRIDANOS";"49";"Zamora";"08";"Comunidad Autónoma de Castilla y León";"RNC";"RNC"
"117";"MAHIDE";"49";"Zamora";"08";"Comunidad Autónoma de Castilla y León";"RRD";"RRGD"
"118";"MAIRE DE CASTROPONCE";"49";"Zamora";"08";"Comunidad Autónoma de Castilla y León";"RRD";"RRD"
"120";"MALVA";"49";"Zamora";"08";"Comunidad Autónoma de Castilla y León";"RRD";"RRGD"
"121";"MANGANESES DE LA LAMPREANA";"49";"Zamora";"08";"Comunidad Autónoma de Castilla y León";"RRD";"RRD"
"122";"MANGANESES DE LA POLVOROSA";"49";"Zamora";"08";"Comunidad Autónoma de Castilla y León";"RNC";"RNC"
"123";"MANZANAL DE ARRIBA";"49";"Zamora";"08";"Comunidad Autónoma de Castilla y León";"RRD";"RRGD"
"124";"MANZANAL DEL BARCO";"49";"Zamora";"08";"Comunidad Autónoma de Castilla y León";"RRD";"RRGD"
"280";"VILLALUBE";"49";"Zamora";"08";"Comunidad Autónoma de Castilla y León";"RRD";"RRGD"
"281";"VILLAMAYOR DE CAMPOS";"49";"Zamora";"08";"Comunidad Autónoma de Castilla y León";"RRD";"RRD"
"284";"VILLAMOR DE LOS ESCUDEROS";"49";"Zamora";"08";"Comunidad Autónoma de Castilla y León";"RRD";"RRGD"
"285";"VILLANAZAR";"49";"Zamora";"08";"Comunidad Autónoma de Castilla y León";"RNC";"RNC"
"286";"VILLANUEVA DE AZOAGUE";"49";"Zamora";"08";"Comunidad Autónoma de Castilla y León";"RNC";"RNC"
"287";"VILLANUEVA DE CAMPEAN";"49";"Zamora";"08";"Comunidad Autónoma de Castilla y León";"RRD";"RRD"
"288";"VILLANUEVA DE LAS PERAS";"49";"Zamora";"08";"Comunidad Autónoma de Castilla y León";"RRD";"RRGD"
"289";"VILLANUEVA DEL CAMPO";"49";"Zamora";"08";"Comunidad Autónoma de Castilla y León";"RNC";"RNC"
"290";"VILLARALBO";"49";"Zamora";"08";"Comunidad Autónoma de Castilla y León";"RNC";"RNC"
"291";"VILLARDECIERVOS";"49";"Zamora";"08";"Comunidad Autónoma de Castilla y León";"RRD";"RRGD"
"292";"VILLAR DE FALLAVES";"49";"Zamora";"08";"Comunidad Autónoma de Castilla y León";"RRD";"RRGD"
"137";"MONTAMARTA";"49";"Zamora";"08";"Comunidad Autónoma de Castilla y León";"RRD";"RRD"
"138";"MORAL DE SAYAGO";"49";"Zamora";"08";"Comunidad Autónoma de Castilla y León";"RRD";"RRGD"
"139";"MORALEJA DEL VINO";"49";"Zamora";"08";"Comunidad Autónoma de Castilla y León";"RNC";"RNC"
"140";"MORALEJA DE SAYAGO";"49";"Zamora";"08";"Comunidad Autónoma de Castilla y León";"RRD";"RRD"
"141";"MORALES DEL VINO";"49";"Zamora";"08";"Comunidad Autónoma de Castilla y León";"URBANO";"URBANO"
"142";"MORALES DE REY";"49";"Zamora";"08";"Comunidad Autónoma de Castilla y León";"RNC";"RNC"
"143";"MORALES DE TORO";"49";"Zamora";"08";"Comunidad Autónoma de Castilla y León";"RNC";"RNC"
"144";"MORALES DE VALVERDE";"49";"Zamora";"08";"Comunidad Autónoma de Castilla y León";"RRD";"RRD"
"145";"MORALINA";"49";"Zamora";"08";"Comunidad Autónoma de Castilla y León";"RNC";"RNC"
"146";"MORERUELA DE LOS INFANZONES";"49";"Zamora";"08";"Comunidad Autónoma de Castilla y León";"RRD";"RRD"
"147";"MORERUELA DE TABARA";"49";"Zamora";"08";"Comunidad Autónoma de Castilla y León";"RRD";"RRGD"
"148";"MUELAS DE LOS CABALLEROS";"49";"Zamora";"08";"Comunidad Autónoma de Castilla y León";"RRD";"RRGD"
"149";"MUELAS DEL PAN";"49";"Zamora";"08";"Comunidad Autónoma de Castilla y León";"RRD";"RRD"
"150";"MUGA DE SAYAGO";"49";"Zamora";"08";"Comunidad Autónoma de Castilla y León";"RRD";"RRD"
"151";"NAVIANOS DE VALVERDE";"49";"Zamora";"08";"Comunidad Autónoma de Castilla y León";"RNC";"RNC"
"152";"OLMILLOS DE CASTRO";"49";"Zamora";"08";"Comunidad Autónoma de Castilla y León";"RRD";"RRGD"
"153";"OTERO DE BODAS";"49";"Zamora";"08";"Comunidad Autónoma de Castilla y León";"RRD";"RRGD"
"156";"PAJARES DE LA LAMPREANA";"49";"Zamora";"08";"Comunidad Autónoma de Castilla y León";"RRD";"RRD"
"157";"PALACIOS DEL PAN";"49";"Zamora";"08";"Comunidad Autónoma de Castilla y León";"RRD";"RRD"
"158";"PALACIOS DE SANABRIA";"49";"Zamora";"08";"Comunidad Autónoma de Castilla y León";"RRD";"RRGD"
"160";"PEDRALBA DE LA PRADERIA";"49";"Zamora";"08";"Comunidad Autónoma de Castilla y León";"RRD";"RRGD"
"161";"PEGO (EL)";"49";"Zamora";"08";"Comunidad Autónoma de Castilla y León";"RRD";"RRD"
"162";"PELEAGONZALO";"49";"Zamora";"08";"Comunidad Autónoma de Castilla y León";"RNC";"RNC"
"163";"PELEAS DE ABAJO";"49";"Zamora";"08";"Comunidad Autónoma de Castilla y León";"RNC";"RNC"
"165";"PEÑAUSENDE";"49";"Zamora";"08";"Comunidad Autónoma de Castilla y León";"RRD";"RRGD"
"166";"PEQUE";"49";"Zamora";"08";"Comunidad Autónoma de Castilla y León";"RRD";"RRGD"
"167";"PERDIGON (EL)";"49";"Zamora";"08";"Comunidad Autónoma de Castilla y León";"RNC";"RNC"
"168";"PERERUELA";"49";"Zamora";"08";"Comunidad Autónoma de Castilla y León";"RRD";"RRGD"
"169";"PERILLA DE CASTRO";"49";"Zamora";"08";"Comunidad Autónoma de Castilla y León";"RRD";"RRGD"
"170";"PIAS";"49";"Zamora";"08";"Comunidad Autónoma de Castilla y León";"RRD";"RRGD"
"171";"PIEDRAHITA DE CASTRO";"49";"Zamora";"08";"Comunidad Autónoma de Castilla y León";"RRD";"RRGD"
"172";"PINILLA DE TORO";"49";"Zamora";"08";"Comunidad Autónoma de Castilla y León";"RRD";"RRD"
"173";"PINO DEL ORO";"49";"Zamora";"08";"Comunidad Autónoma de Castilla y León";"RRD";"RRGD"
"174";"PIÑERO (EL)";"49";"Zamora";"08";"Comunidad Autónoma de Castilla y León";"RRD";"RRD"
"176";"POBLADURA DEL VALLE";"49";"Zamora";"08";"Comunidad Autónoma de Castilla y León";"RNC";"RNC"
"177";"POBLADURA DE VALDERADUEY";"49";"Zamora";"08";"Comunidad Autónoma de Castilla y León";"RRD";"RRGD"
"179";"PORTO";"49";"Zamora";"08";"Comunidad Autónoma de Castilla y León";"RRD";"RRGD"
"180";"POZOANTIGUO";"49";"Zamora";"08";"Comunidad Autónoma de Castilla y León";"RRD";"RRGD"
"181";"POZUELO DE TABARA";"49";"Zamora";"08";"Comunidad Autónoma de Castilla y León";"RRD";"RRGD"
"183";"PRADO";"49";"Zamora";"08";"Comunidad Autónoma de Castilla y León";"RRD";"RRGD"
"184";"PUEBLA DE SANABRIA";"49";"Zamora";"08";"Comunidad Autónoma de Castilla y León";"RNC";"RNC"
"185";"PUEBLICA DE VALVERDE";"49";"Zamora";"08";"Comunidad Autónoma de Castilla y León";"RRD";"RRGD"
"186";"QUINTANILLA DEL MONTE";"49";"Zamora";"08";"Comunidad Autónoma de Castilla y León";"RRD";"RRGD"
"187";"QUINTANILLA DEL OLMO";"49";"Zamora";"08";"Comunidad Autónoma de Castilla y León";"RRD";"RRGD"
"188";"QUINTANILLA DE URZ";"49";"Zamora";"08";"Comunidad Autónoma de Castilla y León";"RRD";"RRD"
"189";"QUIRUELAS DE VIDRIALES";"49";"Zamora";"08";"Comunidad Autónoma de Castilla y León";"RNC";"RNC"
"190";"RABANALES";"49";"Zamora";"08";"Comunidad Autónoma de Castilla y León";"RRD";"RRGD"
"191";"RABANO DE ALISTE";"49";"Zamora";"08";"Comunidad Autónoma de Castilla y León";"RRD";"RRGD"
"192";"REQUEJO";"49";"Zamora";"08";"Comunidad Autónoma de Castilla y León";"RRD";"RRGD"
"193";"REVELLINOS";"49";"Zamora";"08";"Comunidad Autónoma de Castilla y León";"RRD";"RRD"
"196";"RIOFRIO DE ALISTE";"49";"Zamora";"08";"Comunidad Autónoma de Castilla y León";"RRD";"RRGD"
"197";"RIONEGRO DEL PUENTE";"49";"Zamora";"08";"Comunidad Autónoma de Castilla y León";"RRD";"RRGD"
"198";"ROALES";"49";"Zamora";"08";"Comunidad Autónoma de Castilla y León";"RNC";"RNC"
"293";"VILLAR DEL BUEY";"49";"Zamora";"08";"Comunidad Autónoma de Castilla y León";"RRD";"RRGD"
"294";"VILLARDIEGUA DE LA RIBERA";"49";"Zamora";"08";"Comunidad Autónoma de Castilla y León";"RRD";"RRGD"
"295";"VILLARDIGA";"49";"Zamora";"08";"Comunidad Autónoma de Castilla y León";"RRD";"RRGD"
"296";"VILLARDONDIEGO";"49";"Zamora";"08";"Comunidad Autónoma de Castilla y León";"RRD";"RRGD"
"297";"VILLARRIN DE CAMPOS";"49";"Zamora";"08";"Comunidad Autónoma de Castilla y León";"RRD";"RRD"
"298";"VILLASECO DEL PAN";"49";"Zamora";"08";"Comunidad Autónoma de Castilla y León";"RRD";"RRGD"
"299";"VILLAVENDIMIO";"49";"Zamora";"08";"Comunidad Autónoma de Castilla y León";"RRD";"RRD"
"300";"VILLAVEZA DEL AGUA";"49";"Zamora";"08";"Comunidad Autónoma de Castilla y León";"RRD";"RRGD"
"301";"VILLAVEZA DE VALVERDE";"49";"Zamora";"08";"Comunidad Autónoma de Castilla y León";"RRD";"RRGD"
"302";"VIÑAS";"49";"Zamora";"08";"Comunidad Autónoma de Castilla y León";"RRD";"RRGD"
"900";"ZAMORA";"49";"Zamora";"08";"Comunidad Autónoma de Castilla y León";"URBANO";"URBANO"
"213";"SAN MIGUEL DE LA RIBERA";"49";"Zamora";"08";"Comunidad Autónoma de Castilla y León";"RRD";"RRD"
"214";"SAN MIGUEL DEL VALLE";"49";"Zamora";"08";"Comunidad Autónoma de Castilla y León";"RNC";"RNC"
"215";"SAN PEDRO DE CEQUE";"49";"Zamora";"08";"Comunidad Autónoma de Castilla y León";"RRD";"RRD"
"216";"SAN PEDRO DE LA NAVE-ALMENDRA";"49";"Zamora";"08";"Comunidad Autónoma de Castilla y León";"RNC";"RNC"
"220";"SANTA CLARA DE AVEDILLO";"49";"Zamora";"08";"Comunidad Autónoma de Castilla y León";"RRD";"RRD"
"222";"SANTA COLOMBA DE LAS MONJAS";"49";"Zamora";"08";"Comunidad Autónoma de Castilla y León";"RNC";"RNC"
"223";"SANTA CRISTINA DE LA POLVOROSA";"49";"Zamora";"08";"Comunidad Autónoma de Castilla y León";"RNC";"RNC"
"224";"SANTA CROYA DE TERA";"49";"Zamora";"08";"Comunidad Autónoma de Castilla y León";"RNC";"RNC"
"225";"SANTA EUFEMIA DEL BARCO";"49";"Zamora";"08";"Comunidad Autónoma de Castilla y León";"RRD";"RRGD"
"226";"SANTA MARIA DE LA VEGA";"49";"Zamora";"08";"Comunidad Autónoma de Castilla y León";"RNC";"RNC"
"227";"SANTA MARIA DE VALVERDE";"49";"Zamora";"08";"Comunidad Autónoma de Castilla y León";"RRD";"RRGD"
"228";"SANTIBAÑEZ DE TERA";"49";"Zamora";"08";"Comunidad Autónoma de Castilla y León";"RNC";"RNC"
"229";"SANTIBAÑEZ DE VIDRIALES";"49";"Zamora";"08";"Comunidad Autónoma de Castilla y León";"RNC";"RNC"
"230";"SANTOVENIA";"49";"Zamora";"08";"Comunidad Autónoma de Castilla y León";"RRD";"RRGD"
"231";"SAN VICENTE DE LA CABEZA";"49";"Zamora";"08";"Comunidad Autónoma de Castilla y León";"RRD";"RRGD"
"232";"SAN VITERO";"49";"Zamora";"08";"Comunidad Autónoma de Castilla y León";"RRD";"RRD"
"233";"SANZOLES";"49";"Zamora";"08";"Comunidad Autónoma de Castilla y León";"RNC";"RNC"
"237";"TABARA";"49";"Zamora";"08";"Comunidad Autónoma de Castilla y León";"RRD";"RRGD"
"239";"TAMAME";"49";"Zamora";"08";"Comunidad Autónoma de Castilla y León";"RRD";"RRGD"
"240";"TAPIOLES";"49";"Zamora";"08";"Comunidad Autónoma de Castilla y León";"RRD";"RRGD"
"244";"TORO";"49";"Zamora";"08";"Comunidad Autónoma de Castilla y León";"RNC";"RNC"
"245";"TORRE DEL VALLE (LA)";"49";"Zamora";"08";"Comunidad Autónoma de Castilla y León";"RRD";"RRD"
"247";"TORREGAMONES";"49";"Zamora";"08";"Comunidad Autónoma de Castilla y León";"RRD";"RRGD"
"248";"TORRES DEL CARRIZAL";"49";"Zamora";"08";"Comunidad Autónoma de Castilla y León";"RNC";"RNC"
"249";"TRABAZOS";"49";"Zamora";"08";"Comunidad Autónoma de Castilla y León";"RRD";"RRD"
"250";"TREFACIO";"49";"Zamora";"08";"Comunidad Autónoma de Castilla y León";"RRD";"RRGD"
"253";"UÑA DE QUINTANA";"49";"Zamora";"08";"Comunidad Autónoma de Castilla y León";"RRD";"RRGD"
"254";"VADILLO DE LA GUAREÑA";"49";"Zamora";"08";"Comunidad Autónoma de Castilla y León";"RRD";"RRGD"
"255";"VALCABADO";"49";"Zamora";"08";"Comunidad Autónoma de Castilla y León";"RNC";"RNC"
"256";"VALDEFINJAS";"49";"Zamora";"08";"Comunidad Autónoma de Castilla y León";"RRD";"RRGD"
"257";"VALDESCORRIEL";"49";"Zamora";"08";"Comunidad Autónoma de Castilla y León";"RRD";"RRGD"
"258";"VALPARAISO";"49";"Zamora";"08";"Comunidad Autónoma de Castilla y León";"RRD";"RRD"
"259";"VALLESA DE LA GUAREÑA";"49";"Zamora";"08";"Comunidad Autónoma de Castilla y León";"RRD";"RRGD"
"260";"VEGA DE TERA";"49";"Zamora";"08";"Comunidad Autónoma de Castilla y León";"RRD";"RRGD"
"261";"VEGA DE VILLALOBOS";"49";"Zamora";"08";"Comunidad Autónoma de Castilla y León";"RRD";"RRD"
"262";"VEGALATRAVE";"49";"Zamora";"08";"Comunidad Autónoma de Castilla y León";"RRD";"RRGD"
"263";"VENIALBO";"49";"Zamora";"08";"Comunidad Autónoma de Castilla y León";"RRD";"RRD"
"264";"VEZDEMARBAN";"49";"Zamora";"08";"Comunidad Autónoma de Castilla y León";"RRD";"RRGD"
"265";"VIDAYANES";"49";"Zamora";"08";"Comunidad Autónoma de Castilla y León";"RRD";"RRGD"
"266";"VIDEMALA";"49";"Zamora";"08";"Comunidad Autónoma de Castilla y León";"RRD";"RRGD"
"267";"VILLABRAZARO";"49";"Zamora";"08";"Comunidad Autónoma de Castilla y León";"RRD";"RRD"
"268";"VILLABUENA DEL PUENTE";"49";"Zamora";"08";"Comunidad Autónoma de Castilla y León";"RNC";"RNC"
"269";"VILLADEPERA";"49";"Zamora";"08";"Comunidad Autónoma de Castilla y León";"RRD";"RRGD"
"270";"VILLAESCUSA";"49";"Zamora";"08";"Comunidad Autónoma de Castilla y León";"RRD";"RRGD"
"271";"VILLAFAFILA";"49";"Zamora";"08";"Comunidad Autónoma de Castilla y León";"RRD";"RRGD"
"272";"VILLAFERRUEÑA";"49";"Zamora";"08";"Comunidad Autónoma de Castilla y León";"RRD";"RRGD"
"273";"VILLAGERIZ";"49";"Zamora";"08";"Comunidad Autónoma de Castilla y León";"RRD";"RRGD"
"274";"VILLALAZAN";"49";"Zamora";"08";"Comunidad Autónoma de Castilla y León";"RNC";"RNC"
"275";"VILLALBA DE LA LAMPREANA";"49";"Zamora";"08";"Comunidad Autónoma de Castilla y León";"RRD";"RRD"
"276";"VILLALCAMPO";"49";"Zamora";"08";"Comunidad Autónoma de Castilla y León";"RRD";"RRGD"
"277";"VILLALOBOS";"49";"Zamora";"08";"Comunidad Autónoma de Castilla y León";"RRD";"RRGD"
"278";"VILLALONSO";"49";"Zamora";"08";"Comunidad Autónoma de Castilla y León";"RRD";"RRGD"
"279";"VILLALPANDO";"49";"Zamora";"08";"Comunidad Autónoma de Castilla y León";"RRD";"RRD"
"268";"TOSOS";"50";"Zaragoza";"02";"Comunidad Autónoma de Aragón";"RRD";"RRGD"
"269";"TRASMOZ";"50";"Zaragoza";"02";"Comunidad Autónoma de Aragón";"RRD";"RRGD"
"270";"TRASOBARES";"50";"Zaragoza";"02";"Comunidad Autónoma de Aragón";"RRD";"RRGD"
"271";"UNCASTILLO";"50";"Zaragoza";"02";"Comunidad Autónoma de Aragón";"RRD";"RRGD"
"272";"UNDUES DE LERDA";"50";"Zaragoza";"02";"Comunidad Autónoma de Aragón";"RRD";"RRGD"
"274";"URREA DE JALON";"50";"Zaragoza";"02";"Comunidad Autónoma de Aragón";"RNC";"RNC"
"275";"URRIES";"50";"Zaragoza";"02";"Comunidad Autónoma de Aragón";"RRD";"RRGD"
"276";"USED";"50";"Zaragoza";"02";"Comunidad Autónoma de Aragón";"RRD";"RRGD"
"277";"UTEBO";"50";"Zaragoza";"02";"Comunidad Autónoma de Aragón";"URBANO";"URBANO"
"278";"VALDEHORNA";"50";"Zaragoza";"02";"Comunidad Autónoma de Aragón";"RRD";"RRGD"
"279";"VAL DE SAN MARTIN";"50";"Zaragoza";"02";"Comunidad Autónoma de Aragón";"RRD";"RRGD"
"280";"VALMADRID";"50";"Zaragoza";"02";"Comunidad Autónoma de Aragón";"RRD";"RRGD"
"281";"VALPALMAS";"50";"Zaragoza";"02";"Comunidad Autónoma de Aragón";"RRD";"RRGD"
"282";"VALTORRES";"50";"Zaragoza";"02";"Comunidad Autónoma de Aragón";"RNC";"RNC"
"283";"VELILLA DE EBRO";"50";"Zaragoza";"02";"Comunidad Autónoma de Aragón";"RRD";"RRGD"
"284";"VELILLA DE JILOCA";"50";"Zaragoza";"02";"Comunidad Autónoma de Aragón";"RRD";"RRD"
"285";"VERA DE MONCAYO";"50";"Zaragoza";"02";"Comunidad Autónoma de Aragón";"RNC";"RNC"
"286";"VIERLAS";"50";"Zaragoza";"02";"Comunidad Autónoma de Aragón";"RNC";"RNC"
"287";"VILUEÑA (LA)";"50";"Zaragoza";"02";"Comunidad Autónoma de Aragón";"RRD";"RRD"
"288";"VILLADOZ";"50";"Zaragoza";"02";"Comunidad Autónoma de Aragón";"RRD";"RRGD"
"289";"VILLAFELICHE";"50";"Zaragoza";"02";"Comunidad Autónoma de Aragón";"RRD";"RRGD"
"290";"VILLAFRANCA DE EBRO";"50";"Zaragoza";"02";"Comunidad Autónoma de Aragón";"RNC";"RNC"
"291";"VILLALBA DE PEREJIL";"50";"Zaragoza";"02";"Comunidad Autónoma de Aragón";"RRD";"RRGD"
"292";"VILLALENGUA";"50";"Zaragoza";"02";"Comunidad Autónoma de Aragón";"RRD";"RRGD"
"293";"VILLANUEVA DE GALLEGO";"50";"Zaragoza";"02";"Comunidad Autónoma de Aragón";"RNC";"RNC"
"294";"VILLANUEVA DE JILOCA";"50";"Zaragoza";"02";"Comunidad Autónoma de Aragón";"RRD";"RRGD"
"295";"VILLANUEVA DE HUERVA";"50";"Zaragoza";"02";"Comunidad Autónoma de Aragón";"RRD";"RRGD"
"296";"VILLAR DE LOS NAVARROS";"50";"Zaragoza";"02";"Comunidad Autónoma de Aragón";"RRD";"RRGD"
"297";"VILLARREAL DE HUERVA";"50";"Zaragoza";"02";"Comunidad Autónoma de Aragón";"RRD";"RRD"
"298";"VILLARROYA DE LA SIERRA";"50";"Zaragoza";"02";"Comunidad Autónoma de Aragón";"RRD";"RRGD"
"299";"VILLARROYA DEL CAMPO";"50";"Zaragoza";"02";"Comunidad Autónoma de Aragón";"RRD";"RRGD"
"300";"VISTABELLA";"50";"Zaragoza";"02";"Comunidad Autónoma de Aragón";"RRD";"RRGD"
"302";"ZAIDA (LA)";"50";"Zaragoza";"02";"Comunidad Autónoma de Aragón";"RNC";"RNC"
"304";"ZUERA";"50";"Zaragoza";"02";"Comunidad Autónoma de Aragón";"RNC";"RNC"
"305";"MARRACOS";"50";"Zaragoza";"02";"Comunidad Autónoma de Aragón";"RRD";"RRGD"
"306";"VILLAMAYOR DE GALLEGO";"50";"Zaragoza";"02";"Comunidad Autónoma de Aragón";"RNC";"RNC"
"900";"ZARAGOZA";"50";"Zaragoza";"02";"Comunidad Autónoma de Aragón";"URBANO";"URBANO"
"200";"OSERA DE EBRO";"50";"Zaragoza";"02";"Comunidad Autónoma de Aragón";"RNC";"RNC"
"201";"PANIZA";"50";"Zaragoza";"02";"Comunidad Autónoma de Aragón";"RNC";"RNC"
"202";"PARACUELLOS DE JILOCA";"50";"Zaragoza";"02";"Comunidad Autónoma de Aragón";"RNC";"RNC"
"203";"PARACUELLOS DE LA RIBERA";"50";"Zaragoza";"02";"Comunidad Autónoma de Aragón";"RRD";"RRD"
"204";"PASTRIZ";"50";"Zaragoza";"02";"Comunidad Autónoma de Aragón";"RNC";"RNC"
"205";"PEDROLA";"50";"Zaragoza";"02";"Comunidad Autónoma de Aragón";"RNC";"RNC"
"206";"PEDROSAS (LAS)";"50";"Zaragoza";"02";"Comunidad Autónoma de Aragón";"RRD";"RRGD"
"207";"PERDIGUERA";"50";"Zaragoza";"02";"Comunidad Autónoma de Aragón";"RRD";"RRGD"
"208";"PIEDRATAJADA";"50";"Zaragoza";"02";"Comunidad Autónoma de Aragón";"RRD";"RRGD"
"209";"PINA DE EBRO";"50";"Zaragoza";"02";"Comunidad Autónoma de Aragón";"RRD";"RRGD"
"210";"PINSEQUE";"50";"Zaragoza";"02";"Comunidad Autónoma de Aragón";"URBANO";"URBANO"
"211";"PINTANOS (LOS)";"50";"Zaragoza";"02";"Comunidad Autónoma de Aragón";"RRD";"RRGD"
"212";"PLASENCIA DE JALON";"50";"Zaragoza";"02";"Comunidad Autónoma de Aragón";"RRD";"RRD"
"213";"PLEITAS";"50";"Zaragoza";"02";"Comunidad Autónoma de Aragón";"RNC";"RNC"
"214";"PLENAS";"50";"Zaragoza";"02";"Comunidad Autónoma de Aragón";"RRD";"RRGD"
"215";"POMER";"50";"Zaragoza";"02";"Comunidad Autónoma de Aragón";"RRD";"RRGD"
"216";"POZUEL DE ARIZA";"50";"Zaragoza";"02";"Comunidad Autónoma de Aragón";"RRD";"RRGD"
"217";"POZUELO DE ARAGON";"50";"Zaragoza";"02";"Comunidad Autónoma de Aragón";"RRD";"RRD"
"218";"PRADILLA DE EBRO";"50";"Zaragoza";"02";"Comunidad Autónoma de Aragón";"RNC";"RNC"
"219";"PUEBLA DE ALBORTON";"50";"Zaragoza";"02";"Comunidad Autónoma de Aragón";"RRD";"RRGD"
"220";"PUEBLA DE ALFINDEN (LA)";"50";"Zaragoza";"02";"Comunidad Autónoma de Aragón";"URBANO";"URBANO"
"221";"PUENDELUNA";"50";"Zaragoza";"02";"Comunidad Autónoma de Aragón";"RRD";"RRGD"
"223";"PURUJOSA";"50";"Zaragoza";"02";"Comunidad Autónoma de Aragón";"RRD";"RRGD"
"224";"QUINTO";"50";"Zaragoza";"02";"Comunidad Autónoma de Aragón";"RNC";"RNC"
"225";"REMOLINOS";"50";"Zaragoza";"02";"Comunidad Autónoma de Aragón";"RNC";"RNC"
"226";"RETASCON";"50";"Zaragoza";"02";"Comunidad Autónoma de Aragón";"RRD";"RRGD"
"227";"RICLA";"50";"Zaragoza";"02";"Comunidad Autónoma de Aragón";"RNC";"RNC"
"229";"ROMANOS";"50";"Zaragoza";"02";"Comunidad Autónoma de Aragón";"RRD";"RRGD"
"230";"RUEDA DE JALON";"50";"Zaragoza";"02";"Comunidad Autónoma de Aragón";"RRD";"RRGD"
"231";"RUESCA";"50";"Zaragoza";"02";"Comunidad Autónoma de Aragón";"RRD";"RRGD"
"233";"SADABA";"50";"Zaragoza";"02";"Comunidad Autónoma de Aragón";"RRD";"RRD"
"234";"SALILLAS DE JALON";"50";"Zaragoza";"02";"Comunidad Autónoma de Aragón";"URBANO";"URBANO"
"235";"SALVATIERRA DE ESCA";"50";"Zaragoza";"02";"Comunidad Autónoma de Aragón";"RRD";"RRGD"
"236";"SAMPER DEL SALZ";"50";"Zaragoza";"02";"Comunidad Autónoma de Aragón";"RRD";"RRD"
"237";"SAN MARTIN DE LA VIRGEN DE MONCAYO";"50";"Zaragoza";"02";"Comunidad Autónoma de Aragón";"RRD";"RRD"
"238";"SAN MATEO DE GALLEGO";"50";"Zaragoza";"02";"Comunidad Autónoma de Aragón";"RNC";"RNC"
"239";"SANTA CRUZ DE GRIO";"50";"Zaragoza";"02";"Comunidad Autónoma de Aragón";"RRD";"RRGD"
"240";"SANTA CRUZ DE MONCAYO";"50";"Zaragoza";"02";"Comunidad Autónoma de Aragón";"RNC";"RNC"
"241";"SANTA EULALIA DE GALLEGO";"50";"Zaragoza";"02";"Comunidad Autónoma de Aragón";"RRD";"RRGD"
"242";"SANTED";"50";"Zaragoza";"02";"Comunidad Autónoma de Aragón";"RRD";"RRGD"
"243";"SASTAGO";"50";"Zaragoza";"02";"Comunidad Autónoma de Aragón";"RRD";"RRGD"
"244";"SABIÑAN";"50";"Zaragoza";"02";"Comunidad Autónoma de Aragón";"RNC";"RNC"
"245";"SEDILES";"50";"Zaragoza";"02";"Comunidad Autónoma de Aragón";"RRD";"RRD"
"246";"SESTRICA";"50";"Zaragoza";"02";"Comunidad Autónoma de Aragón";"RRD";"RRD"
"247";"SIERRA DE LUNA";"50";"Zaragoza";"02";"Comunidad Autónoma de Aragón";"RRD";"RRGD"
"248";"SIGÜES";"50";"Zaragoza";"02";"Comunidad Autónoma de Aragón";"RRD";"RRGD"
"249";"SISAMON";"50";"Zaragoza";"02";"Comunidad Autónoma de Aragón";"RRD";"RRGD"
"250";"SOBRADIEL";"50";"Zaragoza";"02";"Comunidad Autónoma de Aragón";"RNC";"RNC"
"251";"SOS DEL REY CATOLICO";"50";"Zaragoza";"02";"Comunidad Autónoma de Aragón";"RRD";"RRGD"
"252";"TABUENCA";"50";"Zaragoza";"02";"Comunidad Autónoma de Aragón";"RRD";"RRGD"
"253";"TALAMANTES";"50";"Zaragoza";"02";"Comunidad Autónoma de Aragón";"RRD";"RRGD"
"254";"TARAZONA";"50";"Zaragoza";"02";"Comunidad Autónoma de Aragón";"RNC";"RNC"
"255";"TAUSTE";"50";"Zaragoza";"02";"Comunidad Autónoma de Aragón";"RNC";"RNC"
"256";"TERRER";"50";"Zaragoza";"02";"Comunidad Autónoma de Aragón";"RNC";"RNC"
"257";"TIERGA";"50";"Zaragoza";"02";"Comunidad Autónoma de Aragón";"RRD";"RRGD"
"259";"TOBED";"50";"Zaragoza";"02";"Comunidad Autónoma de Aragón";"RRD";"RRGD"
"260";"TORRALBA DE LOS FRAILES";"50";"Zaragoza";"02";"Comunidad Autónoma de Aragón";"RRD";"RRGD"
"261";"TORRALBA DE RIBOTA";"50";"Zaragoza";"02";"Comunidad Autónoma de Aragón";"RRD";"RRGD"
"262";"TORRALBILLA";"50";"Zaragoza";"02";"Comunidad Autónoma de Aragón";"RRD";"RRGD"
"263";"TORREHERMOSA";"50";"Zaragoza";"02";"Comunidad Autónoma de Aragón";"RRD";"RRGD"
"264";"TORRELAPAJA";"50";"Zaragoza";"02";"Comunidad Autónoma de Aragón";"RRD";"RRGD"
"265";"TORRELLAS";"50";"Zaragoza";"02";"Comunidad Autónoma de Aragón";"RNC";"RNC"
"266";"TORRES DE BERRELLEN";"50";"Zaragoza";"02";"Comunidad Autónoma de Aragón";"RNC";"RNC"
"267";"TORRIJO DE LA CAÑADA";"50";"Zaragoza";"02";"Comunidad Autónoma de Aragón";"RRD";"RRGD"
"134";"LAGATA";"50";"Zaragoza";"02";"Comunidad Autónoma de Aragón";"RRD";"RRGD"
"135";"LANGA DEL CASTILLO";"50";"Zaragoza";"02";"Comunidad Autónoma de Aragón";"RRD";"RRGD"
"136";"LAYANA";"50";"Zaragoza";"02";"Comunidad Autónoma de Aragón";"RNC";"RNC"
"137";"LECERA";"50";"Zaragoza";"02";"Comunidad Autónoma de Aragón";"RRD";"RRGD"
"138";"LECIÑENA";"50";"Zaragoza";"02";"Comunidad Autónoma de Aragón";"RRD";"RRGD"
"139";"LECHON";"50";"Zaragoza";"02";"Comunidad Autónoma de Aragón";"RRD";"RRGD"
"140";"LETUX";"50";"Zaragoza";"02";"Comunidad Autónoma de Aragón";"RRD";"RRD"
"141";"LITAGO";"50";"Zaragoza";"02";"Comunidad Autónoma de Aragón";"RRD";"RRD"
"142";"LITUENIGO";"50";"Zaragoza";"02";"Comunidad Autónoma de Aragón";"RRD";"RRD"
"143";"LOBERA DE ONSELLA";"50";"Zaragoza";"02";"Comunidad Autónoma de Aragón";"RRD";"RRGD"
"144";"LONGARES";"50";"Zaragoza";"02";"Comunidad Autónoma de Aragón";"RNC";"RNC"
"145";"LONGAS";"50";"Zaragoza";"02";"Comunidad Autónoma de Aragón";"RRD";"RRGD"
"147";"LUCENA DE JALON";"50";"Zaragoza";"02";"Comunidad Autónoma de Aragón";"RNC";"RNC"
"148";"LUCENI";"50";"Zaragoza";"02";"Comunidad Autónoma de Aragón";"RNC";"RNC"
"149";"LUESIA";"50";"Zaragoza";"02";"Comunidad Autónoma de Aragón";"RRD";"RRGD"
"150";"LUESMA";"50";"Zaragoza";"02";"Comunidad Autónoma de Aragón";"RRD";"RRGD"
"151";"LUMPIAQUE";"50";"Zaragoza";"02";"Comunidad Autónoma de Aragón";"RNC";"RNC"
"152";"LUNA";"50";"Zaragoza";"02";"Comunidad Autónoma de Aragón";"RRD";"RRGD"
"153";"MAELLA";"50";"Zaragoza";"02";"Comunidad Autónoma de Aragón";"RRD";"RRD"
"154";"MAGALLON";"50";"Zaragoza";"02";"Comunidad Autónoma de Aragón";"RNC";"RNC"
"155";"MAINAR";"50";"Zaragoza";"02";"Comunidad Autónoma de Aragón";"RRD";"RRGD"
"156";"MALANQUILLA";"50";"Zaragoza";"02";"Comunidad Autónoma de Aragón";"RRD";"RRGD"
"157";"MALEJAN";"50";"Zaragoza";"02";"Comunidad Autónoma de Aragón";"RRD";"RRGD"
"158";"MALON";"50";"Zaragoza";"02";"Comunidad Autónoma de Aragón";"RNC";"RNC"
"160";"MALUENDA";"50";"Zaragoza";"02";"Comunidad Autónoma de Aragón";"RNC";"RNC"
"161";"MALLEN";"50";"Zaragoza";"02";"Comunidad Autónoma de Aragón";"RNC";"RNC"
"162";"MANCHONES";"50";"Zaragoza";"02";"Comunidad Autónoma de Aragón";"RRD";"RRGD"
"163";"MARA";"50";"Zaragoza";"02";"Comunidad Autónoma de Aragón";"RRD";"RRD"
"164";"MARIA DE HUERVA";"50";"Zaragoza";"02";"Comunidad Autónoma de Aragón";"RNC";"RNC"
"165";"MEDIANA DE ARAGON";"50";"Zaragoza";"02";"Comunidad Autónoma de Aragón";"RRD";"RRGD"
"166";"MEQUINENZA";"50";"Zaragoza";"02";"Comunidad Autónoma de Aragón";"RRD";"RRGD"
"167";"MESONES DE ISUELA";"50";"Zaragoza";"02";"Comunidad Autónoma de Aragón";"RRD";"RRGD"
"168";"MEZALOCHA";"50";"Zaragoza";"02";"Comunidad Autónoma de Aragón";"RRD";"RRGD"
"169";"MIANOS";"50";"Zaragoza";"02";"Comunidad Autónoma de Aragón";"RRD";"RRGD"
"170";"MIEDES DE ARAGON";"50";"Zaragoza";"02";"Comunidad Autónoma de Aragón";"RRD";"RRGD"
"171";"MONEGRILLO";"50";"Zaragoza";"02";"Comunidad Autónoma de Aragón";"RRD";"RRGD"
"172";"MONEVA";"50";"Zaragoza";"02";"Comunidad Autónoma de Aragón";"RRD";"RRGD"
"173";"MONREAL DE ARIZA";"50";"Zaragoza";"02";"Comunidad Autónoma de Aragón";"RRD";"RRGD"
"174";"MONTERDE";"50";"Zaragoza";"02";"Comunidad Autónoma de Aragón";"RRD";"RRGD"
"175";"MONTON";"50";"Zaragoza";"02";"Comunidad Autónoma de Aragón";"RRD";"RRGD"
"176";"MORATA DE JALON";"50";"Zaragoza";"02";"Comunidad Autónoma de Aragón";"RNC";"RNC"
"177";"MORATA DE JILOCA";"50";"Zaragoza";"02";"Comunidad Autónoma de Aragón";"RRD";"RRD"
"178";"MORES";"50";"Zaragoza";"02";"Comunidad Autónoma de Aragón";"RNC";"RNC"
"179";"MOROS";"50";"Zaragoza";"02";"Comunidad Autónoma de Aragón";"RRD";"RRGD"
"180";"MOYUELA";"50";"Zaragoza";"02";"Comunidad Autónoma de Aragón";"RRD";"RRGD"
"181";"MOZOTA";"50";"Zaragoza";"02";"Comunidad Autónoma de Aragón";"RNC";"RNC"
"182";"MUEL";"50";"Zaragoza";"02";"Comunidad Autónoma de Aragón";"RNC";"RNC"
"183";"MUELA (LA)";"50";"Zaragoza";"02";"Comunidad Autónoma de Aragón";"RNC";"RNC"
"184";"MUNEBREGA";"50";"Zaragoza";"02";"Comunidad Autónoma de Aragón";"RRD";"RRD"
"185";"MURERO";"50";"Zaragoza";"02";"Comunidad Autónoma de Aragón";"RRD";"RRGD"
"186";"MURILLO DE GALLEGO";"50";"Zaragoza";"02";"Comunidad Autónoma de Aragón";"RRD";"RRGD"
"187";"NAVARDUN";"50";"Zaragoza";"02";"Comunidad Autónoma de Aragón";"RRD";"RRGD"
"188";"NIGÜELLA";"50";"Zaragoza";"02";"Comunidad Autónoma de Aragón";"RRD";"RRGD"
"189";"NOMBREVILLA";"50";"Zaragoza";"02";"Comunidad Autónoma de Aragón";"RRD";"RRGD"
"190";"NONASPE";"50";"Zaragoza";"02";"Comunidad Autónoma de Aragón";"RRD";"RRD"
"191";"NOVALLAS";"50";"Zaragoza";"02";"Comunidad Autónoma de Aragón";"RNC";"RNC"
"192";"NOVILLAS";"50";"Zaragoza";"02";"Comunidad Autónoma de Aragón";"RNC";"RNC"
"193";"NUEVALOS";"50";"Zaragoza";"02";"Comunidad Autónoma de Aragón";"RRD";"RRGD"
"194";"NUEZ DE EBRO";"50";"Zaragoza";"02";"Comunidad Autónoma de Aragón";"URBANO";"URBANO"
"195";"OLVES";"50";"Zaragoza";"02";"Comunidad Autónoma de Aragón";"RRD";"RRGD"
"196";"ORCAJO";"50";"Zaragoza";"02";"Comunidad Autónoma de Aragón";"RRD";"RRGD"
"197";"ORERA";"50";"Zaragoza";"02";"Comunidad Autónoma de Aragón";"RRD";"RRGD"
"198";"ORES";"50";"Zaragoza";"02";"Comunidad Autónoma de Aragón";"RRD";"RRGD"
"199";"OSEJA";"50";"Zaragoza";"02";"Comunidad Autónoma de Aragón";"RRD";"RRGD"
"065";"CABOLAFUENTE";"50";"Zaragoza";"02";"Comunidad Autónoma de Aragón";"RRD";"RRGD"
"066";"CADRETE";"50";"Zaragoza";"02";"Comunidad Autónoma de Aragón";"URBANO";"URBANO"
"067";"CALATAYUD";"50";"Zaragoza";"02";"Comunidad Autónoma de Aragón";"URBANO";"URBANO"
"068";"CALATORAO";"50";"Zaragoza";"02";"Comunidad Autónoma de Aragón";"RNC";"RNC"
"069";"CALCENA";"50";"Zaragoza";"02";"Comunidad Autónoma de Aragón";"RRD";"RRGD"
"070";"CALMARZA";"50";"Zaragoza";"02";"Comunidad Autónoma de Aragón";"RRD";"RRGD"
"071";"CAMPILLO DE ARAGON";"50";"Zaragoza";"02";"Comunidad Autónoma de Aragón";"RRD";"RRGD"
"072";"CARENAS";"50";"Zaragoza";"02";"Comunidad Autónoma de Aragón";"RRD";"RRGD"
"073";"CARIÑENA";"50";"Zaragoza";"02";"Comunidad Autónoma de Aragón";"RNC";"RNC"
"074";"CASPE";"50";"Zaragoza";"02";"Comunidad Autónoma de Aragón";"RNC";"RNC"
"075";"CASTEJON DE ALARBA";"50";"Zaragoza";"02";"Comunidad Autónoma de Aragón";"RRD";"RRGD"
"076";"CASTEJON DE LAS ARMAS";"50";"Zaragoza";"02";"Comunidad Autónoma de Aragón";"RRD";"RRGD"
"077";"CASTEJON DE VALDEJASA";"50";"Zaragoza";"02";"Comunidad Autónoma de Aragón";"RRD";"RRGD"
"078";"CASTILISCAR";"50";"Zaragoza";"02";"Comunidad Autónoma de Aragón";"RRD";"RRGD"
"079";"CERVERA DE LA CAÑADA";"50";"Zaragoza";"02";"Comunidad Autónoma de Aragón";"RRD";"RRD"
"080";"CERVERUELA";"50";"Zaragoza";"02";"Comunidad Autónoma de Aragón";"RRD";"RRGD"
"081";"CETINA";"50";"Zaragoza";"02";"Comunidad Autónoma de Aragón";"RRD";"RRGD"
"082";"CIMBALLA";"50";"Zaragoza";"02";"Comunidad Autónoma de Aragón";"RRD";"RRGD"
"083";"CINCO OLIVAS";"50";"Zaragoza";"02";"Comunidad Autónoma de Aragón";"RNC";"RNC"
"084";"CLARES DE RIBOTA";"50";"Zaragoza";"02";"Comunidad Autónoma de Aragón";"RRD";"RRGD"
"085";"CODO";"50";"Zaragoza";"02";"Comunidad Autónoma de Aragón";"RNC";"RNC"
"086";"CODOS";"50";"Zaragoza";"02";"Comunidad Autónoma de Aragón";"RRD";"RRGD"
"087";"CONTAMINA";"50";"Zaragoza";"02";"Comunidad Autónoma de Aragón";"RRD";"RRGD"
"088";"COSUENDA";"50";"Zaragoza";"02";"Comunidad Autónoma de Aragón";"RRD";"RRD"
"089";"CUARTE DE HUERVA";"50";"Zaragoza";"02";"Comunidad Autónoma de Aragón";"URBANO";"URBANO"
"090";"CUBEL";"50";"Zaragoza";"02";"Comunidad Autónoma de Aragón";"RRD";"RRGD"
"091";"CUERLAS (LAS)";"50";"Zaragoza";"02";"Comunidad Autónoma de Aragón";"RRD";"RRGD"
"092";"CHIPRANA";"50";"Zaragoza";"02";"Comunidad Autónoma de Aragón";"RNC";"RNC"
"093";"CHODES";"50";"Zaragoza";"02";"Comunidad Autónoma de Aragón";"RRD";"RRGD"
"094";"DAROCA";"50";"Zaragoza";"02";"Comunidad Autónoma de Aragón";"RNC";"RNC"
"095";"EJEA DE LOS CABALLEROS";"50";"Zaragoza";"02";"Comunidad Autónoma de Aragón";"RNC";"RNC"
"096";"EMBID DE ARIZA";"50";"Zaragoza";"02";"Comunidad Autónoma de Aragón";"RRD";"RRGD"
"098";"ENCINACORBA";"50";"Zaragoza";"02";"Comunidad Autónoma de Aragón";"RRD";"RRGD"
"099";"EPILA";"50";"Zaragoza";"02";"Comunidad Autónoma de Aragón";"RNC";"RNC"
"100";"ERLA";"50";"Zaragoza";"02";"Comunidad Autónoma de Aragón";"RNC";"RNC"
"101";"ESCATRON";"50";"Zaragoza";"02";"Comunidad Autónoma de Aragón";"RRD";"RRD"
"103";"FABARA";"50";"Zaragoza";"02";"Comunidad Autónoma de Aragón";"RRD";"RRD"
"105";"FARLETE";"50";"Zaragoza";"02";"Comunidad Autónoma de Aragón";"RRD";"RRGD"
"106";"FAYON";"50";"Zaragoza";"02";"Comunidad Autónoma de Aragón";"RRD";"RRGD"
"107";"FAYOS (LOS)";"50";"Zaragoza";"02";"Comunidad Autónoma de Aragón";"RNC";"RNC"
"108";"FIGUERUELAS";"50";"Zaragoza";"02";"Comunidad Autónoma de Aragón";"RNC";"RNC"
"109";"FOMBUENA";"50";"Zaragoza";"02";"Comunidad Autónoma de Aragón";"RRD";"RRGD"
"110";"FRAGO (EL)";"50";"Zaragoza";"02";"Comunidad Autónoma de Aragón";"RRD";"RRGD"
"111";"FRASNO (EL)";"50";"Zaragoza";"02";"Comunidad Autónoma de Aragón";"RRD";"RRGD"
"112";"FRESCANO";"50";"Zaragoza";"02";"Comunidad Autónoma de Aragón";"RRD";"RRD"
"114";"FUENDEJALON";"50";"Zaragoza";"02";"Comunidad Autónoma de Aragón";"RRD";"RRD"
"115";"FUENDETODOS";"50";"Zaragoza";"02";"Comunidad Autónoma de Aragón";"RRD";"RRGD"
"116";"FUENTES DE EBRO";"50";"Zaragoza";"02";"Comunidad Autónoma de Aragón";"RNC";"RNC"
"117";"FUENTES DE JILOCA";"50";"Zaragoza";"02";"Comunidad Autónoma de Aragón";"RRD";"RRD"
"118";"GALLOCANTA";"50";"Zaragoza";"02";"Comunidad Autónoma de Aragón";"RRD";"RRGD"
"119";"GALLUR";"50";"Zaragoza";"02";"Comunidad Autónoma de Aragón";"RNC";"RNC"
"120";"GELSA";"50";"Zaragoza";"02";"Comunidad Autónoma de Aragón";"RNC";"RNC"
"121";"GODOJOS";"50";"Zaragoza";"02";"Comunidad Autónoma de Aragón";"RRD";"RRGD"
"122";"GOTOR";"50";"Zaragoza";"02";"Comunidad Autónoma de Aragón";"RNC";"RNC"
"123";"GRISEL";"50";"Zaragoza";"02";"Comunidad Autónoma de Aragón";"RRD";"RRGD"
"124";"GRISEN";"50";"Zaragoza";"02";"Comunidad Autónoma de Aragón";"URBANO";"URBANO"
"125";"HERRERA DE LOS NAVARROS";"50";"Zaragoza";"02";"Comunidad Autónoma de Aragón";"RRD";"RRGD"
"126";"IBDES";"50";"Zaragoza";"02";"Comunidad Autónoma de Aragón";"RRD";"RRGD"
"127";"ILLUECA";"50";"Zaragoza";"02";"Comunidad Autónoma de Aragón";"URBANO";"URBANO"
"129";"ISUERRE";"50";"Zaragoza";"02";"Comunidad Autónoma de Aragón";"RRD";"RRGD"
"130";"JARABA";"50";"Zaragoza";"02";"Comunidad Autónoma de Aragón";"RRD";"RRGD"
"131";"JARQUE";"50";"Zaragoza";"02";"Comunidad Autónoma de Aragón";"RRD";"RRD"
"132";"JAULIN";"50";"Zaragoza";"02";"Comunidad Autónoma de Aragón";"RRD";"RRGD"
"133";"JOYOSA (LA)";"50";"Zaragoza";"02";"Comunidad Autónoma de Aragón";"URBANO";"URBANO"
"001";"ABANTO";"50";"Zaragoza";"02";"Comunidad Autónoma de Aragón";"RRD";"RRGD"
"002";"ACERED";"50";"Zaragoza";"02";"Comunidad Autónoma de Aragón";"RRD";"RRGD"
"003";"AGON";"50";"Zaragoza";"02";"Comunidad Autónoma de Aragón";"RRD";"RRGD"
"004";"AGUARON";"50";"Zaragoza";"02";"Comunidad Autónoma de Aragón";"RNC";"RNC"
"005";"AGUILON";"50";"Zaragoza";"02";"Comunidad Autónoma de Aragón";"RRD";"RRGD"
"006";"AINZON";"50";"Zaragoza";"02";"Comunidad Autónoma de Aragón";"RNC";"RNC"
"007";"ALADREN";"50";"Zaragoza";"02";"Comunidad Autónoma de Aragón";"RRD";"RRGD"
"008";"ALAGON";"50";"Zaragoza";"02";"Comunidad Autónoma de Aragón";"URBANO";"URBANO"
"009";"ALARBA";"50";"Zaragoza";"02";"Comunidad Autónoma de Aragón";"RRD";"RRGD"
"010";"ALBERITE DE SAN JUAN";"50";"Zaragoza";"02";"Comunidad Autónoma de Aragón";"RRD";"RRGD"
"011";"ALBETA";"50";"Zaragoza";"02";"Comunidad Autónoma de Aragón";"RNC";"RNC"
"012";"ALBORGE";"50";"Zaragoza";"02";"Comunidad Autónoma de Aragón";"RNC";"RNC"
"013";"ALCALA DE EBRO";"50";"Zaragoza";"02";"Comunidad Autónoma de Aragón";"RNC";"RNC"
"014";"ALCALA DE MONCAYO";"50";"Zaragoza";"02";"Comunidad Autónoma de Aragón";"RRD";"RRD"
"015";"ALCONCHEL DE ARIZA";"50";"Zaragoza";"02";"Comunidad Autónoma de Aragón";"RRD";"RRGD"
"016";"ALDEHUELA DE LIESTOS";"50";"Zaragoza";"02";"Comunidad Autónoma de Aragón";"RRD";"RRGD"
"017";"ALFAJARIN";"50";"Zaragoza";"02";"Comunidad Autónoma de Aragón";"RNC";"RNC"
"018";"ALFAMEN";"50";"Zaragoza";"02";"Comunidad Autónoma de Aragón";"RNC";"RNC"
"019";"ALFORQUE";"50";"Zaragoza";"02";"Comunidad Autónoma de Aragón";"RRD";"RRGD"
"020";"ALHAMA DE ARAGON";"50";"Zaragoza";"02";"Comunidad Autónoma de Aragón";"RNC";"RNC"
"021";"ALMOCHUEL";"50";"Zaragoza";"02";"Comunidad Autónoma de Aragón";"RRD";"RRGD"
"022";"ALMOLDA (LA)";"50";"Zaragoza";"02";"Comunidad Autónoma de Aragón";"RRD";"RRGD"
"023";"ALMONACID DE LA CUBA";"50";"Zaragoza";"02";"Comunidad Autónoma de Aragón";"RRD";"RRGD"
"024";"ALMONACID DE LA SIERRA";"50";"Zaragoza";"02";"Comunidad Autónoma de Aragón";"RNC";"RNC"
"025";"ALMUNIA DE DOÑA GODINA (LA)";"50";"Zaragoza";"02";"Comunidad Autónoma de Aragón";"URBANO";"URBANO"
"026";"ALPARTIR";"50";"Zaragoza";"02";"Comunidad Autónoma de Aragón";"RNC";"RNC"
"027";"AMBEL";"50";"Zaragoza";"02";"Comunidad Autónoma de Aragón";"RRD";"RRGD"
"028";"ANENTO";"50";"Zaragoza";"02";"Comunidad Autónoma de Aragón";"RRD";"RRGD"
"029";"ANIÑON";"50";"Zaragoza";"02";"Comunidad Autónoma de Aragón";"RNC";"RNC"
"030";"AÑON DE MONCAYO";"50";"Zaragoza";"02";"Comunidad Autónoma de Aragón";"RRD";"RRGD"
"031";"ARANDA DE MONCAYO";"50";"Zaragoza";"02";"Comunidad Autónoma de Aragón";"RRD";"RRGD"
"032";"ARANDIGA";"50";"Zaragoza";"02";"Comunidad Autónoma de Aragón";"RRD";"RRGD"
"033";"ARDISA";"50";"Zaragoza";"02";"Comunidad Autónoma de Aragón";"RRD";"RRGD"
"034";"ARIZA";"50";"Zaragoza";"02";"Comunidad Autónoma de Aragón";"RRD";"RRD"
"035";"ARTIEDA";"50";"Zaragoza";"02";"Comunidad Autónoma de Aragón";"RRD";"RRGD"
"036";"ASIN";"50";"Zaragoza";"02";"Comunidad Autónoma de Aragón";"RRD";"RRGD"
"037";"ATEA";"50";"Zaragoza";"02";"Comunidad Autónoma de Aragón";"RRD";"RRGD"
"038";"ATECA";"50";"Zaragoza";"02";"Comunidad Autónoma de Aragón";"RNC";"RNC"
"039";"AZUARA";"50";"Zaragoza";"02";"Comunidad Autónoma de Aragón";"RRD";"RRGD"
"040";"BADULES";"50";"Zaragoza";"02";"Comunidad Autónoma de Aragón";"RRD";"RRGD"
"041";"BAGÜES";"50";"Zaragoza";"02";"Comunidad Autónoma de Aragón";"RRD";"RRGD"
"042";"BALCONCHAN";"50";"Zaragoza";"02";"Comunidad Autónoma de Aragón";"RRD";"RRGD"
"043";"BARBOLES";"50";"Zaragoza";"02";"Comunidad Autónoma de Aragón";"RNC";"RNC"
"044";"BARDALLUR";"50";"Zaragoza";"02";"Comunidad Autónoma de Aragón";"RRD";"RRD"
"045";"BELCHITE";"50";"Zaragoza";"02";"Comunidad Autónoma de Aragón";"RRD";"RRGD"
"046";"BELMONTE DE GRACIAN";"50";"Zaragoza";"02";"Comunidad Autónoma de Aragón";"RRD";"RRGD"
"047";"BERDEJO";"50";"Zaragoza";"02";"Comunidad Autónoma de Aragón";"RRD";"RRGD"
"048";"BERRUECO";"50";"Zaragoza";"02";"Comunidad Autónoma de Aragón";"RRD";"RRGD"
"049";"BIEL-FUENCALDERAS";"50";"Zaragoza";"02";"Comunidad Autónoma de Aragón";"RRD";"RRGD"
"050";"BIJUESCA";"50";"Zaragoza";"02";"Comunidad Autónoma de Aragón";"RRD";"RRGD"
"051";"BIOTA";"50";"Zaragoza";"02";"Comunidad Autónoma de Aragón";"RRD";"RRGD"
"052";"BISIMBRE";"50";"Zaragoza";"02";"Comunidad Autónoma de Aragón";"RRD";"RRD"
"053";"BOQUIÑENI";"50";"Zaragoza";"02";"Comunidad Autónoma de Aragón";"RNC";"RNC"
"054";"BORDALBA";"50";"Zaragoza";"02";"Comunidad Autónoma de Aragón";"RRD";"RRGD"
"055";"BORJA";"50";"Zaragoza";"02";"Comunidad Autónoma de Aragón";"RNC";"RNC"
"056";"BOTORRITA";"50";"Zaragoza";"02";"Comunidad Autónoma de Aragón";"RNC";"RNC"
"057";"BREA DE ARAGON";"50";"Zaragoza";"02";"Comunidad Autónoma de Aragón";"URBANO";"URBANO"
"058";"BUBIERCA";"50";"Zaragoza";"02";"Comunidad Autónoma de Aragón";"RRD";"RRGD"
"059";"BUJARALOZ";"50";"Zaragoza";"02";"Comunidad Autónoma de Aragón";"RRD";"RRD"
"060";"BULBUENTE";"50";"Zaragoza";"02";"Comunidad Autónoma de Aragón";"RRD";"RRD"
"061";"BURETA";"50";"Zaragoza";"02";"Comunidad Autónoma de Aragón";"RNC";"RNC"
"062";"BURGO DE EBRO (EL)";"50";"Zaragoza";"02";"Comunidad Autónoma de Aragón";"RNC";"RNC"
"063";"BUSTE (EL)";"50";"Zaragoza";"02";"Comunidad Autónoma de Aragón";"RRD";"RRD"
"064";"CABAÑAS DE EBRO";"50";"Zaragoza";"02";"Comunidad Autónoma de Aragón";"RNC";"RNC"
