"Código SIEX";"Nombre";"NIF";"Nombre demarcación";"Superficial";"Subterránea";"Pluvial";"Regeneración";"Desalinización";"Recursos alternativos (distintos de la regeneración y desalinización)";"Nombre de procedencia";"Caudal máximo instantáneo (l/s)";"Volumen máximo anual (m3)";"Superficie con derecho a riego (ha)";"Uso/s";"Municipio";"Provincia";Fecha de alta;Fecha de modificación;Fecha de baja
"ES017C0012";"COMUNIDAD DE REGANTES DE CALABAZA";"G74226028";"CANTÁBRICO ORIENTAL";"SI";"NO";"NO";"NO";"NO";"NO";;"0.01";"115.5";"0.08";"Regadío";;"ASTURIAS";19/06/2024;;
"ES017C0021";"COMUNIDAD DE REGANTES AUSUA";"09O113751";"CANTÁBRICO ORIENTAL";"SI";"NO";"NO";"NO";"NO";"NO";;"0.09";"2785";"0";"Regadío";;;19/06/2024;;
"ES017C0023";"COMUNIDAD DE REGANTES MONTE ERLABIBURO";"09O113750";"CANTÁBRICO ORIENTAL";"SI";"NO";"NO";"NO";"NO";"NO";;"0.07";"2236";"0";"Regadío";;;19/06/2024;;
"ES017C0101";"COMUNIDAD DE REGANTES DE BALDICIERVOS";"09O125993";"CANTÁBRICO ORIENTAL";"SI";"NO";"NO";"NO";"NO";"NO";;"0.56";"17680";"0.48";"Regadío";;"ASTURIAS";19/06/2024;;
"ES017C0141";"COMUNIDAD DE REGANTES DE LARGACHA";"G74182015";"CANTÁBRICO ORIENTAL";"SI";"NO";"NO";"NO";"NO";"NO";;"0.36";"480";"0.15";"Regadío";;;19/06/2024;;
"ES017C0194";"COMUNIDAD DE REGANTES DEL ARROYO LAS ANZAS";"G74190836";"CANTÁBRICO ORIENTAL";"SI";"NO";"NO";"NO";"NO";"NO";;"0.41";"4301";"4.13";"Regadío";;"ASTURIAS";19/06/2024;;
"ES017C0195";"COMUNIDAD DE REGANTES DEL ARROYO MARIÑÁN";"09O112573";"CANTÁBRICO ORIENTAL";"SI";"NO";"NO";"NO";"NO";"NO";;"0.16";"0";"0.75";"Regadío";;"ASTURIAS";19/06/2024;;
"ES017C0219";"COMUNIDAD DE REGANTES DEL RÍO IZALDE DE OKONDO";"G74111212";"CANTÁBRICO ORIENTAL";"SI";"NO";"NO";"NO";"NO";"NO";;"1.7";"5767";"1.8";"Regadío";;;19/06/2024;;
"ES017C0233";"COMUNIDAD DE REGANTES DEL RÍO VALLINAFERRERA";"G74113986";"CANTÁBRICO ORIENTAL";"SI";"NO";"NO";"NO";"NO";"NO";;"0.16";"2516";"0.68";"Regadío";;"ASTURIAS";19/06/2024;;
"ES017C0295";"COMUNIDAD DE REGANTES IBARGOYEN-GAÑA";"V74333642";"CANTÁBRICO ORIENTAL";"SI";"NO";"NO";"NO";"NO";"NO";;"0.29";"0";"3";"Regadío";;;19/06/2024;;
"ES017C0296";"COMUNIDAD DE REGANTES KIWI";"V74333642";"CANTÁBRICO ORIENTAL";"SI";"NO";"NO";"NO";"NO";"NO";;"9";"12000";"6";"Regadío";"Doneztebe/Santesteban";"NAVARRA";19/06/2024;;
"ES017C0317";"COMUNIDAD DE REGANTES LAS CUESTAS";"09O115155";"CANTÁBRICO ORIENTAL";"SI";"NO";"NO";"NO";"NO";"NO";;"3.7";"2559";"1.23";"Regadío";;"ASTURIAS";19/06/2024;;
"ES017C0332";"COMUNIDAD DE REGANTES MANANTIAL DE ITTURNA";"G74115288";"CANTÁBRICO ORIENTAL";"SI";"NO";"NO";"NO";"NO";"NO";;"0.83";"450";"0.3";"Regadío";"Ituren";"NAVARRA";19/06/2024;;
"ES017C0401";"COMUNIDAD DE REGANTES SAN VICENTE";"09O126081";"CANTÁBRICO ORIENTAL";"SI";"NO";"NO";"NO";"NO";"NO";;"0.43";"1119";"0.33";"Regadío";;;19/06/2024;;
"ES017C0426";"COMUNIDAD DE REGANTES XIXTAPOR";"V71073795";"CANTÁBRICO ORIENTAL";"SI";"NO";"NO";"NO";"NO";"NO";;"0.3";"560";"0.5";"Regadío";"Bertizarana";"NAVARRA";19/06/2024;;
"ES018C0001";"COMUNIDAD DE REGANTES DEL MOURO";"V74125253";"CANTÁBRICO OCCIDENTAL";"SI";"NO";"NO";"NO";"NO";"NO";;"0.13";"2720";"0.4";"Regadío";"Cangas del Narcea";"ASTURIAS";19/06/2024;;
"ES018C0002";"COMUNIDAD DE REGANTES AGUA PRESAS REGUEIRO CELA";"G27294719";"CANTÁBRICO OCCIDENTAL";"SI";"NO";"NO";"NO";"NO";"NO";;"1.36";"14139";"5.17";"Regadío";"Becerreá";"LUGO";19/06/2024;;
"ES018C0003";"COMUNIDAD DE REGANTES ARROYO REGATO DE VILAVELLA";"09O124044";"CANTÁBRICO OCCIDENTAL";"SI";"NO";"NO";"NO";"NO";"NO";;"0.55";"5453";"1.09";"Regadío";"Cervantes";"LUGO";19/06/2024;;
"ES018C0004";"COMUNIDAD DE REGANTES DE LA PRESA GRANDE DE TRASCASTRO";"09O123810";"CANTÁBRICO OCCIDENTAL";"SI";"NO";"NO";"NO";"NO";"NO";;"0.82";"8161";"1.63";"Regadío";"Becerreá";"LUGO";19/06/2024;;
"ES018C0005";"COMUNIDAD DE REGANTES DE LA PRESA PEQUENA DE TRASCASTRO";"09O108392";"CANTÁBRICO OCCIDENTAL";"SI";"NO";"NO";"NO";"NO";"NO";;"0.14";"1350";"0.27";"Regadío";"Becerreá";"LUGO";19/06/2024;;
"ES018C0006";"COMUNIDAD DE REGANTES DE SAN PEDRO DE TORTES";"09O108660";"CANTÁBRICO OCCIDENTAL";"SI";"NO";"NO";"NO";"NO";"NO";;"1.19";"11850";"2.37";"Regadío";"Becerreá";"LUGO";19/06/2024;;
"ES018C0007";"COMUNIDAD DE REGANTES DEL AGUA DEL ARROYO DA FONTIÑA";"09O123985";"CANTÁBRICO OCCIDENTAL";"SI";"NO";"NO";"NO";"NO";"NO";;"1.27";"12638";"2.53";"Regadío";"Navia de Suarna";"LUGO";19/06/2024;;
"ES018C0008";"COMUNIDAD DE REGANTES DEL ARROYO DE ALÓ RIBA O VALÍN CARNEIRO";"09O123880";"CANTÁBRICO OCCIDENTAL";"SI";"NO";"NO";"NO";"NO";"NO";;"0.78";"7750";"1.55";"Regadío";"A Fonsagrada";"LUGO";19/06/2024;;
"ES018C0009";"COMUNIDAD DE REGANTES RÍO CUBILLEDO-PRESA DOS PRADOS VELLOS CASTRO";"09O123900";"CANTÁBRICO OCCIDENTAL";"SI";"NO";"NO";"NO";"NO";"NO";;"0.22";"2152";"0.43";"Regadío";"Baleira";"LUGO";19/06/2024;;
"ES018C0010";"COMUNIDAD DE REGANTES DE LOS ARROYOS CEREIZAL DE LA CHERA Y AVESEO";"G74133117";"CANTÁBRICO OCCIDENTAL";"SI";"NO";"NO";"NO";"NO";"NO";;"0.36";"10818";"1.69";"Regadío";"Cangas del Narcea";"ASTURIAS";19/06/2024;;
"ES018C0011";"COMUNIDAD DE REGANTES PARA APROVTO DE AGUAS DEL RÍO SAN ISIDRO";"G74135799";"CANTÁBRICO OCCIDENTAL";"SI";"NO";"NO";"NO";"NO";"NO";;"0.4";"6800";"0.02";"Regadío";"Aller";"ASTURIAS";19/06/2024;;
"ES018C0013";"COMUNIDAD DE REGANTES POZO DE LA FINCA LA HUERTA DE LA APARCERIA";"G33950825";"CANTÁBRICO OCCIDENTAL";"SI";"NO";"NO";"NO";"NO";"NO";;"1";"7602";"1.6";"Regadío";"Villaviciosa";"ASTURIAS";19/06/2024;;
"ES018C0014";"COMUNIDAD DE REGANTES RÍO STA MARIÑA-PRESA DO PONTIGO DE VEIGA";"G27323658";"CANTÁBRICO OCCIDENTAL";"SI";"NO";"NO";"NO";"NO";"NO";;"0.19";"1980";"0.38";"Regadío";"Becerreá";"LUGO";19/06/2024;;
"ES018C0015";"COMUNIDAD DE REGANTES DE LA FUENTE EL ARENAL";"V74471426";"CANTÁBRICO OCCIDENTAL";"SI";"NO";"NO";"NO";"NO";"NO";;"0.05";"1450";"0.69";"Regadío";"Ibias";"ASTURIAS";19/06/2024;;
"ES018C0017";"COMUNIDAD DE REGANTES SUAS FOLGUEIRAS-PRADO NOVO";"G27403807";"CANTÁBRICO OCCIDENTAL";"SI";"NO";"NO";"NO";"NO";"NO";;"0.29";"9044";"1.33";"Regadío";"As Nogais";"LUGO";19/06/2024;;
"ES018C0018";"COMUNIDAD DE REGANTES DE VALICEDO";"V27414572";"CANTÁBRICO OCCIDENTAL";"SI";"NO";"NO";"NO";"NO";"NO";;"0.25";"7848";"1.15";"Regadío";"Becerreá";"LUGO";19/06/2024;;
"ES018C0020";"COMUNIDAD DE REGANTES ARROYO PRADERA RABEIRO";"V74376948";"CANTÁBRICO OCCIDENTAL";"SI";"NO";"NO";"NO";"NO";"NO";;"0.5";"8986";"1.46";"Regadío";"Cangas del Narcea";"ASTURIAS";19/06/2024;;
"ES018C0022";"COMUNIDAD DE REGANTES FONTE DA PÍA";"G27349208";"CANTÁBRICO OCCIDENTAL";"SI";"NO";"NO";"NO";"NO";"NO";;"0.22";"2898";"0.43";"Regadío";"Pedrafita do Cebreiro";"LUGO";19/06/2024;;
"ES018C0024";"COMUNIDAD DE REGANTES PRADO VEIGUIÑA";"09O130912";"CANTÁBRICO OCCIDENTAL";"SI";"NO";"NO";"NO";"NO";"NO";;"0.5";"0";"0.21";"Regadío";"Navia de Suarna";"LUGO";19/06/2024;;
"ES018C0025";"COMUNIDAD DE REGANTES PRESA DA CAMPA";"G27355387";"CANTÁBRICO OCCIDENTAL";"SI";"NO";"NO";"NO";"NO";"NO";;"0.3";"2380";"0.6";"Regadío";"Pedrafita do Cebreiro";"LUGO";19/06/2024;;
"ES018C0026";"COMUNIDAD DE REGANTES PRESA DE ABAIXO DA FONTE DE PÍA";"G27349927";"CANTÁBRICO OCCIDENTAL";"SI";"NO";"NO";"NO";"NO";"NO";;"0.3";"3695";"0.59";"Regadío";"Pedrafita do Cebreiro";"LUGO";19/06/2024;;
"ES018C0027";"COMUNIDAD DE REGANTES PRESA DE ABAIXO DO CUAÑO";"G27350438";"CANTÁBRICO OCCIDENTAL";"SI";"NO";"NO";"NO";"NO";"NO";;"0.71";"2454";"1.47";"Regadío";"Pedrafita do Cebreiro";"LUGO";19/06/2024;;
"ES018C0028";"COMUNIDAD DE REGANTES PRESA DO BATÁN";"G27349190";"CANTÁBRICO OCCIDENTAL";"SI";"NO";"NO";"NO";"NO";"NO";;"0.46";"6936";"1.02";"Regadío";"Pedrafita do Cebreiro";"LUGO";19/06/2024;;
"ES018C0029";"COMUNIDAD DE REGANTES PRESA DO CUAÑO";"G27349216";"CANTÁBRICO OCCIDENTAL";"SI";"NO";"NO";"NO";"NO";"NO";;"0.3";"1365";"0.6";"Regadío";"Pedrafita do Cebreiro";"LUGO";19/06/2024;;
"ES018C0030";"COMUNIDAD DE REGANTES PRESA DO LAMEIRO DE ABAIXO";"G27350354";"CANTÁBRICO OCCIDENTAL";"SI";"NO";"NO";"NO";"NO";"NO";;"0.28";"1790";"0.59";"Regadío";"Pedrafita do Cebreiro";"LUGO";19/06/2024;;
"ES018C0031";"COMUNIDAD DE REGANTES PRESA DO PRADO LONGO";"G27355361";"CANTÁBRICO OCCIDENTAL";"SI";"NO";"NO";"NO";"NO";"NO";;"0.34";"2179";"0.69";"Regadío";"Pedrafita do Cebreiro";"LUGO";19/06/2024;;
"ES018C0032";"COMUNIDAD DE REGANTES PRESA DO PRIOR";"G27331453";"CANTÁBRICO OCCIDENTAL";"SI";"NO";"NO";"NO";"NO";"NO";;"0.46";"7631";"1.54";"Regadío";"Pedrafita do Cebreiro";"LUGO";19/06/2024;;
"ES018C0033";"COMUNIDAD DE REGANTES PRESA MUIN DANXELA";"G27331438";"CANTÁBRICO OCCIDENTAL";"SI";"NO";"NO";"NO";"NO";"NO";;"0.14";"2322";"0.47";"Regadío";"Pedrafita do Cebreiro";"LUGO";19/06/2024;;
"ES018C0034";"COMUNIDAD DE REGANTES PRESA NOVA";"G27331446";"CANTÁBRICO OCCIDENTAL";"SI";"NO";"NO";"NO";"NO";"NO";;"0.67";"11115";"2.22";"Regadío";"Pedrafita do Cebreiro";"LUGO";19/06/2024;;
"ES018C0035";"COMUNIDAD DE REGANTES REGUEIRO DO LAMEIRO";"G27355379";"CANTÁBRICO OCCIDENTAL";"SI";"NO";"NO";"NO";"NO";"NO";;"0.09";"1350";"0.2";"Regadío";"Pedrafita do Cebreiro";"LUGO";19/06/2024;;
"ES018C0036";"COMUNIDAD DE REGANTES (1) DE VILLALAR";"G74070145";"CANTÁBRICO OCCIDENTAL";"SI";"NO";"NO";"NO";"NO";"NO";;"0.48";"5644";"0.83";"Regadío";"Cangas del Narcea";"ASTURIAS";19/06/2024;;
"ES018C0037";"COMUNIDAD DE REGANTES (2) DE VILLALAR";"G74070152";"CANTÁBRICO OCCIDENTAL";"SI";"NO";"NO";"NO";"NO";"NO";;"0.41";"8106";"1.2";"Regadío";"Cangas del Narcea";"ASTURIAS";19/06/2024;;
"ES018C0038";"COMUNIDAD DE REGANTES (3) DE VILLALAR";"09O121923";"CANTÁBRICO OCCIDENTAL";"SI";"NO";"NO";"NO";"NO";"NO";;"0.52";"16320";"2.4";"Regadío";"Cangas del Narcea";"ASTURIAS";19/06/2024;;
"ES018C0039";"COMUNIDAD DE REGANTES A PERTIGA";"G27349851";"CANTÁBRICO OCCIDENTAL";"SI";"NO";"NO";"NO";"NO";"NO";;"0.1";"3000";"0.6";"Regadío";"Riotorto";"LUGO";19/06/2024;;
"ES018C0040";"COMUNIDAD DE REGANTES ARROYO DA COSTA - PRESA CHOUSO DO AVISEDO";"G27316702";"CANTÁBRICO OCCIDENTAL";"SI";"NO";"NO";"NO";"NO";"NO";;"0.33";"3448";"0.51";"Regadío";"Becerreá";"LUGO";19/06/2024;;
"ES018C0041";"COMUNIDAD DE REGANTES ARROYO DA COSTA- PRESA P. DE ABAIXO";"G27319474";"CANTÁBRICO OCCIDENTAL";"SI";"NO";"NO";"NO";"NO";"NO";;"0.13";"3963";"0.58";"Regadío";"Becerreá";"LUGO";19/06/2024;;
"ES018C0042";"COMUNIDAD DE REGANTES ARROYO DA COSTA-PRESA DO MEDIO";"G27319466";"CANTÁBRICO OCCIDENTAL";"SI";"NO";"NO";"NO";"NO";"NO";;"0.2";"2072";"0.4";"Regadío";"Becerreá";"LUGO";19/06/2024;;
"ES018C0043";"COMUNIDAD DE REGANTES ARROYO DA COSTA-PRESA DO MUIÑO";"G27319458";"CANTÁBRICO OCCIDENTAL";"SI";"NO";"NO";"NO";"NO";"NO";;"0.15";"1518";"0.29";"Regadío";"Becerreá";"LUGO";19/06/2024;;
"ES018C0044";"COMUNIDAD DE REGANTES ARROYO LA REGUEIRONA";"V74446626";"CANTÁBRICO OCCIDENTAL";"SI";"NO";"NO";"NO";"NO";"NO";;"0.18";"5796";"0.92";"Regadío";"Cangas del Narcea";"ASTURIAS";19/06/2024;;
"ES018C0045";"COMUNIDAD DE REGANTES ARROYO LAS CHAMAS";"V74438698";"CANTÁBRICO OCCIDENTAL";"SI";"NO";"NO";"NO";"NO";"NO";;"0.65";"14467";"0";"Regadío";"Cangas del Narcea";"ASTURIAS";19/06/2024;;
"ES018C0046";"COMUNIDAD DE REGANTES ARROYO LOS CORROS";"V74336306";"CANTÁBRICO OCCIDENTAL";"SI";"NO";"NO";"NO";"NO";"NO";;"0.25";"7770";"2.62";"Regadío";"Cangas del Narcea";"ASTURIAS";19/06/2024;;
"ES018C0047";"COMUNIDAD DE REGANTES ARROYO LOS MOLINOS-LINDOTA";"V74438680";"CANTÁBRICO OCCIDENTAL";"SI";"NO";"NO";"NO";"NO";"NO";;"1.09";"39111";"6.32";"Regadío";"Cangas del Narcea";"ASTURIAS";19/06/2024;;
"ES018C0048";"COMUNIDAD DE REGANTES ARVIA";"G74150939";"CANTÁBRICO OCCIDENTAL";"SI";"NO";"NO";"NO";"NO";"NO";;"2";"3283";"1.58";"Regadío";"Somiedo";"ASTURIAS";19/06/2024;;
"ES018C0049";"COMUNIDAD DE REGANTES ASTORGUELA";"09O115167";"CANTÁBRICO OCCIDENTAL";"SI";"NO";"NO";"NO";"NO";"NO";;"0.01";"365";"0.24";"Regadío";"Cervantes";"LUGO";19/06/2024;;
"ES018C0050";"COMUNIDAD DE REGANTES BANZADO DO COTRÓN";"G27325513";"CANTÁBRICO OCCIDENTAL";"SI";"NO";"NO";"NO";"NO";"NO";;"0.42";"13348";"1.96";"Regadío";"Cervantes";"LUGO";19/06/2024;;
"ES018C0051";"COMUNIDAD DE REGANTES BANZADO DO COUSO";"G27324979";"CANTÁBRICO OCCIDENTAL";"SI";"NO";"NO";"NO";"NO";"NO";;"0.41";"13056";"1.92";"Regadío";"Cervantes";"LUGO";19/06/2024;;
"ES018C0052";"COMUNIDAD DE REGANTES BANZADO DO REDONDO";"G27324029";"CANTÁBRICO OCCIDENTAL";"SI";"NO";"NO";"NO";"NO";"NO";;"0.11";"3536";"0.52";"Regadío";"Cervantes";"LUGO";19/06/2024;;
"ES018C0053";"COMUNIDAD DE REGANTES BARREIRO DE AGUSTIN";"09O115135";"CANTÁBRICO OCCIDENTAL";"SI";"NO";"NO";"NO";"NO";"NO";;"0.06";"286";"0.14";"Regadío";"Cervantes";"LUGO";19/06/2024;;
"ES018C0054";"COMUNIDAD DE REGANTES CAMINO DO SANTALLA";"09O115146";"CANTÁBRICO OCCIDENTAL";"SI";"NO";"NO";"NO";"NO";"NO";;"0.01";"300";"0.05";"Regadío";"Cervantes";"LUGO";19/06/2024;;
"ES018C0055";"COMUNIDAD DE REGANTES CASAZORRINA";"09O122240";"CANTÁBRICO OCCIDENTAL";"SI";"NO";"NO";"NO";"NO";"NO";;"5";"0";"4.98";"Regadío";"Salas";"ASTURIAS";19/06/2024;;
"ES018C0056";"COMUNIDAD DE REGANTES CASAZORRINA Y OTROS";"09O122240";"CANTÁBRICO OCCIDENTAL";"SI";"NO";"NO";"NO";"NO";"NO";;"2";"0";"1.88";"Regadío";"Salas";"ASTURIAS";19/06/2024;;
"ES018C0057";"COMUNIDAD DE REGANTES CASTAÑAL, FONTANÓN Y VILLARBOIRO";"09O112520";"CANTÁBRICO OCCIDENTAL";"SI";"NO";"NO";"NO";"NO";"NO";;"2.44";"28894";"4.3";"Regadío";"Cangas del Narcea";"ASTURIAS";19/06/2024;;
"ES018C0058";"COMUNIDAD DE REGANTES CASTAÑEDO";"09O110355";"CANTÁBRICO OCCIDENTAL";"SI";"NO";"NO";"NO";"NO";"NO";;"0.6";"18900";"3";"Regadío";"Cangas del Narcea";"ASTURIAS";19/06/2024;;
"ES018C0059";"COMUNIDAD DE REGANTES CERAGONA";"V74426107";"CANTÁBRICO OCCIDENTAL";"SI";"NO";"NO";"NO";"NO";"NO";;"0.1";"2996";"0.44";"Regadío";"Cangas del Narcea";"ASTURIAS";19/06/2024;;
"ES018C0060";"COMUNIDAD DE REGANTES CHEIRÓN DEL CHOUNACHO";"G74110271";"CANTÁBRICO OCCIDENTAL";"SI";"NO";"NO";"NO";"NO";"NO";;"0.57";"17880";"2.98";"Regadío";"Cangas del Narcea";"ASTURIAS";19/06/2024;;
"ES018C0061";"COMUNIDAD DE REGANTES CHOUSA DE ABAJO";"V74261363";"CANTÁBRICO OCCIDENTAL";"SI";"NO";"NO";"NO";"NO";"NO";;"0.06";"912";"0.24";"Regadío";"Cervantes";"LUGO";19/06/2024;;
"ES018C0062";"COMUNIDAD DE REGANTES CHOUSO DE PENA";"09O115136";"CANTÁBRICO OCCIDENTAL";"SI";"NO";"NO";"NO";"NO";"NO";;"0.03";"1080";"0.18";"Regadío";"Cervantes";"LUGO";19/06/2024;;
"ES018C0063";"COMUNIDAD DE REGANTES COMBARRO I";"09O115144";"CANTÁBRICO OCCIDENTAL";"SI";"NO";"NO";"NO";"NO";"NO";;"0.46";"3557";"1.75";"Regadío";"Cangas del Narcea";"ASTURIAS";19/06/2024;;
"ES018C0064";"COMUNIDAD DE REGANTES COMBARRO II";"09O125458";"CANTÁBRICO OCCIDENTAL";"SI";"NO";"NO";"NO";"NO";"NO";;"0.36";"11485";"1.5";"Regadío";"Cangas del Narcea";"ASTURIAS";19/06/2024;;
"ES018C0065";"COMUNIDAD DE REGANTES CUBACHO";"09O110199";"CANTÁBRICO OCCIDENTAL";"SI";"NO";"NO";"NO";"NO";"NO";;"0.98";"10200";"1.5";"Regadío";"Cangas del Narcea";"ASTURIAS";19/06/2024;;
"ES018C0066";"COMUNIDAD DE REGANTES CUBIECHAS";"G74111626";"CANTÁBRICO OCCIDENTAL";"SI";"NO";"NO";"NO";"NO";"NO";;"0.58";"7822";"1.49";"Regadío";"Cangas del Narcea";"ASTURIAS";19/06/2024;;
"ES018C0067";"COMUNIDAD DE REGANTES DA BARREIRA I";"V74411273";"CANTÁBRICO OCCIDENTAL";"SI";"NO";"NO";"NO";"NO";"NO";;"0.25";"5236";"0.66";"Regadío";"As Nogais";"LUGO";19/06/2024;;
"ES018C0068";"COMUNIDAD DE REGANTES DA BARREIRA II";"G27415876";"CANTÁBRICO OCCIDENTAL";"SI";"NO";"NO";"NO";"NO";"NO";;"0.26";"1595";"0.26";"Regadío";"As Nogais";"LUGO";19/06/2024;;
"ES018C0069";"COMUNIDAD DE REGANTES DA BARREIRA III";"G27414911";"CANTÁBRICO OCCIDENTAL";"SI";"NO";"NO";"NO";"NO";"NO";;"0.23";"1972";"0.29";"Regadío";"As Nogais";"LUGO";19/06/2024;;
"ES018C0070";"COMUNIDAD DE REGANTES DA FONTE DO PANDO";"G27400902";"CANTÁBRICO OCCIDENTAL";"SI";"NO";"NO";"NO";"NO";"NO";;"0.24";"7480";"1.1";"Regadío";"Becerreá";"LUGO";19/06/2024;;
"ES018C0071";"COMUNIDAD DE REGANTES DA FONTE DO VALIÑO";"09O108459";"CANTÁBRICO OCCIDENTAL";"SI";"NO";"NO";"NO";"NO";"NO";;"0.79";"5668";"1.57";"Regadío";"Baleira";"LUGO";19/06/2024;;
"ES018C0072";"COMUNIDAD DE REGANTES DA PRESA DAS VEIGAS DO CASTRO";"G27355908";"CANTÁBRICO OCCIDENTAL";"SI";"NO";"NO";"NO";"NO";"NO";;"0.89";"14058";"2.07";"Regadío";"Cervantes";"LUGO";19/06/2024;;
"ES018C0073";"COMUNIDAD DE REGANTES DA PRESA DE BARBEITAS";"G27397025";"CANTÁBRICO OCCIDENTAL";"SI";"NO";"NO";"NO";"NO";"NO";;"0.25";"2223";"0.49";"Regadío";"Becerreá";"LUGO";19/06/2024;;
"ES018C0074";"COMUNIDAD DE REGANTES DA PRESA DE CARRADEI";"G27379411";"CANTÁBRICO OCCIDENTAL";"SI";"NO";"NO";"NO";"NO";"NO";;"0.33";"10331";"1.52";"Regadío";"Becerreá";"LUGO";19/06/2024;;
"ES018C0075";"COMUNIDAD DE REGANTES DA PRESA DE LIÑARES";"G27348895";"CANTÁBRICO OCCIDENTAL";"SI";"NO";"NO";"NO";"NO";"NO";;"0.41";"4271";"0.59";"Regadío";"Pedrafita do Cebreiro";"LUGO";19/06/2024;;
"ES018C0076";"COMUNIDAD DE REGANTES DA PRESA DOS INXERTOS";"G27310721";"CANTÁBRICO OCCIDENTAL";"SI";"NO";"NO";"NO";"NO";"NO";;"1.13";"7811";"2.26";"Regadío";"Cervantes";"LUGO";19/06/2024;;
"ES018C0077";"COMUNIDAD DE REGANTES DA REGA DE SAN MARTÍN";"G27374958";"CANTÁBRICO OCCIDENTAL";"SI";"NO";"NO";"NO";"NO";"NO";;"0.38";"11900";"1.75";"Regadío";"Becerreá";"LUGO";19/06/2024;;
"ES018C0078";"COMUNIDAD DE REGANTES DA REGA DO PEDRUÑAL";"G27324011";"CANTÁBRICO OCCIDENTAL";"SI";"NO";"NO";"NO";"NO";"NO";;"1.23";"32205";"4.74";"Regadío";"Cervantes";"LUGO";19/06/2024;;
"ES018C0079";"COMUNIDAD DE REGANTES DA VEIGA DE VILLASANTE";"G27335322";"CANTÁBRICO OCCIDENTAL";"SI";"NO";"NO";"NO";"NO";"NO";;"0.53";"14348";"2.11";"Regadío";"Cervantes";"LUGO";19/06/2024;;
"ES018C0080";"COMUNIDAD DE REGANTES DA VEIGA-CORRADAS";"G27355569";"CANTÁBRICO OCCIDENTAL";"SI";"NO";"NO";"NO";"NO";"NO";;"0.33";"10268";"1.51";"Regadío";"Cervantes";"LUGO";19/06/2024;;
"ES018C0081";"COMUNIDAD DE REGANTES DE EL LLANO DE JUNTO A CASA";"G33940594";"CANTÁBRICO OCCIDENTAL";"SI";"NO";"NO";"NO";"NO";"NO";;"0.21";"318";"0.07";"Regadío";"Villaviciosa";"ASTURIAS";19/06/2024;;
"ES018C0082";"COMUNIDAD DE REGANTES DE AGUA ARROYO LA SORDA";"09O111676";"CANTÁBRICO OCCIDENTAL";"SI";"NO";"NO";"NO";"NO";"NO";;"0.88";"9070";"1.51";"Regadío";"Cillorigo de Liébana";"CANTABRIA";19/06/2024;;
"ES018C0083";"COMUNIDAD DE REGANTES DE AGUA DE LAS AZORERAS";"G74102989";"CANTÁBRICO OCCIDENTAL";"SI";"NO";"NO";"NO";"NO";"NO";;"0.41";"4420";"0.65";"Regadío";"Cangas del Narcea";"ASTURIAS";19/06/2024;;
"ES018C0084";"COMUNIDAD DE REGANTES DE AGUA DONTOLADA";"09O115424";"CANTÁBRICO OCCIDENTAL";"SI";"NO";"NO";"NO";"NO";"NO";;"0.96";"15000";"2.5";"Regadío";"As Nogais";"LUGO";19/06/2024;;
"ES018C0085";"COMUNIDAD DE REGANTES DE AGUA EL LONGRO";"09O112995";"CANTÁBRICO OCCIDENTAL";"SI";"NO";"NO";"NO";"NO";"NO";;"0.1";"2280";"0.38";"Regadío";"As Nogais";"LUGO";19/06/2024;;
"ES018C0086";"COMUNIDAD DE REGANTES DE AGUA F. DE ABAIXO";"09O112997";"CANTÁBRICO OCCIDENTAL";"SI";"NO";"NO";"NO";"NO";"NO";;"0.32";"7200";"1.2";"Regadío";"As Nogais";"LUGO";19/06/2024;;
"ES018C0087";"COMUNIDAD DE REGANTES DE AGUA FONTE DE RIGUEIRO";"09O115076";"CANTÁBRICO OCCIDENTAL";"SI";"NO";"NO";"NO";"NO";"NO";;"0.1";"3000";"0.5";"Regadío";"Becerreá";"LUGO";19/06/2024;;
"ES018C0088";"COMUNIDAD DE REGANTES DE AGUA FONTE DO CASTRO";"09O112999";"CANTÁBRICO OCCIDENTAL";"SI";"NO";"NO";"NO";"NO";"NO";;"0.32";"7200";"1.2";"Regadío";"As Nogais";"LUGO";19/06/2024;;
"ES018C0089";"COMUNIDAD DE REGANTES DE AGUA FONTE DO RIGUEIRO";"09O115075";"CANTÁBRICO OCCIDENTAL";"SI";"NO";"NO";"NO";"NO";"NO";;"0.1";"3000";"0.5";"Regadío";"Becerreá";"LUGO";19/06/2024;;
"ES018C0090";"COMUNIDAD DE REGANTES DE AGUA FONTIÑA";"09O112998";"CANTÁBRICO OCCIDENTAL";"SI";"NO";"NO";"NO";"NO";"NO";;"0.32";"7200";"1.2";"Regadío";"As Nogais";"LUGO";19/06/2024;;
"ES018C0091";"COMUNIDAD DE REGANTES DE AGUA MONTEVELLO";"09O115132";"CANTÁBRICO OCCIDENTAL";"SI";"NO";"NO";"NO";"NO";"NO";;"0.07";"2160";"0.36";"Regadío";"As Nogais";"LUGO";19/06/2024;;
"ES018C0092";"COMUNIDAD DE REGANTES DE AGUA REGUEIRO DA TRAPA";"09O111694";"CANTÁBRICO OCCIDENTAL";"SI";"NO";"NO";"NO";"NO";"NO";;"0.03";"1020";"0.17";"Regadío";"As Nogais";"LUGO";19/06/2024;;
"ES018C0093";"COMUNIDAD DE REGANTES DE AGUA RIO PURON EN S. PELAYO";"09O111677";"CANTÁBRICO OCCIDENTAL";"SI";"NO";"NO";"NO";"NO";"NO";;"1.62";"21000";"3.5";"Regadío";"Camaleño";"CANTABRIA";19/06/2024;;
"ES018C0094";"COMUNIDAD DE REGANTES DE AGUA VECINOS DE COLIO-ARROYO LA SORDA";"09O124297";"CANTÁBRICO OCCIDENTAL";"SI";"NO";"NO";"NO";"NO";"NO";;"0.98";"30889";"5.15";"Regadío";"Cillorigo de Liébana";"CANTABRIA";19/06/2024;;
"ES018C0095";"COMUNIDAD DE REGANTES DE AGUAS DAS VEIGAS DE RAMALLAL";"09O108241";"CANTÁBRICO OCCIDENTAL";"SI";"NO";"NO";"NO";"NO";"NO";;"0.4";"9044";"1.33";"Regadío";"Cervantes";"LUGO";19/06/2024;;
"ES018C0096";"COMUNIDAD DE REGANTES DE AGUAS DE CABREIRA";"09O111703";"CANTÁBRICO OCCIDENTAL";"SI";"NO";"NO";"NO";"NO";"NO";;"1.11";"11000";"2.2";"Regadío";"Baleira";"LUGO";19/06/2024;;
"ES018C0097";"COMUNIDAD DE REGANTES DE AGUAS HERMANOS MIER";"V74449349";"CANTÁBRICO OCCIDENTAL";"SI";"NO";"NO";"NO";"NO";"NO";;"0.04";"285";"0.05";"Regadío";"Camaleño";"CANTABRIA";19/06/2024;;
"ES018C0098";"COMUNIDAD DE REGANTES DE AMBRES";"09O125134";"CANTÁBRICO OCCIDENTAL";"SI";"NO";"NO";"NO";"NO";"NO";;"0.42";"6426";"1.02";"Regadío";"Cangas del Narcea";"ASTURIAS";19/06/2024;;
"ES018C0099";"COMUNIDAD DE REGANTES DE ARBAS";"09O110285";"CANTÁBRICO OCCIDENTAL";"SI";"NO";"NO";"NO";"NO";"NO";;"0.31";"3254";"0.48";"Regadío";"Cangas del Narcea";"ASTURIAS";19/06/2024;;
"ES018C0100";"COMUNIDAD DE REGANTES DE ARENAL-CANAMÓ";"G74120528";"CANTÁBRICO OCCIDENTAL";"SI";"NO";"NO";"NO";"NO";"NO";;"2.28";"43140";"6.36";"Regadío";"Cangas del Narcea";"ASTURIAS";19/06/2024;;
"ES018C0102";"COMUNIDAD DE REGANTES DE BÁRAGO";"V39821913";"CANTÁBRICO OCCIDENTAL";"SI";"NO";"NO";"NO";"NO";"NO";;"1.21";"2951.3";"1";"Regadío";"Vega de Liébana";"CANTABRIA";19/06/2024;;
"ES018C0103";"COMUNIDAD DE REGANTES DE BARZAMANAN";"09O125553";"CANTÁBRICO OCCIDENTAL";"SI";"NO";"NO";"NO";"NO";"NO";;"4";"0";"3.1";"Regadío";"Teverga";"ASTURIAS";19/06/2024;;
"ES018C0104";"COMUNIDAD DE REGANTES DE BUZARRA";"G27400928";"CANTÁBRICO OCCIDENTAL";"SI";"NO";"NO";"NO";"NO";"NO";;"1.69";"53300";"8.21";"Regadío";"Aller";"ASTURIAS";19/06/2024;;
"ES018C0105";"COMUNIDAD DE REGANTES DE CACHOUPÍN";"V74418971";"CANTÁBRICO OCCIDENTAL";"SI";"NO";"NO";"NO";"NO";"NO";;"10";"68000";"10";"Regadío";"Valdés";"ASTURIAS";19/06/2024;;
"ES018C0106";"COMUNIDAD DE REGANTES DE CANTIZ";"09O112519";"CANTÁBRICO OCCIDENTAL";"SI";"NO";"NO";"NO";"NO";"NO";;"0.54";"17069";"13.94";"Regadío";"Becerreá";"LUGO";19/06/2024;;
"ES018C0107";"COMUNIDAD DE REGANTES DE CARRUEXAS";"G74131087";"CANTÁBRICO OCCIDENTAL";"SI";"NO";"NO";"NO";"NO";"NO";;"1.18";"16777";"2.66";"Regadío";"Cangas del Narcea";"ASTURIAS";19/06/2024;;
"ES018C0108";"COMUNIDAD DE REGANTES DE CASAZORRINA";"G74099060";"CANTÁBRICO OCCIDENTAL";"SI";"NO";"NO";"NO";"NO";"NO";;"196.5";"0";"0.28";"Regadío";"Salas";"ASTURIAS";19/06/2024;;
"ES018C0109";"COMUNIDAD DE REGANTES DE CASTAÑEDO DE MIRANDA";"09O125314";"CANTÁBRICO OCCIDENTAL";"SI";"NO";"NO";"NO";"NO";"NO";;"2.79";"11577";"2.79";"Regadío";"Belmonte de Miranda";"ASTURIAS";19/06/2024;;
"ES018C0110";"COMUNIDAD DE REGANTES DE CAUNEDO";"V74447608";"CANTÁBRICO OCCIDENTAL";"SI";"NO";"NO";"NO";"NO";"NO";;"0.69";"1564";"0.23";"Regadío";"Somiedo";"ASTURIAS";19/06/2024;;
"ES018C0111";"COMUNIDAD DE REGANTES DE CORROCHARCO";"G74137050";"CANTÁBRICO OCCIDENTAL";"SI";"NO";"NO";"NO";"NO";"NO";;"14";"0";"0";"Regadío";"Salas";"ASTURIAS";19/06/2024;;
"ES018C0112";"COMUNIDAD DE REGANTES DE COSMENA, LA CHAMONA Y BEDULES DE FELE";"09O123829";"CANTÁBRICO OCCIDENTAL";"SI";"NO";"NO";"NO";"NO";"NO";;"0";"7888";"1.41";"Regadío";"Cangas del Narcea";"ASTURIAS";19/06/2024;;
"ES018C0113";"COMUNIDAD DE REGANTES DE COTELOS";"09O124145";"CANTÁBRICO OCCIDENTAL";"SI";"NO";"NO";"NO";"NO";"NO";;"0.25";"8004";"1.18";"Regadío";"Cervantes";"LUGO";19/06/2024;;
"ES018C0114";"COMUNIDAD DE REGANTES DE DORNA";"09O111541";"CANTÁBRICO OCCIDENTAL";"SI";"NO";"NO";"NO";"NO";"NO";;"0.75";"17496";"3.7";"Regadío";"As Nogais";"LUGO";19/06/2024;;
"ES018C0115";"COMUNIDAD DE REGANTES DE EL ENTREGAL";"09O111562";"CANTÁBRICO OCCIDENTAL";"SI";"NO";"NO";"NO";"NO";"NO";;"0.66";"0";"0.66";"Regadío";"Cangas del Narcea";"ASTURIAS";19/06/2024;;
"ES018C0116";"COMUNIDAD DE REGANTES DE FONTE DE MACEDA";"G74175944";"CANTÁBRICO OCCIDENTAL";"SI";"NO";"NO";"NO";"NO";"NO";;"1.98";"10260";"2.05";"Regadío";"A Fonsagrada";"LUGO";19/06/2024;;
"ES018C0117";"COMUNIDAD DE REGANTES DE FONTE PENA";"V74404773";"CANTÁBRICO OCCIDENTAL";"SI";"NO";"NO";"NO";"NO";"NO";;"1.1";"34718";"5.11";"Regadío";"Cervantes";"LUGO";19/06/2024;;
"ES018C0118";"COMUNIDAD DE REGANTES DE FUENTE FERREIRA FOXOS MATA";"90111541";"CANTÁBRICO OCCIDENTAL";"SI";"NO";"NO";"NO";"NO";"NO";;"0.1";"3281";"0.55";"Regadío";"Pedrafita do Cebreiro";"LUGO";19/06/2024;;
"ES018C0119";"COMUNIDAD DE REGANTES DE FUENTEFERREIRA FOXOS MATA";"90111541";"CANTÁBRICO OCCIDENTAL";"SI";"NO";"NO";"NO";"NO";"NO";;"1.06";"33581";"5.6";"Regadío";"Pedrafita do Cebreiro";"LUGO";19/06/2024;;
"ES018C0120";"COMUNIDAD DE REGANTES DE FUENTES DEL CORBERO";"G74351586";"CANTÁBRICO OCCIDENTAL";"SI";"NO";"NO";"NO";"NO";"NO";;"0.73";"22995";"7.5";"Regadío";"Cangas del Narcea";"ASTURIAS";19/06/2024;;
"ES018C0121";"COMUNIDAD DE REGANTES DE LA BACHINA";"P3300009B";"CANTÁBRICO OCCIDENTAL";"SI";"NO";"NO";"NO";"NO";"NO";;"0.45";"7128";"0";"Regadío";"Cangas del Narcea";"ASTURIAS";19/06/2024;;
"ES018C0122";"COMUNIDAD DE REGANTES DE LA FONTE DA VEIGA";"G74128729";"CANTÁBRICO OCCIDENTAL";"SI";"NO";"NO";"NO";"NO";"NO";;"0.16";"3536";"0.52";"Regadío";"Baleira";"LUGO";19/06/2024;;
"ES018C0123";"COMUNIDAD DE REGANTES DE LA FUENTE DE VALLADO";"G74110552";"CANTÁBRICO OCCIDENTAL";"SI";"NO";"NO";"NO";"NO";"NO";;"0.81";"25558";"3.76";"Regadío";"Cangas del Narcea";"ASTURIAS";19/06/2024;;
"ES018C0124";"COMUNIDAD DE REGANTES DE LA FUENTE LA BRAÑA";"G27326032";"CANTÁBRICO OCCIDENTAL";"SI";"NO";"NO";"NO";"NO";"NO";;"0.12";"843";"0.12";"Regadío";"Cangas del Narcea";"ASTURIAS";19/06/2024;;
"ES018C0125";"COMUNIDAD DE REGANTES DE LA FUENTE Y EL ARROYO DE LA SIECHA";"09O123820";"CANTÁBRICO OCCIDENTAL";"SI";"NO";"NO";"NO";"NO";"NO";;"0.64";"20043";"3";"Regadío";"Cangas del Narcea";"ASTURIAS";19/06/2024;;
"ES018C0126";"COMUNIDAD DE REGANTES DE LA LLERINA DE CORNELLANA";"G74107467";"CANTÁBRICO OCCIDENTAL";"SI";"NO";"NO";"NO";"NO";"NO";;"6";"0";"6";"Regadío";"Salas";"ASTURIAS";19/06/2024;;
"ES018C0127";"COMUNIDAD DE REGANTES DE LA PANDIETCHA";"G74471277";"CANTÁBRICO OCCIDENTAL";"SI";"NO";"NO";"NO";"NO";"NO";;"1.45";"15028";"2.21";"Regadío";"Somiedo";"ASTURIAS";19/06/2024;;
"ES018C0128";"COMUNIDAD DE REGANTES DE LA PARADINA";"09O109903";"CANTÁBRICO OCCIDENTAL";"SI";"NO";"NO";"NO";"NO";"NO";;"1.19";"6800";"2.3";"Regadío";"Somiedo";"ASTURIAS";19/06/2024;;
"ES018C0129";"COMUNIDAD DE REGANTES DE LA PARROQUIA RURAL DE CERREDO";"G39563903";"CANTÁBRICO OCCIDENTAL";"SI";"NO";"NO";"NO";"NO";"NO";;"3.42";"26605";"6.55";"Regadío";"Degaña";"ASTURIAS";19/06/2024;;
"ES018C0130";"COMUNIDAD DE REGANTES DE LA PENALTA Y LAS VEIGAS";"09O111998";"CANTÁBRICO OCCIDENTAL";"SI";"NO";"NO";"NO";"NO";"NO";;"0.21";"6718";"2.96";"Regadío";"Cangas del Narcea";"ASTURIAS";19/06/2024;;
"ES018C0131";"COMUNIDAD DE REGANTES DE LA PRADERA";"G27324516";"CANTÁBRICO OCCIDENTAL";"SI";"NO";"NO";"NO";"NO";"NO";;"2.13";"22100";"3.25";"Regadío";"Cangas del Narcea";"ASTURIAS";19/06/2024;;
"ES018C0132";"COMUNIDAD DE REGANTES DE LA PRESA DE ARDOBÁ";"G33383043";"CANTÁBRICO OCCIDENTAL";"SI";"NO";"NO";"NO";"NO";"NO";;"1.7";"11016";"3.39";"Regadío";"Cervantes";"LUGO";19/06/2024;;
"ES018C0133";"COMUNIDAD DE REGANTES DE LA PRESA DE SAMPAYO";"09O126077";"CANTÁBRICO OCCIDENTAL";"SI";"NO";"NO";"NO";"NO";"NO";;"1.3";"8215";"1.64";"Regadío";"As Nogais";"LUGO";19/06/2024;;
"ES018C0134";"COMUNIDAD DE REGANTES DE LA REBOLLOSA";"G27304476";"CANTÁBRICO OCCIDENTAL";"SI";"NO";"NO";"NO";"NO";"NO";;"0.19";"5848";"0.86";"Regadío";"Valdés";"ASTURIAS";19/06/2024;;
"ES018C0135";"COMUNIDAD DE REGANTES DE LA REGUERA 2";"09O115475";"CANTÁBRICO OCCIDENTAL";"SI";"NO";"NO";"NO";"NO";"NO";;"0.05";"494";"0.24";"Regadío";"Degaña";"ASTURIAS";19/06/2024;;
"ES018C0136";"COMUNIDAD DE REGANTES DE LA REGUERONA DE MORAL";"G39868500";"CANTÁBRICO OCCIDENTAL";"SI";"NO";"NO";"NO";"NO";"NO";;"0.14";"4420";"0.65";"Regadío";"Cangas del Narcea";"ASTURIAS";19/06/2024;;
"ES018C0137";"COMUNIDAD DE REGANTES DE LA RIEGA DE OÑAZ";"G27324847";"CANTÁBRICO OCCIDENTAL";"SI";"NO";"NO";"NO";"NO";"NO";;"0.83";"5731";"0";"Regadío";"Camaleño";"CANTABRIA";19/06/2024;;
"ES018C0138";"COMUNIDAD DE REGANTES DE LA ROTERA";"G74150053";"CANTÁBRICO OCCIDENTAL";"SI";"NO";"NO";"NO";"NO";"NO";;"6";"10000";"1";"Regadío";"Caso";"ASTURIAS";19/06/2024;;
"ES018C0139";"COMUNIDAD DE REGANTES DE LAGORZOS";"G74126483";"CANTÁBRICO OCCIDENTAL";"SI";"NO";"NO";"NO";"NO";"NO";;"0.4";"12547";"1.85";"Regadío";"Becerreá";"LUGO";19/06/2024;;
"ES018C0140";"COMUNIDAD DE REGANTES DE LANEO";"09O108831";"CANTÁBRICO OCCIDENTAL";"SI";"NO";"NO";"NO";"NO";"NO";;"29";"0";"29.88";"Regadío";"Salas";"ASTURIAS";19/06/2024;;
"ES018C0142";"COMUNIDAD DE REGANTES DE LAS AGUAS DE LA PRESA VAL DE VELLAS";"G74181835";"CANTÁBRICO OCCIDENTAL";"SI";"NO";"NO";"NO";"NO";"NO";;"0.13";"4156";"0.61";"Regadío";"Cervantes";"LUGO";19/06/2024;;
"ES018C0143";"COMUNIDAD DE REGANTES DE LAS MORILLAS";"09O109861";"CANTÁBRICO OCCIDENTAL";"SI";"NO";"NO";"NO";"NO";"NO";;"0.7";"1440";"1.69";"Regadío";"Cabezón de Liébana";"CANTABRIA";19/06/2024;;
"ES018C0144";"COMUNIDAD DE REGANTES DE LAS PRESAS CABANELAS Y DO MEDIO";"09O111540";"CANTÁBRICO OCCIDENTAL";"SI";"NO";"NO";"NO";"NO";"NO";;"1.74";"18046";"5.8";"Regadío";"Becerreá";"LUGO";19/06/2024;;
"ES018C0145";"COMUNIDAD DE REGANTES DE LAS TRONCAS, LA CASTAÑAR Y EL MOLIN";"G74107475";"CANTÁBRICO OCCIDENTAL";"SI";"NO";"NO";"NO";"NO";"NO";;"0.83";"2584";"0.38";"Regadío";"Allande";"ASTURIAS";19/06/2024;;
"ES018C0146";"COMUNIDAD DE REGANTES DE LAS VEIGAS";"09O108314";"CANTÁBRICO OCCIDENTAL";"SI";"NO";"NO";"NO";"NO";"NO";;"1.85";"19.18";"3";"Regadío";"Somiedo";"ASTURIAS";19/06/2024;;
"ES018C0147";"COMUNIDAD DE REGANTES DE LEIRIÑAS DE CAMPOS";"G74138538";"CANTÁBRICO OCCIDENTAL";"SI";"NO";"NO";"NO";"NO";"NO";;"0.52";"15980";"2.35";"Regadío";"A Fonsagrada";"LUGO";19/06/2024;;
"ES018C0148";"COMUNIDAD DE REGANTES DE LOS LLARDECANES";"G74117953";"CANTÁBRICO OCCIDENTAL";"SI";"NO";"NO";"NO";"NO";"NO";;"0.54";"17000";"0";"Regadío";"Somiedo";"ASTURIAS";19/06/2024;;
"ES018C0149";"COMUNIDAD DE REGANTES DE LUARNES";"G39547195";"CANTÁBRICO OCCIDENTAL";"SI";"NO";"NO";"NO";"NO";"NO";;"0.2";"6392";"0.94";"Regadío";"Cangas del Narcea";"ASTURIAS";19/06/2024;;
"ES018C0150";"COMUNIDAD DE REGANTES DE LUBERIO";"G27487412";"CANTÁBRICO OCCIDENTAL";"SI";"NO";"NO";"NO";"NO";"NO";;"0.66";"2635";"1.47";"Regadío";"Cangas del Narcea";"ASTURIAS";19/06/2024;;
"ES018C0151";"COMUNIDAD DE REGANTES DE MIESES";"09O124196";"CANTÁBRICO OCCIDENTAL";"SI";"NO";"NO";"NO";"NO";"NO";;"2.54";"6197";"1.04";"Regadío";"Camaleño";"CANTABRIA";19/06/2024;;
"ES018C0152";"COMUNIDAD DE REGANTES DE MILLARES";"09O109817";"CANTÁBRICO OCCIDENTAL";"SI";"NO";"NO";"NO";"NO";"NO";;"0.94";"2183";"0.37";"Regadío";"Camaleño";"CANTABRIA";19/06/2024;;
"ES018C0153";"COMUNIDAD DE REGANTES DE MIRASOL";"G39554381";"CANTÁBRICO OCCIDENTAL";"SI";"NO";"NO";"NO";"NO";"NO";;"0.51";"10880";"1.6";"Regadío";"Cangas del Narcea";"ASTURIAS";19/06/2024;;
"ES018C0154";"COMUNIDAD DE REGANTES DE MODREROS";"G27437367";"CANTÁBRICO OCCIDENTAL";"SI";"NO";"NO";"NO";"NO";"NO";;"0.08";"2584";"0.38";"Regadío";"Valdés";"ASTURIAS";19/06/2024;;
"ES018C0155";"COMUNIDAD DE REGANTES DE MURIAS DO CAMIN";"G74171372";"CANTÁBRICO OCCIDENTAL";"SI";"NO";"NO";"NO";"NO";"NO";;"0.06";"550";"0.11";"Regadío";"Navia de Suarna";"LUGO";19/06/2024;;
"ES018C0156";"COMUNIDAD DE REGANTES DE NAVARÓN-LOMBA";"09O112536";"CANTÁBRICO OCCIDENTAL";"SI";"NO";"NO";"NO";"NO";"NO";;"0";"0";"0.7";"Regadío";"Valdés";"ASTURIAS";19/06/2024;;
"ES018C0157";"COMUNIDAD DE REGANTES DE ORDIAL";"V39819990";"CANTÁBRICO OCCIDENTAL";"SI";"NO";"NO";"NO";"NO";"NO";;"0";"0";"2.5";"Regadío";"Cangas del Narcea";"ASTURIAS";19/06/2024;;
"ES018C0158";"COMUNIDAD DE REGANTES DE ORRE";"V39819990";"CANTÁBRICO OCCIDENTAL";"SI";"NO";"NO";"NO";"NO";"NO";;"1.5";"107010";"1.79";"Regadío";"Camaleño";"CANTABRIA";19/06/2024;;
"ES018C0159";"COMUNIDAD DE REGANTES DE PALEIRA";"V39819990";"CANTÁBRICO OCCIDENTAL";"SI";"NO";"NO";"NO";"NO";"NO";;"0.79";"21420";"3.4";"Regadío";"As Nogais";"LUGO";19/06/2024;;
"ES018C0160";"COMUNIDAD DE REGANTES DE PARCERÍA Y PRADÍN";"09O109793";"CANTÁBRICO OCCIDENTAL";"SI";"NO";"NO";"NO";"NO";"NO";;"0.86";"11118";"1.64";"Regadío";"A Fonsagrada";"LUGO";19/06/2024;;
"ES018C0161";"COMUNIDAD DE REGANTES DE PEÑALVA";"G27302165";"CANTÁBRICO OCCIDENTAL";"SI";"NO";"NO";"NO";"NO";"NO";;"0.3";"4760";"0.7";"Regadío";"Salas";"ASTURIAS";19/06/2024;;
"ES018C0162";"COMUNIDAD DE REGANTES DE PIÉLAGO";"09O109802";"CANTÁBRICO OCCIDENTAL";"SI";"NO";"NO";"NO";"NO";"NO";;"1.73";"4098";"0.68";"Regadío";"Camaleño";"CANTABRIA";19/06/2024;;
"ES018C0163";"COMUNIDAD DE REGANTES DE PONTORRÓN";"G27443555";"CANTÁBRICO OCCIDENTAL";"SI";"NO";"NO";"NO";"NO";"NO";;"0.1";"2992";"0.44";"Regadío";"Cervantes";"LUGO";19/06/2024;;
"ES018C0164";"COMUNIDAD DE REGANTES DE POUBLÓN Y PORTA CABANA";"09O125147";"CANTÁBRICO OCCIDENTAL";"SI";"NO";"NO";"NO";"NO";"NO";;"0.1";"3378";"0.5";"Regadío";"Ibias";"ASTURIAS";19/06/2024;;
"ES018C0165";"COMUNIDAD DE REGANTES DE PRADOS DEL SER";"G74108937";"CANTÁBRICO OCCIDENTAL";"SI";"NO";"NO";"NO";"NO";"NO";;"1.5";"14939";"2.99";"Regadío";"Navia de Suarna";"LUGO";19/06/2024;;
"ES018C0166";"COMUNIDAD DE REGANTES DE PRESA DE RIBA DA PALEIRA";"G27347962";"CANTÁBRICO OCCIDENTAL";"SI";"NO";"NO";"NO";"NO";"NO";;"0.15";"4730";"0.98";"Regadío";"As Nogais";"LUGO";19/06/2024;;
"ES018C0167";"COMUNIDAD DE REGANTES DE REGUERA DE LOS CORROS Y BARRACEDO";"G27347962";"CANTÁBRICO OCCIDENTAL";"SI";"NO";"NO";"NO";"NO";"NO";;"0.54";"14175";"6.02";"Regadío";"Cangas del Narcea";"ASTURIAS";19/06/2024;;
"ES018C0168";"COMUNIDAD DE REGANTES DE ROMARÍN";"09O149158";"CANTÁBRICO OCCIDENTAL";"SI";"NO";"NO";"NO";"NO";"NO";;"0";"0";"0.86";"Regadío";"Navia de Suarna";"LUGO";19/06/2024;;
"ES018C0169";"COMUNIDAD DE REGANTES DE RUBIAL";"09O109398";"CANTÁBRICO OCCIDENTAL";"SI";"NO";"NO";"NO";"NO";"NO";;"1.39";"21600";"1.39";"Regadío";"Cangas del Narcea";"ASTURIAS";19/06/2024;;
"ES018C0170";"COMUNIDAD DE REGANTES DE RUIPIN Y ENTRE RIOS";"09O110368";"CANTÁBRICO OCCIDENTAL";"SI";"NO";"NO";"NO";"NO";"NO";;"0.6";"0";"0.9";"Regadío";"Lena";"ASTURIAS";19/06/2024;;
"ES018C0171";"COMUNIDAD DE REGANTES DE SALARZÓN";"G27356773";"CANTÁBRICO OCCIDENTAL";"SI";"NO";"NO";"NO";"NO";"NO";;"0.33";"2020.8";"2";"Regadío";"Cillorigo de Liébana";"CANTABRIA";19/06/2024;;
"ES018C0172";"COMUNIDAD DE REGANTES DE SALGUEIROIS";"09O110871";"CANTÁBRICO OCCIDENTAL";"SI";"NO";"NO";"NO";"NO";"NO";;"2.04";"26717";"4.09";"Regadío";"Ibias";"ASTURIAS";19/06/2024;;
"ES018C0173";"COMUNIDAD DE REGANTES DE SEVANE";"09O110871";"CANTÁBRICO OCCIDENTAL";"SI";"NO";"NO";"NO";"NO";"NO";;"0.74";"13552";"1.99";"Regadío";"Cervantes";"LUGO";19/06/2024;;
"ES018C0174";"COMUNIDAD DE REGANTES DE SOTO DE LOS INFANTES";"G39718473";"CANTÁBRICO OCCIDENTAL";"SI";"NO";"NO";"NO";"NO";"NO";;"51";"110160";"17.48";"Regadío";"Salas";"ASTURIAS";19/06/2024;;
"ES018C0175";"COMUNIDAD DE REGANTES DE TORALLO I";"G74069352";"CANTÁBRICO OCCIDENTAL";"SI";"NO";"NO";"NO";"NO";"NO";;"0.45";"8161";"1.2";"Regadío";"Becerreá";"LUGO";19/06/2024;;
"ES018C0176";"COMUNIDAD DE REGANTES DE TORGA";"09O123871";"CANTÁBRICO OCCIDENTAL";"SI";"NO";"NO";"NO";"NO";"NO";;"0.09";"2856";"0.42";"Regadío";"Ibias";"ASTURIAS";19/06/2024;;
"ES018C0177";"COMUNIDAD DE REGANTES DE VEIGAS";"V74421033";"CANTÁBRICO OCCIDENTAL";"SI";"NO";"NO";"NO";"NO";"NO";;"0.88";"6800";"1";"Regadío";"Cangas del Narcea";"ASTURIAS";19/06/2024;;
"ES018C0178";"COMUNIDAD DE REGANTES DE VILLALLANA";"09O110305";"CANTÁBRICO OCCIDENTAL";"SI";"NO";"NO";"NO";"NO";"NO";;"3.8";"29550";"7.1";"Regadío";"Lena";"ASTURIAS";19/06/2024;;
"ES018C0179";"COMUNIDAD DE REGANTES DE VILLANUEVA Y OVIÑANA";"G74143595";"CANTÁBRICO OCCIDENTAL";"SI";"NO";"NO";"NO";"NO";"NO";;"81.8";"47124";"13.86";"Regadío";"Belmonte de Miranda";"ASTURIAS";19/06/2024;;
"ES018C0180";"COMUNIDAD DE REGANTES DE XUDÁN DEL ARROYO REGO DA PASADA";"G74101619";"CANTÁBRICO OCCIDENTAL";"SI";"NO";"NO";"NO";"NO";"NO";;"0.41";"13022";"1.92";"Regadío";"A Pontenova";"LUGO";19/06/2024;;
"ES018C0181";"COMUNIDAD DE REGANTES DE·FUENTE LUBESA";"09O121429";"CANTÁBRICO OCCIDENTAL";"SI";"NO";"NO";"NO";"NO";"NO";;"1.43";"10470";"2.33";"Regadío";"Cabezón de Liébana";"CANTABRIA";19/06/2024;;
"ES018C0182";"COMUNIDAD DE REGANTES DEBAJO DE ADRALES";"G27352350";"CANTÁBRICO OCCIDENTAL";"SI";"NO";"NO";"NO";"NO";"NO";;"0.22";"7004";"1.03";"Regadío";"Cangas del Narcea";"ASTURIAS";19/06/2024;;
"ES018C0183";"COMUNIDAD DE REGANTES DEL AGUA DEL RÍO LAMAS";"09O125148";"CANTÁBRICO OCCIDENTAL";"SI";"NO";"NO";"NO";"NO";"NO";;"0.48";"4732";"0.94";"Regadío";"A Fonsagrada";"LUGO";19/06/2024;;
"ES018C0184";"COMUNIDAD DE REGANTES DEL APROVECHAMIENTO DE AGUA DEL ARROYO DE LIMES";"09O115166";"CANTÁBRICO OCCIDENTAL";"SI";"NO";"NO";"NO";"NO";"NO";;"0.2";"1198";"0";"Regadío";"Cangas del Narcea";"ASTURIAS";19/06/2024;;
"ES018C0185";"COMUNIDAD DE REGANTES DEL ARROYO DA COSTA - PRESA DO RÍO";"G27320399";"CANTÁBRICO OCCIDENTAL";"SI";"NO";"NO";"NO";"NO";"NO";;"0.23";"2380";"0.35";"Regadío";"Becerreá";"LUGO";19/06/2024;;
"ES018C0186";"COMUNIDAD DE REGANTES DEL ARROYO DA COSTA-PRESA DA COSTA";"09O126060";"CANTÁBRICO OCCIDENTAL";"SI";"NO";"NO";"NO";"NO";"NO";;"0.54";"5623";"0.83";"Regadío";"Becerreá";"LUGO";19/06/2024;;
"ES018C0187";"COMUNIDAD DE REGANTES DEL ARROYO DA COSTA-PRESA DO REDONDO";"09O126060";"CANTÁBRICO OCCIDENTAL";"SI";"NO";"NO";"NO";"NO";"NO";;"0.31";"3180";"0.47";"Regadío";"Becerreá";"LUGO";19/06/2024;;
"ES018C0188";"COMUNIDAD DE REGANTES DEL ARROYO DE ALÓ RIBA-ZARRA";"G74122151";"CANTÁBRICO OCCIDENTAL";"SI";"NO";"NO";"NO";"NO";"NO";;"0.61";"6050";"1.21";"Regadío";"A Fonsagrada";"LUGO";19/06/2024;;
"ES018C0189";"COMUNIDAD DE REGANTES DEL ARROYO DE PEDRERO";"G74410671";"CANTÁBRICO OCCIDENTAL";"SI";"NO";"NO";"NO";"NO";"NO";;"0.45";"9450";"1.5";"Regadío";"Allande";"ASTURIAS";19/06/2024;;
"ES018C0190";"COMUNIDAD DE REGANTES DEL ARROYO DE TREITA";"09O124967";"CANTÁBRICO OCCIDENTAL";"SI";"NO";"NO";"NO";"NO";"NO";;"1.12";"11060";"1.11";"Regadío";"A Fonsagrada";"LUGO";19/06/2024;;
"ES018C0191";"COMUNIDAD DE REGANTES DEL ARROYO DEL REGUEIRÓN Y REGUEIRÍN";"G74124157";"CANTÁBRICO OCCIDENTAL";"SI";"NO";"NO";"NO";"NO";"NO";;"1.18";"37111";"4.65";"Regadío";"Allande";"ASTURIAS";19/06/2024;;
"ES018C0192";"COMUNIDAD DE REGANTES DEL ARROYO LA JUBIAL";"09O109939";"CANTÁBRICO OCCIDENTAL";"SI";"NO";"NO";"NO";"NO";"NO";;"0.12";"2465";"0.36";"Regadío";"Cangas del Narcea";"ASTURIAS";19/06/2024;;
"ES018C0193";"COMUNIDAD DE REGANTES DEL ARROYO LA MORTIGOSA";"G74287004";"CANTÁBRICO OCCIDENTAL";"SI";"NO";"NO";"NO";"NO";"NO";;"0.87";"23800";"3.5";"Regadío";"Cangas del Narcea";"ASTURIAS";19/06/2024;;
"ES018C0196";"COMUNIDAD DE REGANTES DEL ARROYO OS MUIÑOS";"09O112569";"CANTÁBRICO OCCIDENTAL";"SI";"NO";"NO";"NO";"NO";"NO";;"0.4";"8657";"1.27";"Regadío";"Becerreá";"LUGO";19/06/2024;;
"ES018C0197";"COMUNIDAD DE REGANTES DEL ARROYO SANCHALLANA";"G74129867";"CANTÁBRICO OCCIDENTAL";"SI";"NO";"NO";"NO";"NO";"NO";;"2.7";"3590";"0.9";"Regadío";"Belmonte de Miranda";"ASTURIAS";19/06/2024;;
"ES018C0198";"COMUNIDAD DE REGANTES DEL AVISEDO DE ABAJO";"G39697008";"CANTÁBRICO OCCIDENTAL";"SI";"NO";"NO";"NO";"NO";"NO";;"0.04";"1386";"0.23";"Regadío";"Cervantes";"LUGO";19/06/2024;;
"ES018C0199";"COMUNIDAD DE REGANTES DEL BANZADO DE DON GARCÍA";"09O124727";"CANTÁBRICO OCCIDENTAL";"SI";"NO";"NO";"NO";"NO";"NO";;"1.86";"48212";"7.09";"Regadío";"Cervantes";"LUGO";19/06/2024;;
"ES018C0200";"COMUNIDAD DE REGANTES DEL FUEJO";"G27316710";"CANTÁBRICO OCCIDENTAL";"SI";"NO";"NO";"NO";"NO";"NO";;"0.84";"8703";"1.28";"Regadío";"Somiedo";"ASTURIAS";19/06/2024;;
"ES018C0201";"COMUNIDAD DE REGANTES DEL MANANTIAL FUENTE EL REGUERO";"09O112538";"CANTÁBRICO OCCIDENTAL";"SI";"NO";"NO";"NO";"NO";"NO";;"0.19";"4964";"0.79";"Regadío";"Somiedo";"ASTURIAS";19/06/2024;;
"ES018C0202";"COMUNIDAD DE REGANTES DEL POZO EL LUGARÍN";"V01449842";"CANTÁBRICO OCCIDENTAL";"SI";"NO";"NO";"NO";"NO";"NO";;"0.27";"135";"0.06";"Regadío";"Siero";"ASTURIAS";19/06/2024;;
"ES018C0203";"COMUNIDAD DE REGANTES DEL PRADO CAMPO";"G27321843";"CANTÁBRICO OCCIDENTAL";"SI";"NO";"NO";"NO";"NO";"NO";;"0.29";"9060";"1.51";"Regadío";"Pravia";"ASTURIAS";19/06/2024;;
"ES018C0204";"COMUNIDAD DE REGANTES DEL REGUEIRO";"G27321850";"CANTÁBRICO OCCIDENTAL";"SI";"NO";"NO";"NO";"NO";"NO";;"1.05";"26280";"7.5";"Regadío";"Cangas del Narcea";"ASTURIAS";19/06/2024;;
"ES018C0205";"COMUNIDAD DE REGANTES DEL REGUERO LA CHAMA Y FUENTES";"G74121138";"CANTÁBRICO OCCIDENTAL";"SI";"NO";"NO";"NO";"NO";"NO";;"0.17";"5440";"0.8";"Regadío";"Cangas del Narcea";"ASTURIAS";19/06/2024;;
"ES018C0206";"COMUNIDAD DE REGANTES DEL REGUERO LA DEVESA";"G74101924";"CANTÁBRICO OCCIDENTAL";"SI";"NO";"NO";"NO";"NO";"NO";;"0.31";"6977";"1.03";"Regadío";"Cangas del Narcea";"ASTURIAS";19/06/2024;;
"ES018C0207";"COMUNIDAD DE REGANTES DEL RIACHUELO EL MOCLIN";"G74101395";"CANTÁBRICO OCCIDENTAL";"SI";"NO";"NO";"NO";"NO";"NO";;"0.04";"240";"0.15";"Regadío";"Lena";"ASTURIAS";19/06/2024;;
"ES018C0208";"COMUNIDAD DE REGANTES DEL RÍO ALLER";"G27325620";"CANTÁBRICO OCCIDENTAL";"SI";"NO";"NO";"NO";"NO";"NO";;"2.5";"56284";"8.28";"Regadío";"Aller";"ASTURIAS";19/06/2024;;
"ES018C0209";"COMUNIDAD DE REGANTES DEL RÍO ARGÜEBANES, CARMEN GONZÁLEZ GÓMEZ Y JULIANA BARRIAL BRIZ";"G74116849";"CANTÁBRICO OCCIDENTAL";"SI";"NO";"NO";"NO";"NO";"NO";;"0.75";"0";"0.6";"Regadío";"Camaleño";"CANTABRIA";19/06/2024;;
"ES018C0210";"COMUNIDAD DE REGANTES DEL RÍO BELONDIO";"G74116849";"CANTÁBRICO OCCIDENTAL";"SI";"NO";"NO";"NO";"NO";"NO";;"0.7";"0";"0.5";"Regadío";"Camaleño";"CANTABRIA";19/06/2024;;
"ES018C0211";"COMUNIDAD DE REGANTES DEL RÍO CALABRE 2";"G74120916";"CANTÁBRICO OCCIDENTAL";"SI";"NO";"NO";"NO";"NO";"NO";;"0.08";"2466";"0.36";"Regadío";"Valdés";"ASTURIAS";19/06/2024;;
"ES018C0212";"COMUNIDAD DE REGANTES DEL RÍO CENDAL";"09O108729";"CANTÁBRICO OCCIDENTAL";"SI";"NO";"NO";"NO";"NO";"NO";;"0.46";"3447";"0.63";"Regadío";"Camaleño";"CANTABRIA";19/06/2024;;
"ES018C0213";"COMUNIDAD DE REGANTES DEL RIO COALLA";"09O108521";"CANTÁBRICO OCCIDENTAL";"SI";"NO";"NO";"NO";"NO";"NO";;"46";"0";"45.82";"Regadío";"Grado";"ASTURIAS";19/06/2024;;
"ES018C0214";"COMUNIDAD DE REGANTES DEL RÍO CÓRNEAS-PRESA DE ESCANLAR";"G74120841";"CANTÁBRICO OCCIDENTAL";"SI";"NO";"NO";"NO";"NO";"NO";;"1.04";"10350";"2.07";"Regadío";"Baleira";"LUGO";19/06/2024;;
"ES018C0215";"COMUNIDAD DE REGANTES DEL RÍO COTO";"09O112126";"CANTÁBRICO OCCIDENTAL";"SI";"NO";"NO";"NO";"NO";"NO";;"2.02";"9520";"1.4";"Regadío";"Somiedo";"ASTURIAS";19/06/2024;;
"ES018C0216";"COMUNIDAD DE REGANTES DEL RÍO DE OVIENES";"09O124957";"CANTÁBRICO OCCIDENTAL";"SI";"NO";"NO";"NO";"NO";"NO";;"0.04";"1292";"0.19";"Regadío";"Valdés";"ASTURIAS";19/06/2024;;
"ES018C0217";"COMUNIDAD DE REGANTES DEL RÍO DONSAL - PRESA DE DONSAL";"G27323690";"CANTÁBRICO OCCIDENTAL";"SI";"NO";"NO";"NO";"NO";"NO";;"0.32";"3305";"0.49";"Regadío";"Becerreá";"LUGO";19/06/2024;;
"ES018C0218";"COMUNIDAD DE REGANTES DEL RIO ESQUEIRO Y OTROS";"G27323666";"CANTÁBRICO OCCIDENTAL";"SI";"NO";"NO";"NO";"NO";"NO";;"4.2";"0";"4.12";"Regadío";"Cudillero";"ASTURIAS";19/06/2024;;
"ES018C0220";"COMUNIDAD DE REGANTES DEL RÍO LEIREDO - PRESA DA CALELLA";"09O115163";"CANTÁBRICO OCCIDENTAL";"SI";"NO";"NO";"NO";"NO";"NO";;"0.45";"4710";"0.91";"Regadío";"Navia de Suarna";"LUGO";19/06/2024;;
"ES018C0221";"COMUNIDAD DE REGANTES DEL RÍO LEIREDO - PRESA DA RIBEIRA";"G27318914";"CANTÁBRICO OCCIDENTAL";"SI";"NO";"NO";"NO";"NO";"NO";;"0.29";"3048";"0.59";"Regadío";"Navia de Suarna";"LUGO";19/06/2024;;
"ES018C0222";"COMUNIDAD DE REGANTES DEL RÍO LUIÑA";"G27324961";"CANTÁBRICO OCCIDENTAL";"SI";"NO";"NO";"NO";"NO";"NO";;"2.3";"23830";"5.54";"Regadío";"Cangas del Narcea";"ASTURIAS";19/06/2024;;
"ES018C0223";"COMUNIDAD DE REGANTES DEL RÍO MUNIELLOS";"G27476951";"CANTÁBRICO OCCIDENTAL";"SI";"NO";"NO";"NO";"NO";"NO";;"0.41";"4080";"0.6";"Regadío";"Cangas del Narcea";"ASTURIAS";19/06/2024;;
"ES018C0224";"COMUNIDAD DE REGANTES DEL RÍO MUÑAS";"G27476951";"CANTÁBRICO OCCIDENTAL";"SI";"NO";"NO";"NO";"NO";"NO";;"0.15";"4760";"0.7";"Regadío";"Valdés";"ASTURIAS";19/06/2024;;
"ES018C0225";"COMUNIDAD DE REGANTES DEL RÍO NARÓN - PRESA DA VEIGA";"G27337955";"CANTÁBRICO OCCIDENTAL";"SI";"NO";"NO";"NO";"NO";"NO";;"0.26";"3362";"0.52";"Regadío";"Becerreá";"LUGO";19/06/2024;;
"ES018C0226";"COMUNIDAD DE REGANTES DEL RÍO NAVIA-PRESA DA TORRE";"09O115168";"CANTÁBRICO OCCIDENTAL";"SI";"NO";"NO";"NO";"NO";"NO";;"1.47";"47653";"2.93";"Regadío";"As Nogais";"LUGO";19/06/2024;;
"ES018C0227";"COMUNIDAD DE REGANTES DEL RÍO NAVIA-PRESA DE BAO";"09O115152";"CANTÁBRICO OCCIDENTAL";"SI";"NO";"NO";"NO";"NO";"NO";;"2.09";"20900";"4.18";"Regadío";"Navia de Suarna";"LUGO";19/06/2024;;
"ES018C0228";"COMUNIDAD DE REGANTES DEL RÍO OVIENES";"09O115152";"CANTÁBRICO OCCIDENTAL";"SI";"NO";"NO";"NO";"NO";"NO";;"0.13";"4115";"0.61";"Regadío";"Valdés";"ASTURIAS";19/06/2024;;
"ES018C0229";"COMUNIDAD DE REGANTES DEL RÍO QUEIZÁN-PRESA DAS MEDREIRAS";"09O115152";"CANTÁBRICO OCCIDENTAL";"SI";"NO";"NO";"NO";"NO";"NO";;"0.6";"5911";"1.18";"Regadío";"Navia de Suarna";"LUGO";19/06/2024;;
"ES018C0230";"COMUNIDAD DE REGANTES DEL RÍO SAN ISIDRO";"09O115152";"CANTÁBRICO OCCIDENTAL";"SI";"NO";"NO";"NO";"NO";"NO";;"0.6";"2703";"1.58";"Regadío";"Aller";"ASTURIAS";19/06/2024;;
"ES018C0231";"COMUNIDAD DE REGANTES DEL RÍO SANTA MARIÑA PRESA DE AIREXE";"09O115137";"CANTÁBRICO OCCIDENTAL";"SI";"NO";"NO";"NO";"NO";"NO";;"0.46";"4800";"0.92";"Regadío";"Becerreá";"LUGO";19/06/2024;;
"ES018C0232";"COMUNIDAD DE REGANTES DEL RÍO SANTA MARIÑA PRESA DO PRADO GRANDE";"09O126007";"CANTÁBRICO OCCIDENTAL";"SI";"NO";"NO";"NO";"NO";"NO";;"0.78";"8178";"1.58";"Regadío";"Becerreá";"LUGO";19/06/2024;;
"ES018C0234";"COMUNIDAD DE REGANTES DO AVISEDO";"V74377409";"CANTÁBRICO OCCIDENTAL";"SI";"NO";"NO";"NO";"NO";"NO";;"0.07";"2160";"0.36";"Regadío";"Cervantes";"LUGO";19/06/2024;;
"ES018C0235";"COMUNIDAD DE REGANTES DO BANZADO DE A CHÁ";"09O125366";"CANTÁBRICO OCCIDENTAL";"SI";"NO";"NO";"NO";"NO";"NO";;"2.08";"53951";"7.93";"Regadío";"Cervantes";"LUGO";19/06/2024;;
"ES018C0236";"COMUNIDAD DE REGANTES DO BANZADO DO RÍO";"V52552890";"CANTÁBRICO OCCIDENTAL";"SI";"NO";"NO";"NO";"NO";"NO";;"0.18";"4766";"0.72";"Regadío";"Cervantes";"LUGO";19/06/2024;;
"ES018C0237";"COMUNIDAD DE REGANTES DO CASTRO";"V52552890";"CANTÁBRICO OCCIDENTAL";"SI";"NO";"NO";"NO";"NO";"NO";;"0.81";"25578";"4.06";"Regadío";"As Nogais";"LUGO";19/06/2024;;
"ES018C0238";"COMUNIDAD DE REGANTES DO EMBELGO";"G74125725";"CANTÁBRICO OCCIDENTAL";"SI";"NO";"NO";"NO";"NO";"NO";;"0.12";"3876";"0.57";"Regadío";"Cervantes";"LUGO";19/06/2024;;
"ES018C0239";"COMUNIDAD DE REGANTES DO ESPIÑEIRO";"09O111992";"CANTÁBRICO OCCIDENTAL";"SI";"NO";"NO";"NO";"NO";"NO";;"0.21";"6732";"0.99";"Regadío";"Cervantes";"LUGO";19/06/2024;;
"ES018C0240";"COMUNIDAD DE REGANTES DO LAGOZO";"G74433269";"CANTÁBRICO OCCIDENTAL";"SI";"NO";"NO";"NO";"NO";"NO";;"0.3";"6780";"1";"Regadío";"As Nogais";"LUGO";19/06/2024;;
"ES018C0241";"COMUNIDAD DE REGANTES DO LAMEIRA DO TENDAL";"V74441882";"CANTÁBRICO OCCIDENTAL";"SI";"NO";"NO";"NO";"NO";"NO";;"0.02";"547";"0.3";"Regadío";"Cervantes";"LUGO";19/06/2024;;
"ES018C0242";"COMUNIDAD DE REGANTES DO PICO DO CAMPO";"G74117797";"CANTÁBRICO OCCIDENTAL";"SI";"NO";"NO";"NO";"NO";"NO";;"0.3";"9600";"1.6";"Regadío";"Cervantes";"LUGO";19/06/2024;;
"ES018C0243";"COMUNIDAD DE REGANTES DO TESO DA CORTIÑA";"G74118795";"CANTÁBRICO OCCIDENTAL";"SI";"NO";"NO";"NO";"NO";"NO";;"0.02";"365";"0.24";"Regadío";"Cervantes";"LUGO";19/06/2024;;
"ES018C0244";"COMUNIDAD DE REGANTES EL ALLENDE";"09O125996";"CANTÁBRICO OCCIDENTAL";"SI";"NO";"NO";"NO";"NO";"NO";;"0.6";"9331";"3.46";"Regadío";"Cillorigo de Liébana";"CANTABRIA";19/06/2024;;
"ES018C0245";"COMUNIDAD DE REGANTES EL ARIAL";"V74459744";"CANTÁBRICO OCCIDENTAL";"SI";"NO";"NO";"NO";"NO";"NO";;"0.42";"8840";"1.3";"Regadío";"Ibias";"ASTURIAS";19/06/2024;;
"ES018C0246";"COMUNIDAD DE REGANTES EL CALECHÓN";"V74459744";"CANTÁBRICO OCCIDENTAL";"SI";"NO";"NO";"NO";"NO";"NO";;"0.25";"5481";"0.87";"Regadío";"Cangas del Narcea";"ASTURIAS";19/06/2024;;
"ES018C0247";"COMUNIDAD DE REGANTES EL CANALÓN";"V74459744";"CANTÁBRICO OCCIDENTAL";"SI";"NO";"NO";"NO";"NO";"NO";;"1.34";"42303";"6.22";"Regadío";"Cangas del Narcea";"ASTURIAS";19/06/2024;;
"ES018C0248";"COMUNIDAD DE REGANTES EL CARDOSO";"G74118316";"CANTÁBRICO OCCIDENTAL";"SI";"NO";"NO";"NO";"NO";"NO";;"0.78";"8047";"1.18";"Regadío";"Somiedo";"ASTURIAS";19/06/2024;;
"ES018C0249";"COMUNIDAD DE REGANTES EL FONDIL";"G27471606";"CANTÁBRICO OCCIDENTAL";"SI";"NO";"NO";"NO";"NO";"NO";;"20";"40500";"4.5";"Regadío";"Caso";"ASTURIAS";19/06/2024;;
"ES018C0250";"COMUNIDAD DE REGANTES EL FONTANAL";"09O112965";"CANTÁBRICO OCCIDENTAL";"SI";"NO";"NO";"NO";"NO";"NO";;"2";"6000";"1.09";"Regadío";"Degaña";"ASTURIAS";19/06/2024;;
"ES018C0251";"COMUNIDAD DE REGANTES EL FONTANÓN-TRONES";"09O115433";"CANTÁBRICO OCCIDENTAL";"SI";"NO";"NO";"NO";"NO";"NO";;"0.46";"14490";"2.3";"Regadío";"Cangas del Narcea";"ASTURIAS";19/06/2024;;
"ES018C0252";"COMUNIDAD DE REGANTES EL MOLINÓN";"09O108663";"CANTÁBRICO OCCIDENTAL";"SI";"NO";"NO";"NO";"NO";"NO";;"2.62";"27200";"4";"Regadío";"Cangas del Narcea";"ASTURIAS";19/06/2024;;
"ES018C0253";"COMUNIDAD DE REGANTES EL PISÓN";"G27491398";"CANTÁBRICO OCCIDENTAL";"SI";"NO";"NO";"NO";"NO";"NO";;"0.13";"4012";"0.59";"Regadío";"Cangas del Narcea";"ASTURIAS";19/06/2024;;
"ES018C0254";"COMUNIDAD DE REGANTES EL PORNAZAL";"09O113669";"CANTÁBRICO OCCIDENTAL";"SI";"NO";"NO";"NO";"NO";"NO";;"1";"10368";"1.95";"Regadío";"Somiedo";"ASTURIAS";19/06/2024;;
"ES018C0255";"COMUNIDAD DE REGANTES EL PRADÓN";"G27347715";"CANTÁBRICO OCCIDENTAL";"SI";"NO";"NO";"NO";"NO";"NO";;"0.09";"624";"4.3";"Regadío";"Cangas del Narcea";"ASTURIAS";19/06/2024;;
"ES018C0256";"COMUNIDAD DE REGANTES EL REGUEIRÓN";"G27355395";"CANTÁBRICO OCCIDENTAL";"SI";"NO";"NO";"NO";"NO";"NO";;"1.31";"41290";"6.07";"Regadío";"Cangas del Narcea";"ASTURIAS";19/06/2024;;
"ES018C0257";"COMUNIDAD DE REGANTES EL REGUERO DEL CASTIELLO";"09O113007";"CANTÁBRICO OCCIDENTAL";"SI";"NO";"NO";"NO";"NO";"NO";;"0";"0";"1.45";"Regadío";"Lena";"ASTURIAS";19/06/2024;;
"ES018C0258";"COMUNIDAD DE REGANTES EL SALGUERAL";"09O115129";"CANTÁBRICO OCCIDENTAL";"SI";"NO";"NO";"NO";"NO";"NO";;"0.91";"2180";"0.34";"Regadío";"Vega de Liébana";"CANTABRIA";19/06/2024;;
"ES018C0259";"COMUNIDAD DE REGANTES EL VALLO DE ARRIBA";"G27422484";"CANTÁBRICO OCCIDENTAL";"SI";"NO";"NO";"NO";"NO";"NO";;"1.13";"11696";"1.72";"Regadío";"Somiedo";"ASTURIAS";19/06/2024;;
"ES018C0260";"COMUNIDAD DE REGANTES ENTRE LOS RÍOS";"G27422484";"CANTÁBRICO OCCIDENTAL";"SI";"NO";"NO";"NO";"NO";"NO";;"1.32";"2992";"0.44";"Regadío";"Salas";"ASTURIAS";19/06/2024;;
"ES018C0261";"COMUNIDAD DE REGANTES ENTREVINAR SAN PEDRO";"G27422484";"CANTÁBRICO OCCIDENTAL";"SI";"NO";"NO";"NO";"NO";"NO";;"0.76";"0";"0.9";"Regadío";"Caso";"ASTURIAS";19/06/2024;;
"ES018C0262";"COMUNIDAD DE REGANTES ESTARRELO";"09O115156";"CANTÁBRICO OCCIDENTAL";"SI";"NO";"NO";"NO";"NO";"NO";;"0.59";"18530";"2.94";"Regadío";"Negueira de Muñiz";"LUGO";19/06/2024;;
"ES018C0263";"COMUNIDAD DE REGANTES ESTOA-REGO";"09O115156";"CANTÁBRICO OCCIDENTAL";"SI";"NO";"NO";"NO";"NO";"NO";;"0.1";"3153";"0";"Regadío";"Riotorto";"LUGO";19/06/2024;;
"ES018C0264";"COMUNIDAD DE REGANTES FALCATIN";"09O115412";"CANTÁBRICO OCCIDENTAL";"SI";"NO";"NO";"NO";"NO";"NO";;"0.16";"2520";"0.42";"Regadío";"As Nogais";"LUGO";19/06/2024;;
"ES018C0265";"COMUNIDAD DE REGANTES FONCALES";"09O115412";"CANTÁBRICO OCCIDENTAL";"SI";"NO";"NO";"NO";"NO";"NO";;"0.64";"20220";"3.37";"Regadío";"Pedrafita do Cebreiro";"LUGO";19/06/2024;;
"ES018C0266";"COMUNIDAD DE REGANTES FONTE A VALIÑA";"G27337203";"CANTÁBRICO OCCIDENTAL";"SI";"NO";"NO";"NO";"NO";"NO";;"1.89";"18845";"3.77";"Regadío";"Cervantes";"LUGO";19/06/2024;;
"ES018C0267";"COMUNIDAD DE REGANTES FONTE ARQUETEIRA";"09O115165";"CANTÁBRICO OCCIDENTAL";"SI";"NO";"NO";"NO";"NO";"NO";;"0.05";"1500";"0.25";"Regadío";"Ibias";"ASTURIAS";19/06/2024;;
"ES018C0268";"COMUNIDAD DE REGANTES FONTE DA BODEGA";"G27353663";"CANTÁBRICO OCCIDENTAL";"SI";"NO";"NO";"NO";"NO";"NO";;"0.8";"747";"0.27";"Regadío";"Navia de Suarna";"LUGO";19/06/2024;;
"ES018C0269";"COMUNIDAD DE REGANTES FONTE DA REGUEIRA GRANDE";"G27353648";"CANTÁBRICO OCCIDENTAL";"SI";"NO";"NO";"NO";"NO";"NO";;"0.11";"3600";"0.53";"Regadío";"Becerreá";"LUGO";19/06/2024;;
"ES018C0270";"COMUNIDAD DE REGANTES FONTE DA VEIGA";"G27353630";"CANTÁBRICO OCCIDENTAL";"SI";"NO";"NO";"NO";"NO";"NO";;"0.05";"1620";"0.27";"Regadío";"As Nogais";"LUGO";19/06/2024;;
"ES018C0271";"COMUNIDAD DE REGANTES FONTE DE BAIXO DO REGO";"V74419359";"CANTÁBRICO OCCIDENTAL";"SI";"NO";"NO";"NO";"NO";"NO";;"0.02";"730";"1";"Regadío";"Cervantes";"LUGO";19/06/2024;;
"ES018C0272";"COMUNIDAD DE REGANTES FONTE DE FONFRÍA";"V74403445";"CANTÁBRICO OCCIDENTAL";"SI";"NO";"NO";"NO";"NO";"NO";;"1.33";"42000";"7";"Regadío";"Becerreá";"LUGO";19/06/2024;;
"ES018C0273";"COMUNIDAD DE REGANTES FONTE DE VALLINAS DE ARRIBA";"V39682554";"CANTÁBRICO OCCIDENTAL";"SI";"NO";"NO";"NO";"NO";"NO";;"1.05";"7140";"1.05";"Regadío";"Cangas del Narcea";"ASTURIAS";19/06/2024;;
"ES018C0274";"COMUNIDAD DE REGANTES FONTE DOS ESPETOS";"G74058470";"CANTÁBRICO OCCIDENTAL";"SI";"NO";"NO";"NO";"NO";"NO";;"0.25";"7956";"1.17";"Regadío";"Becerreá";"LUGO";19/06/2024;;
"ES018C0275";"COMUNIDAD DE REGANTES FONTE FERREIROS I";"G74058470";"CANTÁBRICO OCCIDENTAL";"SI";"NO";"NO";"NO";"NO";"NO";;"0.57";"4758";"0.81";"Regadío";"Ibias";"ASTURIAS";19/06/2024;;
"ES018C0276";"COMUNIDAD DE REGANTES FONTELA";"V74444159";"CANTÁBRICO OCCIDENTAL";"SI";"NO";"NO";"NO";"NO";"NO";;"0.08";"2551";"0.57";"Regadío";"As Nogais;Cervantes";"LUGO";19/06/2024;;
"ES018C0277";"COMUNIDAD DE REGANTES FONTELAS";"V74444159";"CANTÁBRICO OCCIDENTAL";"SI";"NO";"NO";"NO";"NO";"NO";;"0.1";"3000";"0.5";"Regadío";"As Nogais";"LUGO";19/06/2024;;
"ES018C0278";"COMUNIDAD DE REGANTES FONTES DAS RIGUEIRAS";"09O110371";"CANTÁBRICO OCCIDENTAL";"SI";"NO";"NO";"NO";"NO";"NO";;"0.63";"19875";"2.92";"Regadío";"Cervantes";"LUGO";19/06/2024;;
"ES018C0279";"COMUNIDAD DE REGANTES FORADO SOLAO";"09O113004";"CANTÁBRICO OCCIDENTAL";"SI";"NO";"NO";"NO";"NO";"NO";;"0.1";"3048";"0.51";"Regadío";"Cervantes";"LUGO";19/06/2024;;
"ES018C0280";"COMUNIDAD DE REGANTES FREIXO I";"09O110912";"CANTÁBRICO OCCIDENTAL";"SI";"NO";"NO";"NO";"NO";"NO";;"0.28";"8830";"1.9";"Regadío";"Becerreá";"LUGO";19/06/2024;;
"ES018C0281";"COMUNIDAD DE REGANTES FREIXO III";"09O115437";"CANTÁBRICO OCCIDENTAL";"SI";"NO";"NO";"NO";"NO";"NO";;"0.04";"1198";"0.26";"Regadío";"Becerreá";"LUGO";19/06/2024;;
"ES018C0282";"COMUNIDAD DE REGANTES FREIXO IV";"09O115062";"CANTÁBRICO OCCIDENTAL";"SI";"NO";"NO";"NO";"NO";"NO";;"0.07";"2130";"0.45";"Regadío";"Becerreá";"LUGO";19/06/2024;;
"ES018C0283";"COMUNIDAD DE REGANTES FUENTE DE LA COCINA";"09O115062";"CANTÁBRICO OCCIDENTAL";"SI";"NO";"NO";"NO";"NO";"NO";;"0.39";"10734";"1.74";"Regadío";"Cangas del Narcea";"ASTURIAS";19/06/2024;;
"ES018C0284";"COMUNIDAD DE REGANTES FUENTE DEL PUEBLO";"09O115062";"CANTÁBRICO OCCIDENTAL";"SI";"NO";"NO";"NO";"NO";"NO";;"0.25";"6048";"0.96";"Regadío";"Cangas del Narcea";"ASTURIAS";19/06/2024;;
"ES018C0285";"COMUNIDAD DE REGANTES FUENTE LA PARDILLA";"V39851522";"CANTÁBRICO OCCIDENTAL";"SI";"NO";"NO";"NO";"NO";"NO";;"2.5";"19135";"5.07";"Regadío";"Cabezón de Liébana";"CANTABRIA";19/06/2024;;
"ES018C0286";"COMUNIDAD DE REGANTES FUENTE SOLERA";"09O111396";"CANTÁBRICO OCCIDENTAL";"SI";"NO";"NO";"NO";"NO";"NO";;"0.06";"1020";"0.15";"Regadío";"Cangas del Narcea";"ASTURIAS";19/06/2024;;
"ES018C0287";"COMUNIDAD DE REGANTES FUENTES DEL PRADÓN Y OTRAS";"09O112000";"CANTÁBRICO OCCIDENTAL";"SI";"NO";"NO";"NO";"NO";"NO";;"0.57";"6335";"0.97";"Regadío";"Cangas del Narcea";"ASTURIAS";19/06/2024;;
"ES018C0288";"COMUNIDAD DE REGANTES FUMEDO";"V39786033";"CANTÁBRICO OCCIDENTAL";"SI";"NO";"NO";"NO";"NO";"NO";;"0.5";"15870";"2.65";"Regadío";"As Nogais";"LUGO";19/06/2024;;
"ES018C0289";"COMUNIDAD DE REGANTES HERMANOS CASTILLO HERBOSA";"V74245739";"CANTÁBRICO OCCIDENTAL";"SI";"NO";"NO";"NO";"NO";"NO";;"3.06";"7184";"1.21";"Regadío";"Saro";"CANTABRIA";19/06/2024;;
"ES018C0290";"COMUNIDAD DE REGANTES HERMANOS LOPEZ ESPIN";"G74125691";"CANTÁBRICO OCCIDENTAL";"SI";"NO";"NO";"NO";"NO";"NO";;"0.04";"440";"0.02";"Regadío";"As Nogais";"LUGO";19/06/2024;;
"ES018C0291";"COMUNIDAD DE REGANTES HERMANOS RODRIGUEZ VALIÑO";"V74333642";"CANTÁBRICO OCCIDENTAL";"SI";"NO";"NO";"NO";"NO";"NO";;"0.21";"6420";"1.07";"Regadío";"Becerreá";"LUGO";19/06/2024;;
"ES018C0292";"COMUNIDAD DE REGANTES HERMANOS RUBÍN BADA";"V74333642";"CANTÁBRICO OCCIDENTAL";"SI";"NO";"NO";"NO";"NO";"NO";;"0.16";"1144";"0.64";"Regadío";"Peñarrubia";"CANTABRIA";19/06/2024;;
"ES018C0293";"COMUNIDAD DE REGANTES HORTA NOVA";"V74333642";"CANTÁBRICO OCCIDENTAL";"SI";"NO";"NO";"NO";"NO";"NO";;"0.03";"1051";"0.3";"Regadío";"Cervantes";"LUGO";19/06/2024;;
"ES018C0294";"COMUNIDAD DE REGANTES HORTIGUI";"V74333642";"CANTÁBRICO OCCIDENTAL";"SI";"NO";"NO";"NO";"NO";"NO";;"0.5";"15768";"2.43";"Regadío";"Cangas del Narcea";"ASTURIAS";19/06/2024;;
"ES018C0297";"COMUNIDAD DE REGANTES LA CASTAÑAL, VILLARBOIRO Y FONTANÓN";"09O109612";"CANTÁBRICO OCCIDENTAL";"SI";"NO";"NO";"NO";"NO";"NO";;"1.06";"13495";"2.09";"Regadío";"Cangas del Narcea";"ASTURIAS";19/06/2024;;
"ES018C0298";"COMUNIDAD DE REGANTES LA CUADRA";"09O111994";"CANTÁBRICO OCCIDENTAL";"SI";"NO";"NO";"NO";"NO";"NO";;"10";"15200";"1.52";"Regadío";"Caso";"ASTURIAS";19/06/2024;;
"ES018C0299";"COMUNIDAD DE REGANTES LA ENGUALTA";"G74098211";"CANTÁBRICO OCCIDENTAL";"SI";"NO";"NO";"NO";"NO";"NO";;"1.21";"12580";"1.85";"Regadío";"Somiedo";"ASTURIAS";19/06/2024;;
"ES018C0300";"COMUNIDAD DE REGANTES LA ESPADAÑA Y EL MOLÍN";"09O115134";"CANTÁBRICO OCCIDENTAL";"SI";"NO";"NO";"NO";"NO";"NO";;"0.33";"10481";"1.54";"Regadío";"Cangas del Narcea";"ASTURIAS";19/06/2024;;
"ES018C0301";"COMUNIDAD DE REGANTES LA GARGANTADA";"09O115139";"CANTÁBRICO OCCIDENTAL";"SI";"NO";"NO";"NO";"NO";"NO";;"15";"22450";"2.45";"Regadío";"Caso";"ASTURIAS";19/06/2024;;
"ES018C0302";"COMUNIDAD DE REGANTES LA GOLA";"09O115140";"CANTÁBRICO OCCIDENTAL";"SI";"NO";"NO";"NO";"NO";"NO";;"18";"28000";"2.8";"Regadío";"Caso";"ASTURIAS";19/06/2024;;
"ES018C0303";"COMUNIDAD DE REGANTES LA MOLINA";"09O115141";"CANTÁBRICO OCCIDENTAL";"SI";"NO";"NO";"NO";"NO";"NO";;"300";"11009";"1.62";"Regadío";"Cillorigo de Liébana";"CANTABRIA";19/06/2024;;
"ES018C0304";"COMUNIDAD DE REGANTES LA OLLERA";"09O113023";"CANTÁBRICO OCCIDENTAL";"SI";"NO";"NO";"NO";"NO";"NO";;"0.35";"10880";"1.6";"Regadío";"Cangas del Narcea";"ASTURIAS";19/06/2024;;
"ES018C0305";"COMUNIDAD DE REGANTES LA PANDIETCHA DE ARRIBA";"09O113023";"CANTÁBRICO OCCIDENTAL";"SI";"NO";"NO";"NO";"NO";"NO";;"0.22";"2312";"0.34";"Regadío";"Somiedo";"ASTURIAS";19/06/2024;;
"ES018C0306";"COMUNIDAD DE REGANTES LA PRESA Y FONTE DEL MEDIO";"G74133083";"CANTÁBRICO OCCIDENTAL";"SI";"NO";"NO";"NO";"NO";"NO";;"1.47";"37785";"5.96";"Regadío";"Cangas del Narcea";"ASTURIAS";19/06/2024;;
"ES018C0307";"COMUNIDAD DE REGANTES LA REGUERA";"G74120585";"CANTÁBRICO OCCIDENTAL";"SI";"NO";"NO";"NO";"NO";"NO";;"0.66";"13600";"2";"Regadío";"Somiedo";"ASTURIAS";19/06/2024;;
"ES018C0308";"COMUNIDAD DE REGANTES LA SOTA";"G74125857";"CANTÁBRICO OCCIDENTAL";"SI";"NO";"NO";"NO";"NO";"NO";;"10";"15000";"1.5";"Regadío";"Caso";"ASTURIAS";19/06/2024;;
"ES018C0309";"COMUNIDAD DE REGANTES LA VIÑA-EL REBOLLAR";"G74142928";"CANTÁBRICO OCCIDENTAL";"SI";"NO";"NO";"NO";"NO";"NO";;"0.46";"14505";"2";"Regadío";"Valdés";"ASTURIAS";19/06/2024;;
"ES018C0310";"COMUNIDAD DE REGANTES LAMEIRA DA FONTE";"G74105495";"CANTÁBRICO OCCIDENTAL";"SI";"NO";"NO";"NO";"NO";"NO";;"0.02";"720";"0.12";"Regadío";"Cervantes";"LUGO";19/06/2024;;
"ES018C0311";"COMUNIDAD DE REGANTES LAMEIRA DE CANEILLOS";"G74381211";"CANTÁBRICO OCCIDENTAL";"SI";"NO";"NO";"NO";"NO";"NO";;"0.05";"1440";"0.24";"Regadío";"Cervantes";"LUGO";19/06/2024;;
"ES018C0312";"COMUNIDAD DE REGANTES LAMEIRA DO ESTONPIN";"G74381211";"CANTÁBRICO OCCIDENTAL";"SI";"NO";"NO";"NO";"NO";"NO";;"0.01";"180";"0.03";"Regadío";"Cervantes";"LUGO";19/06/2024;;
"ES018C0313";"COMUNIDAD DE REGANTES LAMEIRA DO ESTOPIN";"G74381211";"CANTÁBRICO OCCIDENTAL";"SI";"NO";"NO";"NO";"NO";"NO";;"0.01";"180";"0.03";"Regadío";"Cervantes";"LUGO";19/06/2024;;
"ES018C0314";"COMUNIDAD DE REGANTES LARNOSA";"09O120179";"CANTÁBRICO OCCIDENTAL";"SI";"NO";"NO";"NO";"NO";"NO";;"0.19";"4080";"0.6";"Regadío";"Cangas del Narcea";"ASTURIAS";19/06/2024;;
"ES018C0315";"COMUNIDAD DE REGANTES LAS CHABANAS";"09O110971";"CANTÁBRICO OCCIDENTAL";"SI";"NO";"NO";"NO";"NO";"NO";;"0.92";"8946";"1.32";"Regadío";"Somiedo";"ASTURIAS";19/06/2024;;
"ES018C0316";"COMUNIDAD DE REGANTES LAS CHABANAS 2";"09O115155";"CANTÁBRICO OCCIDENTAL";"SI";"NO";"NO";"NO";"NO";"NO";;"0.52";"5360";"0.79";"Regadío";"Somiedo";"ASTURIAS";19/06/2024;;
"ES018C0318";"COMUNIDAD DE REGANTES LAS ENSECAS";"09O115155";"CANTÁBRICO OCCIDENTAL";"SI";"NO";"NO";"NO";"NO";"NO";;"0.2";"3210";"0.47";"Regadío";"Cangas del Narcea";"ASTURIAS";19/06/2024;;
"ES018C0319";"COMUNIDAD DE REGANTES LAS FONTES";"V52576345";"CANTÁBRICO OCCIDENTAL";"SI";"NO";"NO";"NO";"NO";"NO";;"0.05";"767";"1.22";"Regadío";"Cangas del Narcea";"ASTURIAS";19/06/2024;;
"ES018C0320";"COMUNIDAD DE REGANTES LAS MURIAS";"G74435355";"CANTÁBRICO OCCIDENTAL";"SI";"NO";"NO";"NO";"NO";"NO";;"0.54";"17000";"2.5";"Regadío";"Aller";"ASTURIAS";19/06/2024;;
"ES018C0321";"COMUNIDAD DE REGANTES LAS PEDRERAS";"G74106832";"CANTÁBRICO OCCIDENTAL";"SI";"NO";"NO";"NO";"NO";"NO";;"0";"0";"1.46";"Regadío";"Caso";"ASTURIAS";19/06/2024;;
"ES018C0322";"COMUNIDAD DE REGANTES LAS VACADAS";"V74377219";"CANTÁBRICO OCCIDENTAL";"SI";"NO";"NO";"NO";"NO";"NO";;"1.38";"5440";"0.8";"Regadío";"Mieres";"ASTURIAS";19/06/2024;;
"ES018C0323";"COMUNIDAD DE REGANTES LAS VIEJAS";"G74101874";"CANTÁBRICO OCCIDENTAL";"SI";"NO";"NO";"NO";"NO";"NO";;"0.36";"2508.8";"1";"Regadío";"Cillorigo de Liébana";"CANTABRIA";19/06/2024;;
"ES018C0324";"COMUNIDAD DE REGANTES LEIRA TRAVESA";"G74103714";"CANTÁBRICO OCCIDENTAL";"SI";"NO";"NO";"NO";"NO";"NO";;"0.02";"701";"0.23";"Regadío";"Cervantes";"LUGO";19/06/2024;;
"ES018C0325";"COMUNIDAD DE REGANTES LLENDÓN";"V74418377";"CANTÁBRICO OCCIDENTAL";"SI";"NO";"NO";"NO";"NO";"NO";;"0.65";"6248";"6.55";"Regadío";"Villaviciosa";"ASTURIAS";19/06/2024;;
"ES018C0326";"COMUNIDAD DE REGANTES LLERONES DE LA BARRACA";"09O115138";"CANTÁBRICO OCCIDENTAL";"SI";"NO";"NO";"NO";"NO";"NO";;"2.1";"21830";"3.65";"Regadío";"Aller";"ASTURIAS";19/06/2024;;
"ES018C0327";"COMUNIDAD DE REGANTES LOS COUCES DE ABAJO";"09O115138";"CANTÁBRICO OCCIDENTAL";"SI";"NO";"NO";"NO";"NO";"NO";;"1.54";"6291";"4.58";"Regadío";"Cangas del Narcea";"ASTURIAS";19/06/2024;;
"ES018C0328";"COMUNIDAD DE REGANTES LOS COUCES DE ARRIBA";"09O115138";"CANTÁBRICO OCCIDENTAL";"SI";"NO";"NO";"NO";"NO";"NO";;"1.04";"4030";"1.29";"Regadío";"Cangas del Narcea";"ASTURIAS";19/06/2024;;
"ES018C0329";"COMUNIDAD DE REGANTES LOS NISERINOS";"09O115138";"CANTÁBRICO OCCIDENTAL";"SI";"NO";"NO";"NO";"NO";"NO";;"3.38";"0";"4.86";"Regadío";"Grado";"ASTURIAS";19/06/2024;;
"ES018C0330";"COMUNIDAD DE REGANTES LOS PRADONES";"09O115138";"CANTÁBRICO OCCIDENTAL";"SI";"NO";"NO";"NO";"NO";"NO";;"0.53";"6956";"1.02";"Regadío";"Cangas del Narcea";"ASTURIAS";19/06/2024;;
"ES018C0331";"COMUNIDAD DE REGANTES LOS PRADONES 2";"09O115138";"CANTÁBRICO OCCIDENTAL";"SI";"NO";"NO";"NO";"NO";"NO";;"0.34";"5355";"0.85";"Regadío";"Cangas del Narcea";"ASTURIAS";19/06/2024;;
"ES018C0333";"COMUNIDAD DE REGANTES MANANTIAL PRADO CHAO DAS CABANAS";"09O126002";"CANTÁBRICO OCCIDENTAL";"SI";"NO";"NO";"NO";"NO";"NO";;"0.2";"6390";"2.35";"Regadío";"Cervantes";"LUGO";19/06/2024;;
"ES018C0334";"COMUNIDAD DE REGANTES MARRONCIN";"09O111777";"CANTÁBRICO OCCIDENTAL";"SI";"NO";"NO";"NO";"NO";"NO";;"0.26";"8228";"0.12";"Regadío";"Cangas del Narcea";"ASTURIAS";19/06/2024;;
"ES018C0335";"COMUNIDAD DE REGANTES MOÑO";"G27334812";"CANTÁBRICO OCCIDENTAL";"SI";"NO";"NO";"NO";"NO";"NO";;"2.4";"17072";"2.85";"Regadío";"Vega de Liébana";"CANTABRIA";19/06/2024;;
"ES018C0336";"COMUNIDAD DE REGANTES NAVIDIEGO";"G27333483";"CANTÁBRICO OCCIDENTAL";"SI";"NO";"NO";"NO";"NO";"NO";;"0.41";"12888";"2.15";"Regadío";"Cangas del Narcea";"ASTURIAS";19/06/2024;;
"ES018C0337";"COMUNIDAD DE REGANTES NOCEDA DE RENGOS";"G27328251";"CANTÁBRICO OCCIDENTAL";"SI";"NO";"NO";"NO";"NO";"NO";;"0.29";"9000";"1.5";"Regadío";"Cangas del Narcea";"ASTURIAS";19/06/2024;;
"ES018C0338";"COMUNIDAD DE REGANTES NOUDELO I";"G27328228";"CANTÁBRICO OCCIDENTAL";"SI";"NO";"NO";"NO";"NO";"NO";;"0.4";"8908";"1.31";"Regadío";"Cervantes";"LUGO";19/06/2024;;
"ES018C0339";"COMUNIDAD DE REGANTES NOUDELO II";"G27333475";"CANTÁBRICO OCCIDENTAL";"SI";"NO";"NO";"NO";"NO";"NO";;"0.25";"4420";"0.65";"Regadío";"Cervantes";"LUGO";19/06/2024;;
"ES018C0340";"COMUNIDAD DE REGANTES NOUDELO III";"G27328210";"CANTÁBRICO OCCIDENTAL";"SI";"NO";"NO";"NO";"NO";"NO";;"0.02";"748";"0.11";"Regadío";"Cervantes";"LUGO";19/06/2024;;
"ES018C0341";"COMUNIDAD DE REGANTES NOUDELO IV";"G27334820";"CANTÁBRICO OCCIDENTAL";"SI";"NO";"NO";"NO";"NO";"NO";;"0.02";"680";"0.1";"Regadío";"Cervantes";"LUGO";19/06/2024;;
"ES018C0342";"COMUNIDAD DE REGANTES NOUDELO IX";"G27328244";"CANTÁBRICO OCCIDENTAL";"SI";"NO";"NO";"NO";"NO";"NO";;"0.2";"2246";"0.5";"Regadío";"Cervantes";"LUGO";19/06/2024;;
"ES018C0343";"COMUNIDAD DE REGANTES NOUDELO V";"G27334838";"CANTÁBRICO OCCIDENTAL";"SI";"NO";"NO";"NO";"NO";"NO";;"0.03";"816";"0.12";"Regadío";"Cervantes";"LUGO";19/06/2024;;
"ES018C0344";"COMUNIDAD DE REGANTES NOUDELO VI";"G27334846";"CANTÁBRICO OCCIDENTAL";"SI";"NO";"NO";"NO";"NO";"NO";;"0.25";"4420";"0.65";"Regadío";"Cervantes";"LUGO";19/06/2024;;
"ES018C0345";"COMUNIDAD DE REGANTES NOUDELO VII";"G27328236";"CANTÁBRICO OCCIDENTAL";"SI";"NO";"NO";"NO";"NO";"NO";;"0.09";"2720";"0.4";"Regadío";"Cervantes";"LUGO";19/06/2024;;
"ES018C0346";"COMUNIDAD DE REGANTES NOUDELO VIII";"09O115428";"CANTÁBRICO OCCIDENTAL";"SI";"NO";"NO";"NO";"NO";"NO";;"0.03";"952";"0.14";"Regadío";"Cervantes";"LUGO";19/06/2024;;
"ES018C0347";"COMUNIDAD DE REGANTES NOUDELO X";"09O115143";"CANTÁBRICO OCCIDENTAL";"SI";"NO";"NO";"NO";"NO";"NO";;"0.48";"12978";"1.91";"Regadío";"Cervantes";"LUGO";19/06/2024;;
"ES018C0348";"COMUNIDAD DE REGANTES NOUDELO XI";"09O115143";"CANTÁBRICO OCCIDENTAL";"SI";"NO";"NO";"NO";"NO";"NO";;"0.04";"1156";"0.17";"Regadío";"Cervantes";"LUGO";19/06/2024;;
"ES018C0349";"COMUNIDAD DE REGANTES NOUDELO XIII";"09O115143";"CANTÁBRICO OCCIDENTAL";"SI";"NO";"NO";"NO";"NO";"NO";;"0.32";"10200";"1.5";"Regadío";"Cervantes";"LUGO";19/06/2024;;
"ES018C0350";"COMUNIDAD DE REGANTES O CANCELO";"09O115421";"CANTÁBRICO OCCIDENTAL";"SI";"NO";"NO";"NO";"NO";"NO";;"0.44";"3960";"0.66";"Regadío";"As Nogais";"LUGO";19/06/2024;;
"ES018C0351";"COMUNIDAD DE REGANTES O CARBALLO";"V74409947";"CANTÁBRICO OCCIDENTAL";"SI";"NO";"NO";"NO";"NO";"NO";;"0.08";"1064";"0.23";"Regadío";"Cervantes";"LUGO";19/06/2024;;
"ES018C0352";"COMUNIDAD DE REGANTES OS MOUCILLOIS";"V74409947";"CANTÁBRICO OCCIDENTAL";"SI";"NO";"NO";"NO";"NO";"NO";;"0.09";"2880";"0.48";"Regadío";"As Nogais";"LUGO";19/06/2024;;
"ES018C0353";"COMUNIDAD DE REGANTES PENA DE CANDAIDE";"G27414150";"CANTÁBRICO OCCIDENTAL";"SI";"NO";"NO";"NO";"NO";"NO";;"0.22";"0";"1.18";"Regadío";"A Pontenova";"LUGO";19/06/2024;;
"ES018C0354";"COMUNIDAD DE REGANTES PONTE DE CRUZUL";"09O115434";"CANTÁBRICO OCCIDENTAL";"SI";"NO";"NO";"NO";"NO";"NO";;"0.36";"9813";"1.44";"Regadío";"Becerreá";"LUGO";19/06/2024;;
"ES018C0355";"COMUNIDAD DE REGANTES POZO CIMEIRO (FONTE DOS ARROXOS)";"09O115131";"CANTÁBRICO OCCIDENTAL";"SI";"NO";"NO";"NO";"NO";"NO";;"0.26";"8124";"1.35";"Regadío";"As Nogais";"LUGO";19/06/2024;;
"ES018C0356";"COMUNIDAD DE REGANTES POZO DO PRADO GRANDE";"09O115130";"CANTÁBRICO OCCIDENTAL";"SI";"NO";"NO";"NO";"NO";"NO";;"0.11";"3516";"0.59";"Regadío";"Cervantes";"LUGO";19/06/2024;;
"ES018C0357";"COMUNIDAD DE REGANTES POZO LA HILERA-PIRUECOS";"G74188913";"CANTÁBRICO OCCIDENTAL";"SI";"NO";"NO";"NO";"NO";"NO";;"0.35";"3323.5";"2.09";"Regadío";"Torrelavega";"CANTABRIA";19/06/2024;;
"ES018C0358";"COMUNIDAD DE REGANTES PRADO DE CALORES";"09O115142";"CANTÁBRICO OCCIDENTAL";"SI";"NO";"NO";"NO";"NO";"NO";;"0.49";"15566";"2.59";"Regadío";"Ibias";"ASTURIAS";19/06/2024;;
"ES018C0359";"COMUNIDAD DE REGANTES PRADO DE SEVANE";"G32353864";"CANTÁBRICO OCCIDENTAL";"SI";"NO";"NO";"NO";"NO";"NO";;"0.15";"2400";"0.4";"Regadío";"Cervantes";"LUGO";19/06/2024;;
"ES018C0360";"COMUNIDAD DE REGANTES PRADO MOLINO Y HUMEROS Y HUERTA AQUEL CABO";"09O112535";"CANTÁBRICO OCCIDENTAL";"SI";"NO";"NO";"NO";"NO";"NO";;"1.6";"0";"1.35";"Regadío";"Valdés";"ASTURIAS";19/06/2024;;
"ES018C0361";"COMUNIDAD DE REGANTES PRADO SALGUEIRO";"09O115164";"CANTÁBRICO OCCIDENTAL";"SI";"NO";"NO";"NO";"NO";"NO";;"0.07";"2190";"0.48";"Regadío";"Cervantes";"LUGO";19/06/2024;;
"ES018C0362";"COMUNIDAD DE REGANTES PRADO TOMÁS";"G74221615";"CANTÁBRICO OCCIDENTAL";"SI";"NO";"NO";"NO";"NO";"NO";;"0.11";"1773";"0.8";"Regadío";"Piloña";"ASTURIAS";19/06/2024;;
"ES018C0363";"COMUNIDAD DE REGANTES PRADOS DE ABAIXO";"G27486158";"CANTÁBRICO OCCIDENTAL";"SI";"NO";"NO";"NO";"NO";"NO";;"0";"2022";"0.71";"Regadío";"Cervantes";"LUGO";19/06/2024;;
"ES018C0364";"COMUNIDAD DE REGANTES PRADOS RÍO DE ARRIBA,RÍO DE ABAJO Y LO";"09O133430";"CANTÁBRICO OCCIDENTAL";"SI";"NO";"NO";"NO";"NO";"NO";;"1.65";"0";"1.62";"Regadío";"Valdés";"ASTURIAS";19/06/2024;;
"ES018C0365";"COMUNIDAD DE REGANTES PRAU DE LA PUENTE Y HUERTO";"G74103565";"CANTÁBRICO OCCIDENTAL";"SI";"NO";"NO";"NO";"NO";"NO";;"0.67";"10523";"1.55";"Regadío";"Cangas del Narcea";"ASTURIAS";19/06/2024;;
"ES018C0366";"COMUNIDAD DE REGANTES PRESA BAIXO DAS ZARRAS";"G27420330";"CANTÁBRICO OCCIDENTAL";"SI";"NO";"NO";"NO";"NO";"NO";;"0.96";"2157";"1.92";"Regadío";"Becerreá";"LUGO";19/06/2024;;
"ES018C0367";"COMUNIDAD DE REGANTES PRESA CEPEDA";"09O108484";"CANTÁBRICO OCCIDENTAL";"SI";"NO";"NO";"NO";"NO";"NO";;"1.21";"12000";"2.4";"Regadío";"Becerreá";"LUGO";19/06/2024;;
"ES018C0368";"COMUNIDAD DE REGANTES PRESA DA VALIÑA DE TRASCASTRO";"09O112053";"CANTÁBRICO OCCIDENTAL";"SI";"NO";"NO";"NO";"NO";"NO";;"0.91";"9008.5";"1.8";"Regadío";"Becerreá";"LUGO";19/06/2024;;
"ES018C0369";"COMUNIDAD DE REGANTES PRESA DE SALGUEIRÍN Y PORTO";"09LU00060";"CANTÁBRICO OCCIDENTAL";"SI";"NO";"NO";"NO";"NO";"NO";;"0.28";"7488";"1.1";"Regadío";"Baleira";"LUGO";19/06/2024;;
"ES018C0370";"COMUNIDAD DE REGANTES PRESA DE SUBCAMÍN";"G27328079";"CANTÁBRICO OCCIDENTAL";"SI";"NO";"NO";"NO";"NO";"NO";;"0.49";"15572";"2.29";"Regadío";"As Nogais";"LUGO";19/06/2024;;
"ES018C0371";"COMUNIDAD DE REGANTES PRESA DE VILLAPÚN";"G27329150";"CANTÁBRICO OCCIDENTAL";"SI";"NO";"NO";"NO";"NO";"NO";;"0.48";"15164";"2.23";"Regadío";"As Nogais";"LUGO";19/06/2024;;
"ES018C0372";"COMUNIDAD DE REGANTES PRESA DEL MARQUÉS";"09O108861";"CANTÁBRICO OCCIDENTAL";"SI";"NO";"NO";"NO";"NO";"NO";;"0.52";"16320";"2.4";"Regadío";"As Nogais";"LUGO";19/06/2024;;
"ES018C0373";"COMUNIDAD DE REGANTES PRESA DOS XOTOS";"G27328061";"CANTÁBRICO OCCIDENTAL";"SI";"NO";"NO";"NO";"NO";"NO";;"1.13";"35768";"5.26";"Regadío";"As Nogais";"LUGO";19/06/2024;;
"ES018C0374";"COMUNIDAD DE REGANTES PUENTE LAS CHAMAS";"G74146770";"CANTÁBRICO OCCIDENTAL";"SI";"NO";"NO";"NO";"NO";"NO";;"1.58";"3250";"0.66";"Regadío";"Somiedo";"ASTURIAS";19/06/2024;;
"ES018C0375";"COMUNIDAD DE REGANTES REGA DE VILLAFRIAL";"G27317825";"CANTÁBRICO OCCIDENTAL";"SI";"NO";"NO";"NO";"NO";"NO";;"3.04";"78880";"11.6";"Regadío";"Cervantes";"LUGO";19/06/2024;;
"ES018C0376";"COMUNIDAD DE REGANTES REGA DO NARÓN";"V27414564";"CANTÁBRICO OCCIDENTAL";"SI";"NO";"NO";"NO";"NO";"NO";;"0.65";"20498";"3.01";"Regadío";"Becerreá";"LUGO";19/06/2024;;
"ES018C0377";"COMUNIDAD DE REGANTES REGO DO TEIXO";"G27486166";"CANTÁBRICO OCCIDENTAL";"SI";"NO";"NO";"NO";"NO";"NO";;"0";"2055";"0.63";"Regadío";"Cervantes";"LUGO";19/06/2024;;
"ES018C0378";"COMUNIDAD DE REGANTES REGUEIRA DE ROMEÁN";"G02779205";"CANTÁBRICO OCCIDENTAL";"SI";"NO";"NO";"NO";"NO";"NO";;"1.46";"14112";"2.24";"Regadío";"Cervantes";"LUGO";19/06/2024;;
"ES018C0379";"COMUNIDAD DE REGANTES REGUEIRO DEL MOLINO Y DEL CIELLA";"G74104076";"CANTÁBRICO OCCIDENTAL";"SI";"NO";"NO";"NO";"NO";"NO";;"0.16";"5032";"0.74";"Regadío";"Cangas del Narcea";"ASTURIAS";19/06/2024;;
"ES018C0380";"COMUNIDAD DE REGANTES REGUERA TORBOSO";"G74412099";"CANTÁBRICO OCCIDENTAL";"SI";"NO";"NO";"NO";"NO";"NO";;"0.07";"700";"0.34";"Regadío";"Degaña";"ASTURIAS";19/06/2024;;
"ES018C0381";"COMUNIDAD DE REGANTES REGUERO DEL FOLICHARÓN";"09O125486";"CANTÁBRICO OCCIDENTAL";"SI";"NO";"NO";"NO";"NO";"NO";;"0.3";"9600";"1.6";"Regadío";"Belmonte de Miranda";"ASTURIAS";19/06/2024;;
"ES018C0382";"COMUNIDAD DE REGANTES REGUERO EL SANCHO";"G74379769";"CANTÁBRICO OCCIDENTAL";"SI";"NO";"NO";"NO";"NO";"NO";;"0.16";"4087";"0.58";"Regadío";"Cangas del Narcea";"ASTURIAS";19/06/2024;;
"ES018C0383";"COMUNIDAD DE REGANTES REGUERO RETRULLÉS";"09O110031";"CANTÁBRICO OCCIDENTAL";"SI";"NO";"NO";"NO";"NO";"NO";;"0.23";"510";"0.15";"Regadío";"Lena";"ASTURIAS";19/06/2024;;
"ES018C0384";"COMUNIDAD DE REGANTES RIEGA LLAVADORIO E INFIERNOS";"G74170572";"CANTÁBRICO OCCIDENTAL";"SI";"NO";"NO";"NO";"NO";"NO";;"0.58";"18250";"3";"Regadío";"Villaviciosa";"ASTURIAS";19/06/2024;;
"ES018C0385";"COMUNIDAD DE REGANTES RIEGA RUAOS";"09O111671";"CANTÁBRICO OCCIDENTAL";"SI";"NO";"NO";"NO";"NO";"NO";;"2.56";"33228";"5.54";"Regadío";"Cabezón de Liébana";"CANTABRIA";19/06/2024;;
"ES018C0386";"COMUNIDAD DE REGANTES RIGUEIRIN";"09O115723";"CANTÁBRICO OCCIDENTAL";"SI";"NO";"NO";"NO";"NO";"NO";;"0.18";"3180";"0.53";"Regadío";"As Nogais";"LUGO";19/06/2024;;
"ES018C0387";"COMUNIDAD DE REGANTES RIGUEIRO DOS ARROXOS";"G27486174";"CANTÁBRICO OCCIDENTAL";"SI";"NO";"NO";"NO";"NO";"NO";;"0.75";"17246";"18";"Regadío";"Cervantes";"LUGO";19/06/2024;;
"ES018C0388";"COMUNIDAD DE REGANTES RÍO CALABRE 3";"G74129875";"CANTÁBRICO OCCIDENTAL";"SI";"NO";"NO";"NO";"NO";"NO";;"0.03";"966";"0.14";"Regadío";"Valdés";"ASTURIAS";19/06/2024;;
"ES018C0389";"COMUNIDAD DE REGANTES RÍO CALABRE 4";"G74129883";"CANTÁBRICO OCCIDENTAL";"SI";"NO";"NO";"NO";"NO";"NO";;"0.07";"2074";"0.31";"Regadío";"Valdés";"ASTURIAS";19/06/2024;;
"ES018C0390";"COMUNIDAD DE REGANTES RÍO CALABRE 5";"G74129891";"CANTÁBRICO OCCIDENTAL";"SI";"NO";"NO";"NO";"NO";"NO";;"0.05";"1542";"0.23";"Regadío";"Valdés";"ASTURIAS";19/06/2024;;
"ES018C0391";"COMUNIDAD DE REGANTES RIO COLIO";"09O140524";"CANTÁBRICO OCCIDENTAL";"SI";"NO";"NO";"NO";"NO";"NO";;"6.62";"85800";"14.3";"Regadío";"Cillorigo de Liébana";"CANTABRIA";19/06/2024;;
"ES018C0392";"COMUNIDAD DE REGANTES RÍO DE CASTRO";"G27304468";"CANTÁBRICO OCCIDENTAL";"SI";"NO";"NO";"NO";"NO";"NO";;"0.24";"7512";"1.1";"Regadío";"Cervantes";"LUGO";19/06/2024;;
"ES018C0393";"COMUNIDAD DE REGANTES RIO DEL DIEGO";"09O111710";"CANTÁBRICO OCCIDENTAL";"SI";"NO";"NO";"NO";"NO";"NO";;"0.27";"3552";"0.59";"Regadío";"Vega de Liébana";"CANTABRIA";19/06/2024;;
"ES018C0394";"COMUNIDAD DE REGANTES RIO FRIO";"09O111788";"CANTÁBRICO OCCIDENTAL";"SI";"NO";"NO";"NO";"NO";"NO";;"1.68";"26980";"4.43";"Regadío";"Vega de Liébana";"CANTABRIA";19/06/2024;;
"ES018C0395";"COMUNIDAD DE REGANTES RÍO QUEIZÁN-PRESA DO MUÍN DA VEIGA";"09O112080";"CANTÁBRICO OCCIDENTAL";"SI";"NO";"NO";"NO";"NO";"NO";;"0.36";"35460";"0.71";"Regadío";"Navia de Suarna";"LUGO";19/06/2024;;
"ES018C0396";"COMUNIDAD DE REGANTES RÍO SAN ISIDRO";"G74143157";"CANTÁBRICO OCCIDENTAL";"SI";"NO";"NO";"NO";"NO";"NO";;"1";"5850";"1.68";"Regadío";"Aller";"ASTURIAS";19/06/2024;;
"ES018C0397";"COMUNIDAD DE REGANTES RÍO SANTA MARIÑA - PRESA DOS SEBEIROS";"G27323674";"CANTÁBRICO OCCIDENTAL";"SI";"NO";"NO";"NO";"NO";"NO";;"0.97";"10047";"1.94";"Regadío";"Becerreá";"LUGO";19/06/2024;;
"ES018C0398";"COMUNIDAD DE REGANTES RÍO SANTA MARIÑA-PRESA VEIGA DE MUNDÍN";"G27323682";"CANTÁBRICO OCCIDENTAL";"SI";"NO";"NO";"NO";"NO";"NO";;"0.6";"6228";"1.2";"Regadío";"Becerreá";"LUGO";19/06/2024;;
"ES018C0399";"COMUNIDAD DE REGANTES SAN CRISTÓBAL, SAN MARTÍN DE LODÓN Y LONGORIA";"G74016890";"CANTÁBRICO OCCIDENTAL";"SI";"NO";"NO";"NO";"NO";"NO";;"50";"0";"33.28";"Regadío";"Belmonte de Miranda";"ASTURIAS";19/06/2024;;
"ES018C0400";"COMUNIDAD DE REGANTES SAN JUAN DE AGÜEIRA";"09O124002";"CANTÁBRICO OCCIDENTAL";"SI";"NO";"NO";"NO";"NO";"NO";;"0.89";"23550";"4.71";"Regadío";"Becerreá";"LUGO";19/06/2024;;
"ES018C0402";"COMUNIDAD DE REGANTES SOVILA";"09O113006";"CANTÁBRICO OCCIDENTAL";"SI";"NO";"NO";"NO";"NO";"NO";;"0.52";"16500";"2.75";"Regadío";"As Nogais";"LUGO";19/06/2024;;
"ES018C0403";"COMUNIDAD DE REGANTES TRAS DEL TERANO";"09O154585";"CANTÁBRICO OCCIDENTAL";"SI";"NO";"NO";"NO";"NO";"NO";;"0.1";"3295";"0.55";"Regadío";"Cangas del Narcea";"ASTURIAS";19/06/2024;;
"ES018C0404";"COMUNIDAD DE REGANTES TRASLASVEIGAS";"G74125675";"CANTÁBRICO OCCIDENTAL";"SI";"NO";"NO";"NO";"NO";"NO";;"0.74";"7684";"1.13";"Regadío";"Somiedo";"ASTURIAS";19/06/2024;;
"ES018C0405";"COMUNIDAD DE REGANTES TRASLASVEIGAS II";"G74137092";"CANTÁBRICO OCCIDENTAL";"SI";"NO";"NO";"NO";"NO";"NO";;"1.25";"12960";"0.7";"Regadío";"Somiedo";"ASTURIAS";19/06/2024;;
"ES018C0406";"COMUNIDAD DE REGANTES TRES PALACIO";"09O110919";"CANTÁBRICO OCCIDENTAL";"SI";"NO";"NO";"NO";"NO";"NO";;"0.48";"1134";"0.35";"Regadío";"Vega de Liébana";"CANTABRIA";19/06/2024;;
"ES018C0407";"COMUNIDAD DE REGANTES VACHELMONTE";"V74393216";"CANTÁBRICO OCCIDENTAL";"SI";"NO";"NO";"NO";"NO";"NO";;"0.59";"10920";"2.08";"Regadío";"Cangas del Narcea";"ASTURIAS";19/06/2024;;
"ES018C0408";"COMUNIDAD DE REGANTES VAL DE CASARES";"09O115153";"CANTÁBRICO OCCIDENTAL";"SI";"NO";"NO";"NO";"NO";"NO";;"0.16";"5120";"0.78";"Regadío";"Cervantes";"LUGO";19/06/2024;;
"ES018C0409";"COMUNIDAD DE REGANTES VAL DE RIBA";"09O115145";"CANTÁBRICO OCCIDENTAL";"SI";"NO";"NO";"NO";"NO";"NO";;"0.09";"2880";"0.48";"Regadío";"Cervantes";"LUGO";19/06/2024;;
"ES018C0410";"COMUNIDAD DE REGANTES VALDEGRANDA";"09O111996";"CANTÁBRICO OCCIDENTAL";"SI";"NO";"NO";"NO";"NO";"NO";;"5";"8000";"0.8";"Regadío";"Caso";"ASTURIAS";19/06/2024;;
"ES018C0411";"COMUNIDAD DE REGANTES VALLADA ENTRAGO";"G74112921";"CANTÁBRICO OCCIDENTAL";"SI";"NO";"NO";"NO";"NO";"NO";;"0.36";"6596";"0.97";"Regadío";"Cangas del Narcea";"ASTURIAS";19/06/2024;;
"ES018C0412";"COMUNIDAD DE REGANTES VECIAS";"G74110313";"CANTÁBRICO OCCIDENTAL";"SI";"NO";"NO";"NO";"NO";"NO";;"0.27";"8523";"1.25";"Regadío";"Cangas del Narcea";"ASTURIAS";19/06/2024;;
"ES018C0413";"COMUNIDAD DE REGANTES VECINOS DE ALENCE";"09O115419";"CANTÁBRICO OCCIDENTAL";"SI";"NO";"NO";"NO";"NO";"NO";;"0.33";"3000";"0.5";"Regadío";"As Nogais";"LUGO";19/06/2024;;
"ES018C0414";"COMUNIDAD DE REGANTES VEGA DE PEÑAS NEGRAS";"09O109964";"CANTÁBRICO OCCIDENTAL";"SI";"NO";"NO";"NO";"NO";"NO";;"0.57";"17993";"2.5";"Regadío";"Belmonte de Miranda";"ASTURIAS";19/06/2024;;
"ES018C0415";"COMUNIDAD DE REGANTES VEGA DE QUINZANAS";"G33474032";"CANTÁBRICO OCCIDENTAL";"SI";"NO";"NO";"NO";"NO";"NO";;"21";"88762";"31.61";"Regadío";"Pravia";"ASTURIAS";19/06/2024;;
"ES018C0416";"COMUNIDAD DE REGANTES VEGA DE SANTA MARÍA";"09O110964";"CANTÁBRICO OCCIDENTAL";"SI";"NO";"NO";"NO";"NO";"NO";;"0.15";"1049.2";"0";"Regadío";"Cillorigo de Liébana";"CANTABRIA";19/06/2024;;
"ES018C0417";"COMUNIDAD DE REGANTES VEIGA DA LENCE";"G27322460";"CANTÁBRICO OCCIDENTAL";"SI";"NO";"NO";"NO";"NO";"NO";;"1.19";"37355";"5.49";"Regadío";"Cervantes";"LUGO";19/06/2024;;
"ES018C0418";"COMUNIDAD DE REGANTES VEIGA DE AIRA";"G27302025";"CANTÁBRICO OCCIDENTAL";"SI";"NO";"NO";"NO";"NO";"NO";;"3.9";"13759";"3.2";"Regadío";"Cervantes";"LUGO";19/06/2024;;
"ES018C0419";"COMUNIDAD DE REGANTES VEIGA DE MACÍA";"G27302009";"CANTÁBRICO OCCIDENTAL";"SI";"NO";"NO";"NO";"NO";"NO";;"0.29";"6103";"0.9";"Regadío";"Cervantes";"LUGO";19/06/2024;;
"ES018C0420";"COMUNIDAD DE REGANTES VICIECHA VERDE";"G74112152";"CANTÁBRICO OCCIDENTAL";"SI";"NO";"NO";"NO";"NO";"NO";;"0.72";"7480";"1.1";"Regadío";"Cangas del Narcea";"ASTURIAS";19/06/2024;;
"ES018C0421";"COMUNIDAD DE REGANTES VIDAL-LA BRAÑA";"V74448804";"CANTÁBRICO OCCIDENTAL";"SI";"NO";"NO";"NO";"NO";"NO";;"0.5";"7277";"1.85";"Regadío";"Cangas del Narcea";"ASTURIAS";19/06/2024;;
"ES018C0422";"COMUNIDAD DE REGANTES VILABOL TESO DO VAL";"09O115474";"CANTÁBRICO OCCIDENTAL";"SI";"NO";"NO";"NO";"NO";"NO";;"0.02";"628";"0.06";"Regadío";"As Nogais";"LUGO";19/06/2024;;
"ES018C0423";"COMUNIDAD DE REGANTES VILAR";"09O113005";"CANTÁBRICO OCCIDENTAL";"SI";"NO";"NO";"NO";"NO";"NO";;"0.1";"3120";"0.52";"Regadío";"As Nogais";"LUGO";19/06/2024;;
"ES018C0424";"COMUNIDAD DE REGANTES VILLABOL";"09O115473";"CANTÁBRICO OCCIDENTAL";"SI";"NO";"NO";"NO";"NO";"NO";;"0.01";"420";"0.07";"Regadío";"As Nogais";"LUGO";19/06/2024;;
"ES018C0425";"COMUNIDAD DE REGANTES VILLAR DE LOS INDIANOS";"G74138041";"CANTÁBRICO OCCIDENTAL";"SI";"NO";"NO";"NO";"NO";"NO";;"0";"0";"1.34";"Regadío";"Cangas del Narcea";"ASTURIAS";19/06/2024;;
"ES018C0427";"COMUNIDAD DE USUARIOS Y REGANTES CASTRO DE LIMÉS";"G74099300";"CANTÁBRICO OCCIDENTAL";"SI";"NO";"NO";"NO";"NO";"NO";;"0.97";"30571";"3.99";"Regadío";"Cangas del Narcea";"ASTURIAS";19/06/2024;;
"ES018C0428";"COMUNIDAD DE USUARIOS Y REGANTES EL MOLÍN";"09O109697";"CANTÁBRICO OCCIDENTAL";"SI";"NO";"NO";"NO";"NO";"NO";;"0.56";"17754";"2.35";"Regadío";"Cangas del Narcea";"ASTURIAS";19/06/2024;;
"ES018C0429";"COMUNIDAD DE REGANTES DE LOS MANANTIALES FONTE DO CAMPO Y FONTES RIGUEIRA DA VALIÑA";"G27337211";"CANTÁBRICO OCCIDENTAL";"SI";"NO";"NO";"NO";"NO";"NO";;"0.56";"17607";"2.59";"Regadío";"Cervantes";"LUGO";19/06/2024;;
"ES018C0430";"COMUNIDAD DE REGANTES RÍO LAMAS-PRESA DO MUÍN O DO MACHO";"09O108452";"CANTÁBRICO OCCIDENTAL";"SI";"NO";"NO";"NO";"NO";"NO";;"0.52";"3248";"0.65";"Regadío";"A Fonsagrada";"LUGO";19/06/2024;;
"ES018C0431";"COMUNIDAD DE REGANTES FREIXO II";"G27353655";"CANTÁBRICO OCCIDENTAL";"SI";"NO";"NO";"NO";"NO";"NO";;"0.71";"22382.3";"31.25";"Regadío";"Becerreá";"LUGO";19/06/2024;;
"ES018C0432";"COMUNIDAD DE REGANTES DE LEDANTES";"E39632047";"CANTÁBRICO OCCIDENTAL";"SI";"NO";"NO";"NO";"NO";"NO";;"0.28";"1974";"0.4";"Regadío";"Vega de Liébana";"CANTABRIA";19/06/2024;;
"ES030C0001";"AGRUPACIÓN DE REGANTES ACTIVOS DE LA SAGRA-TORRIJOS";"G45823861";"TAJO";"SI";"NO";"NO";"NO";"NO";"NO";"Tajo, Río";"6300";"8720860";"1109.67";"Regadío";"Toledo";"TOLEDO";19/06/2024;;
"ES030C0002";"COMUNIDAD DE REGANTES ALARDOS";"G10124311";"TAJO";"SI";"NO";"NO";"NO";"NO";"NO";"Alardos, Garganta de";"717";"0";"371.91";"Regadío";"Madrigal de la Vera";"CÁCERES";19/06/2024;;
"ES030C0002";"COMUNIDAD DE REGANTES ALARDOS";"G10124311";"TAJO";"SI";"NO";"NO";"NO";"NO";"NO";"Alardos, Garganta de";"717";"0";"371.91";"Centrales hidroeléctricas";"Madrigal de la Vera";"CÁCERES";19/06/2024;;
"ES030C0004";"COMUNIDAD DE REGANTES ALDIAGAR";"G19278878";"TAJO";"SI";"NO";"NO";"NO";"NO";"NO";"Tajo, Río";"51.54";"213835";"35.77";"Regadío";"Rivas-Vaciamadrid";"MADRID";19/06/2024;;
"ES030C0006";"COMUNIDAD DE REGANTES ANADES CAMUÑAS";"G45797602";"TAJO";"NO";"SI";"NO";"NO";"NO";"NO";"Acuífero 03.99 de Interés local";"4.29";"22885";"11.44";"Regadío";"Turleque";"TOLEDO";19/06/2024;;
"ES030C0010";"COMUNIDAD DE REGANTES ARROYO CEDRÓN-LA GUARDIA";"G45519436";"TAJO";"SI";"NO";"NO";"NO";"NO";"NO";"Valdeloro, Arroyo de;Santa María, Arroyo;Madero, Arroyo de;Cauce: Arroyo del Santo Niño;Cauce: Arroyo Cedrón;Cañada, Arroyo de la";"515.38";"2427593";"0";"Regadío";"La Guardia";"TOLEDO";19/06/2024;;
"ES030C0011";"COMUNIDAD DE REGANTES ARROYO HELECHOSO";"G10266955";"TAJO";"SI";"NO";"NO";"NO";"NO";"NO";"Helechoso, Arroyo;Helechosillos, Arroyo";"7.28";"59880";"9.67";"Regadío";"Madrigal de la Vera";"CÁCERES";19/06/2024;;
"ES030C0012";"COMUNIDAD DE REGANTES ARROYO LA TRAMPA";"G10385227";"TAJO";"SI";"SI";"NO";"NO";"NO";"NO";"0;Trampa, Arroyo de la";"0.9";"9633";"17.56";"Regadío";"Jerte";"CÁCERES";19/06/2024;;
"ES030C0012";"COMUNIDAD DE REGANTES ARROYO LA TRAMPA";"G10385227";"TAJO";"SI";"SI";"NO";"NO";"NO";"NO";"0;Trampa, Arroyo de la";"0.9";"9633";"17.56";"Ganadería";"Jerte";"CÁCERES";19/06/2024;;
"ES030C0013";"COMUNIDAD DE REGANTES ARROYO LOS LOBOS";"G45739398";"TAJO";"SI";"NO";"NO";"NO";"NO";"NO";"Arroyo Los Lobos (CD 301.32.03.03)";"3.7";"29563";"3.7";"Regadío";"Mejorada";"TOLEDO";19/06/2024;;
"ES030C0014";"COMUNIDAD DE REGANTES ARROYO MONTRUEQUE";"G45586138";"TAJO";"SI";"NO";"NO";"NO";"NO";"NO";"Arroyo Montrueque";"16.4";"90750";"16.5";"Regadío";"La Torre de Esteban Hambrán";"TOLEDO";19/06/2024;;
"ES030C0017";"COMUNIDAD DE REGANTES BERGONZA";"V87938189";"TAJO";"SI";"NO";"NO";"NO";"NO";"NO";"Tajo, Río";"285";"1680000";"280";"Regadío";"Madrid";"MADRID";19/06/2024;;
"ES030C0020";"COMUNIDAD DE REGANTES CABEZA REDONDA 1";"G45913704";"TAJO";"NO";"SI";"NO";"NO";"NO";"NO";"Acuífero 03.99 de Interés Local";"4.39";"5756";"2.88";"Regadío";"El Romeral";"TOLEDO";19/06/2024;;
"ES030C0023";"COMUNIDAD DE REGANTES CAMPILLO DE LILLO";"G45784709";"TAJO";"NO";"SI";"NO";"NO";"NO";"NO";"Ocaña";"5";"20325";"10.29";"Regadío";"Lillo";"TOLEDO";19/06/2024;;
"ES030C0024";"COMUNIDAD DE REGANTES CAMPO DE LAYOS";"G45704483";"TAJO";"SI";"NO";"NO";"NO";"NO";"NO";"Río Guajaraz";"54.58";"545800";"90.96";"Regadío";"Layos";"TOLEDO";19/06/2024;;
"ES030C0025";"COMUNIDAD DE REGANTES CANAL DE CABARRÚS";"G80004823";"TAJO";"SI";"NO";"NO";"NO";"NO";"NO";"Lozoya, Río;Canal de la Parra";"9.48";"25288.93";"3.97";"Regadío";"Patones";"MADRID";19/06/2024;;
"ES030C0026";"COMUNIDAD DE REGANTES CANAL DE ESTREMERA";"G82262304";"TAJO";"SI";"NO";"NO";"NO";"NO";"NO";"Tajo, Río";"2621";"18863600";"2903.17";"Regadío";"Fuentidueña de Tajo";"MADRID";19/06/2024;;
"ES030C0027";"COMUNIDAD DE REGANTES CANALES DE MOLINA";"P1911800I";"TAJO";"SI";"NO";"NO";"NO";"NO";"NO";"Saúco, Arroyo del";"7.6";"0";"7.6";"Regadío";"Corduente";"GUADALAJARA";19/06/2024;;
"ES030C0030";"COMUNIDAD DE REGANTES CASABLANCA 16";"G45897022";"TAJO";"SI";"NO";"NO";"NO";"NO";"NO";"Tajo, Río";"45.56";"508360";"85.36";"Regadío";"Calera y Chozas";"TOLEDO";19/06/2024;;
"ES030C0031";"COMUNIDAD DE REGANTES CASTOÑO Y FRESNEDA";"G10416667";"TAJO";"SI";"SI";"NO";"NO";"NO";"NO";"Acuífero de Interés Local 03.99;Barbajones, Arroyo de";"0.16";"240";"0.01";"Uso destinado a otros abastecimientos fuera de los núcleos urbanos";"Plasencia";"CÁCERES";19/06/2024;;
"ES030C0031";"COMUNIDAD DE REGANTES CASTOÑO Y FRESNEDA";"G10416667";"TAJO";"SI";"SI";"NO";"NO";"NO";"NO";"Acuífero de Interés Local 03.99;Barbajones, Arroyo de";"0.16";"240";"0.01";"Regadío";"Plasencia";"CÁCERES";19/06/2024;;
"ES030C0032";"COMUNIDAD DE REGANTES CHARCA BLANQUEADA";"G37511821";"TAJO";"SI";"NO";"NO";"NO";"NO";"NO";"Arroyo Arrohuevos o Arroyo Huevo";"0.95";"8450";"3.75";"Regadío";"La Alberca";"SALAMANCA";19/06/2024;;
"ES030C0033";"COMUNIDAD DE REGANTES CHEN";"G45881067";"TAJO";"NO";"SI";"NO";"NO";"NO";"NO";"Madrid-Talavera";"2.4";"21850";"4.37";"Regadío";"Casarrubios del Monte";"TOLEDO";19/06/2024;;
"ES030C0034";"COMUNIDAD DE REGANTES CIGARRALES DE TOLEDO";"G45801610";"TAJO";"SI";"NO";"NO";"NO";"NO";"NO";"Tajo, Río";"2.4";"23422";"4";"Regadío";"Toledo";"TOLEDO";19/06/2024;;
"ES030C0035";"COMUNIDAD DE REGANTES COLMENEROS";"G10485316";"TAJO";"NO";"SI";"NO";"NO";"NO";"NO";"Acuífero de interés Local 03.99";"1";"497";"0.55";"Regadío";"Navalmoral de la Mata";"CÁCERES";19/06/2024;;
"ES030C0036";"COMUNIDAD DE REGANTES COTO DE LOS MONJES";"G10386811";"TAJO";"SI";"NO";"NO";"NO";"NO";"NO";"Jerte, Río";"3";"8850";"1.5";"Regadío";"Plasencia";"CÁCERES";19/06/2024;;
"ES030C0037";"COMUNIDAD DE REGANTES CRHEROSA";"G37301611";"TAJO";"SI";"NO";"NO";"NO";"NO";"NO";"Arroyo de San Pedro del Coso";"0.26";"2560";"6";"Regadío";"Sotoserrano";"SALAMANCA";19/06/2024;;
"ES030C0038";"COMUNIDAD DE REGANTES CRISTO DE LA PIEDAD";"E86208196";"TAJO";"SI";"NO";"NO";"NO";"NO";"NO";"Valdenabos, Arroyo de;Pantueña, Arroyo de";"3.82";"28684.6";"0";"Regadío";"Corpa";"MADRID";19/06/2024;;
"ES030C0039";"COMUNIDAD DE REGANTES CUEVA DEL DOMINE";"G45777075";"TAJO";"NO";"SI";"NO";"NO";"NO";"NO";"Ocaña";"6.9";"18829";"9.41";"Regadío";"Lillo";"TOLEDO";19/06/2024;;
"ES030C0040";"COMUNIDAD DE REGANTES DE ALBALATE DE LAS NOGUERAS";"E16019663";"TAJO";"SI";"NO";"NO";"NO";"NO";"NO";"Trabaque, Río;Río Torralba";"79.2";"766107.72";"100.15";"Regadío";"Albalate de las Nogueras";"CUENCA";19/06/2024;;
"ES030C0041";"COMUNIDAD DE REGANTES DE ALBERGUERÍA DE HERGUIJUELA";"G37460813";"TAJO";"NO";"SI";"NO";"NO";"NO";"NO";"0";"1";"2215";"0.38";"Regadío";"Herguijuela del Campo";"SALAMANCA";19/06/2024;;
"ES030C0042";"COMUNIDAD DE REGANTES DE ALCOLEA DE TAJO";"G45488343";"TAJO";"SI";"NO";"NO";"NO";"NO";"NO";"Tajo, Río";"2332";"24021600";"3434.66";"Regadío";"Alcolea de Tajo";"TOLEDO";19/06/2024;;
"ES030C0043";"COMUNIDAD DE REGANTES DE ALDEANUEVA DEL CAMINO";"G10258218";"TAJO";"SI";"NO";"NO";"NO";"NO";"NO";"Ambroz, Río";"54";"0";"53.82";"Regadío";"Aldeanueva del Camino";"CÁCERES";19/06/2024;;
"ES030C0044";"COMUNIDAD DE REGANTES DE ALDEANUEVA VERA";"G10411510";"TAJO";"SI";"NO";"NO";"NO";"NO";"NO";"Majadillas, Arroyo de las;Cascarones, Garganta de;Cepedilla;Fuente Glorieta de Pizarro;Fuente Govias;Fuente Higuera, Arroyo de;Fuente Piojosa;Bolsillas, Arroyo de los;Horcajos, Barranco de los;Yedrón, Garganta del;Moro Viejo, Arroyo del;Pascuala, Arroyo;Raizales;Redondillo, Barranco del;San Gregorio, Arroyo de;San Mateo;Gargantillas, Arroyo de";"724.7";"0";"475.94";"Regadío";"Aldeanueva de la Vera";"CÁCERES";19/06/2024;;
"ES030C0044";"COMUNIDAD DE REGANTES DE ALDEANUEVA VERA";"G10411510";"TAJO";"SI";"NO";"NO";"NO";"NO";"NO";"Majadillas, Arroyo de las;Cascarones, Garganta de;Cepedilla;Fuente Glorieta de Pizarro;Fuente Govias;Fuente Higuera, Arroyo de;Fuente Piojosa;Bolsillas, Arroyo de los;Horcajos, Barranco de los;Yedrón, Garganta del;Moro Viejo, Arroyo del;Pascuala, Arroyo;Raizales;Redondillo, Barranco del;San Gregorio, Arroyo de;San Mateo;Gargantillas, Arroyo de";"724.7";"0";"475.94";"Industrias productoras de bienes de consumo";"Aldeanueva de la Vera";"CÁCERES";19/06/2024;;
"ES030C0046";"COMUNIDAD DE REGANTES DE AMBITE DE TAJUÑA";"G80991771";"TAJO";"SI";"NO";"NO";"NO";"NO";"NO";"Tajuña, Río";"61.73";"617365";"77.18";"Regadío";"Ambite";"MADRID";19/06/2024;;
"ES030C0048";"COMUNIDAD DE REGANTES DE ARBANCÓN";"G19162304";"TAJO";"SI";"NO";"NO";"NO";"NO";"NO";"Vega de Arbancón, Arroyo de la";"29.46";"0";"23.51";"Regadío";"Cogolludo";"GUADALAJARA";19/06/2024;;
"ES030C0049";"COMUNIDAD DE REGANTES DE ARGANDA DEL REY";"G79428934";"TAJO";"SI";"NO";"NO";"NO";"NO";"NO";"Arroyo Valtierra";"85.03";"850302";"130.82";"Regadío";"Arganda del Rey";"MADRID";19/06/2024;;
"ES030C0050";"COMUNIDAD DE REGANTES DE ARMUÑA DE TAJUÑA";"G19284181";"TAJO";"SI";"NO";"NO";"NO";"NO";"NO";"Tajuña, Río;Río Pra";"102.36";"4300.24";"0";"Regadío";"Armuña de Tajuña";"GUADALAJARA";19/06/2024;;
"ES030C0051";"COMUNIDAD DE REGANTES DE ARROYO GASCÓN";"G37548534";"TAJO";"SI";"NO";"NO";"NO";"NO";"NO";"Gascón, Arroyo";"2.8";"0";"3.51";"Regadío";"Vallejera de Riofrío";"SALAMANCA";19/06/2024;;
"ES030C0052";"COMUNIDAD DE REGANTES DE BARILEJO BAJO";"G45880374";"TAJO";"SI";"NO";"NO";"NO";"NO";"NO";"Sangrera, Río";"3";"30000";"5";"Regadío";"Talavera de la Reina";"TOLEDO";19/06/2024;;
"ES030C0053";"COMUNIDAD DE REGANTES DE BETETA";"G16147902";"TAJO";"SI";"SI";"NO";"NO";"NO";"NO";"Manatial Fuente de la Toba (Acuífero 03-02);Manantial La Fuentecilla (Acuífero 03-02);Manantial Fuente del Vieco (Acuífero 03-02);Manantial Fuente del Escribano (Acuífero 03-02);Manantial Fuente de las Pilas (Acuífero 03-02);Manantial Fuente de las Nogueras (Acuífero 03-02);Manantial Fuente de la Serna (Acuífero 03-02);Manantial Fuente de la Palomara (Acuífero 03-02);Manantial Fuente de la Orden (Acuífero 03-02);Fuente Marta (Acuífero 03-02);Valsalobre, Arroyo de;Guadiela, Río";"66.05";"660470";"132.09";"Regadío";"Beteta";"CUENCA";19/06/2024;;
"ES030C0055";"COMUNIDAD DE REGANTES DE BUJALARO";"G19119502";"TAJO";"SI";"NO";"NO";"NO";"NO";"NO";"Prado, Arroyo del;Henares, Río;Fuente de Narejos, Arroyo de la;Arroyo Jirueque;Arroyo del Calzadizo;Arroyo Barranco Egido;Arroyo Barranco de la Fuente";"94.5";"0";"94.5";"Regadío";"Bujalaro";"GUADALAJARA";19/06/2024;;
"ES030C0056";"COMUNIDAD DE REGANTES DE CABEZUELAS";"G13606405";"TAJO";"NO";"SI";"NO";"NO";"NO";"NO";"Acuífero: Carbonatado-08";"7.53";"25000";"57.92";"Regadío";"Ciudad Real";"CIUDAD REAL";19/06/2024;;
"ES030C0057";"COMUNIDAD DE REGANTES DE CABRERO";"V10398501";"TAJO";"SI";"NO";"NO";"NO";"NO";"NO";"Marta, Garganta de;Garganta Mañero;Barbajones, Arroyo de;Arroyo Periquillo;Arroyo Llano Fresno;Arroyo del Perique";"54.93";"507841";"137.03";"Regadío";"Cabrero";"CÁCERES";19/06/2024;;
"ES030C0058";"COMUNIDAD DE REGANTES DE CAMINO DE LA CASA";"G45875770";"TAJO";"NO";"SI";"NO";"NO";"NO";"NO";"Ocaña";"3.88";"14847";"7.42";"Regadío";"Santa Cruz de la Zarza";"TOLEDO";19/06/2024;;
"ES030C0059";"COMUNIDAD DE REGANTES DE CANDELARIO";"H37397296";"TAJO";"SI";"NO";"NO";"NO";"NO";"NO";"Arroyo Peña Gorda;Arroyo Berceillas;Arroyo Cañadillo;Arroyo de las Angosturas;Arroyo de las Cañadillas;Arroyo del Cardal;Arroyo del Hornito;Arroyo Fuente Santa;Arroyo Hoyo de la Fuente;Arroyo Jarilla;Arroyo La Cruz;Arroyo La Negra;Arroyo Lagunillas;Arroyo Aguadulce;Arroyo Los Canalizos;Vibora, Arroyo;Arroyo Quemadal;Arroyo Terronal;Balozano, Río;Canalizos, Arroyo de los;Cuerpo de Hombre, Río;Fuente Santa, Arroyo;Garganta Las Cañadillas;Hoya Mayor, Arroyo de la;Majadillas, Arroyo de;Negra, Arroyo;Oso, Arroyo del;Paredones, Arroyo de los;Arroyo Las Majañas";"953.6";"0";"679.52";"Regadío";"Candelario";"SALAMANCA";19/06/2024;;
"ES030C0060";"COMUNIDAD DE REGANTES DE CANTAGALLO";"G10579068";"TAJO";"SI";"NO";"NO";"NO";"NO";"NO";"Cuerpo de Hombre, Río;Arroyo Negrillas;Arroyo del Valle;Arroyo del Perucho;Arroyo de las Hurraleras;Arroyo de las Amargas";"143.2";"0";"143.21";"Regadío";"Cantagallo";"SALAMANCA";19/06/2024;;
"ES030C0062";"COMUNIDAD DE REGANTES DE CARABAÑA";"H80085210";"TAJO";"SI";"NO";"NO";"NO";"NO";"NO";"Tajuña, Río";"200.77";"0";"253.45";"Regadío";"Carabaña";"MADRID";19/06/2024;;
"ES030C0064";"COMUNIDAD DE REGANTES DE CASTILBLANCO DE HENARES Y MEDRANDA";"G19187897";"TAJO";"SI";"NO";"NO";"NO";"NO";"NO";"Cañamares, Río;Cañamares, Arroyo";"1482.78";"267896.8";"0";"Regadío";"Medranda";"GUADALAJARA";19/06/2024;;
"ES030C0064";"COMUNIDAD DE REGANTES DE CASTILBLANCO DE HENARES Y MEDRANDA";"G19187897";"TAJO";"SI";"NO";"NO";"NO";"NO";"NO";"Cañamares, Río;Cañamares, Arroyo";"1482.78";"267896.8";"0";"Industrias productoras de bienes de consumo";"Medranda";"GUADALAJARA";19/06/2024;;
"ES030C0066";"COMUNIDAD DE REGANTES DE CHINCHÓN";"G78427184";"TAJO";"SI";"NO";"NO";"NO";"NO";"NO";"Tajuña, Río";"955";"0";"950.57";"Regadío";"Chinchón";"MADRID";19/06/2024;;
"ES030C0067";"COMUNIDAD DE REGANTES DE CHINCHÓN (G78427184) | COMUNIDAD DE REGANTES DE TITULCIA";"G83489252";"TAJO";"SI";"NO";"NO";"NO";"NO";"NO";"Tajuña, Río";"641.5";"0";"639.3";"Regadío";;"MADRID";19/06/2024;;
"ES030C0071";"COMUNIDAD DE REGANTES DE DONACE Y RÍO CALVACHE";"G16200032";"TAJO";"SI";"NO";"NO";"NO";"NO";"NO";"Tajo, Río";"614.77";"4604036.35";"768";"Regadío";"Barajas de Melo";"CUENCA";19/06/2024;;
"ES030C0071";"COMUNIDAD DE REGANTES DE DONACE Y RÍO CALVACHE";"G16200032";"TAJO";"SI";"NO";"NO";"NO";"NO";"NO";"Tajo, Río";"614.77";"4604036.35";"768";"Ganadería";"Barajas de Melo";"CUENCA";19/06/2024;;
"ES030C0072";"COMUNIDAD DE REGANTES DE DOÑA SACRAMENTO";"V10428530";"TAJO";"SI";"NO";"NO";"NO";"NO";"NO";"Tiétar, Río";"62";"416256";"62";"Regadío";"Toril";"CÁCERES";19/06/2024;;
"ES030C0074";"COMUNIDAD DE REGANTES DE EL BERCIAL";"E45507902";"TAJO";"SI";"NO";"NO";"NO";"NO";"NO";"Tajo, Río";"341.48";"2161670";"309.13";"Regadío";"Alcolea de Tajo";"TOLEDO";19/06/2024;;
"ES030C0075";"COMUNIDAD DE REGANTES DE EL COTO DE ORGAZ";"G02824977";"TAJO";"NO";"SI";"NO";"NO";"NO";"NO";"Acuífero: 03.99 de Interés Local";"7.64";"26561.9";"10.98";"Regadío";"Orgaz";"TOLEDO";19/06/2024;;
"ES030C0076";"COMUNIDAD DE REGANTES DE EL CRISTO";"V19320050";"TAJO";"NO";"SI";"NO";"NO";"NO";"NO";"Cañamares, Arroyo";"4.86";"11000";"6.77";"Regadío";"Taragudo";"GUADALAJARA";19/06/2024;;
"ES030C0077";"COMUNIDAD DE REGANTES DE EL HORNILLO";"Q0567020C";"TAJO";"SI";"NO";"NO";"NO";"NO";"NO";"Río Tejos;Río Cantos;Río Arenal;Arroyo La Hiruela;Arroyo Chorritos;Arroyo Chivetiles";"339.32";"2828110";"493.39";"Regadío";"El Hornillo";"ÁVILA";19/06/2024;;
"ES030C0078";"COMUNIDAD DE REGANTES DE EL PEDREGAL Y PRADO ESPESO";"G37518370";"TAJO";"SI";"NO";"NO";"NO";"NO";"NO";"Arroyo Prado Espeso;Arroyo Pedregal";"24";"192000";"24";"Regadío";"Béjar";"SALAMANCA";19/06/2024;;
"ES030C0079";"COMUNIDAD DE REGANTES DE EL ROMERAL";"V10445716";"TAJO";"SI";"NO";"NO";"NO";"NO";"NO";"Don Gil, Arroyo de";"9.83";"104813";"16.38";"Regadío";"Talayuela";"CÁCERES";19/06/2024;;
"ES030C0082";"COMUNIDAD DE REGANTES DE EL TEJAR";"G45920733";"TAJO";"SI";"NO";"NO";"NO";"NO";"NO";"Tajo, Río";"38.8";"245532";"0";"Regadío";"Talavera de la Reina";"TOLEDO";19/06/2024;;
"ES030C0085";"COMUNIDAD DE REGANTES DE FUENTIVIEJA";"V10465748";"TAJO";"SI";"NO";"NO";"NO";"NO";"NO";"Arroyo Fuente Vieja";"2";"8928";"1.49";"Regadío";"Losar de la Vera";"CÁCERES";19/06/2024;;
"ES030C0086";"COMUNIDAD DE REGANTES DE GARCIBUEY";"G37263936";"TAJO";"SI";"NO";"NO";"NO";"NO";"NO";"Palla, Arroyo de la";"30";"946080";"118.26";"Regadío";"Garcibuey";"SALAMANCA";19/06/2024;;
"ES030C0088";"COMUNIDAD DE REGANTES DE GARGANTA LA ELIZA";"Q0567017I";"TAJO";"SI";"NO";"NO";"NO";"NO";"NO";"Garganta La Eliza";"234.15";"2182640";"272.83";"Regadío";"Villanueva de Ávila";"ÁVILA";19/06/2024;;
"ES030C0089";"COMUNIDAD DE REGANTES DE GARGANTA SIERRA CABRERA";"G10220341";"TAJO";"SI";"NO";"NO";"NO";"NO";"NO";"Garganta Sierra Cabrera (301.42.07.11)";"100";"0";"44.17";"Regadío";"6 de Toro";"CÁCERES";19/06/2024;;
"ES030C0089";"COMUNIDAD DE REGANTES DE GARGANTA SIERRA CABRERA";"G10220341";"TAJO";"SI";"NO";"NO";"NO";"NO";"NO";"Garganta Sierra Cabrera (301.42.07.11)";"100";"0";"44.17";"Industrias productoras de bienes de consumo";"6 de Toro";"CÁCERES";19/06/2024;;
"ES030C0090";"COMUNIDAD DE REGANTES DE GARGANTAS CÁMBARA Y HONDURAS";"J10226397";"TAJO";"SI";"NO";"NO";"NO";"NO";"NO";"Garganta Honduras;Cámbara, Garganta";"65.43";"280716";"133.94";"Regadío";"Gargantilla";"CÁCERES";19/06/2024;;
"ES030C0094";"COMUNIDAD DE REGANTES DE HUERTA DE VALDECARÁBANOS";"G45465374";"TAJO";"SI";"NO";"NO";"NO";"NO";"NO";"Madre, Arroyo de la";"683.1";"2276825";"406.58";"Regadío";"Huerta de Valdecarábanos";"TOLEDO";19/06/2024;;
"ES030C0095";"COMUNIDAD DE REGANTES DE HUETOS";"G19191857";"TAJO";"SI";"NO";"NO";"NO";"NO";"NO";"Arroyo Socota;Arroyo Pasadero";"21.31";"59304";"11.87";"Regadío";"Madrid";"MADRID";19/06/2024;;
"ES030C0096";"COMUNIDAD DE REGANTES DE ILLANA-LEGANIEL";"G19275544";"TAJO";"SI";"NO";"NO";"NO";"NO";"NO";"Tajo, Río";"1600";"10240700";"1575.49";"Regadío";"Illana";"GUADALAJARA";19/06/2024;;
"ES030C0097";"COMUNIDAD DE REGANTES DE JAMARÍN";"V10459444";"TAJO";"NO";"SI";"NO";"NO";"NO";"NO";"Fuente las Avispas";"2";"9280";"1.72";"Uso destinado a otros abastecimientos fuera de los núcleos urbanos";"Villanueva de la Vera";"CÁCERES";19/06/2024;;
"ES030C0097";"COMUNIDAD DE REGANTES DE JAMARÍN";"V10459444";"TAJO";"NO";"SI";"NO";"NO";"NO";"NO";"Fuente las Avispas";"2";"9280";"1.72";"Regadío";"Villanueva de la Vera";"CÁCERES";19/06/2024;;
"ES030C0097";"COMUNIDAD DE REGANTES DE JAMARÍN";"V10459444";"TAJO";"NO";"SI";"NO";"NO";"NO";"NO";"Fuente las Avispas";"2";"9280";"1.72";"Ganadería";"Villanueva de la Vera";"CÁCERES";19/06/2024;;
"ES030C0098";"COMUNIDAD DE REGANTES DE LA CANTUERGANA";"G45809647";"TAJO";"SI";"NO";"NO";"NO";"NO";"NO";"Río Torcón";"0.6";"8000";"1";"Regadío";"San Martín de Montalbán";"TOLEDO";19/06/2024;;
"ES030C0100";"COMUNIDAD DE REGANTES DE LA FINCA EL CASTILLO";"E88349485";"TAJO";"SI";"NO";"NO";"NO";"NO";"NO";"Tajo, Río";"138.77";"1840000";"230.45";"Regadío";"Villamanrique de Tajo";"MADRID";19/06/2024;;
"ES030C0101";"COMUNIDAD DE REGANTES DE LA FINCA EL YELMO";"G87173910";"TAJO";"NO";"SI";"NO";"NO";"NO";"NO";"Talavera";"0.16";"1810";"0";"Uso destinado a otros abastecimientos fuera de los núcleos urbanos";"Madrid";"MADRID";19/06/2024;;
"ES030C0102";"COMUNIDAD DE REGANTES DE LA GARGANTA DE LAS REGADERAS";"V10449619";"TAJO";"NO";"SI";"NO";"NO";"NO";"NO";"Acuífero: 03-99 de interés local";"3.5";"26417";"7.99";"Regadío";"Madrigal de la Vera";"CÁCERES";19/06/2024;;
"ES030C0103";"COMUNIDAD DE REGANTES DE LA HAZA DEL NIDO";"V10505543";"TAJO";"SI";"NO";"NO";"NO";"NO";"NO";"Santa María, Arroyo";"11.72";"20000";"3.33";"Regadío";"Talayuela";"CÁCERES";19/06/2024;;
"ES030C0104";"COMUNIDAD DE REGANTES DE LA HERGUIJUELA";"G10194579";"TAJO";"NO";"SI";"NO";"NO";"NO";"NO";"Charca de la Fuente Grande;Charca Chica de La Herguijuela";"3.44";"34411";"0";"Regadío";"Fresnedoso de Ibor";"CÁCERES";19/06/2024;;
"ES030C0105";"COMUNIDAD DE REGANTES DE LA HIRUELA";"G86494069";"TAJO";"SI";"NO";"NO";"NO";"NO";"NO";"Arroyo del Reajo;Arroyo de la Fuente Collado";"0.63";"3517";"0.78";"Regadío";"La Hiruela";"MADRID";19/06/2024;;
"ES030C0107";"COMUNIDAD DE REGANTES DE LA MARGEN DERECHA DEL CANAL DE CASTREJÓN";"G45025921";"TAJO";"SI";"NO";"NO";"NO";"NO";"NO";"Tajo, Río";"2000";"12600000";"1800";"Regadío";"La Puebla de Montalbán";"TOLEDO";19/06/2024;;
"ES030C0108";"COMUNIDAD DE REGANTES DE LA MARGEN DERECHA DEL RÍO ALAGÓN";"G10021285";"TAJO";"SI";"NO";"NO";"NO";"NO";"NO";"Alagón, Río";"20000";"180214450";"19171.8";"Regadío";"Coria";"CÁCERES";19/06/2024;;
"ES030C0109";"COMUNIDAD DE REGANTES DE LA MARGEN DERECHA DEL RÍO JERTE";"G10125664";"TAJO";"SI";"NO";"NO";"NO";"NO";"NO";"Jerte, Río";"16.2";"144731";"24.53";"Regadío";"Plasencia";"CÁCERES";19/06/2024;;
"ES030C0110";"COMUNIDAD DE REGANTES DE LA MARGEN DERECHA RÍO SALOR";"G10056752";"TAJO";"SI";"NO";"NO";"NO";"NO";"NO";"Salor, Río";"596";"0";"744.18";"Regadío";"Cáceres";"CÁCERES";19/06/2024;;
"ES030C0111";"COMUNIDAD DE REGANTES DE LA MARGEN IZQUIERDA DEL RÍO ALAGÓN";"G10033827";"TAJO";"SI";"NO";"NO";"NO";"NO";"NO";"Alagón, Río";"23000";"202997700";"21595.5";"Regadío";"Plasencia";"CÁCERES";19/06/2024;;
"ES030C0112";"COMUNIDAD DE REGANTES DE LA PARRILLA - CASTAÑAR DE LA CHARCA";"G10311470";"TAJO";"SI";"NO";"NO";"NO";"NO";"NO";"Garganta de los Sotillos";"3";"24851";"4.21";"Regadío";"Cabezuela del Valle";"CÁCERES";19/06/2024;;
"ES030C0113";"COMUNIDAD DE REGANTES DE LA POVEDA";"G85807048";"TAJO";"SI";"NO";"NO";"NO";"NO";"NO";"Tajo, Río";"177";"1416000";"177";"Regadío";"Fuentidueña de Tajo";"MADRID";19/06/2024;;
"ES030C0114";"COMUNIDAD DE REGANTES DE LA POZA DEL BORBOLLÓN";"G37530466";"TAJO";"SI";"NO";"NO";"NO";"NO";"NO";"Regato del Borbollón";"0.2";"10";"0.51";"Regadío";"Linares de Riofrío";"SALAMANCA";19/06/2024;;
"ES030C0115";"COMUNIDAD DE REGANTES DE LA PRESA DE LA MEDIA LEGUA";"G05249610";"TAJO";"SI";"NO";"NO";"NO";"NO";"NO";"Arenal, Río";"8.03";"80348";"10.04";"Regadío";"Madarcos";"MADRID";19/06/2024;;
"ES030C0116";"COMUNIDAD DE REGANTES DE LA PRESA DE LAS FRAGUAS";"V10396059";"TAJO";"SI";"NO";"NO";"NO";"NO";"NO";"Arroyo Santa María";"183";"2440237";"305.03";"Regadío";"Talayuela";"CÁCERES";19/06/2024;;
"ES030C0117";"COMUNIDAD DE REGANTES DE LA PUERTA";"G19296631";"TAJO";"SI";"NO";"NO";"NO";"NO";"NO";"Arroyo de la Solana";"7.83";"48320";"9.65";"Regadío";"Trillo";"GUADALAJARA";19/06/2024;;
"ES030C0118";"COMUNIDAD DE REGANTES DE LA REGUERA DE SANTILLANA";"G80922008";"TAJO";"SI";"NO";"NO";"NO";"NO";"NO";"Arroyo Cigüiñela";"177.2";"0";"177.2";"Regadío";"Gascones";"MADRID";19/06/2024;;
"ES030C0120";"COMUNIDAD DE REGANTES DE LA VIEJA ACEQUIA DEL ALTO HUETRE";"G88230123";"TAJO";"SI";"NO";"NO";"NO";"NO";"NO";"Arroyo del Huetre";"3.9";"22754.6";"8.65";"Uso destinado a otros abastecimientos fuera de los núcleos urbanos";"Madrid";"MADRID";19/06/2024;;
"ES030C0120";"COMUNIDAD DE REGANTES DE LA VIEJA ACEQUIA DEL ALTO HUETRE";"G88230123";"TAJO";"SI";"NO";"NO";"NO";"NO";"NO";"Arroyo del Huetre";"3.9";"22754.6";"8.65";"Regadío";"Madrid";"MADRID";19/06/2024;;
"ES030C0120";"COMUNIDAD DE REGANTES DE LA VIEJA ACEQUIA DEL ALTO HUETRE";"G88230123";"TAJO";"SI";"NO";"NO";"NO";"NO";"NO";"Arroyo del Huetre";"3.9";"22754.6";"8.65";"Ganadería";"Madrid";"MADRID";19/06/2024;;
"ES030C0121";"COMUNIDAD DE REGANTES DE LA ZONA DE COGOLLUDO";"G19204080";"TAJO";"SI";"NO";"NO";"NO";"NO";"NO";"Henares, Río";"1000.5";"7118820";"1282.67";"Regadío";"Cogolludo";"GUADALAJARA";19/06/2024;;
"ES030C0122";"COMUNIDAD DE REGANTES DE LAS CABRERAS PARCELA 11";"G44540706";"TAJO";"NO";"SI";"NO";"NO";"NO";"NO";"Acuífero Detrítico 05";"1";"3905.82";"4.34";"Regadío";"San Martín de Pusa";"TOLEDO";19/06/2024;;
"ES030C0123";"COMUNIDAD DE REGANTES DE LAS GARGANTAS CASCARONES Y PEDRO CHATE";"V10060648";"TAJO";"SI";"NO";"NO";"NO";"NO";"NO";"Garganta La Caraba;Garganta Cuacos;0";"145.1";"0";"143.46";"Regadío";"Cuacos de Yuste";"CÁCERES";19/06/2024;;
"ES030C0124";"COMUNIDAD DE REGANTES DE LAS GARGANTAS JARANDA Y JARANDILLEJA EN JARANDILLA DE LA VERA";"V10114585";"TAJO";"SI";"NO";"NO";"NO";"NO";"NO";"Arroyo Valcaliente;Arroyo Arias;Arroyo Cañadas;Arroyo Cañomares;Arroyo Chorrillo;Arroyo Contrera;Arroyo Horcajos;0;Arroyo Los Puercos;Valdelatarra, Arroyo de;Arroyo Valconejero;Cristo, Garganta del;Jaranda, Garganta de;Matamoros, Arroyo;Parral, Arroyo del;Pascuala, Arroyo;Arroyo Lancha";"346.76";"0";"432";"Regadío";"Jarandilla de la Vera";"CÁCERES";19/06/2024;;
"ES030C0126";"COMUNIDAD DE REGANTES DE LAS SUERTES DEL SOTILLO";"V19225135";"TAJO";"SI";"NO";"NO";"NO";"NO";"NO";"Sotillo, Río";"0.2";"900";"0.3";"Regadío";"La Miñosa";"GUADALAJARA";19/06/2024;;
"ES030C0128";"COMUNIDAD DE REGANTES DE LEDANCA";"G19295930";"TAJO";"SI";"NO";"NO";"NO";"NO";"NO";"Valdesanmartin, Arroyo";"25";"200197";"25.02";"Regadío";"Ledanca";"GUADALAJARA";19/06/2024;;
"ES030C0129";"COMUNIDAD DE REGANTES DE LOS RIEGOS DEL BORNOVA";"G19122712";"TAJO";"SI";"NO";"NO";"NO";"NO";"NO";"Bornoba, Río";"2100";"14143800";"2143";"Regadío";"Jadraque";"GUADALAJARA";19/06/2024;;
"ES030C0130";"COMUNIDAD DE REGANTES DE LOS TARDASOMAS";"E16345274";"TAJO";"NO";"SI";"NO";"NO";"NO";"NO";"Ocaña";"3.7";"21389";"7.7";"Regadío";"Tarancón";"CUENCA";19/06/2024;;
"ES030C0131";"COMUNIDAD DE REGANTES DE MAJADAL";"G67680793";"TAJO";"NO";"SI";"NO";"NO";"NO";"NO";"Tiétar";"1.89";"15958";"2.81";"Regadío";"Talayuela";"CÁCERES";19/06/2024;;
"ES030C0132";"COMUNIDAD DE REGANTES DE MARQUÉS DE VALERO";"G37530508";"TAJO";"SI";"NO";"NO";"NO";"NO";"NO";"San Juan, Arroyo de;Regato Veguillas;Regato Torrecilla;Regato del Carabo;Regato Arrorrubio;Quilamas, Arroyo de las;Arroyo Torrecilla;Arroyo San Juan;Arroyo Frota;Arroyo del Verdugal;Arroyo de la Palla";"18";"59819";"10.14";"Regadío";"Valero";"SALAMANCA";19/06/2024;;
"ES030C0134";"COMUNIDAD DE REGANTES DE MOGARRAZ";"G37532496";"TAJO";"SI";"NO";"NO";"NO";"NO";"NO";"Arroyo Tizneras;Arroyo Las Suertes Roprimera;Arroyo de Los Malvanes;Arroyo de la Pimpolla;Arroyo de La Pilita;Arroyo Bomanco;Arroyo Bocino";"22.61";"0";"22.31";"Regadío";"Mogarraz";"SALAMANCA";19/06/2024;;
"ES030C0135";"COMUNIDAD DE REGANTES DE MOLINO DE LA PARED BIEN HECHA";"G10361475";"TAJO";"SI";"NO";"NO";"NO";"NO";"NO";"Jerte, Río";"12.5";"100000";"12.5";"Regadío";"Plasencia";"CÁCERES";19/06/2024;;
"ES030C0137";"COMUNIDAD DE REGANTES DE MONTEJO DE LA SIERRA";"G86394418";"TAJO";"SI";"NO";"NO";"NO";"NO";"NO";"Arroyo de la Quebrada;Arroyo de la Mata;Arroyo de la Casa o Pasamalo";"12.51";"96362";"17.88";"Regadío";"Montejo de la Sierra";"MADRID";19/06/2024;;
"ES030C0139";"COMUNIDAD DE REGANTES DE MORA";"G45512522";"TAJO";"SI";"NO";"NO";"NO";"NO";"NO";"Yegros, Arroyo";"68.14";"350044";"213.85";"Regadío";"Mora";"TOLEDO";19/06/2024;;
"ES030C0140";"COMUNIDAD DE REGANTES DE NAVAMOLINOS";"H10162568";"TAJO";"SI";"NO";"NO";"NO";"NO";"NO";"Jerte, Río";"0.72";"7200";"0.9";"Regadío";"Casas del Castañar";"CÁCERES";19/06/2024;;
"ES030C0142";"COMUNIDAD DE REGANTES DE NIPALO";"G45911658";"TAJO";"NO";"SI";"NO";"NO";"NO";"NO";"Ocaña";"1.73";"7462";"3.73";"Regadío";"Santa Cruz de la Zarza";"TOLEDO";19/06/2024;;
"ES030C0143";"COMUNIDAD DE REGANTES DE OTERUELO DEL VALLE";"G85610426";"TAJO";"SI";"NO";"NO";"NO";"NO";"NO";"Río Lozoya;Arroyo de la Sierra";"63.61";"0";"63.59";"Regadío";"Rascafría";"MADRID";19/06/2024;;
"ES030C0147";"COMUNIDAD DE REGANTES DE PERALEDA DE LA MATA";"V10012607";"TAJO";"SI";"NO";"NO";"NO";"NO";"NO";"Tajo, Río";"1873.3";"10040000";"1447.83";"Regadío";"Peraleda de la Mata";"CÁCERES";19/06/2024;;
"ES030C0148";"COMUNIDAD DE REGANTES DE PERALES DE TAJUÑA";"G87398665";"TAJO";"SI";"NO";"NO";"NO";"NO";"NO";"Tajuña, Río";"4368";"34458000";"141";"Regadío";"Perales de Tajuña";"MADRID";19/06/2024;;
"ES030C0148";"COMUNIDAD DE REGANTES DE PERALES DE TAJUÑA";"G87398665";"TAJO";"SI";"NO";"NO";"NO";"NO";"NO";"Tajuña, Río";"4368";"34458000";"141";"Centrales hidroeléctricas";"Perales de Tajuña";"MADRID";19/06/2024;;
"ES030C0149";"COMUNIDAD DE REGANTES DE PERALES DEL RÍO";"V85987584";"TAJO";"SI";"NO";"NO";"NO";"NO";"NO";"Manzanares, Río";"265";"2113680";"264.21";"Regadío";"Getafe";"MADRID";19/06/2024;;
"ES030C0150";"COMUNIDAD DE REGANTES DE PRADO GRANDE";"G01605849";"TAJO";"SI";"NO";"NO";"NO";"NO";"NO";"Ramacastañas, Río de";"13.8";"110109";"13.76";"Regadío";"Mombeltrán";"ÁVILA";19/06/2024;;
"ES030C0151";"COMUNIDAD DE REGANTES DE PUEBLA DE LA SIERRA";"G86494200";"TAJO";"SI";"NO";"NO";"NO";"NO";"NO";"Río de Puebla de Sierra (301.18.02.03.01);Río de Puebla de la Sierra;Hermosillos, Arroyo de los;Carnicero, Arroyo;Arroyo los Estiles (301.18.02.03.01.01.01);Arroyo del Barranco de la Era Vieja";"8";"65000";"9.84";"Regadío";"Puebla de la Sierra";"MADRID";19/06/2024;;
"ES030C0152";"COMUNIDAD DE REGANTES DE QUEBRADA DE TIENDAS";"G45861143";"TAJO";"SI";"NO";"NO";"NO";"NO";"NO";"Arroyo de Quebrada de Tiendas";"33";"264000";"33";"Regadío";"Talayuela";"CÁCERES";19/06/2024;;
"ES030C0153";"COMUNIDAD DE REGANTES DE RAMACASTAÑAS Y EL SOTO";"Q0050348B";"TAJO";"SI";"NO";"NO";"NO";"NO";"NO";"Ramacastañas, Río de";"58";"0";"57.58";"Regadío";"Arenas de San Pedro";"ÁVILA";19/06/2024;;
"ES030C0156";"COMUNIDAD DE REGANTES DE RILLO DE GALLO";"G19197011";"TAJO";"SI";"NO";"NO";"NO";"NO";"NO";"Río Herrería;Gallo, Río;Arroyo Borbullón";"314.38";"0";"0";"Regadío";"Rillo de Gallo";"GUADALAJARA";19/06/2024;;
"ES030C0156";"COMUNIDAD DE REGANTES DE RILLO DE GALLO";"G19197011";"TAJO";"SI";"NO";"NO";"NO";"NO";"NO";"Río Herrería;Gallo, Río;Arroyo Borbullón";"314.38";"0";"0";"Centrales hidroeléctricas";"Rillo de Gallo";"GUADALAJARA";19/06/2024;;
"ES030C0156";"COMUNIDAD DE REGANTES DE RILLO DE GALLO";"G19197011";"TAJO";"SI";"NO";"NO";"NO";"NO";"NO";"Río Herrería;Gallo, Río;Arroyo Borbullón";"314.38";"0";"0";"Industrias productoras de bienes de consumo";"Rillo de Gallo";"GUADALAJARA";19/06/2024;;
"ES030C0157";"COMUNIDAD DE REGANTES DE RÍO CUEVAS O DE LA CASILLA";"G05252556";"TAJO";"SI";"NO";"NO";"NO";"NO";"NO";"Río Cuevas";"71.6";"0";"71.26";"Regadío";"Guisando";"ÁVILA";19/06/2024;;
"ES030C0159";"COMUNIDAD DE REGANTES DE ROMANONES";"V19228931";"TAJO";"SI";"NO";"NO";"NO";"NO";"NO";"Tajuña, Río;San Andrés, Río";"400.6";"0";"400.6";"Regadío";"Romanones";"GUADALAJARA";19/06/2024;;
"ES030C0163";"COMUNIDAD DE REGANTES DE SAN FERNANDO DE HENARES";"G79491783";"TAJO";"SI";"NO";"NO";"NO";"NO";"NO";"Jarama, Río";"296";"0";"295.88";"Regadío";"San Fernando de Henares";"MADRID";19/06/2024;;
"ES030C0166";"COMUNIDAD DE REGANTES DE SAN SEBASTIÁN DE POYALES DEL HOYO";"Q0567011B";"TAJO";"SI";"NO";"NO";"NO";"NO";"NO";"Pueblo, Arroyo del;Muelas, Río;Arbiollas, Río";"584.4";"0";"584.28";"Regadío";"Poyales del Hoyo";"ÁVILA";19/06/2024;;
"ES030C0167";"COMUNIDAD DE REGANTES DE SANTILLANA";"G02752236";"TAJO";"SI";"NO";"NO";"NO";"NO";"NO";"Río Manzanares";"205.5";"0";"0";"Regadío";"Manzanares el Real";"MADRID";19/06/2024;;
"ES030C0170";"COMUNIDAD DE REGANTES DE SOTALDO";"G44617066";"TAJO";"SI";"NO";"NO";"NO";"NO";"NO";"Henares, Río";"77.19";"392490";"70.18";"Regadío";"San Fernando de Henares";"MADRID";19/06/2024;;
"ES030C0172";"COMUNIDAD DE REGANTES DE TARACENA";"G19173624";"TAJO";"SI";"NO";"NO";"NO";"NO";"NO";"Cañamares, Arroyo";"138.06";"0";"138.06";"Regadío";"Guadalajara";"GUADALAJARA";19/06/2024;;
"ES030C0174";"COMUNIDAD DE REGANTES DE TIELMES";"G87457727";"TAJO";"SI";"NO";"NO";"NO";"NO";"NO";"Tajuña, Río";"192.2";"1929310";"296.82";"Regadío";"Tielmes";"MADRID";19/06/2024;;
"ES030C0176";"COMUNIDAD DE REGANTES DE TORRELAGUNA";"G80896830";"TAJO";"SI";"NO";"NO";"NO";"NO";"NO";"San Vicente, Río";"664";"0";"134";"Regadío";"Torrelaguna";"MADRID";19/06/2024;;
"ES030C0176";"COMUNIDAD DE REGANTES DE TORRELAGUNA";"G80896830";"TAJO";"SI";"NO";"NO";"NO";"NO";"NO";"San Vicente, Río";"664";"0";"134";"Industrias productoras de bienes de consumo";"Torrelaguna";"MADRID";19/06/2024;;
"ES030C0177";"COMUNIDAD DE REGANTES DE TÓRTOLAS";"G88109152";"TAJO";"SI";"NO";"NO";"NO";"NO";"NO";"Tajo, Río";"251";"2509697";"313.71";"Regadío";"Madrid";"MADRID";19/06/2024;;
"ES030C0180";"COMUNIDAD DE REGANTES DE VALDASTILLAS";"G10269769";"TAJO";"SI";"NO";"NO";"NO";"NO";"NO";"Marta, Garganta de;Jerte, Río;Bonal, Garganta del";"28.07";"0";"35.07";"Regadío";"Valdastillas";"CÁCERES";19/06/2024;;
"ES030C0181";"COMUNIDAD DE REGANTES DE VALDEHERREROS";"G37446267";"TAJO";"SI";"NO";"NO";"NO";"NO";"NO";"Alagón, Río";"3.11";"6883";"5.9";"Regadío";"Sotoserrano";"SALAMANCA";19/06/2024;;
"ES030C0182";"COMUNIDAD DE REGANTES DE VALDEIÑIGOS";"V10048304";"TAJO";"SI";"NO";"NO";"NO";"NO";"NO";"Tiétar, Río";"280";"2240000";"280";"Regadío";"Tejeda de Tiétar";"CÁCERES";19/06/2024;;
"ES030C0188";"COMUNIDAD DE REGANTES DE VELEILE";"G88349287";"TAJO";"SI";"NO";"NO";"NO";"NO";"NO";"Jerte, Río";"2.8";"2860";"2.63";"Uso destinado a otros abastecimientos fuera de los núcleos urbanos";"Madrid";"MADRID";19/06/2024;;
"ES030C0188";"COMUNIDAD DE REGANTES DE VELEILE";"G88349287";"TAJO";"SI";"NO";"NO";"NO";"NO";"NO";"Jerte, Río";"2.8";"2860";"2.63";"Regadío";"Madrid";"MADRID";19/06/2024;;
"ES030C0190";"COMUNIDAD DE REGANTES DE VIANA DE MONDÉJAR";"G19293356";"TAJO";"SI";"SI";"NO";"NO";"NO";"NO";"Fuente Valdefuentes;Fuente Los Prados;Fuente La Somadilla;Fuente La Granja;Presa El Tejar - Arroyo La Solana;Presa de los Toquerones - Arroyo La Solana;Presa de los Batanes - Arroyo La Solana;Presa de La Huerta- Arroyo La Solana";"38.95";"0";"48.68";"Regadío";"Trillo";"GUADALAJARA";19/06/2024;;
"ES030C0191";"COMUNIDAD DE REGANTES DE VILLA DE MAZUECOS";"G19032754";"TAJO";"SI";"NO";"NO";"NO";"NO";"NO";"Tajo, Río";"300";"2341360";"292.67";"Regadío";"Mazuecos";"GUADALAJARA";19/06/2024;;
"ES030C0192";"COMUNIDAD DE REGANTES DE VILLASECA DE HENARES";"G19201375";"TAJO";"SI";"NO";"NO";"NO";"NO";"NO";"Dulce, Río";"175";"0";"175";"Regadío";"Villaseca de Henares";"GUADALAJARA";19/06/2024;;
"ES030C0195";"COMUNIDAD DE REGANTES DEHESA CAÑETE";"G45826310";"TAJO";"SI";"NO";"NO";"NO";"NO";"NO";"Tajo, Río";"40";"152656";"23.49";"Regadío";"Mocejón";"TOLEDO";19/06/2024;;
"ES030C0196";"COMUNIDAD DE REGANTES DEHESA DE LOS LLANOS";"Q0567002A";"TAJO";"SI";"NO";"NO";"NO";"NO";"NO";"Río Arenal";"80";"0";"80";"Regadío";"Arenas de San Pedro";"ÁVILA";19/06/2024;;
"ES030C0197";"COMUNIDAD DE REGANTES DEL ARROGUIJO";"G10421030";"TAJO";"SI";"NO";"NO";"NO";"NO";"NO";"Arroguijo, Arroyo del";"1.19";"10290";"2.71";"Regadío";"Acebo";"CÁCERES";19/06/2024;;
"ES030C0201";"COMUNIDAD DE REGANTES DEL BORBOLLÓN Y RIVERA DE GATA";"Q1067001F";"TAJO";"SI";"NO";"NO";"NO";"NO";"NO";"Arrago, Río";"16579.58";"82506400";"9195.39";"Regadío";"Moraleja";"CÁCERES";19/06/2024;;
"ES030C0202";"COMUNIDAD DE REGANTES DEL CANAL BAJO DEL ALBERCHE";"G45010840";"TAJO";"SI";"NO";"NO";"NO";"NO";"NO";"Alberche, Río";"8262.5";"78494153";"8262.54";"Regadío";"Talavera de la Reina";"TOLEDO";19/06/2024;;
"ES030C0203";"COMUNIDAD DE REGANTES DEL CANAL DE LAS AVES";"G84176759";"TAJO";"SI";"NO";"NO";"NO";"NO";"NO";"Tajo, Río";"4410";"42855200";"3820.64";"Regadío";"Aranjuez";"MADRID";19/06/2024;;
"ES030C0204";"COMUNIDAD DE REGANTES DEL CANAL DEL HENARES";"G19005297";"TAJO";"SI";"NO";"NO";"NO";"NO";"NO";"Henares, Río";"5000";"66166800";"7877";"Regadío";"Guadalajara";"GUADALAJARA";19/06/2024;;
"ES030C0205";"COMUNIDAD DE REGANTES DEL CARMEN - MENORES";"G10570646";"TAJO";"SI";"NO";"NO";"NO";"NO";"NO";"Tajo, Río";"3.3";"31000";"6";"Regadío";"Madrid";"MADRID";19/06/2024;;
"ES030C0206";"COMUNIDAD DE REGANTES DEL CAUCE DEL ROMERAL";"E05103718";"TAJO";"SI";"NO";"NO";"NO";"NO";"NO";"Alberche, Río";"195";"0";"212.87";"Regadío";"Navaluenga";"ÁVILA";19/06/2024;;
"ES030C0207";"COMUNIDAD DE REGANTES DEL CHARQUITO REDONDO";"G37531316";"TAJO";"SI";"NO";"NO";"NO";"NO";"NO";"Alagón, Río";"0.18";"432";"0.42";"Regadío";"San Esteban de la Sierra";"SALAMANCA";19/06/2024;;
"ES030C0208";"COMUNIDAD DE REGANTES DEL HORCO";"G10204733";"TAJO";"SI";"NO";"NO";"NO";"NO";"NO";"Alardos, Garganta de";"65.5";"0";"65.45";"Regadío";"Madrigal de la Vera";"CÁCERES";19/06/2024;;
"ES030C0209";"COMUNIDAD DE REGANTES DEL PLAN DE RIEGO DE VALDECAÑAS";"G10129401";"TAJO";"SI";"NO";"NO";"NO";"NO";"NO";"Tajo, Río";"6151";"31340000";"5223.97";"Regadío";"Saucedilla";"CÁCERES";19/06/2024;;
"ES030C0210";"COMUNIDAD DE REGANTES DEL RIO ALCANTUD";"G16218190";"TAJO";"SI";"NO";"NO";"NO";"NO";"NO";"Río Alcantud;Rio Alcantud;Alcantud, Río de";"173.38";"0";"173.31";"Regadío";"Alcantud";"CUENCA";19/06/2024;;
"ES030C0211";"COMUNIDAD DE REGANTES DEL RÍO AMBROZ DE HERVÁS";"G10317675";"TAJO";"SI";"NO";"NO";"NO";"NO";"NO";"Ambroz, Río";"62";"254476";"0";"Regadío";"Hervás";"CÁCERES";19/06/2024;;
"ES030C0212";"COMUNIDAD DE REGANTES DEL RÍO AYUELA";"V10113793";"TAJO";"SI";"NO";"NO";"NO";"NO";"NO";"Ayuela, Río";"184";"1840000";"230";"Regadío";"Casas de Don Antonio";"CÁCERES";19/06/2024;;
"ES030C0213";"COMUNIDAD DE REGANTES DEL RIO BADIEL";"G19206788";"TAJO";"SI";"NO";"NO";"NO";"NO";"NO";"Valdepadilla, Arroyo de;Pequeño, Arroyo;Dobin, Arroyo;Badiel, Río";"51.68";"227811";"114.67";"Regadío";"Hita";"GUADALAJARA";19/06/2024;;
"ES030C0214";"COMUNIDAD DE REGANTES DEL TAJUÑA";"G86539475";"TAJO";"SI";"NO";"NO";"NO";"NO";"NO";"Tajuña, Río";"81";"637384";"79.67";"Regadío";"Pezuela de las Torres";"MADRID";19/06/2024;;
"ES030C0216";"COMUNIDAD DE REGANTES EL BORBOTÓN";"G16207755";"TAJO";"SI";"NO";"NO";"NO";"NO";"NO";"Río Cauda o Borbotón";"150";"750000";"150";"Regadío";"Huete";"CUENCA";19/06/2024;;
"ES030C0217";"COMUNIDAD DE REGANTES EL CAÑITO";"G37460003";"TAJO";"SI";"NO";"NO";"NO";"NO";"NO";"Arroyo La Gargantilla";"2";"8323";"1.56";"Regadío";"El Cerro";"SALAMANCA";19/06/2024;;
"ES030C0218";"COMUNIDAD DE REGANTES EL CERRO";"B37263191";"TAJO";"SI";"NO";"NO";"NO";"NO";"NO";"Valdelamantanza, Arroyo de";"19.4";"0";"19.32";"Regadío";;"SALAMANCA";19/06/2024;;
"ES030C0220";"COMUNIDAD DE REGANTES EL COTO";"G10033611";"TAJO";"SI";"NO";"NO";"NO";"NO";"NO";"Garganta Vadillo";"283.4";"0";"74.23";"Uso destinado al abastecimiento de núcleos urbanos";"Losar de la Vera";"CÁCERES";19/06/2024;;
"ES030C0220";"COMUNIDAD DE REGANTES EL COTO";"G10033611";"TAJO";"SI";"NO";"NO";"NO";"NO";"NO";"Garganta Vadillo";"283.4";"0";"74.23";"Regadío";"Losar de la Vera";"CÁCERES";19/06/2024;;
"ES030C0220";"COMUNIDAD DE REGANTES EL COTO";"G10033611";"TAJO";"SI";"NO";"NO";"NO";"NO";"NO";"Garganta Vadillo";"283.4";"0";"74.23";"Industrias productoras de bienes de consumo";"Losar de la Vera";"CÁCERES";19/06/2024;;
"ES030C0220";"COMUNIDAD DE REGANTES EL COTO";"G10033611";"TAJO";"SI";"NO";"NO";"NO";"NO";"NO";"Garganta Vadillo";"283.4";"0";"74.23";"De carácter público";"Losar de la Vera";"CÁCERES";19/06/2024;;
"ES030C0221";"COMUNIDAD DE REGANTES EL ESPLEGAR";"B19220748";"TAJO";"SI";"NO";"NO";"NO";"NO";"NO";"Tajuña, Río";"1.8";"18000";"3";"Regadío";"Aranzueque";"GUADALAJARA";19/06/2024;;
"ES030C0222";"COMUNIDAD DE REGANTES EL HENARES DE SIGÜENZA";"G19160134";"TAJO";"SI";"NO";"NO";"NO";"NO";"NO";"Río Henares";"11.32";"170370";"31";"Regadío";"Sigüenza";"GUADALAJARA";19/06/2024;;
"ES030C0223";"COMUNIDAD DE REGANTES EL JUSTAL";"V10503548";"TAJO";"NO";"SI";"NO";"NO";"NO";"NO";"03-99 de interés loca";"1";"150";"0.84";"Regadío";"Casas del Castañar";"CÁCERES";19/06/2024;;
"ES030C0224";"COMUNIDAD DE REGANTES EL LINAREJO";"G10334449";"TAJO";"SI";"NO";"NO";"NO";"NO";"NO";"Jerte, Río";"3.33";"27458";"7.15";"Regadío";"Casas del Castañar";"CÁCERES";19/06/2024;;
"ES030C0226";"COMUNIDAD DE REGANTES EL OLIVIUM";"G86685427";"TAJO";"NO";"SI";"NO";"NO";"NO";"NO";"Acuífero 03.";"16";"28000";"0";"Regadío";"Pozuelo de Alarcón";"MADRID";19/06/2024;;
"ES030C0227";"COMUNIDAD DE REGANTES EL PAGO";"Q0567001C";"TAJO";"NO";"SI";"NO";"NO";"NO";"NO";"Cuenca del Arroyo Galapaguera";"3.9";"44938.4";"5.62";"Regadío";"Candeleda";"ÁVILA";19/06/2024;;
"ES030C0228";"COMUNIDAD DE REGANTES EL PARRILLO";"G05240452";"TAJO";"SI";"NO";"NO";"NO";"NO";"NO";"Arenal, Río";"15.74";"128260";"22";"Regadío";"Arenas de San Pedro";"ÁVILA";19/06/2024;;
"ES030C0229";"COMUNIDAD DE REGANTES EL PESQUERON";"G10400109";"TAJO";"SI";"NO";"NO";"NO";"NO";"NO";"Palomero, Arroyo del";"0.3";"2950";"0.5";"Regadío";"Ahigal";"CÁCERES";19/06/2024;;
"ES030C0230";"COMUNIDAD DE REGANTES EL PICÓN, LAS ABADÍAS Y EL SOTO DE LA ISLA";"G88178611";"TAJO";"SI";"NO";"NO";"NO";"NO";"NO";"Tajo, Río";"288";"2304000";"287.52";"Regadío";"Madrid";"MADRID";19/06/2024;;
"ES030C0231";"COMUNIDAD DE REGANTES EL PUENTE DEL MOLINO";"V88046701";"TAJO";"NO";"SI";"NO";"NO";"NO";"NO";"Acuífero de interés local (03.99)";"0.83";"3213";"1.36";"Regadío";"Lozoya";"MADRID";19/06/2024;;
"ES030C0232";"COMUNIDAD DE REGANTES EL ROBLEDO";"G10106128";"TAJO";"SI";"NO";"NO";"NO";"NO";"NO";"Cuartos, Garganta de";"406";"0";"379.24";"Regadío";"Losar de la Vera";"CÁCERES";19/06/2024;;
"ES030C0233";"COMUNIDAD DE REGANTES EL SALMORAL";"G45741170";"TAJO";"NO";"SI";"NO";"NO";"NO";"NO";"Acuífero: Carbonatado ";"19";"14661";"7.33";"Regadío";"La Guardia";"TOLEDO";19/06/2024;;
"ES030C0234";"COMUNIDAD DE REGANTES EL SANTILLÁN (G10039071) | BALCORTA, S.A. (A11625795) | SOLBEAUMONT, S.L.";"B31507767";"TAJO";"SI";"NO";"NO";"NO";"NO";"NO";"Tiétar, Río";"677";"0";"0";"Regadío";;"NAVARRA";19/06/2024;;
"ES030C0235";"COMUNIDAD DE REGANTES EL TALAYAR";"G45703196";"TAJO";"SI";"NO";"NO";"NO";"NO";"NO";"Tajo, Río";"6.6";"49702";"8.28";"Regadío";"Toledo";"TOLEDO";19/06/2024;;
"ES030C0236";"COMUNIDAD DE REGANTES EL TUMBA-PARRILLA";"V10408292";"TAJO";"NO";"SI";"NO";"NO";"NO";"NO";"03-99 DE INTERÉS LOCAL";"2.33";"21587.9";"4.67";"Regadío";"Navaconcejo";"CÁCERES";19/06/2024;;
"ES030C0237";"COMUNIDAD DE REGANTES EL VAL";"G16164253";"TAJO";"SI";"NO";"NO";"NO";"NO";"NO";"Barranco de Los Prados";"0.16";"5046";"1.05";"Regadío";"Villalba del Rey";"CUENCA";19/06/2024;;
"ES030C0238";"COMUNIDAD DE REGANTES FAMILIA BALTASAR";"G45711488";"TAJO";"SI";"NO";"NO";"NO";"NO";"NO";"Tajo, Río";"38.63";"226841";"53.53";"Regadío";"El Carpio de Tajo";"TOLEDO";19/06/2024;;
"ES030C0239";"COMUNIDAD DE REGANTES FAMILIA GUERRERO FERNANDEZ";"G45894250";"TAJO";"NO";"SI";"NO";"NO";"NO";"NO";"Ocaña";"2.2";"9080";"4.54";"Regadío";"Villatobas";"TOLEDO";19/06/2024;;
"ES030C0241";"COMUNIDAD DE REGANTES FERMÍN CABALLERO";"G16024689";"TAJO";"SI";"NO";"NO";"NO";"NO";"NO";"Tajo, Río";"376";"2818200";"469.7";"Regadío";"Barajas de Melo";"CUENCA";19/06/2024;;
"ES030C0242";"COMUNIDAD DE REGANTES FINCA BARCILES";"G45769189";"TAJO";"SI";"NO";"NO";"NO";"NO";"NO";"Tajo, Río";"423";"3384000";"423";"Regadío";"Añover de Tajo";"TOLEDO";19/06/2024;;
"ES030C0243";"COMUNIDAD DE REGANTES FINCA OLLILLA DEL NORTE";"V10458107";"TAJO";"SI";"NO";"NO";"NO";"NO";"NO";"Tiétar, Río";"65";"540500";"81.89";"Regadío";"Jaraíz de la Vera";"CÁCERES";19/06/2024;;
"ES030C0244";"COMUNIDAD DE REGANTES FINCA VALDEOLIVOS";"G10242154";"TAJO";"SI";"NO";"NO";"NO";"NO";"NO";"Jerte, Río";"13.8";"46242";"7.71";"Regadío";"Plasencia";"CÁCERES";19/06/2024;;
"ES030C0245";"COMUNIDAD DE REGANTES FUENTE BLANCA";"98213005";"TAJO";"NO";"SI";"NO";"NO";"NO";"NO";"Molina de Aragón";"2";"164";"0.04";"Regadío";"Molina de Aragón";"GUADALAJARA";19/06/2024;;
"ES030C0247";"COMUNIDAD DE REGANTES FUENTENOVILLA";"G19304211";"TAJO";"SI";"SI";"NO";"NO";"NO";"NO";"Manantial Valdelosciegos;Manantial Peñas Huecas;Manantial Fuente Hernando;Manantial Fuente del Oso;Manantial Fuente Cañada Rica;Torrejón, Arroyo;Río del Val o Veguillas;Fuentes, Arroyo de las";"132.74";"0";"132.71";"Regadío";"Fuentenovilla";"GUADALAJARA";19/06/2024;;
"ES030C0248";"COMUNIDAD DE REGANTES GARGANTA DE CHILLA, RAMAL LA LAGUNILLA";"G05255799";"TAJO";"SI";"NO";"NO";"NO";"NO";"NO";"Chilla, Garganta de";"86.8";"867985";"108.5";"Regadío";"Candeleda";"ÁVILA";19/06/2024;;
"ES030C0249";"COMUNIDAD DE REGANTES GARGANTA DE LAS TORRES Y ARROYOS DEL MORALEJO Y DE LA ROBLEDOSA";"Q0500355C";"TAJO";"SI";"NO";"NO";"NO";"NO";"NO";"Torres, Garganta de las;Robledosa, Arroyo de la;Moralejo, Arroyo del;Garganta de las Becedillas;Arroyo del Topo;Ahogadero, Arroyo del";"450.3";"3377210";"562.87";"Regadío";"Mijares";"ÁVILA";19/06/2024;;
"ES030C0251";"COMUNIDAD DE REGANTES GARGANTA GUALTAMINOS";"G10037356";"TAJO";"SI";"NO";"NO";"NO";"NO";"NO";"Gualtamina, Garganta de";"73.8";"0";"73.8";"Regadío";"Villanueva de la Vera";"CÁCERES";19/06/2024;;
"ES030C0252";"COMUNIDAD DE REGANTES GARGANTA MINCHONES";"V10018836";"TAJO";"SI";"NO";"NO";"NO";"NO";"NO";"Molinillos, Arroyo de;Minchones, Garganta de;Cereceda, Arroyo del Valle de la";"325.4";"0";"325";"Regadío";"Villanueva de la Vera";"CÁCERES";19/06/2024;;
"ES030C0253";"COMUNIDAD DE REGANTES GARGOLES DE ABAJO";"G19177013";"TAJO";"SI";"NO";"NO";"NO";"NO";"NO";"Cifuentes, Río";"64.5";"0";"64.5";"Regadío";"Cifuentes";"GUADALAJARA";19/06/2024;;
"ES030C0254";"COMUNIDAD DE REGANTES GATA";"B10387371";"TAJO";"SI";"NO";"NO";"NO";"NO";"NO";"Arroyo del Helechoso (301.42.16.02.01);Fuente de Juliana Haro (301.42.16.02.02C);Fuente de Julián González (301.42.16.02.02CH);Fuente de Juan García (301.42.16.02.02B.01);Fuente de Josefa Rodríguez (301.42.16.02.02G);Fuente de Isodoro González (301.42.16.02.02E);Fuente de Estanislao Rodríguez (301.42.16.02.02H);Fuente de Atanasio (301.42.16.02.01M.02);Encinas, Arroyo de las;Concejo, Arroyo del;Bujo, Arroyo del;Arroyo Tragullas (301.42.16.02.02M.04);Arroyo Rabo de la Zorra (301.42.16.02.02T.01);Arroyo Castañar de Torres (301.42.16.02.02B);Arroyo del Hoyo (3601.42.16.02.02M.08);Fuente de la Rebollera (301.42.16.02.03.01);Arroyo del Cuende;Arroyo del Bujo (301.42.16.02.01.01);Arroyo de Sierra Vieja (301.42.16.02.02Q);Arroyo de Macadilla (301.42.16.02.02X);Arroyo de Los Pirolos (301.4216.02.02M.10.04);Arroyo de los Husillos (301.42.16.02.02M.02);Arroyo de Los Calvos (301.42.16.02.02M.04.02);Arroyo de Las Ranas (301.42.16.02.02T.02);Arroyo de la Vieja (3601.42.16.02.02M.10);Arroyo de la Vieja (301.42.16.02.02M.10);Arroyo de la Higuera (301.42.16.02.02X.01);Arroyo de Horcajo (301.42.16.02.02L);Arroyo Castañar del Conejo (301.42.16.02.01M.04);Arroyo Ladera de Fuente Fría (301.42.16.02.01M.01);Fuente del Cuerno (301.42.16.02.01T);San Blas, Río;Robledillos, Arroyo de los;Rivera de Gata (301.42.16.02);Río San Blas (301.42.16.02.02M);Quemado, Arroyo del;Naranjos, Arroyo de los;Helechoso, Arroyo;Guerrero, Arroyo;Fuente Victoria Rodríguez (301.42.16.02.01T.01);Fuente del Tejar Grande (301.42.16.02.01V);Fuente del Tejar Grande  (301.42.16.02.01V);Fuente del Prado, Arroyo de la;Fuente del Poyo (301.42.16.02.01T.01.01);Fuente de la Cotorra (301.42.16.02.02F);Fuente de Marcelo Torres (301.42.16.02.02B.02);Valverde, Arroyo;Fuente de la Torrecilla (301.42.16.02.02I);Fuente de las Aceñas (301.42.16.02.02A);Fuente de las Brozas (301.42.16.02.02M.01);Fuente de las Pizarras (301.42.16.02.03.03);Fuente del Nicere (301.42.16.02.02M.06);Fuente de los Parros (301.42.16.02.03.01.01);Fuente del Escudero (301.42.16.02.02K);Fuente de Nicolás Hernández (301.42.16.02.02D);Fuente de San Juan Sánchez (301.42.16.02.02X.02);Fuente de Saturnino Benito (301.42.16.02.01T.04);Fuente de Valdecolmena (301.42.16.02.03.01.05);Fuente del Bachiller (301.42.16.02.01Q);Fuente de la Diosa (301.42.16.02.03.01.03);Fuente de los Cerecillos (301.42.16.02.02G-01)";"709.17";"1041440";"131.43";"Regadío";"Gata";"CÁCERES";19/06/2024;;
"ES030C0254";"COMUNIDAD DE REGANTES GATA";"B10387371";"TAJO";"SI";"NO";"NO";"NO";"NO";"NO";"Arroyo del Helechoso (301.42.16.02.01);Fuente de Juliana Haro (301.42.16.02.02C);Fuente de Julián González (301.42.16.02.02CH);Fuente de Juan García (301.42.16.02.02B.01);Fuente de Josefa Rodríguez (301.42.16.02.02G);Fuente de Isodoro González (301.42.16.02.02E);Fuente de Estanislao Rodríguez (301.42.16.02.02H);Fuente de Atanasio (301.42.16.02.01M.02);Encinas, Arroyo de las;Concejo, Arroyo del;Bujo, Arroyo del;Arroyo Tragullas (301.42.16.02.02M.04);Arroyo Rabo de la Zorra (301.42.16.02.02T.01);Arroyo Castañar de Torres (301.42.16.02.02B);Arroyo del Hoyo (3601.42.16.02.02M.08);Fuente de la Rebollera (301.42.16.02.03.01);Arroyo del Cuende;Arroyo del Bujo (301.42.16.02.01.01);Arroyo de Sierra Vieja (301.42.16.02.02Q);Arroyo de Macadilla (301.42.16.02.02X);Arroyo de Los Pirolos (301.4216.02.02M.10.04);Arroyo de los Husillos (301.42.16.02.02M.02);Arroyo de Los Calvos (301.42.16.02.02M.04.02);Arroyo de Las Ranas (301.42.16.02.02T.02);Arroyo de la Vieja (3601.42.16.02.02M.10);Arroyo de la Vieja (301.42.16.02.02M.10);Arroyo de la Higuera (301.42.16.02.02X.01);Arroyo de Horcajo (301.42.16.02.02L);Arroyo Castañar del Conejo (301.42.16.02.01M.04);Arroyo Ladera de Fuente Fría (301.42.16.02.01M.01);Fuente del Cuerno (301.42.16.02.01T);San Blas, Río;Robledillos, Arroyo de los;Rivera de Gata (301.42.16.02);Río San Blas (301.42.16.02.02M);Quemado, Arroyo del;Naranjos, Arroyo de los;Helechoso, Arroyo;Guerrero, Arroyo;Fuente Victoria Rodríguez (301.42.16.02.01T.01);Fuente del Tejar Grande (301.42.16.02.01V);Fuente del Tejar Grande  (301.42.16.02.01V);Fuente del Prado, Arroyo de la;Fuente del Poyo (301.42.16.02.01T.01.01);Fuente de la Cotorra (301.42.16.02.02F);Fuente de Marcelo Torres (301.42.16.02.02B.02);Valverde, Arroyo;Fuente de la Torrecilla (301.42.16.02.02I);Fuente de las Aceñas (301.42.16.02.02A);Fuente de las Brozas (301.42.16.02.02M.01);Fuente de las Pizarras (301.42.16.02.03.03);Fuente del Nicere (301.42.16.02.02M.06);Fuente de los Parros (301.42.16.02.03.01.01);Fuente del Escudero (301.42.16.02.02K);Fuente de Nicolás Hernández (301.42.16.02.02D);Fuente de San Juan Sánchez (301.42.16.02.02X.02);Fuente de Saturnino Benito (301.42.16.02.01T.04);Fuente de Valdecolmena (301.42.16.02.03.01.05);Fuente del Bachiller (301.42.16.02.01Q);Fuente de la Diosa (301.42.16.02.03.01.03);Fuente de los Cerecillos (301.42.16.02.02G-01)";"709.17";"1041440";"131.43";"Industrias productoras de bienes de consumo";"Gata";"CÁCERES";19/06/2024;;
"ES030C0255";"COMUNIDAD DE REGANTES GONZÁLEZ POLO";"G87898003";"TAJO";"NO";"SI";"NO";"NO";"NO";"NO";"Ocaña";"2.25";"18368";"9.08";"Uso destinado a otros abastecimientos fuera de los núcleos urbanos";"Madrid";"MADRID";19/06/2024;;
"ES030C0255";"COMUNIDAD DE REGANTES GONZÁLEZ POLO";"G87898003";"TAJO";"NO";"SI";"NO";"NO";"NO";"NO";"Ocaña";"2.25";"18368";"9.08";"Regadío";"Madrid";"MADRID";19/06/2024;;
"ES030C0256";"COMUNIDAD DE REGANTES GRUPO DE COLONIZACION Nº18.222";"G45788015";"TAJO";"NO";"SI";"NO";"NO";"NO";"NO";"Talavera";"2.5";"10475";"7.83";"Regadío";"Belvís de la Jara";"TOLEDO";19/06/2024;;
"ES030C0257";"COMUNIDAD DE REGANTES GUADARRAMA-ARANCÁN";"V45756525";"TAJO";"SI";"NO";"NO";"NO";"NO";"NO";"Guadarrama, Río";"10.68";"98616";"16.44";"Regadío";"Recas";"TOLEDO";19/06/2024;;
"ES030C0258";"COMUNIDAD DE REGANTES HAZA DEL OBISPO Y MARTA";"V10473593";"TAJO";"SI";"NO";"NO";"NO";"NO";"NO";"Jerte, Río";"2.2";"200";"5.74";"Regadío";"Plasencia";"CÁCERES";19/06/2024;;
"ES030C0261";"COMUNIDAD DE REGANTES HERMANOS CALLE MARTÍN";"V10436673";"TAJO";"NO";"SI";"NO";"NO";"NO";"NO";"Acuífero 03-99 de Interés Local";"1.07";"3192";"1.95";"Regadío";"Jerte";"CÁCERES";19/06/2024;;
"ES030C0262";"COMUNIDAD DE REGANTES HERMANOS GARCÍA PÉREZ";"G16346967";"TAJO";"NO";"SI";"NO";"NO";"NO";"NO";"03.99_De interés local";"3.91";"33966.51";"15.57";"Regadío";"Albendea";"CUENCA";19/06/2024;;
"ES030C0263";"COMUNIDAD DE REGANTES HERMANOS NIETO MARTÍNEZ";"G16331282";"TAJO";"SI";"NO";"NO";"NO";"NO";"NO";"Escabas, Río";"10";"32000";"4";"Regadío";"Albendea";"CUENCA";19/06/2024;;
"ES030C0264";"COMUNIDAD DE REGANTES HERMANOS VICENTE VALDEOLMOS";"G16284143";"TAJO";"SI";"NO";"NO";"NO";"NO";"NO";"Río Mayor";"52";"335964";"42";"Regadío";"Huete";"CUENCA";19/06/2024;;
"ES030C0265";"COMUNIDAD DE REGANTES HORTIZARZA";"G85937498";"TAJO";"NO";"SI";"NO";"NO";"NO";"NO";"Madrid: Guadarrama-Manzanares";"6";"39193";"8.58";"Regadío";"Fuenlabrada";"MADRID";19/06/2024;;
"ES030C0266";"COMUNIDAD DE REGANTES HUERTA DE LA VEGA";"G19208412";"TAJO";"NO";"SI";"NO";"NO";"NO";"NO";"Manantial 'Fuente de la Huerta de la Vega'";"0.7";"6917.4";"2.68";"Regadío";"Cogolludo";"GUADALAJARA";19/06/2024;;
"ES030C0268";"COMUNIDAD DE REGANTES LA ALISADILLA";"G10360634";"TAJO";"SI";"NO";"NO";"NO";"NO";"NO";"Gallegos, Arroyo de los";"11.35";"104811";"21.08";"Regadío";"Hervás";"CÁCERES";19/06/2024;;
"ES030C0269";"COMUNIDAD DE REGANTES LA BARRERA";"V10388643";"TAJO";"SI";"NO";"NO";"NO";"NO";"NO";"Cepeda, Arroyo de la";"0.67";"6720";"1.12";"Regadío";"Aldeanueva de la Vera";"CÁCERES";19/06/2024;;
"ES030C0270";"COMUNIDAD DE REGANTES LA BAZAGONA";"G10169332";"TAJO";"SI";"NO";"NO";"NO";"NO";"NO";"Tiétar, Río";"129.2";"1124000";"140.5";"Regadío";"Malpartida de Plasencia";"CÁCERES";19/06/2024;;
"ES030C0273";"COMUNIDAD DE REGANTES LA CESTERA";"V10354181";"TAJO";"SI";"NO";"NO";"NO";"NO";"NO";"Río Santihervás";"6.09";"17774.48";"3.34";"Regadío";"Hervás";"CÁCERES";19/06/2024;;
"ES030C0274";"COMUNIDAD DE REGANTES LA DEHESA DE JADRAQUE";"G19288893";"TAJO";"SI";"NO";"NO";"NO";"NO";"NO";"Henares, Río";"10";"79338";"9.92";"Regadío";"Jadraque";"GUADALAJARA";19/06/2024;;
"ES030C0276";"COMUNIDAD DE REGANTES LA GEVATA";"G37526928";"TAJO";"SI";"NO";"NO";"NO";"NO";"NO";"Arroyo Valtrujillo";"0.17";"400";"0.28";"Regadío";"Valdelageve";"SALAMANCA";19/06/2024;;
"ES030C0278";"COMUNIDAD DE REGANTES LA HEREDAD";"G06827711";"TAJO";"SI";"NO";"NO";"NO";"NO";"NO";"Río Mayor desde su nacimiento hasta E. Buendía";"17.99";"182814";"36";"Regadío";"Huete";"CUENCA";19/06/2024;;
"ES030C0280";"COMUNIDAD DE REGANTES LA ISLA";"G86344389";"TAJO";"SI";"NO";"NO";"NO";"NO";"NO";"Alberche, Río";"0.72";"5760";"0.72";"Regadío";"Madrid";"MADRID";19/06/2024;;
"ES030C0281";"COMUNIDAD DE REGANTES LA LASTRA";"V19317155";"TAJO";"NO";"SI";"NO";"NO";"NO";"NO";"Molina de Aragón";"3.5";"23200";"17.87";"Regadío";"Prados Redondos";"GUADALAJARA";19/06/2024;;
"ES030C0283";"COMUNIDAD DE REGANTES LA NORIA";"G87922746";"TAJO";"NO";"SI";"NO";"NO";"NO";"NO";"La Alcarria";"3.93";"9305.6";"2.33";"Regadío";"Valdelaguna";"MADRID";19/06/2024;;
"ES030C0284";"COMUNIDAD DE REGANTES LA RAPAZA";"V10479715";"TAJO";"NO";"SI";"NO";"NO";"NO";"NO";"Acuífero: 03.99 de Interés Local";"4.07";"22020";"4.96";"Uso destinado a otros abastecimientos fuera de los núcleos urbanos";"Torre de Don Miguel";"CÁCERES";19/06/2024;;
"ES030C0284";"COMUNIDAD DE REGANTES LA RAPAZA";"V10479715";"TAJO";"NO";"SI";"NO";"NO";"NO";"NO";"Acuífero: 03.99 de Interés Local";"4.07";"22020";"4.96";"Regadío";"Torre de Don Miguel";"CÁCERES";19/06/2024;;
"ES030C0284";"COMUNIDAD DE REGANTES LA RAPAZA";"V10479715";"TAJO";"NO";"SI";"NO";"NO";"NO";"NO";"Acuífero: 03.99 de Interés Local";"4.07";"22020";"4.96";"Ganadería";"Torre de Don Miguel";"CÁCERES";19/06/2024;;
"ES030C0284";"COMUNIDAD DE REGANTES LA RAPAZA";"V10479715";"TAJO";"NO";"SI";"NO";"NO";"NO";"NO";"Acuífero: 03.99 de Interés Local";"4.07";"22020";"4.96";"Industrias productoras de bienes de consumo";"Torre de Don Miguel";"CÁCERES";19/06/2024;;
"ES030C0285";"COMUNIDAD DE REGANTES LA RAYA";"Q0500361A";"TAJO";"SI";"NO";"NO";"NO";"NO";"NO";"Arroyo de las Hornillas";"88";"889458";"110";"Regadío";"Candeleda";"ÁVILA";19/06/2024;;
"ES030C0286";"COMUNIDAD DE REGANTES LA RINCONADA";"G45475639";"TAJO";"SI";"NO";"NO";"NO";"NO";"NO";"Tajo, Río";"300";"2389600";"298.7";"Regadío";"La Puebla de Montalbán";"TOLEDO";19/06/2024;;
"ES030C0287";"COMUNIDAD DE REGANTES LA ROMANA Y ORTIGAL";"G10233377";"TAJO";"SI";"NO";"NO";"NO";"NO";"NO";"Gallego, Arroyo del";"58.73";"634250";"107.5";"Regadío";"Hervás";"CÁCERES";19/06/2024;;
"ES030C0288";"COMUNIDAD DE REGANTES LA TOLEDANA";"G16290363";"TAJO";"SI";"NO";"NO";"NO";"NO";"NO";"Guadamejud";"60";"270000";"45";"Regadío";"Villanueva de Guadamejud";"CUENCA";19/06/2024;;
"ES030C0289";"COMUNIDAD DE REGANTES LA TRUCHA-ESPARTAL";"G10492718";"TAJO";"SI";"NO";"NO";"NO";"NO";"NO";"Jerte, Río";"4";"4800";"0.6";"Regadío";"Plasencia";"CÁCERES";19/06/2024;;
"ES030C0290";"COMUNIDAD DE REGANTES LA UMBRÍA";"V10405918";"TAJO";"SI";"NO";"NO";"NO";"NO";"NO";"Arroyo de la Umbría";"0.01";"57.2";"0.08";"Regadío";"Pinofranqueado";"CÁCERES";19/06/2024;;
"ES030C0291";"COMUNIDAD DE REGANTES LA VALONGUILLA";"V10504595";"TAJO";"SI";"NO";"NO";"NO";"NO";"NO";"Arroyo Santa María";"6";"48000";"6";"Regadío";"Navalmoral de la Mata";"CÁCERES";19/06/2024;;
"ES030C0292";"COMUNIDAD DE REGANTES LAS CABEZAS";"G67944041";"TAJO";"SI";"NO";"NO";"NO";"NO";"NO";"Río Tietar desde arroyo Santa María hasta Emblase Torrejón-Tiétar";"261.06";"1718700";"339.06";"Regadío";"Casatejada";"CÁCERES";19/06/2024;;
"ES030C0293";"COMUNIDAD DE REGANTES LAS GOVIAS";"V10389989";"TAJO";"SI";"NO";"NO";"NO";"NO";"NO";"Cepeda, Arroyo de la";"2.16";"21600";"3.6";"Regadío";"Aldeanueva de la Vera";"CÁCERES";19/06/2024;;
"ES030C0294";"COMUNIDAD DE REGANTES LAS MÁRGENES IZDA. Y DCHA. DEL EMBALSE DE ROSARIO | COMUNIDAD DE REGANTES DEL CANAL DE ROSARITO MARGEN DERECHA";"G10037224";"TAJO";"SI";"NO";"NO";"NO";"NO";"NO";"Tiétar, Río";"12237";"133756000";"15296.9";"Regadío";;"CÁCERES";19/06/2024;;
"ES030C0295";"COMUNIDAD DE REGANTES LAS MORERAS";"G1038443";"TAJO";"NO";"SI";"NO";"NO";"NO";"NO";"Guadalajara";"4";"200";"0.01";"Regadío";"Guadalajara";"GUADALAJARA";19/06/2024;;
"ES030C0295";"COMUNIDAD DE REGANTES LAS MORERAS";"G1038443";"TAJO";"NO";"SI";"NO";"NO";"NO";"NO";"Guadalajara";"4";"200";"0.01";"Ganadería";"Guadalajara";"GUADALAJARA";19/06/2024;;
"ES030C0296";"COMUNIDAD DE REGANTES LAS NOGALERAS";"V10344711";"TAJO";"SI";"NO";"NO";"NO";"NO";"NO";"Garganta de Honduras";"1.4";"10616";"1.33";"Regadío";"Losar de la Vera";"CÁCERES";19/06/2024;;
"ES030C0297";"COMUNIDAD DE REGANTES LAS POZAS";"G19291699";"TAJO";"SI";"NO";"NO";"NO";"NO";"NO";"Bornoba, Río";"17.46";"22785";"4.26";"Regadío";"Humanes";"GUADALAJARA";19/06/2024;;
"ES030C0298";"COMUNIDAD DE REGANTES LAS VEGAS (V10450401) | JUAN MANUEL SÁNCHEZ SÁNCHEZ";"07092731Z";"TAJO";"SI";"NO";"NO";"NO";"NO";"NO";"Garganta de Cuartos o Vadillo";"312";"0";"11.52";"Regadío";;"SALAMANCA";19/06/2024;;
"ES030C0298";"COMUNIDAD DE REGANTES LAS VEGAS (V10450401) | JUAN MANUEL SÁNCHEZ SÁNCHEZ";"07092731Z";"TAJO";"SI";"NO";"NO";"NO";"NO";"NO";"Garganta de Cuartos o Vadillo";"312";"0";"11.52";"Industrias productoras de bienes de consumo";;"SALAMANCA";19/06/2024;;
"ES030C0299";"COMUNIDAD DE REGANTES LAS VEGAS DE IRUESTE";"G19207422";"TAJO";"SI";"NO";"NO";"NO";"NO";"NO";"Valdelafuente, Arroyo de;San Andrés, Río";"46.44";"242008";"58.04";"Regadío";"Irueste";"GUADALAJARA";19/06/2024;;
"ES030C0301";"COMUNIDAD DE REGANTES LOMA GARCÍA";"V19317148";"TAJO";"NO";"SI";"NO";"NO";"NO";"NO";"Molina de Aragón";"1.9";"664.5";"6.84";"Regadío";"Prados Redondos";"GUADALAJARA";19/06/2024;;
"ES030C0303";"COMUNIDAD DE REGANTES LOS CACHONES";"V10409696";"TAJO";"SI";"NO";"NO";"NO";"NO";"NO";"Jerte, Río";"15.18";"50640";"6.33";"Regadío";"El Torno";"CÁCERES";19/06/2024;;
"ES030C0304";"COMUNIDAD DE REGANTES LOS COHONARES";"G87495867";"TAJO";"NO";"SI";"NO";"NO";"NO";"NO";"ALUVIALES Jarama-Tajuña";"41.22";"114779";"62.1";"Regadío";"Madrid";"MADRID";19/06/2024;;
"ES030C0306";"COMUNIDAD DE REGANTES LOS GREGORIOS";"V10399947";"TAJO";"SI";"NO";"NO";"NO";"NO";"NO";"Cuartos, Garganta de";"17.25";"0";"17.25";"Regadío";"Losar de la Vera";"CÁCERES";19/06/2024;;
"ES030C0307";"COMUNIDAD DE REGANTES LOS GUIJOS";"G45876927";"TAJO";"NO";"SI";"NO";"NO";"NO";"NO";"Acuífero 03.99 de Interés Local";"3";"6000";"1.95";"Regadío";"Mora";"TOLEDO";19/06/2024;;
"ES030C0308";"COMUNIDAD DE REGANTES LOS LEÑEROS";"G45904687";"TAJO";"NO";"SI";"NO";"NO";"NO";"NO";"Ocaña";"4.89";"14070";"0";"Regadío";"Lillo";"TOLEDO";19/06/2024;;
"ES030C0309";"COMUNIDAD DE REGANTES LOS MOLINOS";"G10374254";"TAJO";"SI";"NO";"NO";"NO";"NO";"NO";"Ambroz, Río";"1.2";"11021";"2.21";"Regadío";"Hervás";"CÁCERES";19/06/2024;;
"ES030C0310";"COMUNIDAD DE REGANTES LOS MONTALVOS";"G87091187";"TAJO";"NO";"SI";"NO";"NO";"NO";"NO";"Acuífero 03.99 de Interés Local";"1.2";"7874.2";"3.94";"Regadío";"Madrid";"MADRID";19/06/2024;;
"ES030C0311";"COMUNIDAD DE REGANTES LOS NARANJOS";"G45785920";"TAJO";"NO";"SI";"NO";"NO";"NO";"NO";"Talavera";"1.9";"3845";"1.67";"Regadío";"Talavera de la Reina";"TOLEDO";19/06/2024;;
"ES030C0312";"COMUNIDAD DE REGANTES LOS NAVARRILLOS";"G10529006";"TAJO";"SI";"NO";"NO";"NO";"NO";"NO";"Garganta Chilla";"16.3";"129184";"16.15";"Regadío";"Candeleda";"ÁVILA";19/06/2024;;
"ES030C0313";"COMUNIDAD DE REGANTES LOS PRADOS";"G10414449";"TAJO";"SI";"NO";"NO";"NO";"NO";"NO";"Cauce innominado formado con sobrantes del manantial ubicado la parcela 102 del polígono 3 de Villamiel (Cáceres)";"0.5";"2243";"0.33";"Regadío";"Villamiel";"CÁCERES";19/06/2024;;
"ES030C0314";"COMUNIDAD DE REGANTES LOS SAMPEDROS";"V10449585";"TAJO";"SI";"NO";"NO";"NO";"NO";"NO";"Ambroz, Río";"12.45";"57341";"9.82";"Regadío";"Abadía";"CÁCERES";19/06/2024;;
"ES030C0315";"COMUNIDAD DE REGANTES LOS SAULOS";"V45838554";"TAJO";"SI";"NO";"NO";"NO";"NO";"NO";"Tajo, Río";"26.4";"57984";"9.66";"Regadío";"Mocejón";"TOLEDO";19/06/2024;;
"ES030C0317";"COMUNIDAD DE REGANTES LOS TOBARES";"G19184654";"TAJO";"SI";"NO";"NO";"NO";"NO";"NO";"Gallo, Río";"7.05";"29137";"8.39";"Regadío";"Molina de Aragón";"GUADALAJARA";19/06/2024;;
"ES030C0318";"COMUNIDAD DE REGANTES MANANTIAL DE LOS PUERCOS";"V87939922";"TAJO";"NO";"SI";"NO";"NO";"NO";"NO";"Acuífero 03.99 de interés local";"0.44";"4583";"4.07";"Regadío";"Jarandilla de la Vera";"CÁCERES";19/06/2024;;
"ES030C0320";"COMUNIDAD DE REGANTES MESA DE VALDEGRULLAS";"E05112529";"TAJO";"SI";"NO";"NO";"NO";"NO";"NO";"Chilla, Garganta de";"62.4";"0";"62.37";"Regadío";"Olmedo de Camaces";"SALAMANCA";19/06/2024;;
"ES030C0324";"COMUNIDAD DE REGANTES NAVACERRADA | AYUNTAMIENTO DE NAVACERRADA";"P2809300C";"TAJO";"SI";"NO";"NO";"NO";"NO";"NO";"Arroyo Gargantón y Arroyo La Barranca";"273";"0";"0";"Uso destinado al abastecimiento de núcleos urbanos";;"MADRID";19/06/2024;;
"ES030C0324";"COMUNIDAD DE REGANTES NAVACERRADA | AYUNTAMIENTO DE NAVACERRADA";"P2809300C";"TAJO";"SI";"NO";"NO";"NO";"NO";"NO";"Arroyo Gargantón y Arroyo La Barranca";"273";"0";"0";"Regadío";;"MADRID";19/06/2024;;
"ES030C0325";"COMUNIDAD DE REGANTES NAVAHERMOSA 13ª Y 14ª";"V10408144";"TAJO";"SI";"NO";"NO";"NO";"NO";"NO";"Jerte, Río";"1";"819";"0";"Uso destinado a otros abastecimientos fuera de los núcleos urbanos";"Casas del Castañar";"CÁCERES";19/06/2024;;
"ES030C0326";"COMUNIDAD DE REGANTES NUESTRA SEÑORA DE LA ASUNCIÓN";"G16283400";"TAJO";"SI";"NO";"NO";"NO";"NO";"NO";"Trabaque, Río;Sarguillas, Rambla de las;Sarguillas, Barranco de las;Regajo, Barranco del";"36";"0";"36";"Regadío";"Castillejo-Sierra";"CUENCA";19/06/2024;;
"ES030C0326";"COMUNIDAD DE REGANTES NUESTRA SEÑORA DE LA ASUNCIÓN";"G16283400";"TAJO";"SI";"NO";"NO";"NO";"NO";"NO";"Trabaque, Río;Sarguillas, Rambla de las;Sarguillas, Barranco de las;Regajo, Barranco del";"36";"0";"36";"Industrias productoras de bienes de consumo";"Castillejo-Sierra";"CUENCA";19/06/2024;;
"ES030C0328";"COMUNIDAD DE REGANTES NUESTRA SEÑORA DE LA TORRE";"G16177438";"TAJO";"SI";"NO";"NO";"NO";"NO";"NO";"Escabas, Río";"180";"1500000";"300";"Regadío";"Priego";"CUENCA";19/06/2024;;
"ES030C0330";"COMUNIDAD DE REGANTES NUESTRA SEÑORA DEL PINAR";"V16329484";"TAJO";"SI";"NO";"NO";"NO";"NO";"NO";"Río Merdanchel";"61.03";"0";"61.02";"Regadío";"Cañaveras";"CUENCA";19/06/2024;;
"ES030C0331";"COMUNIDAD DE REGANTES OLIVAR EL PALOMAR";"H10144434";"TAJO";"SI";"NO";"NO";"NO";"NO";"NO";"Jerte, Río";"3.52";"35160";"5.86";"Regadío";"Plasencia";"CÁCERES";19/06/2024;;
"ES030C0332";"COMUNIDAD DE REGANTES OLIVAR VIRGEN DEL PUERTO";"G10342285";"TAJO";"SI";"NO";"NO";"NO";"NO";"NO";"Jerte, Río";"5";"8000";"4.97";"Uso destinado a otros abastecimientos fuera de los núcleos urbanos";"Plasencia";"CÁCERES";19/06/2024;;
"ES030C0332";"COMUNIDAD DE REGANTES OLIVAR VIRGEN DEL PUERTO";"G10342285";"TAJO";"SI";"NO";"NO";"NO";"NO";"NO";"Jerte, Río";"5";"8000";"4.97";"Regadío";"Plasencia";"CÁCERES";19/06/2024;;
"ES030C0334";"COMUNIDAD DE REGANTES ORILLAR ALTO";"H10349181";"TAJO";"SI";"NO";"NO";"NO";"NO";"NO";"Garganta de San Andrés o Arroyo Romanillos";"62.22";"379781";"83.31";"Regadío";"Hervás";"CÁCERES";19/06/2024;;
"ES030C0335";"COMUNIDAD DE REGANTES PAGO DE LA MAGDALENA";"H37390192";"TAJO";"SI";"NO";"NO";"NO";"NO";"NO";"Magdalena, Arroyo";"8";"0";"8";"Regadío";"Béjar";"SALAMANCA";19/06/2024;;
"ES030C0337";"COMUNIDAD DE REGANTES PEÑA DE LA MORA";"V19318500";"TAJO";"SI";"NO";"NO";"NO";"NO";"NO";"Peña de la Mora, Arroyo";"2.77";"10431.1";"11.59";"Regadío";"El Sotillo";"GUADALAJARA";19/06/2024;;
"ES030C0338";"COMUNIDAD DE REGANTES PERULERO";"G37260866";"TAJO";"SI";"NO";"NO";"NO";"NO";"NO";"Arroyo Perulero";"5.5";"0";"5.5";"Regadío";"Béjar";"SALAMANCA";19/06/2024;;
"ES030C0339";"COMUNIDAD DE REGANTES PICO DEL AGUA";"V19316660";"TAJO";"NO";"SI";"NO";"NO";"NO";"NO";"Acuífero 03.99 de Interés Local";"2.7";"9031";"19.76";"Regadío";"Cifuentes";"GUADALAJARA";19/06/2024;;
"ES030C0340";"COMUNIDAD DE REGANTES PINILLA DE JADRAQUE";"V19323476";"TAJO";"SI";"NO";"NO";"NO";"NO";"NO";"Cañamares, Arroyo";"30";"134460";"24.9";"Regadío";"Pinilla de Jadraque";"GUADALAJARA";19/06/2024;;
"ES030C0340";"COMUNIDAD DE REGANTES PINILLA DE JADRAQUE";"V19323476";"TAJO";"SI";"NO";"NO";"NO";"NO";"NO";"Cañamares, Arroyo";"30";"134460";"24.9";"Centrales hidroeléctricas";"Pinilla de Jadraque";"GUADALAJARA";19/06/2024;;
"ES030C0341";"COMUNIDAD DE REGANTES PINOS ALTOS";"V10344893";"TAJO";"SI";"NO";"NO";"NO";"NO";"NO";"Río Tiétar";"92.4";"924000";"115.5";"Regadío";"Tiétar";"CÁCERES";19/06/2024;;
"ES030C0343";"COMUNIDAD DE REGANTES PIQUERAS";"G42894816";"TAJO";"NO";"SI";"NO";"NO";"NO";"NO";"Ocaña";"3.9";"6552";"0";"Regadío";"Santa Cruz de la Zarza";"TOLEDO";19/06/2024;;
"ES030C0347";"COMUNIDAD DE REGANTES PRADO DE LA VIRGEN";"G10232163";"TAJO";"NO";"SI";"NO";"NO";"NO";"NO";"Manantial 'Prado la Virgen'";"3.03";"31447";"5.33";"Regadío";"Hervás";"CÁCERES";19/06/2024;;
"ES030C0348";"COMUNIDAD DE REGANTES PUEBLA DE VALLES";"G19237460";"TAJO";"SI";"NO";"NO";"NO";"NO";"NO";"Río Jarama";"162";"1864434";"161.86";"Regadío";"Puebla de Valles";"GUADALAJARA";19/06/2024;;
"ES030C0350";"COMUNIDAD DE REGANTES RACHILLA MATÓN";"G10511723";"TAJO";"SI";"NO";"NO";"NO";"NO";"NO";"Río Tiétar desde Arroyo Sta. María hasta Embalse Torrejón-Tiétar";"250";"2260000";"0";"Regadío";"Talayuela";"CÁCERES";19/06/2024;;
"ES030C0351";"COMUNIDAD DE REGANTES REGUERO CARNACEAS";"G10434819";"TAJO";"SI";"NO";"NO";"NO";"NO";"NO";"Garganta Mayor o Pedro Chate (301.32.20.16)";"4";"31465";"5.24";"Regadío";"Garganta la Olla";"CÁCERES";19/06/2024;;
"ES030C0352";"COMUNIDAD DE REGANTES RIBA DE SAELICES";"G19277912";"TAJO";"SI";"NO";"NO";"NO";"NO";"NO";"Hortezuela, Arroyo de la";"18.79";"150337.6";"18.79";"Regadío";"Riba de Saelices";"GUADALAJARA";19/06/2024;;
"ES030C0353";"COMUNIDAD DE REGANTES RIO ALBERCHE-BURGOHONDO";"Q0500345D";"TAJO";"SI";"NO";"NO";"NO";"NO";"NO";"Río Gargantilla.;Río Alberche;Garganta Puerto Mijares;Garganta Prados Nuevos;Garganta Podevilla.;Garganta Navarredondilla;Garganta Navalacruz;Garganta Honda;Arroyo Pataglana;Arroyo El Espino";"378.5";"0";"0";"Regadío";"Burgohondo";"ÁVILA";19/06/2024;;
"ES030C0354";"COMUNIDAD DE REGANTES RÍO AMBROZ";"G10213296";"TAJO";"SI";"NO";"NO";"NO";"NO";"NO";"Ambroz, Río";"6000";"24000000";"3000";"Regadío";"Zarza de Granadilla";"CÁCERES";19/06/2024;;
"ES030C0355";"COMUNIDAD DE REGANTES ROZAS ALTAS Y BAJAS";"H10278166";"TAJO";"SI";"NO";"NO";"NO";"NO";"NO";"Santihervas, Arroyo de";"37.84";"244861";"49.72";"Regadío";"Hervás";"CÁCERES";19/06/2024;;
"ES030C0356";"COMUNIDAD DE REGANTES ROZOTARDÍO";"G10431773";"TAJO";"SI";"NO";"NO";"NO";"NO";"NO";"Arroyo Regueros;Arroyo Gargantilla";"1.2";"336";"1.87";"Regadío";"Casas del Monte";"CÁCERES";19/06/2024;;
"ES030C0357";"COMUNIDAD DE REGANTES SAN BARTOLOMÉ";"9272841F";"TAJO";"SI";"NO";"NO";"NO";"NO";"NO";"Arroyo de la Huerta del Doctor";"2";"181456";"22.68";"Regadío";"Arcos de la Sierra";"CUENCA";19/06/2024;;
"ES030C0359";"COMUNIDAD DE REGANTES SAN JORGE";"G10263614";"TAJO";"SI";"NO";"NO";"NO";"NO";"NO";"Robada, Garganta de la;Jerte, Río;Garganta San Pedros;Garganta Novillos;Garganta Nogaledas;Garganta Los Carazos;Garganta Honduras;Garganta Carazos;Casillas, Garganta las;Arroyo Mirandas;Arroyo Garganta Seca;Arroyo Esperón";"240.72";"0";"303.91";"Regadío";"Navaconcejo";"CÁCERES";19/06/2024;;
"ES030C0359";"COMUNIDAD DE REGANTES SAN JORGE";"G10263614";"TAJO";"SI";"NO";"NO";"NO";"NO";"NO";"Robada, Garganta de la;Jerte, Río;Garganta San Pedros;Garganta Novillos;Garganta Nogaledas;Garganta Los Carazos;Garganta Honduras;Garganta Carazos;Casillas, Garganta las;Arroyo Mirandas;Arroyo Garganta Seca;Arroyo Esperón";"240.72";"0";"303.91";"Industrias productoras de bienes de consumo";"Navaconcejo";"CÁCERES";19/06/2024;;
"ES030C0360";"COMUNIDAD DE REGANTES SAN JOSÉ DE GRIMALDO";"G10160646";"TAJO";"SI";"NO";"NO";"NO";"NO";"NO";"Madre del Agua, Arroyo de la;Chapatal, Arroyo del;Arroyo Rivera de Cáceres";"18.75";"0";"18.49";"Regadío";"Cañaveral";"CÁCERES";19/06/2024;;
"ES030C0361";"COMUNIDAD DE REGANTES SAN JUAN BAUTISTA";"G16114571";"TAJO";"NO";"SI";"NO";"NO";"NO";"NO";"Tajuña-Montes Universales";"109.7";"866744";"163.74";"Regadío";"Villaconejos de Trabaque";"CUENCA";19/06/2024;;
"ES030C0361";"COMUNIDAD DE REGANTES SAN JUAN BAUTISTA";"G16114571";"TAJO";"NO";"SI";"NO";"NO";"NO";"NO";"Tajuña-Montes Universales";"109.7";"866744";"163.74";"Ganadería";"Villaconejos de Trabaque";"CUENCA";19/06/2024;;
"ES030C0361";"COMUNIDAD DE REGANTES SAN JUAN BAUTISTA";"G16114571";"TAJO";"NO";"SI";"NO";"NO";"NO";"NO";"Tajuña-Montes Universales";"109.7";"866744";"163.74";"Otros usos agrarios";"Villaconejos de Trabaque";"CUENCA";19/06/2024;;
"ES030C0362";"COMUNIDAD DE REGANTES SAN JUAN BAUTISTA DE RIBATAJADA";"G16171209";"TAJO";"SI";"NO";"NO";"NO";"NO";"NO";"Trabaque, Río;Arroyo San Pantaleón";"64.7";"0";"64.71";"Regadío";"Sotorribas";"CUENCA";19/06/2024;;
"ES030C0365";"COMUNIDAD DE REGANTES SAN MIGUEL DE HERAS DE AYUSO";"E19023654";"TAJO";"SI";"NO";"NO";"NO";"NO";"NO";"Río Henares (C.D: 301.1805)";"57.08";"570800";"80";"Regadío";"Heras de Ayuso";"GUADALAJARA";19/06/2024;;
"ES030C0367";"COMUNIDAD DE REGANTES SAN PEDRO BAUTISTA";"Q0567007J";"TAJO";"SI";"NO";"NO";"NO";"NO";"NO";"Puerto de San Esteban, Garganta del;Colladillos, Barranco de los;Chorros, Arroyo de los";"61.4";"422125";"76.75";"Regadío";"Villanueva de Ávila";"ÁVILA";19/06/2024;;
"ES030C0369";"COMUNIDAD DE REGANTES SANTA MARÍA DE CANDELEDA";"Q0567018G";"TAJO";"SI";"NO";"NO";"NO";"NO";"NO";"Santa María, Garganta de";"626";"0";"616.98";"Uso destinado al abastecimiento de núcleos urbanos";"Candeleda";"ÁVILA";19/06/2024;;
"ES030C0369";"COMUNIDAD DE REGANTES SANTA MARÍA DE CANDELEDA";"Q0567018G";"TAJO";"SI";"NO";"NO";"NO";"NO";"NO";"Santa María, Garganta de";"626";"0";"616.98";"Regadío";"Candeleda";"ÁVILA";19/06/2024;;
"ES030C0369";"COMUNIDAD DE REGANTES SANTA MARÍA DE CANDELEDA";"Q0567018G";"TAJO";"SI";"NO";"NO";"NO";"NO";"NO";"Santa María, Garganta de";"626";"0";"616.98";"Centrales hidroeléctricas";"Candeleda";"ÁVILA";19/06/2024;;
"ES030C0369";"COMUNIDAD DE REGANTES SANTA MARÍA DE CANDELEDA";"Q0567018G";"TAJO";"SI";"NO";"NO";"NO";"NO";"NO";"Santa María, Garganta de";"626";"0";"616.98";"Industrias productoras de bienes de consumo";"Candeleda";"ÁVILA";19/06/2024;;
"ES030C0370";"COMUNIDAD DE REGANTES SANTIAGO APÓSTOL";"Q0567006B";"TAJO";"SI";"NO";"NO";"NO";"NO";"NO";"Vejiga, Arroyo de la;Ropino, Arroyo del";"50";"44000";"206.31";"Regadío";"Candeleda";"ÁVILA";19/06/2024;;
"ES030C0371";"COMUNIDAD DE REGANTES SANTIUSTE";"V19302314";"TAJO";"NO";"SI";"NO";"NO";"NO";"NO";"Acuífero 03.99 de Interés Local";"5.66";"69097";"8.64";"Regadío";"Corduente";"GUADALAJARA";19/06/2024;;
"ES030C0372";"COMUNIDAD DE REGANTES SEGUNDO QUINTO DE VALDELASCASAS";"H81358079";"TAJO";"SI";"NO";"NO";"NO";"NO";"NO";"Tajo, Río";"25.2";"252000";"42";"Regadío";"Aranjuez";"MADRID";19/06/2024;;
"ES030C0373";"COMUNIDAD DE REGANTES SENDA DE LA CAÑADA";"G45857679";"TAJO";"NO";"SI";"NO";"NO";"NO";"NO";"0";"8";"20000";"10.31";"Regadío";"Lillo";"TOLEDO";19/06/2024;;
"ES030C0375";"COMUNIDAD DE REGANTES SOTO DE LA ISLA";"E45518503";"TAJO";"SI";"NO";"NO";"NO";"NO";"NO";"Tajo, Río";"96.3";"963000";"160.5";"Regadío";"Talavera de la Reina";"TOLEDO";19/06/2024;;
"ES030C0376";"COMUNIDAD DE REGANTES SOTO DE VALDEJUDIOS Y CASTILLO DEL ALAMIN";"G87070488";"TAJO";"SI";"NO";"NO";"NO";"NO";"NO";"Alberche, Río";"70";"628160";"78.52";"Regadío";"Madrid";"MADRID";19/06/2024;;
"ES030C0377";"COMUNIDAD DE REGANTES SOTO DEL POTRIL";"G45277084";"TAJO";"SI";"NO";"NO";"NO";"NO";"NO";"Alberche, Río";"15.9";"159000";"26.5";"Regadío";"Talavera de la Reina";"TOLEDO";19/06/2024;;
"ES030C0378";"COMUNIDAD DE REGANTES TENDILLA";"G19185461";"TAJO";"SI";"NO";"NO";"NO";"NO";"NO";"Río Prat";"62.45";"0";"62.45";"Regadío";"Tendilla";"GUADALAJARA";19/06/2024;;
"ES030C0380";"COMUNIDAD DE REGANTES URDIMALAS DEL TIÉTAR";"V10419737";"TAJO";"SI";"NO";"NO";"NO";"NO";"NO";"Tiétar, Río";"230.27";"2156345";"263.63";"Regadío";"Malpartida de Plasencia";"CÁCERES";19/06/2024;;
"ES030C0384";"COMUNIDAD DE REGANTES VALVERDE DE LOS ARROYOS";"G19179696";"TAJO";"SI";"SI";"NO";"NO";"NO";"NO";"Acuífero Subterráneo 03;Chorrera, Arroyo de la";"12.8";"86400";"16";"Regadío";"Valverde de los Arroyos";"GUADALAJARA";19/06/2024;;
"ES030C0385";"COMUNIDAD DE REGANTES VEGA DE ARANDILLA DEL ARROYO";"9327843";"TAJO";"SI";"NO";"NO";"NO";"NO";"NO";"Vindel, Río";"30";"362050";"69.61";"Regadío";"Arandilla del Arroyo";"CUENCA";19/06/2024;;
"ES030C0388";"COMUNIDAD DE REGANTES VEGAS DE DRIEBES";"G19037084";"TAJO";"SI";"NO";"NO";"NO";"NO";"NO";"Tajo, Río";"248";"1981040";"0";"Regadío";"Driebes";"GUADALAJARA";19/06/2024;;
"ES030C0389";"COMUNIDAD DE REGANTES VILLAREJO DEL VALLE";"Q0567016A";"TAJO";"SI";"NO";"NO";"NO";"NO";"NO";"Placejo, Garganta del;Garganta del prado Tablada o Lancha de la China;Confluencia de la Garganta del Prado de Tablada y Garganta de los Placejos";"192.5";"1924620";"320.77";"Regadío";"Villarejo del Valle";"ÁVILA";19/06/2024;;
"ES030C0390";"COMUNIDAD DE REGANTES VINDEL";"G16323503";"TAJO";"SI";"NO";"NO";"NO";"NO";"NO";"Vindel, Río;Valdevindel, Arroyo de";"3.93";"32711";"6.54";"Regadío";"Vindel";"CUENCA";19/06/2024;;
"ES030C0391";"COMUNIDAD DE REGANTES VIRGEN DE LA BLANCA";"Q0500383E";"TAJO";"SI";"NO";"NO";"NO";"NO";"NO";"Río Alberche;Garganta Horco";"73.6";"0";"72.93";"Regadío";"Navalosa";"ÁVILA";19/06/2024;;
"ES030C0392";"COMUNIDAD DE REGANTES VIRGEN DE LA LUZ";"G10034890";"TAJO";"SI";"NO";"NO";"NO";"NO";"NO";"Río Pontones;Arroyo Granjuela";"42.84";"0";"42.84";"Regadío";"Arroyo de la Luz";"CÁCERES";19/06/2024;;
"ES030C0394";"COMUNIDAD DE REGANTES VIRGEN DEL PUERTO";"G10174142";"TAJO";"SI";"NO";"NO";"NO";"NO";"NO";"Río Jerte";"9.5";"102880";"20.76";"Regadío";"Plasencia";"CÁCERES";19/06/2024;;
"ES030C0394";"COMUNIDAD DE REGANTES VIRGEN DEL PUERTO";"G10174142";"TAJO";"SI";"NO";"NO";"NO";"NO";"NO";"Río Jerte";"9.5";"102880";"20.76";"Ganadería";"Plasencia";"CÁCERES";19/06/2024;;
"ES030C0395";"COMUNIDAD DE REGANTES ZORITA DE LOS CANES";"G19217058";"TAJO";"SI";"NO";"NO";"NO";"NO";"NO";"Arroyo Cacera Madre o Badujo";"14.4";"154404";"29.78";"Regadío";"Zorita de los Canes";"GUADALAJARA";19/06/2024;;
"ES030C0396";"COMUNIDAD DE REGANTES ALTOS SANTA BARBARA";"G10162279";"TAJO";"SI";"NO";"NO";"NO";"NO";"NO";"Jerte, Río";"4";"5920";"6.5";"Regadío";"Plasencia";"CÁCERES";19/06/2024;;
"ES030C0397";"COMUNIDAD DE REGANTES DE LA MARGEN DERECHA DEL RÍO GÉVALO";"G45387495";"TAJO";"SI";"NO";"NO";"NO";"NO";"NO";"Gevalo, Río";"115";"0";"114.81";"Regadío";;"TOLEDO";19/06/2024;;
"ES040C0001";"COMUNIDAD DE REGANTES ACEVEDOS DE HINOJALES";"G06055388";"GUADIANA";"SI";"NO";"NO";"NO";"NO";"NO";"RÍO GUADIANA";"495";"5057280";"632.56";"Regadío";"Badajoz";"BADAJOZ";19/06/2024;;
"ES040C0003";"COMUNIDAD DE REGANTES ARROYO LANCHÓN";;"GUADIANA";"SI";"NO";"NO";"NO";"NO";"NO";"ARROYO DEL LANCHÓN";"1.4";"7245";"14.65";"Regadío";;"BADAJOZ";19/06/2024;;
"ES040C0004";"COMUNIDAD DE REGANTES BADAJOZ (CANAL LOBÓN)";"G06037451";"GUADIANA";"SI";"NO";"NO";"NO";"NO";"NO";"RÍO GUADIANA (PRESA DE MONTIJO)";"1387";"10402500";"1387";"Regadío";"Badajoz";"BADAJOZ";19/06/2024;;
"ES040C0005";"COMUNIDAD DE REGANTES BADAJOZ (CANAL MONTIJO)";;"GUADIANA";"SI";"NO";"NO";"NO";"NO";"NO";"RÍO GUADIANA (PRESA DE MONTIJO)";"10534";"77951600";"10534";"Regadío";"Badajoz";"BADAJOZ";19/06/2024;;
"ES040C0007";"COMUNIDAD DE REGANTES CANAL DE LOS AURILES";"G13229687";"GUADIANA";"NO";"NO";"NO";"SI";"NO";"NO";"EDAR Tomelloso";"187.55";"1266135";"844.09";"Regadío";"Tomelloso";"CIUDAD REAL";19/06/2024;;
"ES040C0008";"COMUNIDAD DE REGANTES CANAL DE ORELLANA (CANAL DE ORELLANA)";"Q0667002J";"GUADIANA";"SI";"NO";"NO";"NO";"NO";"NO";"RÍO GUADIANA (PRESA DE ORELLANA)";"40436";"303270000";"40436";"Regadío";;;19/06/2024;;
"ES040C0009";"COMUNIDAD DE REGANTES CANAL ZUJAR";"G06146237";"GUADIANA";"SI";"NO";"NO";"NO";"NO";"NO";"RÍO ZÚJAR";"12409";"155108533";"20681";"Regadío";;"BADAJOZ";19/06/2024;;
"ES040C0015";"COMUNIDAD DE REGANTES EL CINCHO Y CASTILLEJOS";;"GUADIANA";"SI";"NO";"NO";"NO";"NO";"NO";"RÍO GUADIANA (PRESA DE MONTIJO)";"206";"2060250";"343.37";"Regadío";"Badajoz";"BADAJOZ";19/06/2024;;
"ES040C0016";"COMUNIDAD DE REGANTES EL CUBO";;"GUADIANA";"SI";"NO";"NO";"NO";"NO";"NO";"ARROYO TENERÍAS";"3.58";"35830";"3.58";"Regadío";"Jerez de los Caballeros";"BADAJOZ";19/06/2024;;
"ES040C0017";"COMUNIDAD DE REGANTES EL HONGAR DE LILLO";"G45755816";"GUADIANA";"NO";"SI";"NO";"NO";"NO";"NO";"MASb Lillo Quintanar";"4.69";"32960";"16.48";"Regadío";"Lillo";"TOLEDO";19/06/2024;;
"ES040C0018";"COMUNIDAD DE REGANTES EMBALSE DEL VICARIO";"G13023544";"GUADIANA";"SI";"NO";"NO";"NO";"NO";"NO";"Embalse El Vicario";"3587";"35869500";"4782.6";"Regadío";"Ciudad Real";"CIUDAD REAL";19/06/2024;;
"ES040C0019";"COMUNIDAD DE REGANTES ENTRERRIOS";"Q0600453E";"GUADIANA";"SI";"NO";"NO";"NO";"NO";"NO";"RÍO GUADIANA";"562.8";"4220703";"703.45";"Regadío";"Villanueva de la Serena";"BADAJOZ";19/06/2024;;
"ES040C0021";"COMUNIDAD DE REGANTES ESTALJUCEN";"H06147847";"GUADIANA";"SI";"NO";"NO";"NO";"NO";"NO";"RÍO GUADIANA";"4.5";"27000";"3.75";"Regadío";"Esparragalejo";"BADAJOZ";19/06/2024;;
"ES040C0022";"COMUNIDAD DE REGANTES FINCA LA ENCOMIENDA";"G06150981";"GUADIANA";"SI";"NO";"NO";"NO";"NO";"NO";"RÍO GUADIANA";"378";"3780000";"630";"Regadío";"Badajoz";"BADAJOZ";19/06/2024;;
"ES040C0025";"COMUNIDAD DE REGANTES GUADIANA DEL CAUDILLO (CANAL MONTIJO)";"G06028054";"GUADIANA";"SI";"NO";"NO";"NO";"NO";"NO";"RÍO GUADIANA (PRESA DE MONTIJO)";"3045";"22533000";"3045";"Regadío";"Guadiana del Caudillo";"BADAJOZ";19/06/2024;;
"ES040C0027";"COMUNIDAD DE REGANTES LOBÓN (CANAL DE LOBÓN)";"G06014906";"GUADIANA";"SI";"NO";"NO";"NO";"NO";"NO";"RÍO GUADIANA (PRESA DE MONTIJO)";"571.5";"4215000";"562";"Regadío";"Lobón";"BADAJOZ";19/06/2024;;
"ES040C0029";"COMUNIDAD DE REGANTES MÉRIDA (CANAL DE LOBÓN)";"G06009781";"GUADIANA";"SI";"NO";"NO";"NO";"NO";"NO";"RÍO GUADIANA (PRESA DE MONTIJO)";"5426";"40695000";"5426";"Regadío";;"BADAJOZ";19/06/2024;;
"ES040C0030";"COMUNIDAD DE REGANTES MONTIJO (CANAL MONTIJO)";;"GUADIANA";"SI";"NO";"NO";"NO";"NO";"NO";"RÍO GUADIANA (PRESA DE MONTIJO)";"10681";"80107500";"10681";"Regadío";"Montijo";"BADAJOZ";19/06/2024;;
"ES040C0031";"COMUNIDAD DE REGANTES NAVAS DE ESTENA";"G34039958";"GUADIANA";"SI";"NO";"NO";"NO";"NO";"NO";"Arroyo de Los Reales";"73.84";"246212";"24.62";"Regadío";"Navas de Estena";"CIUDAD REAL";19/06/2024;;
"ES040C0032";"COMUNIDAD DE REGANTES NUESTRA SEÑORA DE LA PIEDAD URBANOS";;"GUADIANA";"SI";"NO";"NO";"NO";"NO";"NO";"Río Gigüela";"180.09";"360300";"36.03";"Regadío";"Torrejoncillo del Rey";"CUENCA";19/06/2024;;
"ES040C0032";"COMUNIDAD DE REGANTES NUESTRA SEÑORA DE LA PIEDAD URBANOS";;"GUADIANA";"SI";"NO";"NO";"NO";"NO";"NO";"Río Gigüela";"180.09";"360300";"36.03";"Fuerza motriz";"Torrejoncillo del Rey";"CUENCA";19/06/2024;;
"ES040C0034";"COMUNIDAD DE REGANTES PATRON SAN SEBASTIAN";"G02582484";"GUADIANA";"SI";"NO";"NO";"NO";"NO";"NO";"Ríos Córcoles y Ojuelo";"335.22";"1117347";"111.73";"Regadío";"Munera";"ALBACETE";19/06/2024;;
"ES040C0035";"COMUNIDAD DE REGANTES PEÑARROYA";"G13610357";"GUADIANA";"SI";"NO";"NO";"NO";"NO";"NO";"Embalse Peñarroya";"6270";"58815000";"7842";"Regadío";"Argamasilla de Alba";"CIUDAD REAL";19/06/2024;;
"ES040C0038";"COMUNIDAD DE REGANTES RINCÓN DE CAYA";"Q0667008G";"GUADIANA";"SI";"NO";"NO";"NO";"NO";"NO";"RÍO GUADIANA";"1269.03";"6578682";"996.77";"Regadío";"Badajoz";"BADAJOZ";19/06/2024;;
"ES040C0041";"COMUNIDAD DE REGANTES TALAVERA (CANAL LOBÓN)";"G72813595";"GUADIANA";"SI";"NO";"NO";"NO";"NO";"NO";"RÍO GUADIANA (PRESA DE MONTIJO)";"6960";"47341920";"6960";"Regadío";;"BADAJOZ";19/06/2024;;
"ES040C0042";"COMUNIDAD DE REGANTES TIERRA DE BARROS";"G06674915";"GUADIANA";"SI";"NO";"NO";"NO";"NO";"NO";"EMBALSES DE ALANGE Y VILLALBA";"4900";"43380000";"15170.97";"Regadío";;"BADAJOZ";19/06/2024;;
"ES040C0043";"COMUNIDAD DE REGANTES TORRE DE ABRAHAM";"G13037809";"GUADIANA";"SI";"NO";"NO";"NO";"NO";"NO";"Embalse Torre de Abraham";"2744.8";"33306000";"5551";"Regadío";"El Torno";"CIUDAD REAL";19/06/2024;;
"ES040C0044";"COMUNIDAD DE REGANTES VEGAS ALTAS I (CANAL DE ORELLANA)";"G06067557";"GUADIANA";"SI";"NO";"NO";"NO";"NO";"NO";"RÍO GUADIANA (EMBALSE DE ORELLANA)";"3756";"28170000";"7756";"Regadío";;"BADAJOZ";19/06/2024;;
"ES040C0045";"COMUNIDAD DE REGANTES VEGAS ALTAS II (CANAL DE ORELLANA )";"G06066849";"GUADIANA";"SI";"NO";"NO";"NO";"NO";"NO";"RÍO GUADIANA (PRESA DE ORELLANA)";"4817";"36127500";"4817";"Regadío";;"BADAJOZ";19/06/2024;;
"ES040C0046";"COMUNIDAD DE REGANTES VEGAS ALTAS III (CANAL DE ORELLANA )";"G06068274";"GUADIANA";"SI";"NO";"NO";"NO";"NO";"NO";"RÍO GUADIANA (PRESA DE ORELLANA)";"4754.76";"35660685";"4754.76";"Regadío";;"BADAJOZ";19/06/2024;;
"ES040C0047";"COMUNIDAD DE REGANTES VEGAS DE MONTIEL";"G13137898";"GUADIANA";"SI";"NO";"NO";"NO";"NO";"NO";"Ríos Jabalón y Segurilla";"630.14";"2119618";"211.99";"Regadío";"Montiel";"CIUDAD REAL";19/06/2024;;
"ES040C0048";"COMUNIDAD DE REGANTES CASA LUJAN Y CORTIJO PILAR";"G16170516";"GUADIANA";"SI";"NO";"NO";"NO";"NO";"NO";"Río Gigüela";"105";"350000";"35";"Regadío";"Puebla de Almenara";"CUENCA";19/06/2024;;
"ES040C0049";"COMUNIDAD DE REGANTES LA VEGA SANTA CRUZ DE LOS CAÑAMOS";"G13320999";"GUADIANA";"SI";"NO";"NO";"NO";"NO";"NO";"Río Oregón";"255.52";"851907";"85.21";"Regadío";;"CIUDAD REAL";19/06/2024;;
"ES040C0050";"COMUNIDAD DE REGANTES VALLE DEL ZUJAR";"G06393946";"GUADIANA";"SI";"NO";"NO";"NO";"NO";"NO";"ARROYO DE BEQUERENCIA Y RÍO ZÚJAR";"333.32";"1820000";"1129.47";"Regadío";"Monterrubio de la Serena";"BADAJOZ";19/06/2024;;
"ES070C0001";"COMUNIDAD DE REGANTES AGRÍCOLA VILLAMARTÍN";"A28222602";"SEGURA";"NO";"NO";"NO";"SI";"NO";"NO";"Aguas residuales depuradas;Agua Trasvase Tajo-6";"570";"1884836";"10645";"Regadío";;;19/06/2024;;
"ES070C0002";"COMUNIDAD DE REGANTES CAMPO SALINAS";"G03756921";"SEGURA";"NO";"NO";"NO";"SI";"NO";"NO";"Aguas residuales depuradas;Agua Trasvase Tajo-6";"570";"4003097";"12056";"Regadío";;;19/06/2024;;
"ES070C0003";"COMUNIDAD DE REGANTES CAMPOTÉJAR";"G30049787";"SEGURA";"SI";"NO";"NO";"SI";"NO";"NO";"Agua Trasvase Tajo-6;EDAR de Molina de 6;Río 6";"0";"18078951";"9888";"Regadío";"Molina de 6";"MURCIA";19/06/2024;;
"ES070C0004";"COMUNIDAD DE REGANTES DE ALBATERA";"G03592425";"SEGURA";"NO";"NO";"NO";"NO";"NO";"NO";"Agua Trasvase Tajo-6";"0";"8225629";"2938";"Regadío";;;19/06/2024;;
"ES070C0005";"COMUNIDAD DE REGANTES DE ALHAMA DE MURCIA";"G30055768";"SEGURA";"NO";"NO";"NO";"NO";"NO";"NO";"Agua Trasvase Tajo-6";"0";"10916530";"6850";"Regadío";"Alhama de Murcia";"MURCIA";19/06/2024;;
"ES070C0006";"COMUNIDAD DE REGANTES DE ISLA DE LA MATANZA";"G30107361";"SEGURA";"NO";"NO";"NO";"NO";"NO";"NO";"Agua Trasvase Tajo-6";"0";"2405291";"273";"Regadío";"Fortuna";"MURCIA";19/06/2024;;
"ES070C0007";"COMUNIDAD DE REGANTES DE LORCA";"G30046007";"SEGURA";"SI";"SI";"NO";"SI";"SI";"NO";"Agua Trasvase Tajo-6;Fuente del Oro;Aguas residuales regeneradas;Río 6-canal MD Pos-Trasvase TS;096-Alto Guadalentín;Río Guadalentín-Canal Aguas Claras;Aguas desaladas";"2962";"73313909";"83233";"Regadío";"Lorca";"MURCIA";19/06/2024;;
"ES070C0007";"COMUNIDAD DE REGANTES DE LORCA";"G30046007";"SEGURA";"SI";"SI";"NO";"SI";"SI";"NO";"Agua Trasvase Tajo-6;Fuente del Oro;Aguas residuales regeneradas;Río 6-canal MD Pos-Trasvase TS;096-Alto Guadalentín;Río Guadalentín-Canal Aguas Claras;Aguas desaladas";"2962";"73313909";"83233";"OTROS USOS";"Lorca";"MURCIA";19/06/2024;;
"ES070C0008";"COMUNIDAD DE REGANTES DE PLIEGO";"G30538516";"SEGURA";"NO";"SI";"NO";"SI";"NO";"NO";"Agua Trasvase Tajo-6;Aguas regeneradas EDAR Pliego;07.22-Sierra de Espuña";"131";"3689209";"2436";"Regadío";"Pliego";"MURCIA";19/06/2024;;
"ES070C0009";"COMUNIDAD DE REGANTES DE PULPÍ";"G04026514";"SEGURA";"NO";"SI";"NO";"NO";"SI";"NO";"Agua Trasvase Tajo-6;Aguas desaladas;096-Alto Guadalentín";"1200";"10663860";"8513";"Regadío";"Lorca";"MURCIA";19/06/2024;;
"ES070C0010";"COMUNIDAD DE REGANTES DE VERA";"G04326856";"SEGURA";"NO";"NO";"NO";"NO";"NO";"NO";"Agua Trasvase Tajo-6";"0";"1768200";"599";"Regadío";"Varios";"ALMERÍA";19/06/2024;;
"ES070C0011";"COMUNIDAD DE REGANTES DEL AZARBE DEL MERANCHO DE SANTOMERA";"G30102016";"SEGURA";"NO";"NO";"NO";"NO";"NO";"NO";"Agua Trasvase Tajo-6";"0";"2984890";"1145";"Regadío";"Varios";"MURCIA";19/06/2024;;
"ES070C0012";"COMUNIDAD DE REGANTES DEL CAMPO DE CARTAGENA";"G30607345";"SEGURA";"SI";"NO";"NO";"NO";"NO";"NO";"Agua Trasvase Tajo-6;Río 6";"250";"132605000";"43040";"Regadío";;;19/06/2024;;
"ES070C0013";"COMUNIDAD DE REGANTES DEL POZO NUESTRA SEÑORA PERPETUO SOCORRO";"G03295813";"SEGURA";"NO";"SI";"NO";"SI";"NO";"NO";"Agua Trasvase Tajo-6;070.036 Vega Media y Baja del 6;EDAR de La Matanza;Río 6 (m.i.)";"348";"4985014";"2610";"Regadío";;;19/06/2024;;
"ES070C0014";"COMUNIDAD DE REGANTES EL ACUEDUCTO DE CAMPOS DEL RÍO";"G30460992";"SEGURA";"NO";"NO";"NO";"NO";"NO";"NO";"Agua Trasvase Tajo-6";"0";"2326025";"470";"Regadío";"Varios";"MURCIA";19/06/2024;;
"ES070C0015";"COMUNIDAD DE REGANTES EL BARRANCO DE HURCHILLO";"G03409661";"SEGURA";"NO";"NO";"NO";"SI";"NO";"NO";"Aguas residuales depuradas;Agua Trasvase Tajo-6";"570";"2020661";"10739";"Regadío";;;19/06/2024;;
"ES070C0016";"COMUNIDAD DE REGANTES EL CARMEN";"G03987898";"SEGURA";"NO";"NO";"NO";"SI";"NO";"NO";"Agua Trasvase Tajo-6;Aguas regeneradas EDAR Benferri";"30";"788015";"2255";"Regadío";;;19/06/2024;;
"ES070C0017";"COMUNIDAD DE REGANTES EL MOJÓN";"G03941218";"SEGURA";"NO";"NO";"NO";"NO";"NO";"NO";"Agua Trasvase Tajo-6";"0";"1217365";"314";"Regadío";;;19/06/2024;;
"ES070C0018";"COMUNIDAD DE REGANTES EL PORVENIR";"G30107072";"SEGURA";"NO";"NO";"NO";"NO";"NO";"NO";"Agua Trasvase Tajo-6";"0";"7559960";"1765";"Regadío";"Abanilla";"MURCIA";19/06/2024;;
"ES070C0019";"COMUNIDAD DE REGANTES EL SALTADOR";"G04040127";"SEGURA";"NO";"NO";"NO";"NO";"NO";"NO";"Agua Trasvase Tajo-6";"0";"7367500";"2423";"Regadío";"Huércal-Overa";"ALMERÍA";19/06/2024;;
"ES070C0020";"COMUNIDAD DE REGANTES FUENSANTA DE JACARILLA";"G03620663";"SEGURA";"SI";"NO";"NO";"SI";"NO";"NO";"Aguas residuales depuradas;Agua Trasvase Tajo-6;Río 6";"664.11";"5797439";"12135";"Regadío";;;19/06/2024;;
"ES070C0021";"COMUNIDAD DE REGANTES KM 35, TOMA 12";"G53880449";"SEGURA";"NO";"NO";"NO";"NO";"NO";"NO";"Agua Trasvase Tajo-6";"0";"116828";"14";"Regadío";;;19/06/2024;;
"ES070C0022";"COMUNIDAD DE REGANTES LA ESTAFETA";"G53006797";"SEGURA";"NO";"NO";"NO";"SI";"NO";"NO";"Aguas residuales depuradas;Agua Trasvase Tajo-6";"570";"1826843";"10648";"Regadío";;;19/06/2024;;
"ES070C0023";"COMUNIDAD DE REGANTES LA PURÍSIMA DE YÉCHAR";"G30103113";"SEGURA";"NO";"SI";"NO";"NO";"NO";"NO";"Agua Trasvase Tajo-6;082-Cajal";"14.66";"4436729";"1584";"Regadío";"Mula";"MURCIA";19/06/2024;;
"ES070C0024";"COMUNIDAD DE REGANTES LA SANTA CRUZ";"G30109201";"SEGURA";"NO";"NO";"NO";"NO";"NO";"NO";"Agua Trasvase Tajo-6";"0";"6315000";"941";"Regadío";"Abanilla";"MURCIA";19/06/2024;;
"ES070C0025";"COMUNIDAD DE REGANTES LAS CAÑADAS";"G03919750";"SEGURA";"NO";"NO";"NO";"SI";"NO";"NO";"Aguas residuales depuradas;Agua Trasvase Tajo-6";"570";"1927567";"10727";"Regadío";;;19/06/2024;;
"ES070C0026";"COMUNIDAD DE REGANTES LAS CUEVAS";"G03635406";"SEGURA";"NO";"NO";"NO";"SI";"NO";"NO";"Agua Trasvase Tajo-6;Aguas regeneradas EDAR Benferri";"30";"1755643";"2516";"Regadío";;;19/06/2024;;
"ES070C0027";"COMUNIDAD DE REGANTES LAS DEHESAS";"G03501467";"SEGURA";"NO";"NO";"NO";"NO";"NO";"NO";"Agua Trasvase Tajo-6";"0";"1011821";"751";"Regadío";;;19/06/2024;;
"ES070C0028";"COMUNIDAD DE REGANTES LAS MAJADAS";"G53095899";"SEGURA";"NO";"NO";"NO";"NO";"NO";"NO";"Agua Trasvase Tajo-6";"0";"807278";"194";"Regadío";;;19/06/2024;;
"ES070C0029";"COMUNIDAD DE REGANTES LO MARQUÉS";"G53186516";"SEGURA";"NO";"NO";"NO";"NO";"NO";"NO";"Agua Trasvase Tajo-6";"0";"510848";"144";"Regadío";;;19/06/2024;;
"ES070C0030";"COMUNIDAD DE REGANTES LOS ÁNGELES DEL SISCAR";"G30093157";"SEGURA";"SI";"NO";"NO";"NO";"NO";"NO";"Agua Trasvase Tajo-6;Río 6-Azarbe de El Merancho";"150";"2870230";"597";"Regadío";;;19/06/2024;;
"ES070C0031";"COMUNIDAD DE REGANTES LOS GUIRAOS";"F04031555";"SEGURA";"NO";"NO";"NO";"NO";"NO";"NO";"Agua Trasvase Tajo-6";"0";"105250";"452";"Regadío";"Cuevas del Almanzora";"ALMERÍA";19/06/2024;;
"ES070C0032";"COMUNIDAD DE REGANTES MARGEN DERECHA DEL PILAR DE LA HORADADA";"G03635943";"SEGURA";"NO";"NO";"NO";"NO";"NO";"NO";"Agua Trasvase Tajo-6";"0";"2759234";"1979";"Regadío";;;19/06/2024;;
"ES070C0033";"COMUNIDAD DE REGANTES MURADA NORTE";"G03792637";"SEGURA";"NO";"NO";"NO";"NO";"NO";"NO";"Agua Trasvase Tajo-6";"0";"2106789";"992";"Regadío";;;19/06/2024;;
"ES070C0034";"COMUNIDAD DE REGANTES PANTANO DE LA CIERVA";"G30071625";"SEGURA";"SI";"SI";"NO";"NO";"NO";"NO";"Agua Trasvase Tajo-6;Río 6-Canal m.d. TTS;Bullas";"183";"6688065";"5371";"Regadío";"Mula";"MURCIA";19/06/2024;;
"ES070C0034";"COMUNIDAD DE REGANTES PANTANO DE LA CIERVA";"G30071625";"SEGURA";"SI";"SI";"NO";"NO";"NO";"NO";"Agua Trasvase Tajo-6;Río 6-Canal m.d. TTS;Bullas";"183";"6688065";"5371";"OTROS USOS";"Mula";"MURCIA";19/06/2024;;
"ES070C0035";"COMUNIDAD DE REGANTES PUEBLA DE MULA";"G30106314";"SEGURA";"NO";"NO";"NO";"NO";"NO";"NO";"Agua Trasvase Tajo-6";"0";"150508";"176";"Regadío";"Mula";"MURCIA";19/06/2024;;
"ES070C0036";"COMUNIDAD DE REGANTES RAMBLA SALADA";"G30111355";"SEGURA";"NO";"NO";"NO";"NO";"NO";"NO";"Agua Trasvase Tajo-6";"0";"2618620";"420";"Regadío";"Varios";"MURCIA";19/06/2024;;
"ES070C0037";"COMUNIDAD DE REGANTES RIEGOS DE LEVANTE MARGEN DERECHA";"G03066180";"SEGURA";"SI";"NO";"NO";"SI";"NO";"NO";"Agua Trasvase Tajo-6;Aguas regeneradas EDAR;Río 6 (margen derecha)";"570";"18648619";"10299";"Regadío";;;19/06/2024;;
"ES070C0038";"COMUNIDAD DE REGANTES RIEGOS DE LEVANTE MARGEN IZQUIERDA";"Q0367002C";"SEGURA";"SI";"SI";"NO";"NO";"NO";"NO";"136-Cingla-Cuchillo;Rio 6";"7700";"159263696";"50186";"Regadío";;;19/06/2024;;
"ES070C0039";"COMUNIDAD DE REGANTES RÍO NACIMIENTO";"G03403672";"SEGURA";"NO";"NO";"NO";"SI";"NO";"NO";"Aguas residuales depuradas;Agua Trasvase Tajo-6";"570";"2429662";"10839";"Regadío";;;19/06/2024;;
"ES070C0040";"COMUNIDAD DE REGANTES SAGRADO CORAZON DE JESUS, LA BARONESA";"G30437099";"SEGURA";"NO";"NO";"NO";"NO";"NO";"NO";"Agua Trasvase Tajo-6";"0";"1173805";"310";"Regadío";;;19/06/2024;;
"ES070C0041";"COMUNIDAD DE REGANTES SAN JOAQUÍN";"G03213378";"SEGURA";"SI";"NO";"NO";"SI";"NO";"NO";"Río 6-Azarbe Mayor de Hurchillo;Aguas residuales depuradas;Agua Trasvase Tajo-6";"627";"3492167";"11381";"Regadío";;;19/06/2024;;
"ES070C0042";"COMUNIDAD DE REGANTES SAN MIGUEL";"G03898335";"SEGURA";"NO";"NO";"NO";"NO";"NO";"NO";"Agua Trasvase Tajo-6";"0";"2023642";"1202";"Regadío";;;19/06/2024;;
"ES070C0043";"COMUNIDAD DE REGANTES SAN ONOFRE Y TORREMENDO";"G03228178";"SEGURA";"SI";"SI";"NO";"NO";"NO";"NO";"Río 6 (m.d)-Reguerón de Orihuela;Agua Trasvase Tajo-6;084-Vegas Media y Baja del 6";"200";"4209833";"5518";"Regadío";;;19/06/2024;;
"ES070C0044";"COMUNIDAD DE REGANTES SAN VÍCTOR";"G30268809";"SEGURA";"SI";"NO";"NO";"NO";"NO";"NO";"Agua Trasvase Tajo-6;Azarbe Merancho-084 Vegas Media y Baja d";"500";"6529651";"1594";"Regadío";"Varios";"MURCIA";19/06/2024;;
"ES070C0045";"COMUNIDAD DE REGANTES SANTO DOMINGO";"G03777281";"SEGURA";"NO";"NO";"NO";"NO";"NO";"NO";"Agua Trasvase Tajo-6";"0";"2396016";"1404";"Regadío";;;19/06/2024;;
"ES070C0046";"COMUNIDAD DE REGANTES SINDICATO DE RIEGOS CUEVAS DEL ALMANZORA";"G04041901";"SEGURA";"NO";"NO";"NO";"NO";"NO";"NO";"Agua Trasvase Tajo-6";"0";"5599300";"3186";"Regadío";"Cuevas del Almanzora";"ALMERÍA";19/06/2024;;
"ES070C0047";"COMUNIDAD DE REGANTES TAJO-6 DE SANGONERA LA SECA";"G30077366";"SEGURA";"SI";"NO";"NO";"SI";"NO";"NO";"Agua Trasvase Tajo-6;Aguas regeneradas EDAR de Alcantarilla;Río 6";"700";"16183988";"8714";"Regadío";"Alcantarilla";"MURCIA";19/06/2024;;
"ES070C0048";"COMUNIDAD DE REGANTES TOMA 3 HERMANOS MARTÍNEZ";"22394593E";"SEGURA";"NO";"NO";"NO";"NO";"NO";"NO";"Agua Trasvase Tajo-6";"0";"584955";"115";"Regadío";;;19/06/2024;;
"ES070C0049";"COMUNIDAD DE REGANTES TOMA 6, LO RECHE";"G53148946";"SEGURA";"NO";"NO";"NO";"NO";"NO";"NO";"Agua Trasvase Tajo-6";"0";"1551271";"352";"Regadío";;;19/06/2024;;
"ES070C0050";"COMUNIDAD DE REGANTES TOMA DELEGADA 11, JOSÉ SOTO";"22286958G";"SEGURA";"NO";"NO";"NO";"NO";"NO";"NO";"Agua Trasvase Tajo-6";"0";"70097";"13";"Regadío";;;19/06/2024;;
"ES070C0051";"COMUNIDAD DE REGANTES TOMA DELEGADA LO BELMONTE";"21898569Q";"SEGURA";"NO";"NO";"NO";"NO";"NO";"NO";"Agua Trasvase Tajo-6";"0";"701939";"171";"Regadío";;;19/06/2024;;
"ES070C0052";"COMUNIDAD DE REGANTES TRASVASE SECTOR A DE ABARÁN";"G30105605";"SEGURA";"NO";"NO";"NO";"NO";"NO";"NO";"Agua Trasvase Tajo-6";"0";"2391280";"1436";"Regadío";"Varios";"MURCIA";19/06/2024;;
"ES070C0053";"COMUNIDAD DE REGANTES TRASVASE TAJO-6 CALASPARRA-CIEZA";"G30143200";"SEGURA";"NO";"NO";"NO";"NO";"NO";"NO";"Río Argos;Agua Trasvase Tajo-6";"0";"14787396";"5985";"Regadío";"Varios";"MURCIA";19/06/2024;;
"ES070C0054";"COMUNIDAD DE REGANTES TRASVASE TAJO-6 DE TOTANA";"G30070569";"SEGURA";"SI";"NO";"NO";"SI";"NO";"NO";"Aguas residuales depuradas EDAR Totana;Agua Trasvase Tajo-6;Canal de Tedelche-Río Mundo";"501.1";"15947944";"7583";"Regadío";"Totana;Hellín";"MURCIA;ALBACETE";19/06/2024;;
"ES070C0055";"COMUNIDAD DE REGANTES TRASVASE TAJO-6 LIBRILLA";"G30088710";"SEGURA";"NO";"NO";"NO";"NO";"NO";"NO";"Agua Trasvase Tajo-6";"0";"7213835";"3128";"Regadío";"Librilla";"MURCIA";19/06/2024;;
"ES070C0056";"COMUNIDAD DE REGANTES ZONA 2 DE BLANCA";"G30077622";"SEGURA";"NO";"NO";"NO";"NO";"NO";"NO";"Agua Trasvase Tajo-6";"0";"6028720";"2550";"Regadío";"Varios";"MURCIA";19/06/2024;;
"ES070C0057";"COMUNIDAD DE REGANTES ZONA V, SECTORES I Y II";"G30546691";"SEGURA";"NO";"NO";"NO";"NO";"NO";"NO";"Agua Trasvase Tajo-6";"0";"7604131";"1636";"Regadío";"Varios";"MURCIA";19/06/2024;;
"ES070C0058";"COMUNIDAD DE REGANTES CASA DE LA TÍA JUANA";"G02560233";"SEGURA";"NO";"SI";"NO";"NO";"NO";"NO";"U.H. 07.01-Sierra de la Oliva";"50";"408000";"204";"Regadío";"Montealegre del Castillo";"ALBACETE";19/06/2024;;
"ES070C0059";"COMUNIDAD DE REGANTES DE LA FUENTE DE PEDRO ANDRÉS";"G02571651";"SEGURA";"SI";"NO";"NO";"NO";"NO";"NO";"Rio Taibilla";"10";"77307";"16";"Regadío";"Nerpio";"ALBACETE";19/06/2024;;
"ES070C0060";"COMUNIDAD DE REGANTES DE LAS VIÑAS";"G73889073";"SEGURA";"NO";"SI";"NO";"NO";"NO";"NO";"100-Campo Cartagena y 171-Carrascoy";"65";"1756000";"435";"Regadío";;"MURCIA";19/06/2024;;
"ES070C0061";"COMUNIDAD DE REGANTES FUENTE DE PRADO ORTEGA";"G02572683";"SEGURA";"SI";"NO";"NO";"NO";"NO";"NO";"Aguas superficiales Fuente Prado Ortega";"2";"64455";"16";"Regadío";"Nerpio";"ALBACETE";19/06/2024;;
"ES070C0062";"COMUNIDAD DE REGANTES PAGO DE MONTALVICHE";"G04730081";"SEGURA";"SI";"NO";"NO";"NO";"NO";"NO";"Río Claro";"20";"197316";"73";"Regadío";;"ALMERÍA";19/06/2024;;
"ES070C0063";"COMUNIDAD DE REGANTES ALMENDRICOS NORTE";"G90276356";"SEGURA";"NO";"SI";"NO";"NO";"NO";"NO";"Alto Guadalentín";"25";"626500";"179";"Regadío";"Lorca";"MURCIA";19/06/2024;;
"ES070C0064";"COMUNIDAD DE REGANTES CAÑADAS DE SAN PEDRO";"G30436943";"SEGURA";"SI";"SI";"NO";"NO";"NO";"NO";"Acequia de Tabala (Rio 6);084-Vegas media y Baja del 6";"132";"3693369";"1160";"Regadío";"Murcia";"MURCIA";19/06/2024;;
"ES070C0065";"COMUNIDAD DE REGANTES CERRICO PALUSTRE";;"SEGURA";"NO";"SI";"NO";"NO";"NO";"NO";"070.013-Moratilla";"60";"331000";"220";"Regadío";"Jumilla";"MURCIA";19/06/2024;;
"ES070C0066";"COMUNIDAD DE REGANTES FUENTE DEL PERAL";"G30220057";"SEGURA";"NO";"SI";"NO";"NO";"NO";"NO";"Ascoy-Sopalmo";"80";"1464140";"293";"Regadío";"Cieza";"MURCIA";19/06/2024;;
"ES070C0067";"COMUNIDAD DE REGANTES HRTO.AGUAS LA ASOMADILLA·";"G73270324";"SEGURA";"NO";"SI";"NO";"NO";"NO";"NO";"El Charco";"3";"104000";"20";"Regadío";"Bullas";"MURCIA";19/06/2024;;
"ES070C0068";"COMUNIDAD DE REGANTES LOS FONTES-TORREGUIL";"G73054751";"SEGURA";"NO";"SI";"NO";"NO";"NO";"NO";"Bajo Guadalentín";"16";"258510";"52";"Regadío";"Murcia";"MURCIA";19/06/2024;;
"ES070C0069";"COMUNIDAD DE REGANTES MOTOR EL TAPIADO";"G73109829";"SEGURA";"NO";"SI";"NO";"NO";"NO";"NO";"Molina de 6";"28";"885000";"177";"Regadío";"Molina de 6";"MURCIA";19/06/2024;;
"ES070C0070";"COMUNIDAD DE REGANTES MOTOR LOS RITAS";"G73097255";"SEGURA";"SI";"NO";"NO";"NO";"NO";"NO";"Rio 6";"35";"187440";"26";"Regadío";"Las Torres de Cotillas";"MURCIA";19/06/2024;;
"ES070C0071";"COMUNIDAD DE REGANTES PUENTE DEL CALDO Y MIRAVETE";"G30325161";"SEGURA";"SI";"NO";"NO";"NO";"NO";"NO";"Río Argos";"30";"730620";"162";"Regadío";"Caravaca de la Cruz";"MURCIA";19/06/2024;;
"ES070C0072";"COMUNIDAD DE REGANTES ABANILLA NORTE";"G73670184";"SEGURA";"NO";"SI";"NO";"NO";"NO";"NO";"045-Quibas";"60";"550000";"1505";"Regadío";"Abanilla";"MURCIA";19/06/2024;;
"ES070C0073";"COMUNIDAD DE REGANTES ABENUJ";"G02581486";"SEGURA";"NO";"SI";"NO";"NO";"NO";"NO";"003-Búhos";"493";"1717368";"721";"Regadío";"Tobarra";"ALBACETE";19/06/2024;;
"ES070C0074";"COMUNIDAD DE REGANTES ACEQUIA CHURRA LA NUEVA";"G30097760";"SEGURA";"SI";"NO";"NO";"NO";"NO";"NO";"Río 6-Acequia Churra la Nueva";"1500";"10900050";"1470";"Regadío";"Murcia";"MURCIA";19/06/2024;;
"ES070C0075";"COMUNIDAD DE REGANTES ACEQUIA DE ANDELMA";"G30297899";"SEGURA";"SI";"NO";"NO";"NO";"NO";"NO";"Río 6-Acequia de Andelma";"1000";"1402017";"248";"Regadío";"Cieza";"MURCIA";19/06/2024;;
"ES070C0076";"COMUNIDAD DE REGANTES ACEQUIA DE ARRIBA";"G02570182";"SEGURA";"SI";"NO";"NO";"NO";"NO";"NO";"Río Taibilla-Acequia de Arriba";"50";"433210";"66";"Regadío";"Yeste";"ALBACETE";19/06/2024;;
"ES070C0077";"COMUNIDAD DE REGANTES ACEQUIA DE CARAVIJA";"G30273759";"SEGURA";"SI";"NO";"NO";"NO";"NO";"NO";"Río 6";"21";"1910984";"304";"OTROS USOS INDUSTRIALES";"Archena";"MURCIA";19/06/2024;;
"ES070C0078";"COMUNIDAD DE REGANTES ACEQUIA DE DON GONZALO";"G30288179";"SEGURA";"SI";"NO";"NO";"NO";"NO";"NO";"Río 6 (m.d)-Acequia de Don Gonzalo";"500";"4390582";"642";"Regadío";"Cieza";"MURCIA";19/06/2024;;
"ES070C0079";"COMUNIDAD DE REGANTES ACEQUIA DE GÚTAR";"G02364966";"SEGURA";"SI";"NO";"NO";"NO";"NO";"NO";"Arroyo de Elche de la Sierra";"25";"88007";"20";"Regadío";"Elche de la Sierra";"ALBACETE";19/06/2024;;
"ES070C0080";"COMUNIDAD DE REGANTES ACEQUIA DE LA MARRADA";"V73699076";"SEGURA";"SI";"NO";"NO";"NO";"NO";"NO";"Río Argos";"25";"16893";"4";"Regadío";"Cehegín";"MURCIA";19/06/2024;;
"ES070C0081";"COMUNIDAD DE REGANTES ACEQUIA DE LAS CANAS";"G73957490";"SEGURA";"SI";"NO";"NO";"NO";"NO";"NO";"Río Mundo-Acequia de las Canas";"20";"631993";"125";"Regadío";"Hellín";"ALBACETE";19/06/2024;;
"ES070C0082";"COMUNIDAD DE REGANTES ACEQUIA DE MAESO Y MINAS";"G02328888";"SEGURA";"SI";"NO";"NO";"NO";"NO";"NO";"Río 6";"1450";"1656831";"168";"Regadío";"Hellín";"ALBACETE";19/06/2024;;
"ES070C0083";"COMUNIDAD DE REGANTES ACEQUIA DEL AZARAQUE, MARGEN IZQUIERDA, RÍO MUNDO";"G02547875";"SEGURA";"SI";"NO";"NO";"NO";"NO";"NO";"Río Mundo-Acequia del Azaraque";"9.55";"121067";"12";"Regadío";"Hellín";"ALBACETE";19/06/2024;;
"ES070C0084";"COMUNIDAD DE REGANTES ACEQUIA DEL BAYO";"G73712515";"SEGURA";"SI";"NO";"NO";"NO";"NO";"NO";"Río 6-Acequia de El Bayo";"30.39";"813110";"106";"Regadío";"Calasparra";"MURCIA";19/06/2024;;
"ES070C0085";"COMUNIDAD DE REGANTES ACEQUIA DEL CAMPO";"G30461883";"SEGURA";"SI";"NO";"NO";"NO";"NO";"NO";"Argos y Quípar";"425";"2142000";"420";"Regadío";"Cehegín";"MURCIA";19/06/2024;;
"ES070C0086";"COMUNIDAD DE REGANTES ACEQUIA DEL CENAJO";"G02526796";"SEGURA";"SI";"NO";"NO";"NO";"NO";"NO";"Río 6-Acequia del Cenajo";"30";"294169";"39";"Regadío";"Hellín";"ALBACETE";19/06/2024;;
"ES070C0087";"COMUNIDAD DE REGANTES ACEQUIA MOLINO JULIÁN";"G02584555";"SEGURA";"SI";"NO";"NO";"NO";"NO";"NO";"Arroyo de Elche";"0";"22500";"5";"OTROS USOS";"Elche de la Sierra";"ALBACETE";19/06/2024;;
"ES070C0088";"COMUNIDAD DE REGANTES AGRICOLA VILLAMARTIN";;"SEGURA";"SI";"NO";"NO";"NO";"NO";"NO";"ríos Bogarra, Paterna, Madera";"316";"5000000";"5623";"Regadío";;;19/06/2024;;
"ES070C0089";"COMUNIDAD DE REGANTES AGRÍCOLA VILLAMARTÍN";;"SEGURA";"SI";"NO";"NO";"NO";"NO";"NO";"Río Taibilla-canal de la MCT";"316";"5000000";"5623";"OTROS USOS";;;19/06/2024;;
"ES070C0090";"COMUNIDAD DE REGANTES AGUAS DE CAMPIX";"G73052771";"SEGURA";"NO";"SI";"NO";"NO";"NO";"NO";"085-Santa-Yechar";"80";"1560348";"1240";"Regadío";"Alhama de Murcia";"MURCIA";19/06/2024;;
"ES070C0091";"COMUNIDAD DE REGANTES AGUAS DE QUIBAS";"G30475677";"SEGURA";"NO";"SI";"NO";"NO";"NO";"NO";"Quibas";"80";"905428";"380";"Regadío";"Abanilla";"MURCIA";19/06/2024;;
"ES070C0092";"COMUNIDAD DE REGANTES AGUAS DE SANTA MARIA";"E30129746";"SEGURA";"NO";"SI";"NO";"NO";"NO";"NO";"136-Cingla-Cuchillo";"170";"1750000";"1313";"Regadío";"Yecla";"MURCIA";19/06/2024;;
"ES070C0093";"COMUNIDAD DE REGANTES AGUAS DEL CAÑO Y BALSA DE BÉJAR";"G73826422";"SEGURA";"NO";"SI";"NO";"NO";"NO";"NO";"Rambla de Bejar";"40";"496125";"203";"Regadío";"Puerto Lumbreras";"MURCIA";19/06/2024;;
"ES070C0094";"COMUNIDAD DE REGANTES AGUAS DEL TRASVASE TAJO-6 DE TOTANA";;"SEGURA";"SI";"NO";"NO";"NO";"NO";"NO";"Río 6";"23.1";"728500";"340";"Regadío";"Totana";"MURCIA";19/06/2024;;
"ES070C0095";"COMUNIDAD DE REGANTES APROVECHAMIENTO DE AGUAS N.º 7397";;"SEGURA";"NO";"NO";"NO";"SI";"NO";"NO";"EDAR de Molina de 6";"40";"34829";"7";"Regadío";"Murcia";"MURCIA";19/06/2024;;
"ES070C0096";"COMUNIDAD DE REGANTES ARCO SUR-MAR MENOR";"G30766596";"SEGURA";"NO";"NO";"NO";"SI";"NO";"NO";"EDAR Mar Menor Sur";"3000";"4864120";"1528";"Regadío";"Cartagena";"MURCIA";19/06/2024;;
"ES070C0097";"COMUNIDAD DE REGANTES ARROYO CARNICERO";"G02528065";"SEGURA";"SI";"NO";"NO";"NO";"NO";"NO";"Arroyo Carnicero";"4";"17250";"4";"Regadío";"Yeste";"ALBACETE";19/06/2024;;
"ES070C0098";"COMUNIDAD DE REGANTES ARROYO FRIO";"G02573095";"SEGURA";"SI";"NO";"NO";"NO";"NO";"NO";"Arroyo Frío-río Tus";"75";"752251";"104";"OTROS USOS";"Yeste";"ALBACETE";19/06/2024;;
"ES070C0099";"COMUNIDAD DE REGANTES ASCOY, BENIS Y CARRASQUILLA";"G30207195";"SEGURA";"NO";"SI";"NO";"NO";"NO";"NO";"043-Ascoy-Sopalmo";"611";"9000000";"4321";"OTROS USOS";"Cieza";"MURCIA";19/06/2024;;
"ES070C0100";"COMUNIDAD DE REGANTES AZARBE DE LAS FUENTES";"G03026576";"SEGURA";"SI";"NO";"NO";"NO";"NO";"NO";"Azarbe de las Fuentes";"30";"9360";"4";"Regadío";;;19/06/2024;;
"ES070C0101";"COMUNIDAD DE REGANTES BENEDICTO ARTIGOT";"V54776851";"SEGURA";"NO";"SI";"NO";"NO";"NO";"NO";"100-Campo de Cartagena";"120";"1744992";"373";"Regadío";;;19/06/2024;;
"ES070C0102";"COMUNIDAD DE REGANTES CAMPILLO DE LOS MAYAS";"G30462998";"SEGURA";"NO";"SI";"NO";"NO";"NO";"NO";"065-Quípar";"17";"600000";"163";"Regadío";"Cehegín";"MURCIA";19/06/2024;;
"ES070C0103";"COMUNIDAD DE REGANTES CAMPO ALTO";"G30507123";"SEGURA";"SI";"SI";"NO";"SI";"NO";"NO";"Aguas pluviales;Aguas regeneradas EDAR del Turrilla;D. Gonzalo-La Umbría y Mingrano-Rincón";"83";"559375";"1305";"Regadío";"Lorca";"MURCIA";19/06/2024;;
"ES070C0103";"COMUNIDAD DE REGANTES CAMPO ALTO";"G30507123";"SEGURA";"SI";"SI";"NO";"SI";"NO";"NO";"Aguas pluviales;Aguas regeneradas EDAR del Turrilla;D. Gonzalo-La Umbría y Mingrano-Rincón";"83";"559375";"1305";"OTROS USOS";"Lorca";"MURCIA";19/06/2024;;
"ES070C0105";"COMUNIDAD DE REGANTES CAMPO DE SALINAS";;"SEGURA";"SI";"NO";"NO";"NO";"NO";"NO";"Barranco Acimbuchar";"316";"5000000";"5623";"OTROS USOS";;;19/06/2024;;
"ES070C0106";"COMUNIDAD DE REGANTES CAMPO SALINAS";;"SEGURA";"NO";"SI";"NO";"NO";"NO";"NO";"003-Búhos";"316";"5000000";"5623";"Regadío";"Bullas";"MURCIA";19/06/2024;;
"ES070C0108";"COMUNIDAD DE REGANTES CAÑADA DE LOS OLMOS";"G30452502";"SEGURA";"NO";"NO";"NO";"SI";"NO";"NO";"Aguas residuales de Bullas";"45";"325000";"68";"Regadío";"Bullas";"MURCIA";19/06/2024;;
"ES070C0109";"COMUNIDAD DE REGANTES CAÑADA DE TARRAGOYA";"G73486425";"SEGURA";"SI";"NO";"NO";"NO";"NO";"NO";"Hila de Tarragoya";"50";"1428050";"250";"Regadío";"Caravaca de la Cruz";"MURCIA";19/06/2024;;
"ES070C0110";"COMUNIDAD DE REGANTES CAÑADA GIL";"G73543274";"SEGURA";"NO";"NO";"NO";"NO";"NO";"NO";"Río 6";"40";"432500";"85";"OTROS USOS";"Ricote";"MURCIA";19/06/2024;;
"ES070C0111";"COMUNIDAD DE REGANTES CAÑADA MACOCA";"G02590982";"SEGURA";"NO";"SI";"NO";"NO";"NO";"NO";"07.03.003. Búhos";"190";"961369";"380";"Regadío";"Murcia;Hellín";"MURCIA;ALBACETE";19/06/2024;;
"ES070C0111";"COMUNIDAD DE REGANTES CAÑADA MACOCA";"G02590982";"SEGURA";"NO";"SI";"NO";"NO";"NO";"NO";"07.03.003. Búhos";"190";"961369";"380";"OTROS USOS";"Murcia;Hellín";"MURCIA;ALBACETE";19/06/2024;;
"ES070C0113";"COMUNIDAD DE REGANTES CASA DE LOS MOLINAS Y CASA CAPARROTA";"G73220238";"SEGURA";"NO";"SI";"NO";"NO";"NO";"NO";"070.013-Moratilla";"35";"399000";"133";"Regadío";"Yecla";"MURCIA";19/06/2024;;
"ES070C0114";"COMUNIDAD DE REGANTES CASA DON MANUEL";"G30486559";"SEGURA";"NO";"SI";"NO";"NO";"NO";"NO";"064-Sima";"77";"564000";"112";"Regadío";"Cieza;Caravaca de la Cruz";"MURCIA";19/06/2024;;
"ES070C0115";"COMUNIDAD DE REGANTES CASABLANCA";;"SEGURA";"SI";"NO";"NO";"NO";"NO";"NO";"Rio 6";"227";"7200000";"838";"Regadío";"Murcia";"MURCIA";19/06/2024;;
"ES070C0117";"COMUNIDAD DE REGANTES CASAS BLANCAS";"G30291165";"SEGURA";"NO";"SI";"NO";"SI";"NO";"NO";"EDAR de Casas Blancas;Campo de Cartagena";"20.57";"468000";"180";"Regadío";"Murcia;Orihuela";"MURCIA";19/06/2024;;
"ES070C0118";"COMUNIDAD DE REGANTES CASAS DEL TERRERO";"G73712598";"SEGURA";"SI";"NO";"NO";"NO";"NO";"NO";"Rambla del Calvillo y Manantial";"30";"8582";"3";"Regadío";"Mula;Cehegín";"MURCIA";19/06/2024;;
"ES070C0119";"COMUNIDAD DE REGANTES CONVENIO DE RIEGOS MOTOR FINCA JACARILLETA";"G03934882";"SEGURA";"SI";"NO";"NO";"NO";"NO";"NO";"Río 6 (margen derecha)";"45";"425000";"85";"Regadío";;"MURCIA";19/06/2024;;
"ES070C0121";"COMUNIDAD DE REGANTES DE AGUAS REGULADAS DEL EMBALSE DEL RIO ARGOS";"G30290290";"SEGURA";"SI";"NO";"NO";"NO";"NO";"NO";"Río Argos y varias Acequias";"150";"5429771";"1086";"Regadío";"Águilas";"MURCIA";19/06/2024;;
"ES070C0121";"COMUNIDAD DE REGANTES DE AGUAS REGULADAS DEL EMBALSE DEL RIO ARGOS";"G30290290";"SEGURA";"SI";"NO";"NO";"NO";"NO";"NO";"Río Argos y varias Acequias";"150";"5429771";"1086";"OTROS USOS";"Águilas";"MURCIA";19/06/2024;;
"ES070C0122";"COMUNIDAD DE REGANTES DE AGUILAS";"G30209902";"SEGURA";"SI";"SI";"NO";"NO";"SI";"NO";"Aguas desaladas;Agua desalada de mar;119-Águilas-Cala Reona";"2110";"22471000";"16674";"Regadío";"Águilas";"MURCIA";19/06/2024;;
"ES070C0122";"COMUNIDAD DE REGANTES DE AGUILAS";"G30209902";"SEGURA";"SI";"SI";"NO";"NO";"SI";"NO";"Aguas desaladas;Agua desalada de mar;119-Águilas-Cala Reona";"2110";"22471000";"16674";"OTROS USOS";"Águilas";"MURCIA";19/06/2024;;
"ES070C0125";"COMUNIDAD DE REGANTES DE ALGORFA";"G54999784";"SEGURA";"SI";"NO";"NO";"NO";"NO";"NO";"Río 6";"8.3";"262005";"68";"Regadío";"Yeste";"ALBACETE";19/06/2024;;
"ES070C0126";"COMUNIDAD DE REGANTES DE ALHAMA";"E30055768";"SEGURA";"SI";"NO";"NO";"NO";"NO";"NO";"Canal de Tedelche-Río Mundo";"478";"1934561";"268";"Regadío";"Hellín";"ALBACETE";19/06/2024;;
"ES070C0127";"COMUNIDAD DE REGANTES DE ALHAMA DE MURCIA";"E30055768";"SEGURA";"NO";"NO";"NO";"SI";"NO";"NO";"EDAR de Alhama de Murcia";"140";"883662";"5096";"OTROS USOS";"Alhama de Murcia";"MURCIA";19/06/2024;;
"ES070C0128";"COMUNIDAD DE REGANTES DE ALIAGOSA";"G02575231";"SEGURA";"SI";"NO";"NO";"NO";"NO";"NO";"Arroyo de Aliagosa";"20";"280652";"61";"Regadío";"Nerpio";"ALBACETE";19/06/2024;;
"ES070C0128";"COMUNIDAD DE REGANTES DE ALIAGOSA";"G02575231";"SEGURA";"SI";"NO";"NO";"NO";"NO";"NO";"Arroyo de Aliagosa";"20";"280652";"61";"OTROS USOS";"Nerpio";"ALBACETE";19/06/2024;;
"ES070C0130";"COMUNIDAD DE REGANTES DE BEG";"G02579191";"SEGURA";"SI";"NO";"NO";"NO";"NO";"NO";"Arroyos Herrerías y Zorreras";"12";"153516";"58";"Regadío";"Nerpio";"ALBACETE";19/06/2024;;
"ES070C0131";"COMUNIDAD DE REGANTES DE BENABLÓN";"G30554042";"SEGURA";"NO";"SI";"NO";"NO";"NO";"NO";"064-Sima";"95";"1017500";"219";"Regadío";"Lorca;Caravaca de la Cruz";"MURCIA";19/06/2024;;
"ES070C0133";"COMUNIDAD DE REGANTES DE BOGARRA";"V02520773";"SEGURA";"SI";"NO";"NO";"NO";"NO";"NO";"ríos Bogarra, Paterna, Madera";"260";"1429014";"314";"Regadío";"Campos del Río;Bogarra";"MURCIA;ALBACETE";19/06/2024;;
"ES070C0133";"COMUNIDAD DE REGANTES DE BOGARRA";"V02520773";"SEGURA";"SI";"NO";"NO";"NO";"NO";"NO";"ríos Bogarra, Paterna, Madera";"260";"1429014";"314";"OTROS USOS";"Campos del Río;Bogarra";"MURCIA;ALBACETE";19/06/2024;;
"ES070C0134";"COMUNIDAD DE REGANTES DE CAGASEBO";;"SEGURA";"SI";"NO";"NO";"NO";"NO";"NO";"Aguas superficiales Fuente arroyo Gil";"40";"55740";"12";"Regadío";"Molina de 6";"MURCIA";19/06/2024;;
"ES070C0136";"COMUNIDAD DE REGANTES DE CAMPOS DEL RIO Y LOS RODEOS";"G73235335";"SEGURA";"SI";"NO";"NO";"SI";"NO";"NO";"Aguas residuales regeneradas;Río Mula;EDAR fábrica Halcón Foods, S.A.";"80";"709342";"361";"Regadío";"Campos del Río";"MURCIA";19/06/2024;;
"ES070C0136";"COMUNIDAD DE REGANTES DE CAMPOS DEL RIO Y LOS RODEOS";"G73235335";"SEGURA";"SI";"NO";"NO";"SI";"NO";"NO";"Aguas residuales regeneradas;Río Mula;EDAR fábrica Halcón Foods, S.A.";"80";"709342";"361";"OTROS USOS";"Campos del Río";"MURCIA";19/06/2024;;
"ES070C0139";"COMUNIDAD DE REGANTES DE CANALEJAS";"G02575249";"SEGURA";"SI";"NO";"NO";"NO";"NO";"NO";"Arroyo Canalejas-fuentes Zorras y Elvira";"11";"84590";"16";"Regadío";"Nerpio";"ALBACETE";19/06/2024;;
"ES070C0140";"COMUNIDAD DE REGANTES DE CAÑÁ SANTILLA";"G02556439";"SEGURA";"SI";"NO";"NO";"NO";"NO";"NO";"Arroyo Azaga Llano y Fuente del Cobacho";"10";"50344";"10";"Regadío";"Yeste";"ALBACETE";19/06/2024;;
"ES070C0142";"COMUNIDAD DE REGANTES DE CASABLANCA";"G30122576";"SEGURA";"NO";"NO";"NO";"SI";"NO";"NO";"Nueva EDAR de Abarán";"47.62";"1350000";"838";"Regadío";"Abarán";"JAÉN;MURCIA";19/06/2024;;
"ES070C0144";"COMUNIDAD DE REGANTES DE CORTIJO ISIDORO";"G02617371";"SEGURA";"SI";"NO";"NO";"NO";"NO";"NO";"Aguas superficiales fuentes";"6";"13112";"4";"Regadío";"Nerpio";"ALBACETE";19/06/2024;;
"ES070C0145";"COMUNIDAD DE REGANTES DE FUENTE HIGUERA";"G02552206";"SEGURA";"SI";"NO";"NO";"NO";"NO";"NO";"Arroyo Sujayar";"10";"133495";"40";"Regadío";"Yeste;Socovos";"ALBACETE";19/06/2024;;
"ES070C0146";"COMUNIDAD DE REGANTES DE FUENTE LIBRILLA";"G73619355";"SEGURA";"SI";"NO";"NO";"SI";"NO";"NO";"Barranco Acimbuchar;Aguas regeneradas EDAR";"3.21";"95478";"403";"Regadío";"Mula";"MURCIA";19/06/2024;;
"ES070C0146";"COMUNIDAD DE REGANTES DE FUENTE LIBRILLA";"G73619355";"SEGURA";"SI";"NO";"NO";"SI";"NO";"NO";"Barranco Acimbuchar;Aguas regeneradas EDAR";"3.21";"95478";"403";"OTROS USOS";"Mula";"MURCIA";19/06/2024;;
"ES070C0147";"COMUNIDAD DE REGANTES DE HILO DE POLOPE, PUENTE ESCRIBANO Y RECUEROS";"G02561983";"SEGURA";"NO";"SI";"NO";"NO";"NO";"NO";"003-Búhos";"475";"2586161";"937";"Regadío";"Tobarra";"ALBACETE";19/06/2024;;
"ES070C0149";"COMUNIDAD DE REGANTES DE ISSO";"G02403574";"SEGURA";"NO";"SI";"NO";"NO";"NO";"NO";"102-El Boquerón";"768";"8147552";"4322";"Regadío";"Daya Vieja;Hellín";"ALBACETE";19/06/2024;;
"ES070C0149";"COMUNIDAD DE REGANTES DE ISSO";"G02403574";"SEGURA";"NO";"SI";"NO";"NO";"NO";"NO";"102-El Boquerón";"768";"8147552";"4322";"OTROS USOS";"Daya Vieja;Hellín";"ALBACETE";19/06/2024;;
"ES070C0150";"COMUNIDAD DE REGANTES DE LA ACEQUIA DE LOS CHARCOS";"G30252639";"SEGURA";"SI";"NO";"NO";"NO";"NO";"NO";"Río 6-Acequia de los Charcos";"1500";"1268866";"231";"Regadío";"Cieza";"MURCIA";19/06/2024;;
"ES070C0152";"COMUNIDAD DE REGANTES DE LA ACEQUIA DE ABAJO";"G02544070";"SEGURA";"SI";"NO";"NO";"NO";"NO";"NO";"Río Taibilla-Acequia de Abajo";"50";"199275";"30";"OTROS USOS";"Yeste";"ALBACETE";19/06/2024;;
"ES070C0153";"COMUNIDAD DE REGANTES DE LA ACEQUIA DE ARCHENA";"G73905853";"SEGURA";"SI";"NO";"NO";"NO";"NO";"NO";"Río 6-Acequia Archena-Ac. Parque";"1500";"8458015";"1472";"OTROS USOS";"Villanueva del Río 6";"MURCIA";19/06/2024;;
"ES070C0154";"COMUNIDAD DE REGANTES DE LA ACEQUIA DE BERBERIN";"G30291793";"SEGURA";"SI";"NO";"NO";"NO";"NO";"NO";"Rio 6-Acequia de Berberín";"20";"300900";"71";"Regadío";"Calasparra";"MURCIA";19/06/2024;;
"ES070C0156";"COMUNIDAD DE REGANTES DE LA ACEQUIA DE ROTAS";"Q3067003H";"SEGURA";"SI";"NO";"NO";"NO";"NO";"NO";"Río 6-Acequia de Rotas";"6000";"7216685";"823";"Regadío";"Calasparra";"ALMERÍA;MURCIA";19/06/2024;;
"ES070C0157";"COMUNIDAD DE REGANTES DE LA ACEQUIA DEL CAZ DEL MOLINO";"V02546869";"SEGURA";"SI";"NO";"NO";"NO";"NO";"NO";"Barranco de la Fuente de Almez";"20";"28105";"7";"Regadío";"Yeste";"ALMERÍA;ALBACETE";19/06/2024;;
"ES070C0157";"COMUNIDAD DE REGANTES DE LA ACEQUIA DEL CAZ DEL MOLINO";"V02546869";"SEGURA";"SI";"NO";"NO";"NO";"NO";"NO";"Barranco de la Fuente de Almez";"20";"28105";"7";"OTROS USOS";"Yeste";"ALMERÍA;ALBACETE";19/06/2024;;
"ES070C0158";"COMUNIDAD DE REGANTES DE LA ACEQUIA DEL ESPARRAGAL DE ABAJO";"G30290308";"SEGURA";"SI";"NO";"NO";"NO";"NO";"NO";"Río 6-Acequia del Esparragal";"50";"1506090";"150";"Regadío";"Calasparra";"MURCIA";19/06/2024;;
"ES070C0159";"COMUNIDAD DE REGANTES DE LA ACEQUIA DEL HORNO";"G30090021";"SEGURA";"SI";"NO";"NO";"NO";"NO";"NO";"Río 6-Acequia del Horno";"1115";"6165656";"1070";"Regadío";"Cieza";"MURCIA";19/06/2024;;
"ES070C0160";"COMUNIDAD DE REGANTES DE LA ACEQUIA DEL MOLINO DE ABAJO";"V73583809";"SEGURA";"SI";"NO";"NO";"NO";"NO";"NO";"Río Quípar-Acequia del Molino";"25";"99331";"14";"Regadío";"Calasparra";"MURCIA";19/06/2024;;
"ES070C0161";"COMUNIDAD DE REGANTES DE LA ACEQUIA MOLINO FALCÓ Y LENCINA";"G02498426";"SEGURA";"SI";"NO";"NO";"NO";"NO";"NO";"Río Mundo-Acequia Molino Falcó-Lencina";"188";"546790";"72";"Regadío";"Hellín";"ALBACETE";19/06/2024;;
"ES070C0162";"COMUNIDAD DE REGANTES DE LA ACEQUIA TORREARENAS Y SALMERÓN";"G73229080";"SEGURA";"SI";"NO";"NO";"NO";"NO";"NO";"Río 6";"1200";"1462953";"198";"Regadío";"Moratalla";"MURCIA";19/06/2024;;
"ES070C0163";"COMUNIDAD DE REGANTES DE LA BALSA CARNICERA";"V04746194";"SEGURA";"NO";"SI";"NO";"NO";"NO";"NO";"U.H. 07.27-Orce-María";"5";"131782";"35";"OTROS USOS";"Los Alcázares";"MURCIA";19/06/2024;;
"ES070C0164";"COMUNIDAD DE REGANTES DE LA BALSA E HILA DE LA TOSCA";;"SEGURA";"SI";"NO";"NO";"NO";"NO";"NO";"Rio 6";"6";"37800";"6";"Regadío";"Moratalla";"MURCIA";19/06/2024;;
"ES070C0165";"COMUNIDAD DE REGANTES DE LA COLLEJA";"G73885410";"SEGURA";"SI";"NO";"NO";"NO";"NO";"NO";"Rio Pliego";"10";"4500";"2";"Regadío";"Mula;Cox";"MURCIA";19/06/2024;;
"ES070C0166";"COMUNIDAD DE REGANTES DE LA COSTERA NORTE DE CARRASCOY DE ALHAMA DE MUR";"G30314371";"SEGURA";"NO";"NO";"NO";"SI";"NO";"NO";"EDAR de Alhama de Murcia";"47";"297906";"1718";"Regadío";"Alhama de Murcia;Benejúzar";"MURCIA";19/06/2024;;
"ES070C0166";"COMUNIDAD DE REGANTES DE LA COSTERA NORTE DE CARRASCOY DE ALHAMA DE MUR";"G30314371";"SEGURA";"NO";"NO";"NO";"SI";"NO";"NO";"EDAR de Alhama de Murcia";"47";"297906";"1718";"OTROS USOS";"Alhama de Murcia;Benejúzar";"MURCIA";19/06/2024;;
"ES070C0167";"COMUNIDAD DE REGANTES DE LA CUEVA DE WACAR";"G02568962";"SEGURA";"NO";"SI";"NO";"NO";"NO";"NO";"Hellín-Tobarra";"75";"180431";"40";"Ganadería";"Hellín";"ALBACETE";19/06/2024;;
"ES070C0168";"COMUNIDAD DE REGANTES DE LA DECARADA";"G30270805";"SEGURA";"NO";"SI";"NO";"NO";"NO";"NO";"Cuchillos - Cabras";"175";"1450000";"550";"Regadío";"Yecla";"MURCIA";19/06/2024;;
"ES070C0169";"COMUNIDAD DE REGANTES DE LA DEHESA";"G02551604";"SEGURA";"SI";"NO";"NO";"NO";"NO";"NO";"Fuente Camarillas, Casares, Promarín";"60";"751126";"191";"Regadío";"Yeste;Nerpio";"ALBACETE";19/06/2024;;
"ES070C0172";"COMUNIDAD DE REGANTES DE LA FINCA DE LO FRANCO";"G546770625";"SEGURA";"SI";"NO";"NO";"NO";"NO";"NO";"Río 6-Azarbes Simón y Los Ríos";"40";"127769";"17";"Regadío";"Yeste";"ALBACETE";19/06/2024;;
"ES070C0174";"COMUNIDAD DE REGANTES DE LA FUENTE DE ARROYO GIL";"G02572667";"SEGURA";"SI";"NO";"NO";"NO";"NO";"NO";"Aguas superficiales Fuente arroyo Gil";"2";"18658";"5";"Regadío";"Nerpio";"ALBACETE";19/06/2024;;
"ES070C0175";"COMUNIDAD DE REGANTES DE LA FUENTE DE CAÑADA BUENDÍA";"G02520690";"SEGURA";"SI";"NO";"NO";"NO";"NO";"NO";"Fuente de Cañada Buendía";"2";"63072";"50";"Regadío";"Socovos";"ALBACETE";19/06/2024;;
"ES070C0176";"COMUNIDAD DE REGANTES DE LA FUENTE DE LA GRAYA";;"SEGURA";"SI";"NO";"NO";"NO";"NO";"NO";"Río 6-Azarbe de El Merancho";"6";"61946";"13";"Regadío";"Yeste";"ALBACETE";19/06/2024;;
"ES070C0177";"COMUNIDAD DE REGANTES DE LA FUENTE DE LA LOMA";"G02543452";"SEGURA";"SI";"NO";"NO";"NO";"NO";"NO";"Arroyo de Boche";"5";"28000";"23";"Regadío";"Yeste";"ALBACETE";19/06/2024;;
"ES070C0178";"COMUNIDAD DE REGANTES DE LA FUENTE DE LA TOBA";"G02231785";"SEGURA";"SI";"NO";"NO";"NO";"NO";"NO";"Arroyo de Boche";"12";"80000";"54";"Regadío";"Yeste";"ALBACETE";19/06/2024;;
"ES070C0179";"COMUNIDAD DE REGANTES DE LA FUENTE DE LAS CANALES BALSICAS";;"SEGURA";"SI";"NO";"NO";"NO";"NO";"NO";"Río Mula-Acequias Daya(m.d) y Cara(m.i)";"5";"55526";"11";"Regadío";"Caravaca de la Cruz";"MURCIA";19/06/2024;;
"ES070C0180";"COMUNIDAD DE REGANTES DE LA FUENTE DE LOS FRESNOS";"G02558724";"SEGURA";"NO";"SI";"NO";"NO";"NO";"NO";"Fuente del Fresno";"11";"166318";"44";"Regadío";"Yeste";"ALBACETE";19/06/2024;;
"ES070C0181";"COMUNIDAD DE REGANTES DE LA FUENTE DEL ALARUQUE";"G02602431";"SEGURA";"NO";"SI";"NO";"NO";"NO";"NO";"Fuente Alaruque-Arroyo Alaruque";"25";"176412";"36";"Regadío";"Yeste";"ALBACETE";19/06/2024;;
"ES070C0182";"COMUNIDAD DE REGANTES DE LA FUENTE DEL ARROYO DEL TEJO";"G02587665";"SEGURA";"SI";"NO";"NO";"NO";"NO";"NO";"Fuente arroyo del Tejo";"1.5";"20920";"5";"Regadío";"Nerpio";"ALBACETE";19/06/2024;;
"ES070C0184";"COMUNIDAD DE REGANTES DE LA FUENTE DEL FONTANAR";"G02617249";"SEGURA";"NO";"SI";"NO";"NO";"NO";"NO";"U.H. 07.14-6-Madera-Tus";"16";"100000";"20";"Regadío";"Almoradí;Elche de la Sierra";"ALBACETE";19/06/2024;;
"ES070C0185";"COMUNIDAD DE REGANTES DE LA FUENTE DEL MAGUILLO";"G02572675";"SEGURA";"SI";"NO";"NO";"NO";"NO";"NO";"Aguas superficiales Fuente Maguillo";"8";"106293";"27";"Regadío";"Nerpio";"ALBACETE";19/06/2024;;
"ES070C0187";"COMUNIDAD DE REGANTES DE LA FUENTE DEL PARTIDOR";"G02232064";"SEGURA";"NO";"SI";"NO";"NO";"NO";"NO";"Anticlinal de Socovos";"35";"587884";"145";"Regadío";"Socovos";"ALBACETE";19/06/2024;;
"ES070C0188";"COMUNIDAD DE REGANTES DE LA FUENTE HERMOSA";"G02587749";"SEGURA";"SI";"NO";"NO";"NO";"NO";"NO";"Aguas superficiales Fuente Hermosa";"8";"68979";"17";"Regadío";"Yeste;Nerpio";"ALBACETE";19/06/2024;;
"ES070C0189";"COMUNIDAD DE REGANTES DE LA FUENTE PRINCIPAL DE UCHEA";"G02377125";"SEGURA";"NO";"SI";"NO";"NO";"NO";"NO";"Escamas y diapiros Alcazar-Ontur";"65";"1324196";"257";"Regadío";"Hellín";"ALBACETE";19/06/2024;;
"ES070C0190";"COMUNIDAD DE REGANTES DE LA FUENTE TAIBILLA";"G02581056";"SEGURA";"NO";"NO";"NO";"NO";"NO";"NO";"Osera de Taibilla-Fuente de Taibilla";"8";"71677";"19";"OTROS USOS";"Nerpio";"ALBACETE";19/06/2024;;
"ES070C0192";"COMUNIDAD DE REGANTES DE LA HUERTA DE ABAJO Y SAHUES";"G30302046";"SEGURA";"SI";"NO";"NO";"NO";"NO";"NO";"Río Chícamo";"150";"1781162";"371";"Regadío";"Abanilla";"MURCIA";19/06/2024;;
"ES070C0193";"COMUNIDAD DE REGANTES DE LA HUERTA DE RICOTE";"G30125066";"SEGURA";"SI";"NO";"NO";"NO";"NO";"NO";"Río 6";"60";"1035000";"184";"Regadío";"Ricote";"MURCIA";19/06/2024;;
"ES070C0194";"COMUNIDAD DE REGANTES DE LA MESTA";"G02598415";"SEGURA";"SI";"NO";"NO";"NO";"NO";"NO";"Rio Taibilla";"10";"12238";"3";"Regadío";"Nerpio";"ALBACETE";19/06/2024;;
"ES070C0196";"COMUNIDAD DE REGANTES DE LA MOLATA";"G02623361";"SEGURA";"SI";"NO";"NO";"NO";"NO";"NO";"Arroyo de la Torre-Fuente de la Torre";"45";"77532";"19";"Regadío";"Nerpio";"ALBACETE";19/06/2024;;
"ES070C0197";"COMUNIDAD DE REGANTES DE LA PRESA DE LOS SOTOS";"G02564656";"SEGURA";"SI";"NO";"NO";"NO";"NO";"NO";"Río Taibilla-Presa de los Sotos";"10";"28570";"6";"Regadío";"Letur";"ALBACETE";19/06/2024;;
"ES070C0198";"COMUNIDAD DE REGANTES DE LA TINADA Y ACEDAS";"G02602373";"SEGURA";"NO";"SI";"NO";"NO";"NO";"NO";"Fuentes de Tinada y Acedas del Fresno";"13";"58452";"18";"Regadío";"Yeste";"ALBACETE";19/06/2024;;
"ES070C0199";"COMUNIDAD DE REGANTES DE LA TOBILLA";"G02608594";"SEGURA";"SI";"NO";"NO";"NO";"NO";"NO";"Aguas superficiales Barranco Juan Ruiz";"12";"94312";"20";"Regadío";"Nerpio";"ALBACETE";19/06/2024;;
"ES070C0200";"COMUNIDAD DE REGANTES DE LA UMBRÍA";"G02597110";"SEGURA";"SI";"NO";"NO";"NO";"NO";"NO";"Rio Taibilla";"11";"18094";"4";"Regadío";"Nerpio";"ALBACETE";19/06/2024;;
"ES070C0201";"COMUNIDAD DE REGANTES DE LA VEREDA DE SOLÍS";"G73117582";"SEGURA";"SI";"NO";"NO";"NO";"NO";"NO";"Río 6";"40";"108517.5";"25";"Regadío";"Murcia;Lorca";"MURCIA";19/06/2024;;
"ES070C0201";"COMUNIDAD DE REGANTES DE LA VEREDA DE SOLÍS";"G73117582";"SEGURA";"SI";"NO";"NO";"NO";"NO";"NO";"Río 6";"40";"108517.5";"25";"OTROS USOS";"Murcia;Lorca";"MURCIA";19/06/2024;;
"ES070C0202";"COMUNIDAD DE REGANTES DE LA ZONA DE CARCANOX Y EL PALMERAL";"G73520447";"SEGURA";"SI";"NO";"NO";"NO";"NO";"NO";"Rio 6";"60";"709650";"142";"Regadío";"Murcia";"MURCIA";19/06/2024;;
"ES070C0202";"COMUNIDAD DE REGANTES DE LA ZONA DE CARCANOX Y EL PALMERAL";"G73520447";"SEGURA";"SI";"NO";"NO";"NO";"NO";"NO";"Rio 6";"60";"709650";"142";"OTROS USOS";"Murcia";"MURCIA";19/06/2024;;
"ES070C0203";"COMUNIDAD DE REGANTES DE LAS FUENTES DE NERPIO";"G02333557";"SEGURA";"SI";"NO";"NO";"NO";"NO";"NO";"Arroyo de las Acedas";"60";"559180";"152";"Regadío";"Nerpio";"ALBACETE";19/06/2024;;
"ES070C0204";"COMUNIDAD DE REGANTES DE LAS FUENTES DEL TOBAR";"G02564664";"SEGURA";"NO";"SI";"NO";"NO";"NO";"NO";"Anticlinal de Socovos";"7.5";"215677";"45";"Regadío";"Letur";"MURCIA;ALBACETE";19/06/2024;;
"ES070C0205";"COMUNIDAD DE REGANTES DE LAS MAJADILLAS";"G02565034";"SEGURA";"NO";"SI";"NO";"NO";"NO";"NO";"Fuente de las Majadillas";"6";"32390";"7";"Regadío";"Yeste";"ALBACETE";19/06/2024;;
"ES070C0206";"COMUNIDAD DE REGANTES DE LAS TRES PUERTAS";"G02602381";"SEGURA";"SI";"NO";"NO";"NO";"NO";"NO";"Rio Taibilla-Acequia Tres Puertas";"15";"33664";"9";"Regadío";"Yeste";"ALBACETE";19/06/2024;;
"ES070C0207";"COMUNIDAD DE REGANTES DE LIBRILLA";"G30088710";"SEGURA";"SI";"NO";"NO";"NO";"NO";"NO";"Canal de Tedelche-Río Mundo";"478";"1934561";"268";"Regadío";"Hellín";"ALBACETE";19/06/2024;;
"ES070C0210";"COMUNIDAD DE REGANTES DE LOS CHORRETITES";"G02585222";"SEGURA";"SI";"NO";"NO";"NO";"NO";"NO";"Aguas superficiales de siete fuentes";"10.5";"113079";"31";"Regadío";"Lorca;Nerpio";"MURCIA;ALBACETE";19/06/2024;;
"ES070C0210";"COMUNIDAD DE REGANTES DE LOS CHORRETITES";"G02585222";"SEGURA";"SI";"NO";"NO";"NO";"NO";"NO";"Aguas superficiales de siete fuentes";"10.5";"113079";"31";"OTROS USOS";"Lorca;Nerpio";"MURCIA;ALBACETE";19/06/2024;;
"ES070C0211";"COMUNIDAD DE REGANTES DE LOS GALINDOS";"G30363691";"SEGURA";"NO";"SI";"NO";"NO";"NO";"NO";"100-Campo de Cartagena";"12";"176000";"32";"De carácter privado";"Yeste";"ALBACETE";19/06/2024;;
"ES070C0212";"COMUNIDAD DE REGANTES DE LOS HEREDAMIENTOS CARA Y DAYA";"G30515449";"SEGURA";"SI";"NO";"NO";"NO";"NO";"NO";"Río Mula-Acequias Daya(m.d) y Cara(m.i)";"45";"792050";"158";"Regadío";"Albudeite";"MURCIA";19/06/2024;;
"ES070C0213";"COMUNIDAD DE REGANTES DE LOS RUSCAS";;"SEGURA";"NO";"NO";"NO";"SI";"NO";"NO";"Aguas residuales depuradas";"10";"35005";"7";"Regadío";"Bogarra";"ALBACETE";19/06/2024;;
"ES070C0214";"COMUNIDAD DE REGANTES DE LOS TOBARES";"G02623353";"SEGURA";"SI";"NO";"NO";"NO";"NO";"NO";"Arroyo de la Torre-Fuente de la Torre";"50";"94600";"25";"Regadío";"Orihuela;Nerpio";"ALBACETE";19/06/2024;;
"ES070C0215";"COMUNIDAD DE REGANTES DE MAZARRÓN";"G30301121";"SEGURA";"NO";"NO";"NO";"SI";"NO";"NO";"Aguas residuales regeneradas";"150";"1525886";"3595";"Regadío";;"MURCIA";19/06/2024;;
"ES070C0216";"COMUNIDAD DE REGANTES DE MIRAFLORES";"G30436554";"SEGURA";"NO";"SI";"NO";"SI";"NO";"NO";"136-Cingla-Cuchillo. 133-Agra-Cabras;Aguas residuales depuradas EDAR Jumilla";"700";"5351288";"2679";"Regadío";"Jumilla;Nerpio";"ALBACETE;MURCIA";19/06/2024;;
"ES070C0216";"COMUNIDAD DE REGANTES DE MIRAFLORES";"G30436554";"SEGURA";"NO";"SI";"NO";"SI";"NO";"NO";"136-Cingla-Cuchillo. 133-Agra-Cabras;Aguas residuales depuradas EDAR Jumilla";"700";"5351288";"2679";"OTROS USOS";"Jumilla;Nerpio";"ALBACETE;MURCIA";19/06/2024;;
"ES070C0217";"COMUNIDAD DE REGANTES DE NERPIO";;"SEGURA";"NO";"NO";"NO";"SI";"NO";"NO";"Aguas residuales regeneradas";"595";"1579160";"198";"Regadío";"Alcantarilla;Hellín";"ALBACETE;MURCIA";19/06/2024;;
"ES070C0218";"COMUNIDAD DE REGANTES DE PAROLIX";"G02533818";"SEGURA";"SI";"NO";"NO";"NO";"NO";"NO";"Arroyo de Bañares";"20";"44200";"11";"Regadío";"Férez";"ALBACETE";19/06/2024;;
"ES070C0220";"COMUNIDAD DE REGANTES DE PRADO MARÍN";"G02587756";"SEGURA";"SI";"NO";"NO";"NO";"NO";"NO";"Fuente de Prado Marín";"2";"41274";"10";"Regadío";"Nerpio";"ALBACETE";19/06/2024;;
"ES070C0221";"COMUNIDAD DE REGANTES DE PUERTO LUMBRERAS";"G30427074";"SEGURA";"SI";"SI";"NO";"SI";"SI";"NO";"Aguas pluviales;096-Alto Guadalentín y 091-En medio;EDAR de Puerto Lumbreras;Aguas desaladas";"1309";"8426366";"10306";"Regadío";"Puerto Lumbreras";"MURCIA;ALBACETE";19/06/2024;;
"ES070C0221";"COMUNIDAD DE REGANTES DE PUERTO LUMBRERAS";"G30427074";"SEGURA";"SI";"SI";"NO";"SI";"SI";"NO";"Aguas pluviales;096-Alto Guadalentín y 091-En medio;EDAR de Puerto Lumbreras;Aguas desaladas";"1309";"8426366";"10306";"OTROS USOS";"Puerto Lumbreras";"MURCIA;ALBACETE";19/06/2024;;
"ES070C0221";"COMUNIDAD DE REGANTES DE PUERTO LUMBRERAS";"G30427074";"SEGURA";"SI";"SI";"NO";"SI";"SI";"NO";"Aguas pluviales;096-Alto Guadalentín y 091-En medio;EDAR de Puerto Lumbreras;Aguas desaladas";"1309";"8426366";"10306";"De carácter privado";"Puerto Lumbreras";"MURCIA;ALBACETE";19/06/2024;;
"ES070C0225";"COMUNIDAD DE REGANTES DE SAN ISIDRO DE CAÑADAS DE ABAJO";;"SEGURA";"NO";"SI";"NO";"NO";"NO";"NO";"Revolcadores-Serrata";"10";"54309";"12";"Regadío";;;19/06/2024;;
"ES070C0231";"COMUNIDAD DE REGANTES DE ZARZADILLA DE TOTANA";"G73669509";"SEGURA";"NO";"NO";"NO";"SI";"NO";"NO";"Aguas residuales regeneradas";"10";"48880";"132";"OTROS USOS";"Lorca";"MURCIA";19/06/2024;;
"ES070C0232";"COMUNIDAD DE REGANTES DEL ARROYO DE LAS ZORRERAS DE YETAS";"G02579183";"SEGURA";"SI";"NO";"NO";"NO";"NO";"NO";"Arroyo de las Zorreras";"19";"276165";"91";"Regadío";"Orihuela;Nerpio";"ALBACETE";19/06/2024;;
"ES070C0232";"COMUNIDAD DE REGANTES DEL ARROYO DE LAS ZORRERAS DE YETAS";"G02579183";"SEGURA";"SI";"NO";"NO";"NO";"NO";"NO";"Arroyo de las Zorreras";"19";"276165";"91";"OTROS USOS";"Orihuela;Nerpio";"ALBACETE";19/06/2024;;
"ES070C0234";"COMUNIDAD DE REGANTES DEL CAMPO DE ULEA";"G30257414";"SEGURA";"SI";"NO";"NO";"NO";"NO";"NO";"Río 6-Acequia de Ulea";"64";"987500";"232";"Regadío";"Ulea";"MURCIA";19/06/2024;;
"ES070C0236";"COMUNIDAD DE REGANTES DEL CAÑO DE PUERTO LUMBRERAS";"G73905655";"SEGURA";"SI";"NO";"NO";"NO";"NO";"NO";"Aguas pluviales;Rambla de Nogalte";"80";"2160000";"1283";"Regadío";"Puerto Lumbreras";"MURCIA";19/06/2024;;
"ES070C0236";"COMUNIDAD DE REGANTES DEL CAÑO DE PUERTO LUMBRERAS";"G73905655";"SEGURA";"SI";"NO";"NO";"NO";"NO";"NO";"Aguas pluviales;Rambla de Nogalte";"80";"2160000";"1283";"OTROS USOS";"Puerto Lumbreras";"MURCIA";19/06/2024;;
"ES070C0238";"COMUNIDAD DE REGANTES DEL HDTO. DE SINGLA";"G73288383";"SEGURA";"NO";"SI";"NO";"NO";"NO";"NO";"Revolcadores-Serrata";"30";"348000";"116";"Regadío";"Caravaca de la Cruz;San Miguel de Salinas";"MURCIA";19/06/2024;;
"ES070C0239";"COMUNIDAD DE REGANTES DEL HEREDAMIENTO DE AGUAS DE LA PUEBLA DE MULA";"G30106314";"SEGURA";"SI";"NO";"NO";"NO";"NO";"NO";"Río Mula";"100";"895098";"209";"Regadío";"Mula";"MURCIA";19/06/2024;;
"ES070C0239";"COMUNIDAD DE REGANTES DEL HEREDAMIENTO DE AGUAS DE LA PUEBLA DE MULA";"G30106314";"SEGURA";"SI";"NO";"NO";"NO";"NO";"NO";"Río Mula";"100";"895098";"209";"OTROS USOS";"Mula";"MURCIA";19/06/2024;;
"ES070C0240";"COMUNIDAD DE REGANTES DEL HEREDAMIENTO DE MAYRENA Y VIÑALES";"G73582892";"SEGURA";"NO";"SI";"NO";"NO";"NO";"NO";"Sierra Gavilán";"40";"522000";"116";"Regadío";"Caravaca de la Cruz";"MURCIA";19/06/2024;;
"ES070C0241";"COMUNIDAD DE REGANTES DEL HILO DE LA TORRE DE GIRÓN";"G73873143";"SEGURA";"SI";"NO";"NO";"NO";"NO";"NO";"Río Quípar-Cañada de Tarragoya";"9";"296681";"64";"Regadío";"Caravaca de la Cruz";"MURCIA";19/06/2024;;
"ES070C0242";"COMUNIDAD DE REGANTES DEL MANANTIAL DE VALLEHERMOSO";"G02232056";"SEGURA";"SI";"NO";"NO";"NO";"NO";"NO";"Arroyo de las Canales";"0";"64224";"18";"Regadío";"Yeste";"ALBACETE";19/06/2024;;
"ES070C0243";"COMUNIDAD DE REGANTES DEL MOLINO PIÑERO Y HUELGA DE LOS TRAVIÑOS";"G02587731";"SEGURA";"SI";"NO";"NO";"NO";"NO";"NO";"Rio Taibilla";"15";"61664";"13";"Regadío";"Nerpio";"ALBACETE";19/06/2024;;
"ES070C0244";"COMUNIDAD DE REGANTES DEL MOLINO SANTOYO";"G02615144";"SEGURA";"SI";"NO";"NO";"NO";"NO";"NO";"Rio Taibilla";"10";"14571";"3";"Regadío";"Nerpio";"ALBACETE";19/06/2024;;
"ES070C0244";"COMUNIDAD DE REGANTES DEL MOLINO SANTOYO";"G02615144";"SEGURA";"SI";"NO";"NO";"NO";"NO";"NO";"Rio Taibilla";"10";"14571";"3";"OTROS USOS";"Nerpio";"ALBACETE";19/06/2024;;
"ES070C0245";"COMUNIDAD DE REGANTES DEL MOTOR GEA";"G73678732";"SEGURA";"SI";"NO";"NO";"NO";"NO";"NO";"Río 6";"35";"97055";"12";"Regadío";"Murcia";"MURCIA";19/06/2024;;
"ES070C0246";"COMUNIDAD DE REGANTES DEL MOTOR LA GUINDA";"V54579670";"SEGURA";"SI";"NO";"NO";"NO";"NO";"NO";"Río 6";"1.1";"30776.63";"8";"Regadío";;;19/06/2024;;
"ES070C0247";"COMUNIDAD DE REGANTES DEL MOTOR LORENTE";"G73887499";"SEGURA";"SI";"NO";"NO";"NO";"NO";"NO";"Río 6";"20";"143910";"20";"Regadío";"Murcia";"MURCIA";19/06/2024;;
"ES070C0248";"COMUNIDAD DE REGANTES DEL MOTOR PACO CASANOVA";"G73964405";"SEGURA";"SI";"NO";"NO";"NO";"NO";"NO";"Rio 6";"21";"45812";"8";"Regadío";"Murcia";"MURCIA";19/06/2024;;
"ES070C0249";"COMUNIDAD DE REGANTES DEL MOTOR RINCÓN DE LOS POCEROS-ALQUERÍAS";"V73861676";"SEGURA";"SI";"NO";"NO";"NO";"NO";"NO";"Río 6";"40";"115900";"19";"Regadío";"Murcia;Algorfa";"MURCIA";19/06/2024;;
"ES070C0250";"COMUNIDAD DE REGANTES DEL MOTOR SISO";"G73734105";"SEGURA";"SI";"NO";"NO";"NO";"NO";"NO";"Río 6";"10.4";"141059";"18";"Regadío";"Murcia";"JAÉN;MURCIA";19/06/2024;;
"ES070C0251";"COMUNIDAD DE REGANTES DEL PARAJE CAÑADA DE ROBLELLANO";"G02554939";"SEGURA";"SI";"NO";"NO";"NO";"NO";"NO";"Río Mundo-Arroyo Roblellano";"0.15";"4500";"3";"Regadío";"Riópar";"ALBACETE";19/06/2024;;
"ES070C0252";"COMUNIDAD DE REGANTES DEL POZO MONTE-AZAHAR";"G05514906";"SEGURA";"NO";"SI";"NO";"NO";"NO";"NO";"084-Vegas Media y Baja del 6";"35";"175000";"35";"Regadío";"Murcia";"MURCIA";19/06/2024;;
"ES070C0254";"COMUNIDAD DE REGANTES DEL POZO SAN MANUEL";"G30104756";"SEGURA";"SI";"NO";"NO";"NO";"NO";"NO";"Río 6-pozo subálveo-infraes. TTS";"90";"1251000";"279";"Regadío";"Las Torres de Cotillas";"MURCIA";19/06/2024;;
"ES070C0255";"COMUNIDAD DE REGANTES DEL RINCÓN DE SAN ANTÓN";"G30485015";"SEGURA";"SI";"NO";"NO";"NO";"NO";"NO";"Río 6 (margen derecha)";"35";"254105";"45";"Regadío";"Murcia";"MURCIA";19/06/2024;;
"ES070C0256";"COMUNIDAD DE REGANTES DEL RIO AMIR";"G30486468";"SEGURA";"SI";"NO";"NO";"NO";"NO";"NO";"103-Collado de Egea";"12.38";"390416";"94";"Regadío";"Lorca";"MURCIA";19/06/2024;;
"ES070C0257";"COMUNIDAD DE REGANTES DEL RIO BENAMOR";"G73097099";"SEGURA";"SI";"NO";"NO";"SI";"NO";"NO";"Aguas residuales regeneradas;Río Benamor";"66.39";"1198114";"646";"Regadío";"Moratalla;Jacarilla";"MURCIA";19/06/2024;;
"ES070C0259";"COMUNIDAD DE REGANTES DEL TRASVASE TAJO-6 DE LIBRILLA";"G30088710";"SEGURA";"SI";"NO";"NO";"NO";"NO";"NO";"Rambla de Algeciras";"20";"250000";"2715";"Regadío";"Librilla";"MURCIA";19/06/2024;;
"ES070C0262";"COMUNIDAD DE REGANTES EL BOQUERÓN";"G73565186";"SEGURA";"NO";"SI";"NO";"NO";"NO";"NO";"U.H. 07.09-Ascoy-Sopalmo";"130";"3800000";"1100";"Regadío";"Bullas;Abarán";"MURCIA";19/06/2024;;
"ES070C0263";"COMUNIDAD DE REGANTES EL CALACOLERO";"G30485049";"SEGURA";"NO";"SI";"NO";"NO";"NO";"NO";"Campo de Cartagena";"14";"604800";"212";"OTROS USOS";"Murcia";"MURCIA";19/06/2024;;
"ES070C0264";"COMUNIDAD DE REGANTES EL CAMPILLO";"G30087415";"SEGURA";"SI";"NO";"NO";"NO";"NO";"NO";"Río 6-Landrona de los Pérez";"200";"1649587";"274";"Uso destinado al abastecimiento de núcleos urbanos";"Murcia;Yeste";"ALBACETE;MURCIA";19/06/2024;;
"ES070C0264";"COMUNIDAD DE REGANTES EL CAMPILLO";"G30087415";"SEGURA";"SI";"NO";"NO";"NO";"NO";"NO";"Río 6-Landrona de los Pérez";"200";"1649587";"274";"Regadío";"Murcia;Yeste";"ALBACETE;MURCIA";19/06/2024;;
"ES070C0265";"COMUNIDAD DE REGANTES EL CAÑAR";"G02408474";"SEGURA";"SI";"NO";"NO";"NO";"NO";"NO";"Arroyo de Benizar";"30";"71052";"21";"Regadío";"Socovos";"ALBACETE";19/06/2024;;
"ES070C0267";"COMUNIDAD DE REGANTES EL CORTIJO NUEVO";"G02587780";"SEGURA";"SI";"NO";"NO";"NO";"NO";"NO";"Río Taibilla-Fuentes Terreras y Ulloa";"30";"75627";"14";"Regadío";"Nerpio";"ALBACETE";19/06/2024;;
"ES070C0269";"COMUNIDAD DE REGANTES EL MAYÉS";"G30106330";"SEGURA";"SI";"NO";"NO";"NO";"NO";"NO";"Río 6";"0";"1165949";"179";"Regadío";"Ojós";"MURCIA";19/06/2024;;
"ES070C0270";"COMUNIDAD DE REGANTES EL MOLINO";"G30239537";"SEGURA";"NO";"SI";"NO";"NO";"NO";"NO";"100-Campo de Cartagena";"35";"492105";"93";"Regadío";"Murcia";"MURCIA";19/06/2024;;
"ES070C0271";"COMUNIDAD DE REGANTES EL PALACETE-ALGORFA";"G03500519";"SEGURA";"SI";"NO";"NO";"NO";"NO";"NO";"Río 6";"90";"2326070";"388";"Regadío";;"JAÉN";19/06/2024;;
"ES070C0272";"COMUNIDAD DE REGANTES EL PARRALEJO";"G23696271";"SEGURA";"SI";"NO";"NO";"NO";"NO";"NO";"Fuentes El Sotico y Archiles";"1.5";"47400";"12";"OTROS USOS";"Mula";"MURCIA";19/06/2024;;
"ES070C0273";"COMUNIDAD DE REGANTES EL PEDAZUELO Y LOS MANUELES";"G02553485";"SEGURA";"SI";"NO";"NO";"NO";"NO";"NO";"Fuente de los Pedazuelos";"5";"38348";"8";"Regadío";"Yeste";"ALBACETE";19/06/2024;;
"ES070C0274";"COMUNIDAD DE REGANTES EL PERENTÍN";"G04727103";"SEGURA";"NO";"SI";"NO";"NO";"NO";"NO";"088-María";"8";"19943";"8";"Regadío";"Letur;María";"ALBACETE;ALMERÍA";19/06/2024;;
"ES070C0274";"COMUNIDAD DE REGANTES EL PERENTÍN";"G04727103";"SEGURA";"NO";"SI";"NO";"NO";"NO";"NO";"088-María";"8";"19943";"8";"OTROS USOS";"Letur;María";"ALBACETE;ALMERÍA";19/06/2024;;
"ES070C0275";"COMUNIDAD DE REGANTES EL TORIL";"G02525699";"SEGURA";"NO";"SI";"NO";"NO";"NO";"NO";"Sierra de 6-Cazorla";"5";"32104";"10";"Regadío";"Yeste";"MURCIA;ALBACETE";19/06/2024;;
"ES070C0276";"COMUNIDAD DE REGANTES EL ZORRO";"G73542862";"SEGURA";"SI";"NO";"NO";"NO";"NO";"NO";"Rambla de la Cuajada";"10";"11760";"6";"Regadío";"Bullas";"MURCIA";19/06/2024;;
"ES070C0277";"COMUNIDAD DE REGANTES FINCA EL LIMONAR DE LOS LAGES-LOS GARRES";"G73777179";"SEGURA";"NO";"SI";"NO";"NO";"NO";"NO";"098-Cresta del Gallo";"25";"48000";"10";"Regadío";"Murcia";"MURCIA";19/06/2024;;
"ES070C0278";"COMUNIDAD DE REGANTES FINCA LOS NÚMEROS";"G54647268";"SEGURA";"SI";"NO";"NO";"NO";"NO";"NO";"Río 6-Azarbe de Abanilla";"20";"47082";"6";"Regadío";;"MURCIA";19/06/2024;;
"ES070C0280";"COMUNIDAD DE REGANTES FUENTE BERRA";"G02525673";"SEGURA";"SI";"NO";"NO";"NO";"NO";"NO";"Arroyo Peñas Coloradas, Sahuco y Chico";"30";"72000";"16";"Regadío";"Yeste";"MURCIA;ALBACETE";19/06/2024;;
"ES070C0280";"COMUNIDAD DE REGANTES FUENTE BERRA";"G02525673";"SEGURA";"SI";"NO";"NO";"NO";"NO";"NO";"Arroyo Peñas Coloradas, Sahuco y Chico";"30";"72000";"16";"OTROS USOS";"Yeste";"MURCIA;ALBACETE";19/06/2024;;
"ES070C0281";"COMUNIDAD DE REGANTES FUENTE CANEJA";"G30499396";"SEGURA";"NO";"SI";"NO";"NO";"NO";"NO";"Revolcadores-Serrata";"50";"950000";"327";"Regadío";"Caravaca de la Cruz";"MURCIA";19/06/2024;;
"ES070C0282";"COMUNIDAD DE REGANTES FUENTE CAPUTA";"G73322729";"SEGURA";"SI";"NO";"NO";"NO";"NO";"NO";"Rambla de Perea";"10";"146000";"29";"Regadío";"Mula";"MURCIA";19/06/2024;;
"ES070C0283";"COMUNIDAD DE REGANTES FUENTE DE LA CANALICA";"G02524759";"SEGURA";"NO";"SI";"NO";"NO";"NO";"NO";"Sierra de 6-Cazorla";"5";"48136";"13";"Regadío";"Yeste";"ALBACETE";19/06/2024;;
"ES070C0284";"COMUNIDAD DE REGANTES FUENTE DE LA CARRASCA";"G02587764";"SEGURA";"SI";"NO";"NO";"NO";"NO";"NO";"Aguas superficiales Fuente Carrasca";"3";"38626";"13";"Regadío";"Guardamar del 6;Nerpio";"ALBACETE";19/06/2024;;
"ES070C0285";"COMUNIDAD DE REGANTES FUENTE DE LA COPA Y CASA DE DON PEDRO";;"SEGURA";"SI";"NO";"NO";"NO";"NO";"NO";"Fuente del Algarrobo";"2.52";"26463";"38";"Regadío";;;19/06/2024;;
"ES070C0286";"COMUNIDAD DE REGANTES FUENTE DE LAS ZORRAS-TUS";"G02527422";"SEGURA";"NO";"SI";"NO";"NO";"NO";"NO";"040-Calar del Mundo";"4";"24486";"6";"Regadío";"Yeste";"ALBACETE";19/06/2024;;
"ES070C0288";"COMUNIDAD DE REGANTES FUENTE DE PRADO GRANDE";"G02572659";"SEGURA";"SI";"NO";"NO";"NO";"NO";"NO";"Aguas superficiales Fuente Prado Grande";"2";"31662";"8";"Regadío";"Nerpio";"ALBACETE";19/06/2024;;
"ES070C0289";"COMUNIDAD DE REGANTES FUENTE DEL ALGARROBO";"V73925000";"SEGURA";"SI";"NO";"NO";"NO";"NO";"NO";"Fuente del Algarrobo";"2.1";"11126";"3";"Regadío";"Abanilla";"MURCIA";19/06/2024;;
"ES070C0290";"COMUNIDAD DE REGANTES FUENTE DEL CAMPILLO";"G02264695";"SEGURA";"NO";"SI";"NO";"NO";"NO";"NO";"182-Anticlinal Socovos";"25";"90555";"17";"Regadío";"Yecla;Socovos";"MURCIA;ALBACETE";19/06/2024;;
"ES070C0291";"COMUNIDAD DE REGANTES FUENTE DEL CAUNIAL";"G02540854";"SEGURA";"NO";"SI";"NO";"NO";"NO";"NO";"182-Anticlinal de Socovos";"4";"21840";"9";"Regadío";"Socovos";"ALBACETE";19/06/2024;;
"ES070C0292";"COMUNIDAD DE REGANTES FUENTE DEL CIEGO";"G02530525";"SEGURA";"NO";"SI";"NO";"NO";"NO";"NO";"Fuente El Ciego-Arroyo Cabeza Mora";"5.5";"173448";"4";"De carácter privado";"6 de la Sierra";"JAÉN";19/06/2024;;
"ES070C0293";"COMUNIDAD DE REGANTES FUENTE DEL ROMERO";"G02547966";"SEGURA";"NO";"SI";"NO";"NO";"NO";"NO";"040-Calar del Mundo";"8";"56000";"15";"Regadío";"Yeste";"ALBACETE";19/06/2024;;
"ES070C0296";"COMUNIDAD DE REGANTES FUENTE PRINCIPAL DE HELLIN Y POZO DE CONTRERAS";"G02556777";"SEGURA";"NO";"SI";"NO";"NO";"NO";"NO";"004-Tobarra-Tedera-Pinilla";"145";"1640000";"656";"Regadío";"Hellín";"ALBACETE";19/06/2024;;
"ES070C0300";"COMUNIDAD DE REGANTES HEREDAMIENTO ACEQUIA DE LAS TOSQUILLAS";"G30305239";"SEGURA";"NO";"SI";"NO";"NO";"NO";"NO";"064-Caravaca-Sima";"125";"3500000";"700";"Regadío";"Caravaca de la Cruz;Almoradí";"MURCIA";19/06/2024;;
"ES070C0302";"COMUNIDAD DE REGANTES HEREDAMIENTO DE LA ACEQUIA DE TAVIZNA";"G02568319";"SEGURA";"SI";"NO";"NO";"NO";"NO";"NO";"Río Mundo-Acequia de Tavizna";"500";"1184689";"117";"Regadío";"Hellín";"MURCIA;ALBACETE";19/06/2024;;
"ES070C0304";"COMUNIDAD DE REGANTES HEREDAMIENTO DE LA RAFA. POZO DE LAS ATALAYAS";"G30288963";"SEGURA";"NO";"SI";"NO";"NO";"NO";"NO";"07.21.075-Bullas";"105";"1034250";"274";"OTROS USOS";"Bullas";"MURCIA";19/06/2024;;
"ES070C0305";"COMUNIDAD DE REGANTES HEREDAMIENTO DE LOS OJOS DE ARCHIVEL";"G30559322";"SEGURA";"NO";"SI";"NO";"NO";"NO";"NO";"061-Revolcadores-Serrata";"60";"1620000";"688";"Regadío";"Caravaca de la Cruz";"MURCIA";19/06/2024;;
"ES070C0305";"COMUNIDAD DE REGANTES HEREDAMIENTO DE LOS OJOS DE ARCHIVEL";"G30559322";"SEGURA";"NO";"SI";"NO";"NO";"NO";"NO";"061-Revolcadores-Serrata";"60";"1620000";"688";"OTROS USOS";"Caravaca de la Cruz";"MURCIA";19/06/2024;;
"ES070C0306";"COMUNIDAD DE REGANTES HEREDAMIENTO REFUNDIDO DE LA NORIA Y EL CAMPILLO";"G30070734";"SEGURA";"SI";"NO";"NO";"NO";"NO";"NO";"Río 6 (margen derecha)";"100";"377254";"69";"Regadío";"Blanca;Almoradí";"MURCIA";19/06/2024;;
"ES070C0308";"COMUNIDAD DE REGANTES HEREDEROS DE D. BONIFACIO MIRA HUERTAS";"V54586078";"SEGURA";"SI";"NO";"NO";"NO";"NO";"NO";"Río 6";"45";"92565";"12";"Uso destinado al abastecimiento de núcleos urbanos";"Férez";"ALBACETE";19/06/2024;;
"ES070C0309";"COMUNIDAD DE REGANTES HILA DE CABAÑILES Y BALSA DEL OLMO";"G02220457";"SEGURA";"NO";"SI";"NO";"NO";"NO";"NO";"Hellín-Tobarra";"30";"370000";"74";"Regadío";"Hellín";"ALBACETE";19/06/2024;;
"ES070C0310";"COMUNIDAD DE REGANTES HONDÓN-CHAMORRA";"V73719569";"SEGURA";"SI";"NO";"NO";"NO";"NO";"NO";"Río 6-Presa y Acequia del Hondón";"50";"305385";"34";"Regadío";"Hellín";"ALBACETE";19/06/2024;;
"ES070C0311";"COMUNIDAD DE REGANTES HOYA DE SALAZARES";"G04274569";"SEGURA";"SI";"NO";"NO";"NO";"NO";"NO";"Río Caramel";"12";"62355";"12";"Regadío";"María";"ALMERÍA";19/06/2024;;
"ES070C0312";"COMUNIDAD DE REGANTES HOYA DEL CARCHE-ERMITA";"G30266613";"SEGURA";"NO";"SI";"NO";"NO";"NO";"NO";"Carche-Salinas";"163";"2460000";"823";"Regadío";"Yecla;Mula";"MURCIA";19/06/2024;;
"ES070C0313";"COMUNIDAD DE REGANTES HOYA DEL MOLLIDAR";;"SEGURA";"NO";"SI";"NO";"NO";"NO";"NO";"Sierra de 6-Cazorla";"330";"5533041";"2703";"Regadío";;"MURCIA";19/06/2024;;
"ES070C0314";"COMUNIDAD DE REGANTES HOYA DEL MOLLIDAR-EL PORTICHUELO";"G73115917";"SEGURA";"NO";"SI";"NO";"SI";"NO";"NO";"Aguas residuales regeneradas;044-Serral Salinas";"460";"6733041";"5677";"Regadío";"Yecla";"ALBACETE;MURCIA";19/06/2024;;
"ES070C0315";"COMUNIDAD DE REGANTES HUERTA DE ELCHE DE LA SIERRA";"G02303766";"SEGURA";"SI";"NO";"NO";"NO";"NO";"NO";"Arroyo de Elche de la Sierra o de Taray";"82";"667800";"152";"Regadío";"Elche de la Sierra";"ALBACETE";19/06/2024;;
"ES070C0315";"COMUNIDAD DE REGANTES HUERTA DE ELCHE DE LA SIERRA";"G02303766";"SEGURA";"SI";"NO";"NO";"NO";"NO";"NO";"Arroyo de Elche de la Sierra o de Taray";"82";"667800";"152";"OTROS USOS";"Elche de la Sierra";"ALBACETE";19/06/2024;;
"ES070C0316";"COMUNIDAD DE REGANTES HUERTA DE LA MISERICORDIA";"V73752784";"SEGURA";"SI";"NO";"NO";"NO";"NO";"NO";"Manantial de los Baños de Mula";"0";"34000";"7";"Regadío";"Mula";"MURCIA";19/06/2024;;
"ES070C0317";"COMUNIDAD DE REGANTES HUERTA DE TAZONA";"G02334548";"SEGURA";"NO";"SI";"NO";"NO";"NO";"NO";"Sierra de 6-Cazorla";"35";"333385";"101";"Regadío";"Socovos";"ALBACETE";19/06/2024;;
"ES070C0318";"COMUNIDAD DE REGANTES JESÚS DEL GRAN PODER";"G30374904";"SEGURA";"SI";"NO";"NO";"NO";"NO";"NO";"Manto subálveo río 6 (cuaternario)";"100";"1008000";"255";"Regadío";"Cieza";"MURCIA";19/06/2024;;
"ES070C0319";"COMUNIDAD DE REGANTES JUAN MARTÍNEZ PARRAS";"G02028520";"SEGURA";"SI";"SI";"NO";"NO";"NO";"NO";"Río 6;102-El Boquerón";"1550";"24315224";"6716";"Regadío";"Rojales;Hellín";"ALBACETE";19/06/2024;;
"ES070C0320";"COMUNIDAD DE REGANTES LA ARAGONA";"G30363378";"SEGURA";"NO";"SI";"NO";"NO";"NO";"NO";"07.136 Cingla-Cuchillo";"50";"648000";"329";"Regadío";"Jumilla;San Fulgencio";"MURCIA";19/06/2024;;
"ES070C0320";"COMUNIDAD DE REGANTES LA ARAGONA";"G30363378";"SEGURA";"NO";"SI";"NO";"NO";"NO";"NO";"07.136 Cingla-Cuchillo";"50";"648000";"329";"OTROS USOS";"Jumilla;San Fulgencio";"MURCIA";19/06/2024;;
"ES070C0321";"COMUNIDAD DE REGANTES LA BARCA";"G73776379";"SEGURA";"SI";"NO";"NO";"NO";"NO";"NO";"Río 6";"32";"90612";"12";"Regadío";"Murcia;San Fulgencio";"MURCIA";19/06/2024;;
"ES070C0322";"COMUNIDAD DE REGANTES LA BOTICARIA";"G73067225";"SEGURA";"SI";"NO";"NO";"NO";"NO";"NO";"Río Mula";"10";"87668";"58";"Regadío";"Mula";"MURCIA";19/06/2024;;
"ES070C0324";"COMUNIDAD DE REGANTES LA CORREDERA";"G30125009";"SEGURA";"SI";"NO";"NO";"NO";"NO";"NO";"Río 6-Acequia del Horno";"0";"1575000";"375";"Regadío";"Cieza";"MURCIA";19/06/2024;;
"ES070C0325";"COMUNIDAD DE REGANTES LA ESPERANZA";"G30093298";"SEGURA";"SI";"NO";"NO";"NO";"NO";"NO";"Río 6";"0";"628014";"95";"Regadío";;;19/06/2024;;
"ES070C0326";"COMUNIDAD DE REGANTES LA FUENSANTA";"G02600930";"SEGURA";"SI";"NO";"NO";"NO";"NO";"NO";"Río Mundo-Acequia de la Fuensanta";"20";"69840";"11";"Regadío";"Ayna";"ALBACETE";19/06/2024;;
"ES070C0327";"COMUNIDAD DE REGANTES LA HORCA-AGRAMON";"G02314144";"SEGURA";"SI";"NO";"NO";"NO";"NO";"NO";"Cuchillos - Cabras";"20";"630720";"402";"Regadío";"Mula;Hellín";"ALBACETE;MURCIA";19/06/2024;;
"ES070C0330";"COMUNIDAD DE REGANTES LA LLANA";"G02600922";"SEGURA";"SI";"NO";"NO";"NO";"NO";"NO";"Río Mundo-Acequia de la Llana";"20";"51449";"8";"Regadío";"San Javier;Ayna";"ALBACETE;MURCIA";19/06/2024;;
"ES070C0330";"COMUNIDAD DE REGANTES LA LLANA";"G02600922";"SEGURA";"SI";"NO";"NO";"NO";"NO";"NO";"Río Mundo-Acequia de la Llana";"20";"51449";"8";"OTROS USOS";"San Javier;Ayna";"ALBACETE;MURCIA";19/06/2024;;
"ES070C0331";"COMUNIDAD DE REGANTES LA MORA Y LOS TOLLOS";;"SEGURA";"NO";"NO";"NO";"NO";"NO";"NO";;"137";"816258";"430";"OTROS USOS";;;19/06/2024;;
"ES070C0332";"COMUNIDAD DE REGANTES LA MURALLA";"G30471346";"SEGURA";"NO";"SI";"NO";"NO";"NO";"NO";"Revolcadores-Serrata";"197";"1862905";"339";"Regadío";"Caravaca de la Cruz";"MURCIA;ALBACETE";19/06/2024;;
"ES070C0333";"COMUNIDAD DE REGANTES LA PILARICA";"G03304300";"SEGURA";"SI";"NO";"NO";"NO";"NO";"NO";"Río 6 (m.d.)";"50.39";"576811";"168";"Regadío";"Hellín";"ALBACETE";19/06/2024;;
"ES070C0334";"COMUNIDAD DE REGANTES LA PURÍSIMA DE LA ALJORRA";"V30858583";"SEGURA";"NO";"NO";"NO";"SI";"NO";"NO";"Aguas residuales regeneradas";"70";"630000";"285";"Regadío";"Jumilla;Cartagena";"MURCIA";19/06/2024;;
"ES070C0334";"COMUNIDAD DE REGANTES LA PURÍSIMA DE LA ALJORRA";"V30858583";"SEGURA";"NO";"NO";"NO";"SI";"NO";"NO";"Aguas residuales regeneradas";"70";"630000";"285";"OTROS USOS";"Jumilla;Cartagena";"MURCIA";19/06/2024;;
"ES070C0340";"COMUNIDAD DE REGANTES LAS FUENTES DE LOS OLMOS";"G02337939";"SEGURA";"SI";"NO";"NO";"NO";"NO";"NO";"Barranco de la Parra-Arroyo del Chopillo";"30";"236350";"82";"Regadío";"Socovos";"ALBACETE";19/06/2024;;
"ES070C0341";"COMUNIDAD DE REGANTES LLANO DEL SASTRE";"G30525919";"SEGURA";"NO";"SI";"NO";"NO";"NO";"NO";"El Charco";"0.37";"1020000";"204";"Regadío";"Cehegín;Formentera del 6";"MURCIA";19/06/2024;;
"ES070C0343";"COMUNIDAD DE REGANTES LO MARZO";"V54644471";"SEGURA";"SI";"NO";"NO";"NO";"NO";"NO";"Río 6-Azarbe de Marzo";"25";"42431";"6";"Regadío";;;19/06/2024;;
"ES070C0344";"COMUNIDAD DE REGANTES LO PLATERO";"G73754103";"SEGURA";"SI";"NO";"NO";"NO";"NO";"NO";"Río 6-Azarbeta de Roca";"30";"71259";"11";"Regadío";;;19/06/2024;;
"ES070C0345";"COMUNIDAD DE REGANTES LO REOLÍ";"G73124901";"SEGURA";"NO";"SI";"NO";"NO";"NO";"NO";"084-Vegas Media y Baja del 6";"80";"613600";"118";"Regadío";"Murcia";"MURCIA";19/06/2024;;
"ES070C0346";"COMUNIDAD DE REGANTES LOMAS DE JUAN DE MURCIA";"G02536209";"SEGURA";"SI";"NO";"NO";"NO";"NO";"NO";"Río Mundo";"60";"916783";"181";"Regadío";"Hellín";"ALBACETE";19/06/2024;;
"ES070C0347";"COMUNIDAD DE REGANTES LOS AGUSTINOS";"G30593164";"SEGURA";"NO";"SI";"NO";"NO";"NO";"NO";"100-Campo de Cartagena";"18";"183000";"32";"Uso destinado al abastecimiento de núcleos urbanos";"Murcia";"MURCIA";19/06/2024;;
"ES070C0348";"COMUNIDAD DE REGANTES LOS BARRACONES";"G54925151";"SEGURA";"SI";"NO";"NO";"NO";"NO";"NO";"Río 6 (margen izquierda)";"45";"135813";"16";"Regadío";;;19/06/2024;;
"ES070C0349";"COMUNIDAD DE REGANTES LOS BELMONTES";"G02578193";"SEGURA";"SI";"NO";"NO";"NO";"NO";"NO";"Río Taibilla-Acequia Los Belmontes";"50";"219598";"43";"Regadío";"Nerpio";"ALBACETE";19/06/2024;;
"ES070C0351";"COMUNIDAD DE REGANTES LOS PAJARES";"G05555099";"SEGURA";"NO";"SI";"NO";"NO";"NO";"NO";"097 Bajo Guadalentín";"34";"437357.25";"151";"Regadío";"Totana";"MURCIA";19/06/2024;;
"ES070C0352";"COMUNIDAD DE REGANTES LOS POLVORINES";"V73763641";"SEGURA";"NO";"SI";"NO";"NO";"NO";"NO";"084-Vega Media y Baja del 6";"10";"77500";"16";"Regadío";"Murcia";"MURCIA";19/06/2024;;
"ES070C0358";"COMUNIDAD DE REGANTES MIRAVETE";"G73118275";"SEGURA";"NO";"SI";"NO";"NO";"NO";"NO";"Vegas Media y Baja del 6";"78";"2069600";"398";"Regadío";"Murcia";"MURCIA";19/06/2024;;
"ES070C0359";"COMUNIDAD DE REGANTES MONTE ARABÍ";"G05502323";"SEGURA";"NO";"SI";"NO";"NO";"NO";"NO";"136-Cingla Cuchillo";"180";"1650000";"1681";"Regadío";"Yecla;Jacarilla";"MURCIA";19/06/2024;;
"ES070C0360";"COMUNIDAD DE REGANTES MOTOR ACEÑA DE EN MEDIO";"G73201600";"SEGURA";"SI";"NO";"NO";"NO";"NO";"NO";"Río 6";"15";"109838";"21";"Regadío";"Murcia;Orihuela";"MURCIA";19/06/2024;;
"ES070C0361";"COMUNIDAD DE REGANTES MOTOR ACEÑA PRIMERA";"G73201592";"SEGURA";"SI";"NO";"NO";"NO";"NO";"NO";"Río 6";"29";"40448";"6";"Regadío";"Murcia";"MURCIA";19/06/2024;;
"ES070C0362";"COMUNIDAD DE REGANTES MOTOR CÁMARA-PELINES";"V54678115";"SEGURA";"SI";"NO";"NO";"NO";"NO";"NO";"Río 6";"8";"48751";"12";"Regadío";"Murcia";"MURCIA";19/06/2024;;
"ES070C0363";"COMUNIDAD DE REGANTES MOTOR CARAMBAS II";"G30217194";"SEGURA";"SI";"NO";"NO";"NO";"NO";"NO";"Río 6 (margen derecha)";"50";"142181";"24";"Regadío";"Las Torres de Cotillas;Orihuela";"MURCIA";19/06/2024;;
"ES070C0364";"COMUNIDAD DE REGANTES MOTOR DE LOS PARRES";"G54646534";"SEGURA";"NO";"NO";"NO";"NO";"NO";"NO";;"5";"12951.45";"3";"Regadío";"Mula";"MURCIA";19/06/2024;;
"ES070C0364";"COMUNIDAD DE REGANTES MOTOR DE LOS PARRES";"G54646534";"SEGURA";"NO";"NO";"NO";"NO";"NO";"NO";;"5";"12951.45";"3";"OTROS USOS";"Mula";"MURCIA";19/06/2024;;
"ES070C0365";"COMUNIDAD DE REGANTES MOTOR EL PORRÓN";"G30544183";"SEGURA";"SI";"NO";"NO";"NO";"NO";"NO";"Río Mula";"107";"210250";"49";"Regadío";"Las Torres de Cotillas;Guardamar del 6";"MURCIA";19/06/2024;;
"ES070C0367";"COMUNIDAD DE REGANTES MOTOR FINCA SAN JOSÉ";"V54676135";"SEGURA";"SI";"NO";"NO";"NO";"NO";"NO";"Azarbe de En medio";"50";"33826.5";"11";"Regadío";;;19/06/2024;;
"ES070C0368";"COMUNIDAD DE REGANTES MOTOR GORDO";"G30085716";"SEGURA";"SI";"NO";"NO";"NO";"NO";"NO";"Río 6";"20";"1301149";"272";"Regadío";"Las Torres de Cotillas";"MURCIA";19/06/2024;;
"ES070C0369";"COMUNIDAD DE REGANTES MOTOR HERVE";"G30233282";"SEGURA";"SI";"NO";"NO";"NO";"NO";"NO";"Río 6";"70";"316163";"45";"Regadío";"Las Torres de Cotillas";"MURCIA";19/06/2024;;
"ES070C0370";"COMUNIDAD DE REGANTES MOTOR LOS GONZÁLEZ";"G30460240";"SEGURA";"SI";"NO";"NO";"NO";"NO";"NO";"Río 6";"70";"830747";"188";"Regadío";"Beniel;Orihuela";"MURCIA";19/06/2024;;
"ES070C0371";"COMUNIDAD DE REGANTES MOTOR LOS PÉREZ";"G54636022";"SEGURA";"SI";"NO";"NO";"NO";"NO";"NO";"Río 6 (m.d)";"40";"142267";"17";"Regadío";;"JAÉN";19/06/2024;;
"ES070C0372";"COMUNIDAD DE REGANTES MOTOR LOS ROSAS";"G30527162";"SEGURA";"SI";"NO";"NO";"NO";"NO";"NO";"Río 6";"61";"319084";"39";"Regadío";"Murcia";"MURCIA";19/06/2024;;
"ES070C0373";"COMUNIDAD DE REGANTES MOTOR MATIAS";"G30114557";"SEGURA";"SI";"NO";"NO";"NO";"NO";"NO";"Río 6";"80";"301200";"50";"Regadío";"Las Torres de Cotillas";"MURCIA";19/06/2024;;
"ES070C0374";"COMUNIDAD DE REGANTES MOTOR MELGAR 1";"G73808164";"SEGURA";"SI";"NO";"NO";"NO";"NO";"NO";"Rio 6";"22";"108416";"13";"Regadío";"Murcia";"MURCIA";19/06/2024;;
"ES070C0375";"COMUNIDAD DE REGANTES MOTOR MOYA";"G73807018";"SEGURA";"SI";"NO";"NO";"NO";"NO";"NO";"río 6";"40";"35460";"14";"Regadío";"Murcia";"MURCIA";19/06/2024;;
"ES070C0376";"COMUNIDAD DE REGANTES MOTOR RANCHO GRANDE";"G30337778";"SEGURA";"NO";"SI";"NO";"NO";"NO";"NO";"07.23.083 Vega Alta del 6";"50";"536000";"59";"OTROS USOS";"Las Torres de Cotillas";"MURCIA";19/06/2024;;
"ES070C0377";"COMUNIDAD DE REGANTES MOTOR SAN JERONIMO";"G30409080";"SEGURA";"SI";"NO";"NO";"NO";"NO";"NO";"Río 6";"40";"313381";"48";"Regadío";"Archena";"MURCIA";19/06/2024;;
"ES070C0378";"COMUNIDAD DE REGANTES MOTOR SANTA RITA";"G30329270";"SEGURA";"SI";"NO";"NO";"NO";"NO";"NO";"Río 6";"1.9";"54893";"10";"Regadío";"Murcia";"MURCIA";19/06/2024;;
"ES070C0379";"COMUNIDAD DE REGANTES MOTORES ROCAMORA A Y B";"G30282511";"SEGURA";"SI";"NO";"NO";"NO";"NO";"NO";"Río 6";"20";"275318";"48";"Regadío";"Murcia";"MURCIA";19/06/2024;;
"ES070C0381";"COMUNIDAD DE REGANTES NACIMIENTOS DE AGRA";"G02164242";"SEGURA";"NO";"SI";"NO";"NO";"NO";"NO";"113-Agra-Cabrera";"95";"828540";"207";"Regadío";"Hellín";"ALBACETE;MURCIA";19/06/2024;;
"ES070C0384";"COMUNIDAD DE REGANTES NUEVAS OMBLANCAS SAN PASCUAL";"G30314470";"SEGURA";"NO";"SI";"NO";"NO";"NO";"NO";"07.35.136-Cingla-Cuchillos";"55";"643461";"145";"Ganadería";"Jumilla";"MURCIA";19/06/2024;;
"ES070C0385";"COMUNIDAD DE REGANTES ONTUR-ALBATANA";"G02112696";"SEGURA";"NO";"SI";"NO";"NO";"NO";"NO";"007-Conejeros-Albatana";"230";"1666000";"490";"Regadío";"Ontur";"ALBACETE";19/06/2024;;
"ES070C0389";"COMUNIDAD DE REGANTES PARAJES CRUCETA";"G02526168";"SEGURA";"SI";"NO";"NO";"NO";"NO";"NO";"Río Mundo";"15";"24678";"6";"Regadío";"Liétor";"ALBACETE";19/06/2024;;
"ES070C0391";"COMUNIDAD DE REGANTES PAULINA-RICOTE";"V73749228";"SEGURA";"SI";"NO";"NO";"NO";"NO";"NO";"Río 6-canales TTS";"50";"79483";"14";"Regadío";"Ricote";"MURCIA";19/06/2024;;
"ES070C0392";"COMUNIDAD DE REGANTES PICO DE LA TIENDA";"G30349555";"SEGURA";"NO";"SI";"NO";"NO";"NO";"NO";"032-El Molar";"112";"1425600";"490";"Regadío";"Moratalla;Jumilla";"MURCIA";19/06/2024;;
"ES070C0393";"COMUNIDAD DE REGANTES PISANA Y SANTA RITA";"G03377892";"SEGURA";"SI";"NO";"NO";"NO";"NO";"NO";"Río6-Azarbe Indiano";"90";"634680";"101";"Uso destinado a otros abastecimientos fuera de los núcleos urbanos";"Elche de la Sierra";"ALBACETE";19/06/2024;;
"ES070C0394";"COMUNIDAD DE REGANTES PONTONES";"G23774946";"SEGURA";"SI";"NO";"NO";"NO";"NO";"NO";"Río 6 y Arroyo Azul";"14";"173455";"72";"Regadío";"Yeste";"ALBACETE";19/06/2024;;
"ES070C0395";"COMUNIDAD DE REGANTES POZO DE BURETE";"G73757981";"SEGURA";"NO";"SI";"NO";"NO";"NO";"NO";"050-Burete";"110";"514668";"396";"Regadío";"Cehegín;Ontur";"MURCIA;ALBACETE";19/06/2024;;
"ES070C0396";"COMUNIDAD DE REGANTES POZO DE DON PACO";"G73187213";"SEGURA";"SI";"NO";"NO";"NO";"NO";"NO";"Río 6-Sinclinal de Calasparra";"75.8";"772528";"154";"Regadío";"Cieza";"MURCIA";19/06/2024;;
"ES070C0397";"COMUNIDAD DE REGANTES POZO DE LAS ATALAYAS";"V30169866";"SEGURA";"NO";"SI";"NO";"NO";"NO";"NO";"136-Cingla-Cuchillos";"98";"1214778";"1389";"Regadío";"Yecla";"MURCIA";19/06/2024;;
"ES070C0398";"COMUNIDAD DE REGANTES POZO DEL ESTRECHO";"V02551844";"SEGURA";"NO";"SI";"NO";"NO";"NO";"NO";"006-Sinclinal de la Higuera";"150";"654048";"654";"Regadío";"Montealegre del Castillo";"ALBACETE";19/06/2024;;
"ES070C0399";"COMUNIDAD DE REGANTES POZO DEL REY";"G73774622";"SEGURA";"NO";"SI";"NO";"NO";"NO";"NO";"Sinclinal de Calasparra";"70";"1100000";"220";"Regadío";"Cieza;Guardamar del 6";"MURCIA";19/06/2024;;
"ES070C0400";"COMUNIDAD DE REGANTES POZO DEL TÍO ENRIQUE";"F30105068";"SEGURA";"NO";"SI";"NO";"NO";"NO";"NO";"Campo de Cartagena";"60";"1512000";"378";"Regadío";"Murcia;Guardamar del 6";"MURCIA";19/06/2024;;
"ES070C0401";"COMUNIDAD DE REGANTES POZO EL ROMERAL";"G30458632";"SEGURA";"NO";"SI";"NO";"NO";"NO";"NO";"043-Ascoy Sopalmo";"65";"920425";"281";"Regadío";"Jumilla";"MURCIA";19/06/2024;;
"ES070C0402";"COMUNIDAD DE REGANTES POZO FEPICOMA";"G30913529";"SEGURA";"NO";"SI";"NO";"NO";"NO";"NO";"112-Los Vaqueros";"30";"942634";"276";"Regadío";"Mazarrón";"MURCIA";19/06/2024;;
"ES070C0402";"COMUNIDAD DE REGANTES POZO FEPICOMA";"G30913529";"SEGURA";"NO";"SI";"NO";"NO";"NO";"NO";"112-Los Vaqueros";"30";"942634";"276";"OTROS USOS";"Mazarrón";"MURCIA";19/06/2024;;
"ES070C0403";"COMUNIDAD DE REGANTES POZO LAS PUNTILLAS";"G30304174";"SEGURA";"NO";"SI";"NO";"NO";"NO";"NO";"Agra-Cabras";"85";"1898457";"1065";"OTROS USOS";"Jumilla";"MURCIA";19/06/2024;;
"ES070C0404";"COMUNIDAD DE REGANTES POZO LÁZARO";"G30057798";"SEGURA";"NO";"SI";"NO";"NO";"NO";"NO";"Ascoy-Sopalmo";"73";"1040000";"201";"Regadío";;"ALBACETE";19/06/2024;;
"ES070C0405";"COMUNIDAD DE REGANTES POZO LOS BRAVOS";"G773464216";"SEGURA";"NO";"SI";"NO";"NO";"NO";"NO";"Vegas Media y Baja del 6";"40";"68541";"12";"Regadío";"Murcia";"MURCIA";19/06/2024;;
"ES070C0407";"COMUNIDAD DE REGANTES POZO PERDIGUERA";"G73059883";"SEGURA";"SI";"NO";"NO";"NO";"NO";"NO";"Río 6-Sinclinal de Calasparra";"87";"1781025";"281";"Regadío";"Cieza;Orihuela";"MURCIA";19/06/2024;;
"ES070C0407";"COMUNIDAD DE REGANTES POZO PERDIGUERA";"G73059883";"SEGURA";"SI";"NO";"NO";"NO";"NO";"NO";"Río 6-Sinclinal de Calasparra";"87";"1781025";"281";"OTROS USOS";"Cieza;Orihuela";"MURCIA";19/06/2024;;
"ES070C0408";"COMUNIDAD DE REGANTES POZO ROMÁN NOSTRUM 3";"G30278477";"SEGURA";"NO";"SI";"NO";"NO";"NO";"NO";"Ascoy-Sopalmo";"80";"2000000";"410";"Regadío";"Jumilla";"MURCIA";19/06/2024;;
"ES070C0409";"COMUNIDAD DE REGANTES POZO SAN JOSÉ";"G30250526";"SEGURA";"SI";"NO";"NO";"NO";"NO";"NO";"Río 6";"100";"1634779";"387";"Regadío";"Las Torres de Cotillas";"MURCIA";19/06/2024;;
"ES070C0409";"COMUNIDAD DE REGANTES POZO SAN JOSÉ";"G30250526";"SEGURA";"SI";"NO";"NO";"NO";"NO";"NO";"Río 6";"100";"1634779";"387";"Ganadería";"Las Torres de Cotillas";"MURCIA";19/06/2024;;
"ES070C0410";"COMUNIDAD DE REGANTES POZO SANTIAGO";"G30272918";"SEGURA";"NO";"SI";"NO";"SI";"NO";"NO";"EDAR de Yecla;031-Jumilla-Villena";"150";"3770000";"2700";"Regadío";"Yecla;Bigastro";"MURCIA";19/06/2024;;
"ES070C0411";"COMUNIDAD DE REGANTES POZO 6";"G30271183";"SEGURA";"NO";"SI";"NO";"NO";"NO";"NO";"031-Jumilla-Villena";"80";"1128964";"353";"Regadío";"Jumilla;Orihuela";"MURCIA";19/06/2024;;
"ES070C0411";"COMUNIDAD DE REGANTES POZO 6";"G30271183";"SEGURA";"NO";"SI";"NO";"NO";"NO";"NO";"031-Jumilla-Villena";"80";"1128964";"353";"OTROS USOS";"Jumilla;Orihuela";"MURCIA";19/06/2024;;
"ES070C0412";"COMUNIDAD DE REGANTES PRESA DE ANDREVÍA";"G73933459";"SEGURA";"SI";"NO";"NO";"NO";"NO";"NO";"Río Alhárabe";"0";"39933";"13";"Regadío";"Moratalla;Orihuela";"MURCIA";19/06/2024;;
"ES070C0413";"COMUNIDAD DE REGANTES PRESA DE LA VEREDA";"G73701587";"SEGURA";"SI";"NO";"NO";"NO";"NO";"NO";"Río Benamor";"0";"1792";"1";"Regadío";"Moratalla";"MURCIA";19/06/2024;;
"ES070C0414";"COMUNIDAD DE REGANTES PRESA DE LOS HUERTOS";"G02587673";"SEGURA";"SI";"NO";"NO";"NO";"NO";"NO";"Rio Taibilla";"10";"43617";"9";"Regadío";"Nerpio";"ALBACETE";19/06/2024;;
"ES070C0415";"COMUNIDAD DE REGANTES PRESA DE LOS PAJARELES";"G02231793";"SEGURA";"SI";"NO";"NO";"NO";"NO";"NO";"Arroyo de Boche-Rio Tus";"5";"40000";"10";"Regadío";"Yeste";"ALBACETE";19/06/2024;;
"ES070C0416";"COMUNIDAD DE REGANTES PRESA DE URREO";;"SEGURA";"SI";"NO";"NO";"NO";"NO";"NO";"Rio 6";"20";"27994.71";"144";"Regadío";;;19/06/2024;;
"ES070C0416";"COMUNIDAD DE REGANTES PRESA DE URREO";;"SEGURA";"SI";"NO";"NO";"NO";"NO";"NO";"Rio 6";"20";"27994.71";"144";"OTROS USOS";;;19/06/2024;;
"ES070C0419";"COMUNIDAD DE REGANTES PRESA DEL MOLINO DE JUAN BASURA";;"SEGURA";"SI";"NO";"NO";"NO";"NO";"NO";"Río 6";"18";"8963";"2";"OTROS USOS";;;19/06/2024;;
"ES070C0420";"COMUNIDAD DE REGANTES PRUNUS Y CERATONIA";"Q3054055C";"SEGURA";"NO";"NO";"NO";"SI";"NO";"NO";"EDAR de Fuente Álamo";"4.62";"145894";"119";"Regadío";"Totana";"MURCIA";19/06/2024;;
"ES070C0421";"COMUNIDAD DE REGANTES RIEGOS AYALA, OJÓS-VILLANUEVA";"G73854986";"SEGURA";"SI";"NO";"NO";"NO";"NO";"NO";"Río 6-Acequia de Ojós-Villanueva";"1125";"2205954";"288";"OTROS USOS";;"MURCIA";19/06/2024;;
"ES070C0422";"COMUNIDAD DE REGANTES RIEGOS DE LA TEDERA";"G02492247";"SEGURA";"NO";"SI";"NO";"NO";"NO";"NO";"004-Tobarra-Tedera-Pinilla";"645";"8019968";"2559";"Regadío";"Blanca;Tobarra";"ALBACETE;MURCIA";19/06/2024;;
"ES070C0425";"COMUNIDAD DE REGANTES RIEGOS MEDIOS DEL 6";"G30595912";"SEGURA";"SI";"NO";"NO";"NO";"NO";"NO";"Río 6";"60";"856886";"170";"Regadío";"Archena";"MURCIA";19/06/2024;;
"ES070C0427";"COMUNIDAD DE REGANTES RINCÓN DE LA DEHESILLA";"G30319081";"SEGURA";"NO";"SI";"NO";"NO";"NO";"NO";"032-El Molar";"60";"1170010";"599";"Regadío";"Jumilla;Abarán";"MURCIA";19/06/2024;;
"ES070C0427";"COMUNIDAD DE REGANTES RINCÓN DE LA DEHESILLA";"G30319081";"SEGURA";"NO";"SI";"NO";"NO";"NO";"NO";"032-El Molar";"60";"1170010";"599";"OTROS USOS";"Jumilla;Abarán";"MURCIA";19/06/2024;;
"ES070C0428";"COMUNIDAD DE REGANTES RINCÓN DEL MORO";"G02153443";"SEGURA";"NO";"SI";"NO";"NO";"NO";"NO";"005-Umbría y 003-Búhos";"1029";"5432565";"1324";"Regadío";;;19/06/2024;;
"ES070C0428";"COMUNIDAD DE REGANTES RINCÓN DEL MORO";"G02153443";"SEGURA";"NO";"SI";"NO";"NO";"NO";"NO";"005-Umbría y 003-Búhos";"1029";"5432565";"1324";"OTROS USOS";;;19/06/2024;;
"ES070C0429";"COMUNIDAD DE REGANTES RÍO ALHÁRABE";"G30098602";"SEGURA";"NO";"SI";"NO";"NO";"NO";"NO";"Río Alhárabe";"200";"3587125";"1008";"Uso destinado al abastecimiento de núcleos urbanos";"Moratalla";"MURCIA";19/06/2024;;
"ES070C0432";"COMUNIDAD DE REGANTES SAN CAYETANO";"G53440319";"SEGURA";"NO";"NO";"NO";"SI";"NO";"NO";"Aguas residuales depuradas";"0";"900000";"333";"Regadío";"Murcia";"MURCIA";19/06/2024;;
"ES070C0433";"COMUNIDAD DE REGANTES SAN FELIPE NERI";"G03105913";"SEGURA";"SI";"NO";"NO";"NO";"NO";"NO";"Río 6 (m.i)-Azarbe de Afuera y Part";"350";"5716645";"953";"Regadío";"Yeste";"ALBACETE";19/06/2024;;
"ES070C0434";"COMUNIDAD DE REGANTES SAN ISIDRO Y REALENGO";"G03412756";"SEGURA";"SI";"NO";"NO";"NO";"NO";"NO";"Río 6";"0";"1500000";"290";"OTROS USOS";;;19/06/2024;;
"ES070C0436";"COMUNIDAD DE REGANTES SAN MIGUEL";;"SEGURA";"SI";"NO";"NO";"NO";"NO";"NO";"Río6-Azarbe Indiano";"316";"5000000";"5623";"OTROS USOS";;;19/06/2024;;
"ES070C0438";"COMUNIDAD DE REGANTES SAN ROQUE";"G73912321";"SEGURA";"NO";"NO";"NO";"SI";"NO";"NO";"Aguas residuales depuradas";"60";"545000";"437";"Regadío";"Fortuna;Yeste";"ALBACETE;MURCIA";19/06/2024;;
"ES070C0439";"COMUNIDAD DE REGANTES SANTA CECILIA";"G02584779";"SEGURA";"NO";"SI";"NO";"NO";"NO";"NO";"070.002-Sinclinal de la Higuera";"510";"3106327";"722";"Uso destinado al abastecimiento de núcleos urbanos";"Bonete";"ALBACETE";19/06/2024;;
"ES070C0439";"COMUNIDAD DE REGANTES SANTA CECILIA";"G02584779";"SEGURA";"NO";"SI";"NO";"NO";"NO";"NO";"070.002-Sinclinal de la Higuera";"510";"3106327";"722";"OTROS USOS";"Bonete";"ALBACETE";19/06/2024;;
"ES070C0440";"COMUNIDAD DE REGANTES SANTO CRISTO DE LA COLUMNA";"G30396659";"SEGURA";"NO";"SI";"NO";"NO";"NO";"NO";"07.09.043 Ascoy Sopalmo";"120";"1100000";"252";"Regadío";"Yecla;Jumilla";"MURCIA";19/06/2024;;
"ES070C0440";"COMUNIDAD DE REGANTES SANTO CRISTO DE LA COLUMNA";"G30396659";"SEGURA";"NO";"SI";"NO";"NO";"NO";"NO";"07.09.043 Ascoy Sopalmo";"120";"1100000";"252";"OTROS USOS";"Yecla;Jumilla";"MURCIA";19/06/2024;;
"ES070C0441";"COMUNIDAD DE REGANTES SANTO DOMINGO";;"SEGURA";"NO";"SI";"NO";"NO";"NO";"NO";"006-Sinclinal de la Higuera";"316";"5000000";"5623";"OTROS USOS";;;19/06/2024;;
"ES070C0442";"COMUNIDAD DE REGANTES SERRANA-ALBARES";"G30568182";"SEGURA";"SI";"SI";"NO";"NO";"NO";"NO";"Río 6;Ascoy-Sopalmo";"562";"6253365";"2682";"Regadío";"Cieza";"MURCIA";19/06/2024;;
"ES070C0442";"COMUNIDAD DE REGANTES SERRANA-ALBARES";"G30568182";"SEGURA";"SI";"SI";"NO";"NO";"NO";"NO";"Río 6;Ascoy-Sopalmo";"562";"6253365";"2682";"OTROS USOS";"Cieza";"MURCIA";19/06/2024;;
"ES070C0443";"COMUNIDAD DE REGANTES TORRE SAN JOSÉ DE FINCA MANRESA";"G73889339";"SEGURA";"SI";"NO";"NO";"NO";"NO";"NO";"Río 6";"70";"78771";"12";"Regadío";"Murcia";"MURCIA";19/06/2024;;
"ES070C0443";"COMUNIDAD DE REGANTES TORRE SAN JOSÉ DE FINCA MANRESA";"G73889339";"SEGURA";"SI";"NO";"NO";"NO";"NO";"NO";"Río 6";"70";"78771";"12";"OTROS USOS";"Murcia";"MURCIA";19/06/2024;;
"ES070C0444";"COMUNIDAD DE REGANTES TORREMIGUEL";"G03533429";"SEGURA";"NO";"NO";"NO";"SI";"NO";"NO";"Aguas residuales regeneradas";"570";"5696000";"1306";"OTROS USOS";;;19/06/2024;;
"ES070C0447";"COMUNIDAD DE REGANTES TRASVASE TAJO-6 ZONA II EN BLANCA";;"SEGURA";"NO";"SI";"NO";"NO";"NO";"NO";"Ascoy-Sopalmo";"300";"4615800";"3033";"OTROS USOS";;;19/06/2024;;
"ES070C0448";"COMUNIDAD DE REGANTES TRENQUE DON PAYO";"G30488845";"SEGURA";"SI";"NO";"NO";"NO";"NO";"NO";"Río 6";"60";"261099";"32";"Regadío";"Murcia";"MURCIA";19/06/2024;;
"ES070C0448";"COMUNIDAD DE REGANTES TRENQUE DON PAYO";"G30488845";"SEGURA";"SI";"NO";"NO";"NO";"NO";"NO";"Río 6";"60";"261099";"32";"OTROS USOS";"Murcia";"MURCIA";19/06/2024;;
"ES070C0449";"COMUNIDAD DE REGANTES ÚNICA DEL HEREDAMEINTO DE LA ACEQUIA DE CEUTÍ";"G73940405";"SEGURA";"SI";"NO";"NO";"NO";"NO";"NO";"Río 6-Acequia de Alguazas";"1000";"2493791";"437";"Regadío";"Santiago-Pontones";"JAÉN";19/06/2024;;
"ES070C0450";"COMUNIDAD DE REGANTES USUARIOS DE LA FUENTE DEL CABEZO";"G73802555";"SEGURA";"NO";"SI";"NO";"NO";"NO";"NO";"Quípar";"5";"2250";"2";"Regadío";"Bullas";"MURCIA";19/06/2024;;
"ES070C0450";"COMUNIDAD DE REGANTES USUARIOS DE LA FUENTE DEL CABEZO";"G73802555";"SEGURA";"NO";"SI";"NO";"NO";"NO";"NO";"Quípar";"5";"2250";"2";"OTROS USOS";"Bullas";"MURCIA";19/06/2024;;
"ES070C0451";"COMUNIDAD DE REGANTES USUARIOS DE LA S.A.T. Nº 519 LA RAJA";"G02592814";"SEGURA";"NO";"SI";"NO";"NO";"NO";"NO";"004-Tobarra-Tedera-Pinilla";"80";"550000";"103";"Regadío";"Tobarra";"MURCIA;ALBACETE";19/06/2024;;
"ES070C0452";"COMUNIDAD DE REGANTES VERDELENA";"G05501853";"SEGURA";"SI";"NO";"NO";"NO";"NO";"NO";"Río 6";"73";"455080";"110";"Regadío";"Ulea";"MURCIA";19/06/2024;;
"ES070C0455";"COMUNIDAD DE REGANTES VIRGEN DEL ROSARIO DE BARINAS";"G73813438";"SEGURA";"NO";"NO";"NO";"SI";"NO";"NO";"Aguas residuales regeneradas";"15";"57250";"23";"Regadío";"Abanilla";"MURCIA";19/06/2024;;
"ES070C0456";"COMUNIDAD DE REGANTES ZONA II VEGAS ALTA Y MEDIA DEL 6";"G30077622";"SEGURA";"NO";"NO";"NO";"SI";"NO";"NO";"Aguas residuales regeneradas";"60";"450000";"2915";"OTROS USOS";"Blanca";"MURCIA";19/06/2024;;
"ES070C0457";"COMUNIDAD DE REGANTES ZONA V SECTORES I Y II DEL TRASVASE TAJO 6";"G30546691";"SEGURA";"NO";"SI";"NO";"SI";"NO";"NO";"07.09.043 Ascoy-Sopalmo;Aguas residuales depuradas";"150";"2763710.13";"3272";"Regadío";"Las Torres de Cotillas";"MURCIA";19/06/2024;;
"ES070C0463";"COMUNIDAD DE REGANTES DE AGUAS DEL TRASVASE TAJO-6 DE LIBRILLA";"G30088710";"SEGURA";"NO";"NO";"NO";"SI";"NO";"NO";"EDAR nueva de Librilla";"0";"231740";"3183";"Regadío";"Librilla";"MURCIA";19/06/2024;;
"ES080C0001";"COMUNIDAD DE REGANTES LOS ALBARES DE TORREBAJA";"G98728538";"JUCAR";"SI";"NO";"NO";"NO";"NO";"NO";"15.06.02.01 RÍO EBRÓN";"0";"176904";"24.57";"Regadío";;;19/06/2024;;
"ES080C0002";"COMUNIDAD DE REGANTES POZO COLLET";;"JUCAR";"NO";"SI";"NO";"NO";"NO";"NO";;"0";"25000";"6.43";"Regadío";;;19/06/2024;;
"ES080C0003";"COMUNIDAD DE REGANTES 16 DE DESEMBRE";"G43495456";"JUCAR";"NO";"SI";"NO";"NO";"NO";"NO";"07.01 - Maestrazgo - 1";"0";"410000";"98";"Regadío";"Alcanar";"TARRAGONA";19/06/2024;;
"ES080C0004";"COMUNIDAD DE REGANTES ACEQUIA ALEDUA DE ALGINET";"G46084349";"JUCAR";"SI";"NO";"NO";"NO";"NO";"NO";;"0";"2800000";"452.77";"Regadío";;;19/06/2024;;
"ES080C0005";"COMUNIDAD DE REGANTES ACEQUIA BATAN DE CASTELLNOVO";"G12320495";"JUCAR";"SI";"NO";"NO";"NO";"NO";"NO";"PALANCIA, RIO";"0";"73992";"13.21";"Regadío";;;19/06/2024;;
"ES080C0006";"COMUNIDAD DE REGANTES ACEQUIA BOLTA DE ROSIÑOL";"G54520424";"JUCAR";"SI";"NO";"NO";"NO";"NO";"NO";"SERPIS, RIO";"0";"49248";"8.64";"Regadío";;;19/06/2024;;
"ES080C0007";"COMUNIDAD DE REGANTES ACEQUIA CHANQUES DE MONTROY";"G46870564";"JUCAR";"SI";"NO";"NO";"NO";"NO";"NO";"MAGRO, RIO";"0";"331190";"59.55";"Regadío";;;19/06/2024;;
"ES080C0008";"COMUNIDAD DE REGANTES ACEQUIA COLATA";"G98688278";"JUCAR";"SI";"NO";"NO";"NO";"NO";"NO";"ALBAIDA, RIO";"0";"72046";"16.83";"Regadío";;;19/06/2024;;
"ES080C0009";"COMUNIDAD DE REGANTES ACEQUIA COMUNA DE ENOVA";"Q4667009G";"JUCAR";"SI";"NO";"NO";"NO";"NO";"NO";"ALBAIDA, RIO";"0";"10446610.14";"1791.77";"Regadío";;;19/06/2024;;
"ES080C0010";"COMUNIDAD DE REGANTES ACEQUIA DE ABAJO O DELS ULLALS";"G98479918";"JUCAR";"SI";"NO";"NO";"NO";"NO";"NO";"CLARIANO, RIO";"0";"32939.13";"5.53";"Regadío";;;19/06/2024;;
"ES080C0011";"COMUNIDAD DE REGANTES ACEQUIA DE ALBOY";"G98026297";"JUCAR";"SI";"NO";"NO";"NO";"NO";"NO";"ALBAIDA, RIO";"0";"109958";"18.86";"Regadío";;;19/06/2024;;
"ES080C0012";"COMUNIDAD DE REGANTES ACEQUIA DE BENACHER Y FAITANAR";"G46342705";"JUCAR";"SI";"NO";"NO";"NO";"NO";"NO";"TURIA, RIO";"0";"12753144";"906.52";"Regadío";;;19/06/2024;;
"ES080C0013";"COMUNIDAD DE REGANTES ACEQUIA DE BENIFURT";"E46148110";"JUCAR";"SI";"NO";"NO";"NO";"NO";"NO";"ALBAIDA, RIO";"0";"761855";"89.63";"Regadío";;;19/06/2024;;
"ES080C0014";"COMUNIDAD DE REGANTES ACEQUIA DE CALANDRIA";"G03655305";"JUCAR";"SI";"NO";"NO";"NO";"NO";"NO";"ALCOY,RIO";"0";"271637";"47.66";"Regadío";;;19/06/2024;;
"ES080C0015";"COMUNIDAD DE REGANTES ACEQUIA DE FAVARA";"Q4667003J";"JUCAR";"SI";"NO";"NO";"NO";"NO";"NO";"TURIA, RIO";"0";"25275142";"1092.51";"Regadío";;;19/06/2024;;
"ES080C0016";"COMUNIDAD DE REGANTES ACEQUIA DE HONDOS DE TURIS";"G96120001";"JUCAR";"SI";"NO";"NO";"NO";"NO";"NO";"BUÑOL, RIO";"0";"536677";"96.49";"Regadío";;;19/06/2024;;
"ES080C0017";"COMUNIDAD DE REGANTES ACEQUIA DE LA CUEVA DE LAS PEBRERAS A LA REBOLLOSA";"V98378748";"JUCAR";"SI";"NO";"NO";"NO";"NO";"NO";"TURIA, RIO";"0";"82995";"15.09";"Regadío";;;19/06/2024;;
"ES080C0018";"COMUNIDAD DE REGANTES ACEQUIA DE LA HUERTA DE SOLLANA";"G46843231";"JUCAR";"SI";"SI";"NO";"NO";"NO";"NO";"HONDO, BARRANC;25.01 - Plana de Valencia (Norte y Sur)";"0";"1200000";"365.68";"Regadío";;;19/06/2024;;
"ES080C0019";"COMUNIDAD DE REGANTES ACEQUIA DE LA LOSA DE LA VEGA DE XATIVA";"E46148805";"JUCAR";"SI";"NO";"NO";"NO";"NO";"NO";"18.29.01.03.01.02 RÍO CÁÑOLES: CANALS - RÍO ALBAIDA";"0";"2646291";"497.39";"Regadío";;;19/06/2024;;
"ES080C0020";"COMUNIDAD DE REGANTES ACEQUIA DE LA MORALEJA";"G16314601";"JUCAR";"SI";"NO";"NO";"NO";"NO";"NO";;"0";"8537";"3.27";"Regadío";"Minglanilla";"CUENCA";19/06/2024;;
"ES080C0021";"COMUNIDAD DE REGANTES ACEQUIA DE LA QUEBRANTADA";"G12854485";"JUCAR";"SI";"NO";"NO";"NO";"NO";"NO";"PALLAS";"0";"58705";"12.15";"Regadío";;;19/06/2024;;
"ES080C0022";"COMUNIDAD DE REGANTES ACEQUIA DE LA VILA DE LA VEGA DE XATIVA";"E46148813";"JUCAR";"SI";"NO";"NO";"NO";"NO";"NO";"18.29.01.03.01.01 RÍO CÁÑOLES: CABECERA - CANALS";"0";"762092";"170.83";"Regadío";;;19/06/2024;;
"ES080C0023";"COMUNIDAD DE REGANTES ACEQUIA DE LOS COMUNES DE BENIARBEIG Y ONDARA";"G03451804";"JUCAR";"SI";"NO";"NO";"NO";"NO";"NO";"ALCALA, BARRANCO DE";"0";"425496.44";"46.27";"Regadío";;;19/06/2024;;
"ES080C0024";"COMUNIDAD DE REGANTES ACEQUIA DE LOS CURROS";"G12853420";"JUCAR";"SI";"NO";"NO";"NO";"NO";"NO";"PALLER, BARRANC DEL";"0";"11037";"2.29";"Regadío";;;19/06/2024;;
"ES080C0025";"COMUNIDAD DE REGANTES ACEQUIA DE MANISES";"G46413878";"JUCAR";"SI";"NO";"NO";"NO";"NO";"NO";"TURIA, RIO";"0";"12753144";"906.52";"Regadío";;;19/06/2024;;
"ES080C0026";"COMUNIDAD DE REGANTES ACEQUIA DE MERCADER";"G12661856";"JUCAR";"SI";"NO";"NO";"NO";"NO";"NO";"VIUDA, RBLA. DE LA";"0";"58113";"7.52";"Regadío";;;19/06/2024;;
"ES080C0027";"COMUNIDAD DE REGANTES ACEQUIA DE MESES DE LA VEGA DE XATIVA";"E46148136";"JUCAR";"SI";"SI";"NO";"NO";"NO";"NO";"CAÑOLES, RIO;28.11 - Canals";"0";"1439052";"487.68";"Regadío";;;19/06/2024;;
"ES080C0028";"COMUNIDAD DE REGANTES ACEQUIA DE MESTALLA";"Q4667034E";"JUCAR";"SI";"SI";"NO";"NO";"NO";"NO";"15.18 RÍO TURIA: AZ. AC. TORMOS - NUEVO CAUCE";"0";"3147742";"171.85";"Regadío";;;19/06/2024;;
"ES080C0029";"COMUNIDAD DE REGANTES ACEQUIA DE MISLATA";"Q4667005E";"JUCAR";"SI";"NO";"NO";"NO";"NO";"NO";"15.18 RÍO TURIA: AZ. AC. TORMOS - NUEVO CAUCE";"0";"3218538";"142.97";"Regadío";;;19/06/2024;;
"ES080C0030";"COMUNIDAD DE REGANTES ACEQUIA DE QUART";"Q4667004H";"JUCAR";"SI";"NO";"NO";"NO";"NO";"NO";"TURIA, RIO";"0";"12753144";"906.52";"Regadío";;;19/06/2024;;
"ES080C0031";"COMUNIDAD DE REGANTES ACEQUIA DE RANES DE LA VEGA DE XATIVA";"E46148821";"JUCAR";"SI";"NO";"NO";"NO";"NO";"NO";"18.29.01.03.01.01 RÍO CÁÑOLES: CABECERA - CANALS";"0";"1729378";"407.54";"Regadío";;;19/06/2024;;
"ES080C0032";"COMUNIDAD DE REGANTES ACEQUIA DE RASCANYA";"Q4667014G";"JUCAR";"SI";"NO";"NO";"NO";"NO";"NO";"TURIA, RIO";"0";"12352872";"720";"Regadío";;;19/06/2024;;
"ES080C0033";"COMUNIDAD DE REGANTES ACEQUIA DE ROBELLA";"G96007463";"JUCAR";"SI";"NO";"NO";"NO";"NO";"NO";"TURIA, RIO";"0";"3317425";"131.85";"Regadío";;;19/06/2024;;
"ES080C0034";"COMUNIDAD DE REGANTES ACEQUIA DE TORMOS";"G46083952";"JUCAR";"SI";"NO";"NO";"SI";"NO";"NO";"15.18 RÍO TURIA: AZ. AC. TORMOS - NUEVO CAUCE;E.D.A.R. PATERNA-SAN ANTONIO DE BENAGÉBER";"0";"23814144";"1667.1";"Regadío";;;19/06/2024;;
"ES080C0035";"COMUNIDAD DE REGANTES ACEQUIA DE VERGEL, SETLA Y MIRARROSA";"G03906732";"JUCAR";"SI";"NO";"NO";"NO";"NO";"NO";"ALCALA, BARRANCO DE";"0";"289825";"51.11";"Regadío";;;19/06/2024;;
"ES080C0036";"COMUNIDAD DE REGANTES ACEQUIA DE XIRIVELLA";"Q4667006C";"JUCAR";"SI";"NO";"NO";"NO";"NO";"NO";"15.18 RÍO TURIA: AZ. AC. TORMOS - NUEVO CAUCE";"0";"3218538";"142.97";"Regadío";;;19/06/2024;;
"ES080C0037";"COMUNIDAD DE REGANTES ACEQUIA DEL JUDIO EL PONTON";"G97540900";"JUCAR";"SI";"NO";"NO";"SI";"NO";"NO";"E.D.A.R. SAN ANTONIO Y ALDEAS VEGA";"0";"261917";"89.59";"Regadío";;;19/06/2024;;
"ES080C0038";"COMUNIDAD DE REGANTES ACEQUIA DEL MEDIO";"G44139483";"JUCAR";"SI";"NO";"NO";"NO";"NO";"NO";"TURIA, RIO";"0";"265462.58";"108.82";"Regadío";"Torres de Albarracín";"TERUEL";19/06/2024;;
"ES080C0039";"COMUNIDAD DE REGANTES ACEQUIA DEL PALMERAL";"G96544937";"JUCAR";"SI";"NO";"NO";"NO";"NO";"NO";"CAÑOLES, RIO";"0";"155819";"28.2";"Regadío";;;19/06/2024;;
"ES080C0040";"COMUNIDAD DE REGANTES ACEQUIA DEL PUIG DE XATIVA";"E46148128";"JUCAR";"SI";"SI";"NO";"NO";"NO";"NO";"18.29.01.03 RÍO ALBAIDA: E. BELLÚS - RÍO BARCHETA;80148 HOYA DE JÁTIVA";"0";"2669012";"549.96";"Regadío";;;19/06/2024;;
"ES080C0041";"COMUNIDAD DE REGANTES ACEQUIA DEL TERRACH FOYA Y FORIÑANES";"G03655255";"JUCAR";"SI";"NO";"NO";"NO";"NO";"NO";"ALCOY,RIO";"0";"88350";"15.5";"Regadío";;;19/06/2024;;
"ES080C0042";"COMUNIDAD DE REGANTES ACEQUIA DELS FLARES";"G46878518";"JUCAR";"SI";"NO";"NO";"NO";"NO";"NO";"PINET, RIU DE";"0";"211122";"38.04";"Regadío";;;19/06/2024;;
"ES080C0043";"COMUNIDAD DE REGANTES ACEQUIA DUQUE DE MEDINACELI";;"JUCAR";"SI";"NO";"NO";"NO";"NO";"NO";"ALCOY,RIO";"0";"40440";"6";"Regadío";;;19/06/2024;;
"ES080C0043";"COMUNIDAD DE REGANTES ACEQUIA DUQUE DE MEDINACELI";;"JUCAR";"SI";"NO";"NO";"NO";"NO";"NO";"ALCOY,RIO";"0";"40440";"6";"Centrales hidroeléctricas";;;19/06/2024;;
"ES080C0044";"COMUNIDAD DE REGANTES ACEQUIA LA VEGA DE ALBAIDA";"G97614317";"JUCAR";"SI";"NO";"NO";"NO";"NO";"NO";"ALBAIDA, RIO";"0";"95681";"16.62";"Regadío";;;19/06/2024;;
"ES080C0045";"COMUNIDAD DE REGANTES ACEQUIA LES FANECADES";"G97475818";"JUCAR";"SI";"NO";"NO";"NO";"NO";"NO";"ALBAIDA, RIO";"0";"76452";"15.29";"Regadío";;;19/06/2024;;
"ES080C0046";"COMUNIDAD DE REGANTES ACEQUIA MADRE DE CATADAU";"G96661939";"JUCAR";"SI";"NO";"NO";"NO";"NO";"NO";"MAGRO, RIO";"0";"2121261.3";"285.8";"Regadío";;;19/06/2024;;
"ES080C0047";"COMUNIDAD DE REGANTES ACEQUIA MADRE DE MIRAFLOR";"G03517042";"JUCAR";"SI";"NO";"NO";"SI";"NO";"NO";"25.02 RÍO GIRONA: E. ISBERT - MAR;EDAR ELS POBLETS- EL VERGER";"0";"852031";"150.19";"Regadío";;;19/06/2024;;
"ES080C0048";"COMUNIDAD DE REGANTES ACEQUIA MADRE DE MONTROI";"G46870580";"JUCAR";"SI";"NO";"NO";"NO";"NO";"NO";"MAGRO, RIO";"0";"681957";"122.61";"Regadío";;;19/06/2024;;
"ES080C0049";"COMUNIDAD DE REGANTES ACEQUIA MADRE DE REAL DE MONTROY";"G46242582";"JUCAR";"SI";"NO";"NO";"NO";"NO";"NO";"MAGRO, RIO";"0";"585397.5";"78.93";"Regadío";;;19/06/2024;;
"ES080C0050";"COMUNIDAD DE REGANTES ACEQUIA MADRE Y ALEDUA DE ALFARP";"G96426382";"JUCAR";"SI";"NO";"NO";"NO";"NO";"NO";"MAGRO, RIO";"0";"3405361.3";"542.62";"Regadío";;;19/06/2024;;
"ES080C0051";"COMUNIDAD DE REGANTES ACEQUIA MADRE Y ALEDUA DE LLOMBAI";"G96715784";"JUCAR";"SI";"SI";"NO";"NO";"NO";"NO";"18.32.01.11 RÍO MAGRO: CARLET - ALGEMESÍ; MAGRO, RIO;80143 LA CONTIENDA; 80144 SIERRA DEL AVE";"0";"9443532.3";"1434.14";"Regadío";;;19/06/2024;;
"ES080C0052";"COMUNIDAD DE REGANTES ACEQUIA MAYOR DE BENAGUACIL";"G46471504";"JUCAR";"SI";"NO";"NO";"NO";"NO";"NO";"15.14 RÍO TURIA: RÍO SOT - BCO. TEULADA";"0";"23732010";"1639.9";"Regadío";;;19/06/2024;;
"ES080C0053";"COMUNIDAD DE REGANTES ACEQUIA MAYOR DE LA EXTINGUIDA VILLA Y HONOR DE CORBERA (CUATRO PUEBLOS)";"G46842324";"JUCAR";"SI";"NO";"NO";"NO";"NO";"NO";"JUCAR, RIO";"0";"18780000";"1341";"Regadío";;;19/06/2024;;
"ES080C0054";"COMUNIDAD DE REGANTES ACEQUIA MAYOR DE VILAMARXANT";"G46401717";"JUCAR";"SI";"NO";"NO";"NO";"NO";"NO";"15.14 RÍO TURIA: RÍO SOT - BCO. TEULADA";"0";"18293429";"1306.59";"Regadío";;;19/06/2024;;
"ES080C0055";"COMUNIDAD DE REGANTES ACEQUIA MURTA DE LA VEGA DE XATIVA";"E46148102";"JUCAR";"SI";"NO";"NO";"NO";"NO";"NO";;"0";"2380485";"280.06";"Regadío";;;19/06/2024;;
"ES080C0056";"COMUNIDAD DE REGANTES ACEQUIA NUEVA DE LA ZONA BAJA DE LA HUERTA MAYOR DE ASPE";"G03449964";"JUCAR";"SI";"NO";"NO";"NO";"NO";"NO";"TARAFA, BCO DE";"0";"323686.8";"71.93";"Regadío";;;19/06/2024;;
"ES080C0057";"COMUNIDAD DE REGANTES ACEQUIA PAS DE ALBAIDA OLLERIA Y MONTAVERNER";"G98245350";"JUCAR";"SI";"NO";"NO";"NO";"NO";"NO";"CLARIANO, RIO";"0";"699480";"120";"Regadío";;;19/06/2024;;
"ES080C0058";"COMUNIDAD DE REGANTES ACEQUIA REAL DEL JUCAR";"Q4667007A";"JUCAR";"SI";"SI";"NO";"NO";"NO";"NO";"JUCAR, RIO;25.01 - Plana de Valencia (Norte y Sur); 80144 SIERRA DEL AVE";"0";"412977068";"45515";"Regadío";;;19/06/2024;;
"ES080C0059";"COMUNIDAD DE REGANTES ACEQUIA RENTO BENITO, AGUACHARES Y MOLINO DEL MARQUES";"G98541618";"JUCAR";"SI";"NO";"NO";"NO";"NO";"NO";"TURIA, RIO";"0";"96750";"15";"Regadío";;;19/06/2024;;
"ES080C0060";"COMUNIDAD DE REGANTES ACEQUIA RIO VERNISA";"Q9650031I";"JUCAR";"SI";"NO";"NO";"NO";"NO";"NO";"VERNISA, RIO";"0";"271084";"61.61";"Regadío";;;19/06/2024;;
"ES080C0061";"COMUNIDAD DE REGANTES ACEQUIA TORRE LLORIS DE LA VEGA DE XATIVA";"E46148094";"JUCAR";"SI";"SI";"NO";"NO";"NO";"NO";"ALBAIDA, RIO;28.11 - Canals";"0";"2222458";"376.96";"Regadío";;;19/06/2024;;
"ES080C0062";"COMUNIDAD DE REGANTES ACEQUIA VALLESA DE MANDOR";"G98330376";"JUCAR";"SI";"NO";"NO";"NO";"NO";"NO";"MANDOR, BCO. DEL";"0";"823902";"116.7";"Regadío";;;19/06/2024;;
"ES080C0063";"COMUNIDAD DE REGANTES ACEQUIAS BAJO LUGAR, VIEJA Y NUEVA DE ARAÑUEL";"G12105250";"JUCAR";"SI";"NO";"NO";"NO";"NO";"NO";"MIJARES, RIO";"0";"268925";"47";"Regadío";;;19/06/2024;;
"ES080C0064";"COMUNIDAD DE REGANTES ACEQUIAS DEL RIO, DEL PIÑAZO Y DE CAÑAHONDONERA DE VILLASTAR";;"JUCAR";"SI";"NO";"NO";"NO";"NO";"NO";"TURIA, RIO";"0";"280449";"47.94";"Regadío";"Villastar";"TERUEL";19/06/2024;;
"ES080C0065";"COMUNIDAD DE REGANTES ADEMUZ";"Q4667045A";"JUCAR";"SI";"NO";"NO";"NO";"NO";"NO";"BOHIGUES, RIO; EBRON, RIO; TURIA, RIO";"0";"1892962.85";"286.02";"Regadío";;;19/06/2024;;
"ES080C0066";"COMUNIDAD DE REGANTES AGRES";"G54547898";"JUCAR";"SI";"NO";"NO";"NO";"NO";"NO";"AGRES, RIO; ALBAIDA, RIO";"0";"797424";"139.9";"Regadío";;;19/06/2024;;
"ES080C0067";"COMUNIDAD DE REGANTES AGRICULTORES DE VERGEL, AGUAS Y RIEGOS";"H03175205";"JUCAR";"NO";"SI";"NO";"NO";"NO";"NO";"80164 ONDARA - DENIA";"0";"907500";"162.5";"Regadío";;;19/06/2024;;
"ES080C0068";"COMUNIDAD DE REGANTES AGUAS DE BOGARRA";"G02537108";"JUCAR";"NO";"SI";"NO";"NO";"NO";"NO";"80160 VILLENA - BENEJAMA";"0";"485000";"355.96";"Regadío";"Caudete";"ALBACETE";19/06/2024;;
"ES080C0068";"COMUNIDAD DE REGANTES AGUAS DE BOGARRA";"G02537108";"JUCAR";"NO";"SI";"NO";"NO";"NO";"NO";"80160 VILLENA - BENEJAMA";"0";"485000";"355.96";"OTROS USOS";"Caudete";"ALBACETE";19/06/2024;;
"ES080C0069";"COMUNIDAD DE REGANTES AGUAS DE BUFILLA DE MONCADA";"G46000451";"JUCAR";"NO";"SI";"NO";"NO";"NO";"NO";"25.01 - Plana de Valencia (Norte y Sur)";"0";"424080";"144";"Regadío";;;19/06/2024;;
"ES080C0070";"COMUNIDAD DE REGANTES AGUAS DE CHESTE-CHIVA";"G97355622";"JUCAR";"SI";"SI";"NO";"SI";"NO";"NO";"80132 LAS SERRANÍAS;E.D.A.R. DE CHIVA; EDAR DE CHESTE";"0";"15038281";"10996.97";"Regadío";;;19/06/2024;;
"ES080C0071";"COMUNIDAD DE REGANTES AGUAS DE NOVELDA";"G03034246";"JUCAR";"SI";"SI";"NO";"NO";"NO";"NO";"VINALOPO, RIO;35.01 - Jumilla-Villena; 80173 SIERRA DEL CASTELLAR";"0";"6745471";"10517.34";"Regadío";;;19/06/2024;;
"ES080C0071";"COMUNIDAD DE REGANTES AGUAS DE NOVELDA";"G03034246";"JUCAR";"SI";"SI";"NO";"NO";"NO";"NO";"VINALOPO, RIO;35.01 - Jumilla-Villena; 80173 SIERRA DEL CASTELLAR";"0";"6745471";"10517.34";"OTROS USOS";;;19/06/2024;;
"ES080C0072";"COMUNIDAD DE REGANTES AGUAS DE ZUCAÑA";"G02104339";"JUCAR";"SI";"NO";"NO";"NO";"NO";"NO";;"0";"406537";"71.52";"Regadío";"Almansa";"ALBACETE";19/06/2024;;
"ES080C0073";"COMUNIDAD DE REGANTES AGUAS DEPURADAS DE ORBA";"G03525011";"JUCAR";"NO";"NO";"NO";"SI";"NO";"NO";"EDAR DE ORBA";"0";"26003";"5.25";"Regadío";;;19/06/2024;;
"ES080C0074";"COMUNIDAD DE REGANTES AGUAS EDAR LA CENIA";"G43490200";"JUCAR";"NO";"NO";"NO";"SI";"NO";"NO";"EDAR DE LA SENIA";"0";"240014";"296";"Regadío";;"TARRAGONA";19/06/2024;;
"ES080C0075";"COMUNIDAD DE REGANTES AGUAS HONDO DE LA NOGUERAS";"F02066173";"JUCAR";"NO";"SI";"NO";"NO";"NO";"NO";;"0";"700000";"100";"Regadío";"Caudete";"ALBACETE";19/06/2024;;
"ES080C0076";"COMUNIDAD DE REGANTES AGUAS INMACULADA CONCEPCION";"G46165379";"JUCAR";"NO";"SI";"NO";"NO";"NO";"NO";"25.01 - Plana de Valencia (Norte y Sur)";"0";"220000";"80.8";"Regadío";;;19/06/2024;;
"ES080C0077";"COMUNIDAD DE REGANTES AGUAS REUNIDAS DE SANTA CRUZ DE MOYA";"G16118085";"JUCAR";"SI";"NO";"NO";"NO";"NO";"NO";"TURIA, RIO";"0";"1130137";"192.1";"Regadío";"Santa Cruz de Moya";"CUENCA";19/06/2024;;
"ES080C0078";"COMUNIDAD DE REGANTES AGUAS SAN PASCUAL DE ALMANSA";"G02201952";"JUCAR";"NO";"SI";"NO";"NO";"NO";"NO";;"0";"45500";"10";"Regadío";"Almansa";"ALBACETE";19/06/2024;;
"ES080C0079";"COMUNIDAD DE REGANTES AGUAS VIVAS DE PORTICHOL";"G96104468";"JUCAR";"NO";"SI";"NO";"NO";"NO";"NO";;"0";"807936";"142.77";"Regadío";;;19/06/2024;;
"ES080C0080";"COMUNIDAD DE REGANTES AIELO DE MALFERIT";"G46946455";"JUCAR";"SI";"NO";"NO";"NO";"NO";"NO";"CLARIANO, RIO";"0";"995347.42";"111.72";"Regadío";;;19/06/2024;;
"ES080C0081";"COMUNIDAD DE REGANTES ALBALAT DELS TARONGERS";"G46151528";"JUCAR";"NO";"SI";"NO";"NO";"NO";"NO";;"0";"15936";"107.27";"Regadío";;;19/06/2024;;
"ES080C0082";"COMUNIDAD DE REGANTES ALBARRACIN";"E44110716";"JUCAR";"SI";"NO";"NO";"NO";"NO";"NO";"15.01 RÍO GUADALAVIAR (TURIA): CABECERA - RBLA. MONTERDE; TURIA, RIO";"0";"808974";"140.25";"Regadío";"Albarracín";"TERUEL";19/06/2024;;
"ES080C0083";"COMUNIDAD DE REGANTES ALBATLE";"G03523602";"JUCAR";"SI";"NO";"NO";"NO";"NO";"NO";"ALGAR, RIO";"0";"27700";"4.77";"Regadío";;;19/06/2024;;
"ES080C0084";"COMUNIDAD DE REGANTES ALBENTOSA";"G44162469";"JUCAR";"SI";"NO";"NO";"NO";"NO";"NO";"10.03.02.02 RÍO ALBENTOSA: DESDE MANZANERA HASTA CONFLUENCIA; ALBENTOSA, RIO; LA ESCALERUELA, CAÑADA DE; MIJARES, RIO";"0";"428103.46";"83.8";"Regadío";"Albentosa";"TERUEL";19/06/2024;;
"ES080C0085";"COMUNIDAD DE REGANTES ALBOSA DE ABAJO";"J46425757";"JUCAR";"SI";"NO";"NO";"NO";"NO";"NO";"ALBOSA, RBLA.";"0";"46276";"13";"Regadío";;;19/06/2024;;
"ES080C0086";"COMUNIDAD DE REGANTES ALCALA DE LA SELVA";;"JUCAR";"SI";"NO";"NO";"NO";"NO";"NO";"ALCALA, RIO; HOCINO, ARROYO DEL; HONTANAR, BARRANCO DEL; LA CAÑADA, BARRANCO DE; LA TEJA, ARROYO DE; NACIMIENTO, BARRANCO DEL; VALDECEREZO, RBLA. DE; VALDESPINO, BARRANCO DE";"0";"266606";"45.63";"Regadío";"Alcalá de la Selva";"TERUEL";19/06/2024;;
"ES080C0087";"COMUNIDAD DE REGANTES ALCALA DE LA VEGA";"G16175697";"JUCAR";"SI";"NO";"NO";"NO";"NO";"NO";"CABRIEL, RIO";"0";"1797846";"309.7";"Regadío";"Alcalá de la Vega";"CUENCA";19/06/2024;;
"ES080C0088";"COMUNIDAD DE REGANTES ALCALA DEL JUCAR";"G02286516";"JUCAR";"SI";"NO";"NO";"NO";"NO";"NO";"18.16 RÍO JÚCAR: AYO. LEDAÑA - ALCALÁ DEL JÚCAR; 18.17 RÍO JÚCAR: ALCALÁ DEL JÚCAR - AZ. MEDIDOR DEL BOSQUE";"0";"1313215";"159.86";"Regadío";"Alcalá del Júcar";"ALBACETE";19/06/2024;;
"ES080C0089";"COMUNIDAD DE REGANTES ALCALALI-JALON";"G53045258";"JUCAR";"SI";"SI";"NO";"NO";"NO";"NO";"80166 PEÑÓN - BERNIA";"0";"474132";"101.87";"Regadío";;;19/06/2024;;
"ES080C0090";"COMUNIDAD DE REGANTES ALCOLEJA Y BENIAFE";"G54359880";"JUCAR";"SI";"NO";"NO";"NO";"NO";"NO";"AITANA, BARRANC D´";"0";"170356";"29.32";"Regadío";;;19/06/2024;;
"ES080C0091";"COMUNIDAD DE REGANTES ALCOZAREJOS-MALECONES";"G02977452";"JUCAR";"SI";"NO";"NO";"NO";"NO";"NO";"JUCAR, RIO";"0";"60170";"12.03";"Regadío";"Jorquera";"ALBACETE";19/06/2024;;
"ES080C0092";"COMUNIDAD DE REGANTES ALDEA DE LAS HORTUNAS";"G96327960";"JUCAR";"SI";"NO";"NO";"NO";"NO";"NO";"MAGRO, RIO";"0";"279713";"55";"Regadío";;;19/06/2024;;
"ES080C0093";"COMUNIDAD DE REGANTES ALDEA MUNERA FERNÁNDEZ";"G02562270";"JUCAR";"NO";"SI";"NO";"NO";"NO";"NO";"80129 MANCHA ORIENTAL";"0";"1145000";"228.93";"Regadío";;"ALBACETE";19/06/2024;;
"ES080C0094";"COMUNIDAD DE REGANTES ALEGRIA Y GARROFERAL";"G46245858";"JUCAR";"NO";"SI";"NO";"NO";"NO";"NO";"25.01 - Plana de Valencia (Norte y Sur)";"0";"825000";"127.77";"Regadío";;;19/06/2024;;
"ES080C0095";"COMUNIDAD DE REGANTES ALFARA DE ALGIMIA";"G96276696";"JUCAR";"NO";"SI";"NO";"NO";"NO";"NO";"20.06 - Algar-Cuart";"0";"251160";"61.08";"Regadío";;;19/06/2024;;
"ES080C0096";"COMUNIDAD DE REGANTES ALGIMIA DE ALFARA";"G46264933";"JUCAR";"NO";"SI";"NO";"NO";"NO";"NO";"20.06 - Algar-Cuart";"0";"774600";"87.6";"Regadío";;;19/06/2024;;
"ES080C0097";"COMUNIDAD DE REGANTES ALGIMIA DE ALMONACID";"G12213740";"JUCAR";"SI";"NO";"NO";"NO";"NO";"NO";"AHIN, BCO. DE; CAÑAR, BCO. DEL";"0";"184989";"38.3";"Regadío";;;19/06/2024;;
"ES080C0098";"COMUNIDAD DE REGANTES ALGOLECHA PESADURO";"G03692738";"JUCAR";"SI";"NO";"NO";"NO";"NO";"NO";"GUADALEST, RIO";"0";"120936";"20.41";"Regadío";;;19/06/2024;;
"ES080C0099";"COMUNIDAD DE REGANTES ALGOLECHA, ROCHA Y MURTERAL";"G03434651";"JUCAR";"SI";"NO";"NO";"NO";"NO";"NO";"ALGAR, RIO";"0";"57308";"9.74";"Regadío";;;19/06/2024;;
"ES080C0100";"COMUNIDAD DE REGANTES ALICANTE";"G53186268";"JUCAR";"NO";"NO";"NO";"SI";"NO";"NO";"EDAR RINCÓN DEL LEÓN";"0";"5000000";"1104";"Regadío";;;19/06/2024;;
"ES080C0101";"COMUNIDAD DE REGANTES ALICIA ESCOBAR PICAZO E HIJAS";"G02581171";"JUCAR";"NO";"SI";"NO";"NO";"NO";"NO";;"0";"360000";"91.99";"Regadío";;"ALBACETE";19/06/2024;;
"ES080C0102";"COMUNIDAD DE REGANTES ALMARCH DE LA NUCIA";"G53517421";"JUCAR";"SI";"NO";"NO";"NO";"NO";"NO";"FAVAR, BARRANCO DEL";"0";"106929";"18.17";"Regadío";;;19/06/2024;;
"ES080C0103";"COMUNIDAD DE REGANTES ALMASSORA";"Q1267002B";"JUCAR";"SI";"SI";"NO";"NO";"NO";"NO";"MIJARES, RIO;12.01 - Plana de Castellón";"0";"24751001";"5406.26";"Regadío";;;19/06/2024;;
"ES080C0104";"COMUNIDAD DE REGANTES ALMEDIJAR";"G12600631";"JUCAR";"SI";"NO";"NO";"NO";"NO";"NO";"PALANCIA, RIO";"0";"75657";"23.94";"Regadío";;;19/06/2024;;
"ES080C0105";"COMUNIDAD DE REGANTES ALMEDIXER";"V12862835";"JUCAR";"NO";"SI";"NO";"NO";"NO";"NO";;"0";"31682";"13.16";"Uso destinado a otros abastecimientos fuera de los núcleos urbanos";;;19/06/2024;;
"ES080C0105";"COMUNIDAD DE REGANTES ALMEDIXER";"V12862835";"JUCAR";"NO";"SI";"NO";"NO";"NO";"NO";;"0";"31682";"13.16";"Regadío";;;19/06/2024;;
"ES080C0106";"COMUNIDAD DE REGANTES ALTEA LA VIEJA";"G03654449";"JUCAR";"SI";"NO";"NO";"NO";"NO";"NO";"ALGAR, RIO; GARROFERETS, BARRANC DELS";"0";"1285022";"338.52";"Regadío";;;19/06/2024;;
"ES080C0107";"COMUNIDAD DE REGANTES ALTO PALANCIA DE BEJIS";"G12229571";"JUCAR";"SI";"SI";"NO";"NO";"NO";"NO";"; PALANCIA, RIO;14.02 - Transversal de Bejís";"0";"829972";"145.1";"Regadío";;;19/06/2024;;
"ES080C0107";"COMUNIDAD DE REGANTES ALTO PALANCIA DE BEJIS";"G12229571";"JUCAR";"SI";"SI";"NO";"NO";"NO";"NO";"; PALANCIA, RIO;14.02 - Transversal de Bejís";"0";"829972";"145.1";"OTROS USOS";;;19/06/2024;;
"ES080C0108";"COMUNIDAD DE REGANTES ALTURA";"G12052312";"JUCAR";"SI";"SI";"NO";"NO";"NO";"NO";"FUENTE DE LA ESPERANZA, CUENCA DEL; GAIBIEL, RIO DE";"0";"3764979";"558.07";"Uso destinado al abastecimiento de núcleos urbanos";;;19/06/2024;;
"ES080C0108";"COMUNIDAD DE REGANTES ALTURA";"G12052312";"JUCAR";"SI";"SI";"NO";"NO";"NO";"NO";"FUENTE DE LA ESPERANZA, CUENCA DEL; GAIBIEL, RIO DE";"0";"3764979";"558.07";"Regadío";;;19/06/2024;;
"ES080C0108";"COMUNIDAD DE REGANTES ALTURA";"G12052312";"JUCAR";"SI";"SI";"NO";"NO";"NO";"NO";"FUENTE DE LA ESPERANZA, CUENCA DEL; GAIBIEL, RIO DE";"0";"3764979";"558.07";"Ganadería";;;19/06/2024;;
"ES080C0108";"COMUNIDAD DE REGANTES ALTURA";"G12052312";"JUCAR";"SI";"SI";"NO";"NO";"NO";"NO";"FUENTE DE LA ESPERANZA, CUENCA DEL; GAIBIEL, RIO DE";"0";"3764979";"558.07";"OTROS USOS";;;19/06/2024;;
"ES080C0109";"COMUNIDAD DE REGANTES ARBONA SAENZ DE JUANO";"G98919558";"JUCAR";"NO";"SI";"NO";"NO";"NO";"NO";"80153 MARCHUQUERA - FALCONERA";"0";"66316";"13.8";"Regadío";;;19/06/2024;;
"ES080C0110";"COMUNIDAD DE REGANTES ARCOS DE LAS SALINAS";"G08032021";"JUCAR";"SI";"NO";"NO";"NO";"NO";"NO";"ARCOS, RBLA. DE";"0";"522287";"93.5";"Regadío";"Arcos de las Salinas";"TERUEL";19/06/2024;;
"ES080C0111";"COMUNIDAD DE REGANTES ARGUISUELAS DE SAN JORGE (EN FORMACION)";;"JUCAR";"SI";"NO";"NO";"NO";"NO";"NO";"LA FONT DE LA PARRA, BARRANC DE";"0";"18900";"6.16";"Regadío";"Arguisuelas";"CUENCA";19/06/2024;;
"ES080C0112";"COMUNIDAD DE REGANTES ARTANA";"G12050134";"JUCAR";"SI";"SI";"NO";"NO";"NO";"NO";"CASTRO, BARRANCO DE;13.04 - Ahín-Villavieja";"0";"1808289";"370";"Regadío";;;19/06/2024;;
"ES080C0113";"COMUNIDAD DE REGANTES ASER MORENO";"G02563732";"JUCAR";"NO";"SI";"NO";"NO";"NO";"NO";;"0";"283500";"60.95";"Regadío";"Madrid";"MADRID";19/06/2024;;
"ES080C0114";"COMUNIDAD DE REGANTES ASTURIAS DE PEDRO IZQUIERDO DE MOYA";"G16210213";"JUCAR";"NO";"SI";"NO";"NO";"NO";"NO";"15.04 - Landete-Garavalla; S.I. - S.I. - 1";"0";"107212";"19.49";"Regadío";"Moya";"CUENCA";19/06/2024;;
"ES080C0115";"COMUNIDAD DE REGANTES AYODAR";"G12224721";"JUCAR";"SI";"NO";"NO";"NO";"NO";"NO";"AYODAR, RIO DE; ROGER, BCO.";"0";"194541";"35.37";"Regadío";;;19/06/2024;;
"ES080C0116";"COMUNIDAD DE REGANTES AZUD DE ALMISERAT";;"JUCAR";"SI";"NO";"NO";"NO";"NO";"NO";"PINET, RIU DE";"0";"52522";"9.46";"Regadío";;;19/06/2024;;
"ES080C0117";"COMUNIDAD DE REGANTES AZUD DE LA MURTERA DE SELLA";"G03915550";"JUCAR";"SI";"NO";"NO";"NO";"NO";"NO";"SELLA, RIO";"0";"79200";"19.8";"Regadío";;;19/06/2024;;
"ES080C0118";"COMUNIDAD DE REGANTES AZUD DE LOS MOROS";"G03255395";"JUCAR";"NO";"NO";"NO";"SI";"NO";"NO";"EDAR DE ALGOROS";"0";"1513250";"716";"Regadío";;;19/06/2024;;
"ES080C0119";"COMUNIDAD DE REGANTES AZUD DE RETURA SAGNON (EN FORMACION)";;"JUCAR";"SI";"NO";"NO";"NO";"NO";"NO";"SELLA, RIO";"0";"63481";"11";"Regadío";;;19/06/2024;;
"ES080C0120";"COMUNIDAD DE REGANTES AZUD DEL TOLL DEL MOLI ALMUSENT";"G03596822";"JUCAR";"SI";"NO";"NO";"NO";"NO";"NO";"SELLA, RIO";"0";"87900";"21.98";"Regadío";;;19/06/2024;;
"ES080C0121";"COMUNIDAD DE REGANTES AZUD FONT NICOLAU";;"JUCAR";"SI";"NO";"NO";"NO";"NO";"NO";"TAGARINA, BCO. DE";"0";"6848";"1.6";"Regadío";;;19/06/2024;;
"ES080C0122";"COMUNIDAD DE REGANTES AZUD HORTA DE IRLES";"G54197264";"JUCAR";"SI";"NO";"NO";"NO";"NO";"NO";"ARCO, BCO. DEL";"0";"9708";"1.35";"Regadío";;;19/06/2024;;
"ES080C0123";"COMUNIDAD DE REGANTES AZUD SANTA ANA";;"JUCAR";"SI";"NO";"NO";"NO";"NO";"NO";"ARCH, BCO. DEL";"0";"48000";"12";"Regadío";;;19/06/2024;;
"ES080C0124";"COMUNIDAD DE REGANTES AZUEBAR";"V12572723";"JUCAR";"SI";"SI";"NO";"NO";"NO";"NO";"80130 MEDIO PALANCIA";"0";"228073";"170.79";"Regadío";;;19/06/2024;;
"ES080C0125";"COMUNIDAD DE REGANTES BALAZOTE LA HERRERA";"G02144913";"JUCAR";"SI";"NO";"NO";"NO";"NO";"NO";"ALAMEDA,RIO; ALAMEDAS; BALAZOTE, RIO; JARDIN O DON JUAN, RIO DEL";"0";"34061819";"5605.19";"Regadío";"Balazote";"ALBACETE";19/06/2024;;
"ES080C0126";"COMUNIDAD DE REGANTES BALLESTAR";"G12730677";"JUCAR";"SI";"NO";"NO";"NO";"NO";"NO";"CENIA, RIO";"0";"81586";"15.54";"Regadío";;"TARRAGONA";19/06/2024;;
"ES080C0127";"COMUNIDAD DE REGANTES BALSA D´AMET";"G12420493";"JUCAR";"NO";"SI";"NO";"NO";"NO";"NO";;"0";"720000";"242.82";"Regadío";;;19/06/2024;;
"ES080C0128";"COMUNIDAD DE REGANTES BALSA DE MARTI";"V54419387";"JUCAR";"SI";"NO";"NO";"NO";"NO";"NO";"GUADALEST, RIO";"0";"7087";"1.18";"Regadío";;;19/06/2024;;
"ES080C0129";"COMUNIDAD DE REGANTES BARDAL DE ROQUE";"G02603702";"JUCAR";"NO";"SI";"NO";"NO";"NO";"NO";;"0";"317100";"70.16";"Regadío";;"ALBACETE";19/06/2024;;
"ES080C0130";"COMUNIDAD DE REGANTES BARRANCO DE LA CHUNDA DE BUFALI";"G46965471";"JUCAR";"SI";"NO";"NO";"NO";"NO";"NO";"JUCAR, RIO";"0";"144810";"26.21";"Regadío";;;19/06/2024;;
"ES080C0131";"COMUNIDAD DE REGANTES BARRANCO DE LA TOSQUILLA";;"JUCAR";"SI";"NO";"NO";"NO";"NO";"NO";"TOSQUILLAS, BCO. DE";"0";"57671";"10";"Regadío";"Mora de Rubielos";"TERUEL";19/06/2024;;
"ES080C0132";"COMUNIDAD DE REGANTES BARRANCO DE LAS OVEJAS";;"JUCAR";"SI";"NO";"NO";"NO";"NO";"NO";"OVEJAS, BCO. DE LAS";"0";"82831";"14.89";"Regadío";;;19/06/2024;;
"ES080C0133";"COMUNIDAD DE REGANTES BARRANCO DEL AGUA";;"JUCAR";"SI";"NO";"NO";"NO";"NO";"NO";;"0";"955.2";"0.16";"Regadío";;;19/06/2024;;
"ES080C0134";"COMUNIDAD DE REGANTES BARRANCO DEL SEÑOR DE LLAURI";"G97717763";"JUCAR";"NO";"SI";"NO";"NO";"NO";"NO";"25.01 - Plana de Valencia (Norte y Sur)";"0";"123140";"26.6";"Regadío";;;19/06/2024;;
"ES080C0135";"COMUNIDAD DE REGANTES BARRANCO LA CANALETA";"G12855805";"JUCAR";"SI";"NO";"NO";"NO";"NO";"NO";"CANALETA, BCO. DE LA";"0";"1302";"0.23";"Regadío";;;19/06/2024;;
"ES080C0136";"COMUNIDAD DE REGANTES BARXETA";"G96877352";"JUCAR";"NO";"SI";"NO";"NO";"NO";"NO";"32.07 - Sierra Grossa";"0";"1775390";"393.41";"Uso destinado al abastecimiento de núcleos urbanos";;;19/06/2024;;
"ES080C0136";"COMUNIDAD DE REGANTES BARXETA";"G96877352";"JUCAR";"NO";"SI";"NO";"NO";"NO";"NO";"32.07 - Sierra Grossa";"0";"1775390";"393.41";"Regadío";;;19/06/2024;;
"ES080C0137";"COMUNIDAD DE REGANTES BASSA DE LA MATA";"G54165402";"JUCAR";"SI";"NO";"NO";"NO";"NO";"NO";;"0";"7500";"6";"Regadío";;;19/06/2024;;
"ES080C0138";"COMUNIDAD DE REGANTES BASSA DE L'ALGODA";"G54772389";"JUCAR";"SI";"NO";"NO";"NO";"NO";"NO";"28.03 RÍO ALGAR: RÍO GUADALEST - MAR";"0";"18213";"3.83";"Regadío";;;19/06/2024;;
"ES080C0139";"COMUNIDAD DE REGANTES BASSA DE PERES";;"JUCAR";"NO";"SI";"NO";"NO";"NO";"NO";"32.06 - Marchuquera-Falconera";"0";"55968";"11.66";"Regadío";;;19/06/2024;;
"ES080C0140";"COMUNIDAD DE REGANTES BASSA DEL CARRASCAR";"G54641147";"JUCAR";"SI";"NO";"NO";"NO";"NO";"NO";;"0";"41671.14";"4.67";"Regadío";;;19/06/2024;;
"ES080C0141";"COMUNIDAD DE REGANTES BASSA PASTOR";"G96400627";"JUCAR";"SI";"NO";"NO";"NO";"NO";"NO";"MORO, BARRANCO DEL";"0";"33000";"5.5";"Regadío";;;19/06/2024;;
"ES080C0142";"COMUNIDAD DE REGANTES BASSETES Y MICAIRENT";"G96498381";"JUCAR";"SI";"SI";"NO";"NO";"NO";"NO";"BARCHELL, RIO;37.02 - Terrateig";"0";"431340";"79.7";"Uso destinado al abastecimiento de núcleos urbanos";;;19/06/2024;;
"ES080C0142";"COMUNIDAD DE REGANTES BASSETES Y MICAIRENT";"G96498381";"JUCAR";"SI";"SI";"NO";"NO";"NO";"NO";"BARCHELL, RIO;37.02 - Terrateig";"0";"431340";"79.7";"Regadío";;;19/06/2024;;
"ES080C0143";"COMUNIDAD DE REGANTES BAUTISTA VILLORA";"G02583029";"JUCAR";"NO";"SI";"NO";"NO";"NO";"NO";;"0";"200600";"53.67";"Regadío";;"ALBACETE";19/06/2024;;
"ES080C0144";"COMUNIDAD DE REGANTES BEAMUD";"G16179624";"JUCAR";"SI";"NO";"NO";"NO";"NO";"NO";"; HONTANARES, VALLEJO DE";"0";"42075";"7.15";"Regadío";"Beamud";"CUENCA";19/06/2024;;
"ES080C0145";"COMUNIDAD DE REGANTES BENAFER";"G12096418";"JUCAR";"SI";"NO";"NO";"NO";"NO";"NO";"MANANTIAL FUENSANTA, CUENCA";"0";"520600";"76";"Regadío";;;19/06/2024;;
"ES080C0146";"COMUNIDAD DE REGANTES BENIASENT - ALGARS";"G53834545";"JUCAR";"SI";"NO";"NO";"SI";"NO";"NO";"21.03 RÍO SERPIS: EDAR ALCOY - E. BENIARRÉS;EDAR DELS ALGARS - ALCOI";"0";"660328";"61.15";"Regadío";;;19/06/2024;;
"ES080C0147";"COMUNIDAD DE REGANTES BENIHOME-ILLETES";"G03373974";"JUCAR";"SI";"NO";"NO";"NO";"NO";"NO";"ALCALA, BARRANCO DE";"0";"317600";"48";"Regadío";;;19/06/2024;;
"ES080C0148";"COMUNIDAD DE REGANTES BENIMELI";"H53071304";"JUCAR";"NO";"SI";"NO";"NO";"NO";"NO";;"0";"35876";"77.62";"Regadío";;;19/06/2024;;
"ES080C0149";"COMUNIDAD DE REGANTES BENITAER";"G53215083";"JUCAR";"SI";"NO";"NO";"NO";"NO";"NO";"FONTANELLES, BARRANC DE";"0";"149000";"23.65";"Regadío";;;19/06/2024;;
"ES080C0150";"COMUNIDAD DE REGANTES BETERA CANAL PRINCIPAL DEL CAMPO DEL TURIA SECTOR XV";"G46212247";"JUCAR";"SI";"NO";"NO";"NO";"NO";"NO";"; TURIA, RIO";"0";"34000000";"9094";"Regadío";;;19/06/2024;;
"ES080C0150";"COMUNIDAD DE REGANTES BETERA CANAL PRINCIPAL DEL CAMPO DEL TURIA SECTOR XV";"G46212247";"JUCAR";"SI";"NO";"NO";"NO";"NO";"NO";"; TURIA, RIO";"0";"34000000";"9094";"Ganadería";;;19/06/2024;;
"ES080C0151";"COMUNIDAD DE REGANTES BETILLA Y PLA DE ALJORF DE ALBAIDA";"G46826400";"JUCAR";"SI";"SI";"NO";"NO";"NO";"NO";;"0";"82754.2";"21.22";"Regadío";;;19/06/2024;;
"ES080C0152";"COMUNIDAD DE REGANTES BETXI";"G12083481";"JUCAR";"SI";"NO";"NO";"NO";"NO";"NO";"FONTANAR O DE LA FOS, BARRANC DEL";"0";"1823336";"309.04";"Regadío";;;19/06/2024;;
"ES080C0153";"COMUNIDAD DE REGANTES BICORP";"G96046123";"JUCAR";"NO";"SI";"NO";"NO";"NO";"NO";"27.07 - Bicorp";"0";"56644";"44.01";"Regadío";;;19/06/2024;;
"ES080C0154";"COMUNIDAD DE REGANTES BISCOI NOU";"G05466255";"JUCAR";"NO";"SI";"NO";"NO";"NO";"NO";"80175 HOYA DE CASTALLA";"0";"106352";"52.55";"Uso destinado al abastecimiento de núcleos urbanos";;;19/06/2024;;
"ES080C0154";"COMUNIDAD DE REGANTES BISCOI NOU";"G05466255";"JUCAR";"NO";"SI";"NO";"NO";"NO";"NO";"80175 HOYA DE CASTALLA";"0";"106352";"52.55";"Regadío";;;19/06/2024;;
"ES080C0155";"COMUNIDAD DE REGANTES BLAZQUEZ LLAMAS";"G02563294";"JUCAR";"NO";"SI";"NO";"NO";"NO";"NO";;"0";"28600";"5.4";"Regadío";"Albacete";"ALBACETE";19/06/2024;;
"ES080C0156";"COMUNIDAD DE REGANTES BOCA AZUL DE CASAS DEL RIO";"G46335832";"JUCAR";"SI";"NO";"NO";"NO";"NO";"NO";"; CABRIEL, RIO";"0";"349830";"58.3";"Regadío";;;19/06/2024;;
"ES080C0157";"COMUNIDAD DE REGANTES BORMATE";"G42819326";"JUCAR";"NO";"SI";"NO";"NO";"NO";"NO";"80129 MANCHA ORIENTAL";"0";"1862900";"318.43";"Regadío";"Mahora";"ALBACETE";19/06/2024;;
"ES080C0158";"COMUNIDAD DE REGANTES BRAS DE LA PLAZA Y BORRIQUILLO";"G97042360";"JUCAR";"NO";"SI";"NO";"NO";"NO";"NO";"25.01 - Plana de Valencia (Norte y Sur)";"0";"1001";"22.17";"Regadío";;;19/06/2024;;
"ES080C0159";"COMUNIDAD DE REGANTES BRAZAL NUEVO DEL CASTELLET";"G46196457";"JUCAR";"NO";"SI";"NO";"NO";"NO";"NO";"25.01 - Plana de Valencia (Norte y Sur)";"0";"449847";"80.87";"Regadío";;;19/06/2024;;
"ES080C0160";"COMUNIDAD DE REGANTES BUCHACAS";"G02588036";"JUCAR";"NO";"SI";"NO";"NO";"NO";"NO";;"0";"515600";"131.86";"Regadío";"Albacete";"ALBACETE";19/06/2024;;
"ES080C0161";"COMUNIDAD DE REGANTES BUGARRA";"G46414835";"JUCAR";"SI";"NO";"NO";"NO";"NO";"NO";"TURIA, RIO";"0";"322532";"58.26";"Regadío";;;19/06/2024;;
"ES080C0162";"COMUNIDAD DE REGANTES BUÑOL";"G46965174";"JUCAR";"SI";"SI";"NO";"NO";"NO";"NO";"BUÑOL, RIO; JUANES, RIO; RIPOLL, BARRANCO DE; TEJERIA, BCO. DE LA (BUÑOL, RIO);23.11 - Godelleta";"0";"1119479";"225.23";"Regadío";;;19/06/2024;;
"ES080C0163";"COMUNIDAD DE REGANTES BURRIANA";"Q1267005E";"JUCAR";"SI";"SI";"NO";"NO";"NO";"NO";"MIJARES, RIO";"0";"27301001";"6832.79";"Regadío";;;19/06/2024;;
"ES080C0164";"COMUNIDAD DE REGANTES CABRA DE MORA";"E44180073";"JUCAR";"SI";"NO";"NO";"NO";"NO";"NO";"ALCALA, RIO";"0";"212228";"49.08";"Regadío";"Cabra de Mora";"TERUEL";19/06/2024;;
"ES080C0165";"COMUNIDAD DE REGANTES CAL RUBEN";"G43527183";"JUCAR";"NO";"SI";"NO";"NO";"NO";"NO";"07.01 - Maestrazgo - 1";"0";"100000";"23.65";"Regadío";"Alcanar";"TARRAGONA";19/06/2024;;
"ES080C0166";"COMUNIDAD DE REGANTES CALDERON PIQUERAS";"G02977494";"JUCAR";"NO";"SI";"NO";"NO";"NO";"NO";"80129 MANCHA ORIENTAL";"0";"652100";"137.4";"Regadío";"Barrax";"ALBACETE";19/06/2024;;
"ES080C0167";"COMUNIDAD DE REGANTES CALIG-SANT JORDI";"G44513372";"JUCAR";"NO";"SI";"NO";"NO";"NO";"NO";;"0";"468666";"113.56";"Regadío";;;19/06/2024;;
"ES080C0168";"COMUNIDAD DE REGANTES CALLES";"G46198636";"JUCAR";"SI";"NO";"NO";"NO";"NO";"NO";"TUEJAR, RIO";"0";"2407539";"421.27";"Regadío";;;19/06/2024;;
"ES080C0169";"COMUNIDAD DE REGANTES CALOMARDE";"G44245157";"JUCAR";"SI";"NO";"NO";"NO";"NO";"NO";"FUENTE DEL BERRO, RIO";"0";"210439";"38.53";"Regadío";"Calomarde";"TERUEL";19/06/2024;;
"ES080C0170";"COMUNIDAD DE REGANTES CAMARENA DE LA SIERRA";"G08037235";"JUCAR";"SI";"NO";"NO";"NO";"NO";"NO";"CAMARENA, RIO; CAMARENA, RIO DE; FUENTE DEL PERAL, CUENCA";"0";"464429";"80.53";"Regadío";"Camarena de la Sierra";"TERUEL";19/06/2024;;
"ES080C0171";"COMUNIDAD DE REGANTES CAMBRONERO GOMEZ";"G06962732";"JUCAR";"NO";"SI";"NO";"NO";"NO";"NO";"80129 MANCHA ORIENTAL";"0";"19400";"52.15";"Regadío";"Abengibre";"ALBACETE";19/06/2024;;
"ES080C0172";"COMUNIDAD DE REGANTES CAMI DE LES VALLS";"G46702460";"JUCAR";"NO";"SI";"NO";"NO";"NO";"NO";"21.01 - Sagunto";"0";"374400";"54.17";"Regadío";;;19/06/2024;;
"ES080C0173";"COMUNIDAD DE REGANTES CAMP DE LLUTXENT";"G97149249";"JUCAR";"NO";"SI";"NO";"NO";"NO";"NO";"32.07 - Sierra Grossa; 32.08 - Ollería-Benigánim; 80155 VALLE DE ALBAIDA; 80156 SIERRA GROSSA";"0";"5742069";"1310.19";"Regadío";;;19/06/2024;;
"ES080C0173";"COMUNIDAD DE REGANTES CAMP DE LLUTXENT";"G97149249";"JUCAR";"NO";"SI";"NO";"NO";"NO";"NO";"32.07 - Sierra Grossa; 32.08 - Ollería-Benigánim; 80155 VALLE DE ALBAIDA; 80156 SIERRA GROSSA";"0";"5742069";"1310.19";"OTROS USOS";;;19/06/2024;;
"ES080C0174";"COMUNIDAD DE REGANTES CAMP DE MARI";"G12274973";"JUCAR";"NO";"SI";"NO";"NO";"NO";"NO";"80107 PLANA DE VINAROZ";"0";"89961";"20.39";"Regadío";;;19/06/2024;;
"ES080C0175";"COMUNIDAD DE REGANTES CAMPO ARCIS DE REQUENA";"G46348934";"JUCAR";"SI";"SI";"NO";"SI";"NO";"NO";"18.32.01.02 RÍO MAGRO: RÍO MADRE - VEGA DE LA TORRE; MAGRO, RIO;80133 REQUENA - UTIEL;EDAR SAN BENEDETTO";"0";"6408902";"4492.49";"Regadío";;;19/06/2024;;
"ES080C0176";"COMUNIDAD DE REGANTES CAMPO DE PINA";"G44777225";"JUCAR";"NO";"SI";"NO";"NO";"NO";"NO";"80124 SIERRA DEL TORO";"0";"14580";"14.58";"Regadío";;;19/06/2024;;
"ES080C0177";"COMUNIDAD DE REGANTES CANAL BAJO DEL ALGAR";"V03212693";"JUCAR";"SI";"NO";"NO";"SI";"NO";"NO";"ALGAR, RIO;EDAR BENIDORM";"0";"7212369";"2442.25";"Regadío";;;19/06/2024;;
"ES080C0178";"COMUNIDAD DE REGANTES CANAL COTA 100 MARGEN DERECHA RIO MIJARES";"Q1267004H";"JUCAR";"SI";"NO";"NO";"NO";"NO";"NO";"MIJARES, RIO";"0";"18498300";"5762.57";"Regadío";;;19/06/2024;;
"ES080C0179";"COMUNIDAD DE REGANTES CANAL COTA 220 ONDA";"G12067377";"JUCAR";"SI";"NO";"NO";"NO";"NO";"NO";"MIJARES, RIO (MAGRO, RIO)";"0";"11200000";"3480";"Regadío";;;19/06/2024;;
"ES080C0180";"COMUNIDAD DE REGANTES CANAL DE RIEGO DEL RIO TURIA";"G46086351";"JUCAR";"SI";"NO";"NO";"SI";"NO";"NO";"E.D.A.R. PINEDO 2";"0";"32200000";"1212.4";"Regadío";;;19/06/2024;;
"ES080C0181";"COMUNIDAD DE REGANTES CANAL EMBALSE DE FORATA DE MONTSERRAT";"Q4667044D";"JUCAR";"SI";"SI";"NO";"NO";"NO";"NO";"80140 BUÑOL - CHESTE";"0";"1105662";"266.78";"Regadío";;;19/06/2024;;
"ES080C0182";"COMUNIDAD DE REGANTES CANAL JUCAR-TURIA MARGEN DERECHA SECTOR I LOS TOLLOS DE TOUS";"G46921698";"JUCAR";"SI";"NO";"NO";"NO";"NO";"NO";"JUCAR, RIO";"0";"7480000";"1331.96";"Regadío";;;19/06/2024;;
"ES080C0183";"COMUNIDAD DE REGANTES CANAL JUCAR-TURIA MARGEN DERECHA SECTOR IX DE BENIFAYO";"G46195509";"JUCAR";"SI";"NO";"NO";"NO";"NO";"NO";"JUCAR, RIO";"0";"2810000";"525.79";"Regadío";;;19/06/2024;;
"ES080C0184";"COMUNIDAD DE REGANTES CANAL JUCAR-TURIA MARGEN DERECHA SECTOR XI DE PICASSENT-ALCASSER";"G46647616";"JUCAR";"SI";"NO";"NO";"NO";"NO";"NO";"JUCAR, RIO";"0";"14480000";"2803.41";"Regadío";;;19/06/2024;;
"ES080C0185";"COMUNIDAD DE REGANTES CANAL JUCAR-TURIA MARGEN DERECHA SECTOR XII DE TORRENT";"G46441283";"JUCAR";"SI";"NO";"NO";"NO";"NO";"NO";"JUCAR, RIO";"0";"7390000";"2060.5";"Regadío";;;19/06/2024;;
"ES080C0186";"COMUNIDAD DE REGANTES CANAL JUCAR-TURIA MARGEN DERECHA SECTOR XIII DE ALDAIA";"G46416038";"JUCAR";"SI";"NO";"NO";"NO";"NO";"NO";"JUCAR, RIO";"0";"2967316";"663.68";"Regadío";;;19/06/2024;;
"ES080C0187";"COMUNIDAD DE REGANTES CANAL JUCAR-TURIA MARGEN IZQUIERDA SECTOR 2 CARLET";"G96916333";"JUCAR";"SI";"SI";"NO";"NO";"NO";"NO";;"0";"7959838";"1424.92";"Regadío";;;19/06/2024;;
"ES080C0188";"COMUNIDAD DE REGANTES CANAL JUCAR-TURIA MARGEN IZQUIERDA SECTOR 4 DE PICASSENT";"G96666888";"JUCAR";"SI";"SI";"NO";"NO";"NO";"NO";"80143 LA CONTIENDA";"0";"4905490";"2896.73";"Regadío";;;19/06/2024;;
"ES080C0189";"COMUNIDAD DE REGANTES CANAL JUCAR-TURIA MARGEN IZQUIERDA SECTOR 5 DE TORRENT";"G96854757";"JUCAR";"SI";"SI";"NO";"NO";"NO";"NO";"25.01 - Plana de Valencia (Norte y Sur)";"0";"5704973";"3087.45";"Regadío";;;19/06/2024;;
"ES080C0190";"COMUNIDAD DE REGANTES CANAL JUCAR-TURIA MARGEN IZQUIERDA SECTOR 6 DE ALDAIA";"G97115877";"JUCAR";"SI";"NO";"NO";"NO";"NO";"NO";;"0";"2918695";"1940.92";"Regadío";;;19/06/2024;;
"ES080C0191";"COMUNIDAD DE REGANTES CANAL PRINCIPAL LOSA DEL OBISPO";"G46568358";"JUCAR";"SI";"NO";"NO";"NO";"NO";"NO";;"0";"3000000";"425.09";"Regadío";;;19/06/2024;;
"ES080C0192";"COMUNIDAD DE REGANTES CANALES ALTOS DEL RIO SERPIS";"G46193066";"JUCAR";"SI";"NO";"NO";"NO";"NO";"NO";"ALCOY,RIO";"0";"10039395";"1808.9";"Regadío";;;19/06/2024;;
"ES080C0193";"COMUNIDAD DE REGANTES CANET D´EN BERENGUER";"G46695466";"JUCAR";"NO";"SI";"NO";"NO";"NO";"NO";"21.01 - Sagunto";"0";"361200";"164.41";"Regadío";;;19/06/2024;;
"ES080C0194";"COMUNIDAD DE REGANTES CARBONARIA Y CABALLERA";"G12534509";"JUCAR";"SI";"SI";"NO";"NO";"NO";"NO";"ANNA, RIO;13.01 - Onda";"0";"181878";"37.54";"Regadío";;;19/06/2024;;
"ES080C0195";"COMUNIDAD DE REGANTES CARDONA";"G54494695";"JUCAR";"SI";"NO";"NO";"NO";"NO";"NO";"GUADALEST, RIO";"0";"27583.4";"4.12";"Regadío";;;19/06/2024;;
"ES080C0196";"COMUNIDAD DE REGANTES CARRETERAS DE ARRIBA";"G02583003";"JUCAR";"NO";"SI";"NO";"NO";"NO";"NO";;"0";"1286400";"412.19";"Uso destinado a otros abastecimientos fuera de los núcleos urbanos";"Albacete";"ALBACETE";19/06/2024;;
"ES080C0196";"COMUNIDAD DE REGANTES CARRETERAS DE ARRIBA";"G02583003";"JUCAR";"NO";"SI";"NO";"NO";"NO";"NO";;"0";"1286400";"412.19";"Regadío";"Albacete";"ALBACETE";19/06/2024;;
"ES080C0197";"COMUNIDAD DE REGANTES CARRETERAS DEL OLMO";"G02560860";"JUCAR";"NO";"SI";"NO";"NO";"NO";"NO";;"0";"296600";"66.9";"Regadío";"Barrax";"ALBACETE";19/06/2024;;
"ES080C0198";"COMUNIDAD DE REGANTES CARRETERO MILLA";"G02588814";"JUCAR";"NO";"SI";"NO";"NO";"NO";"NO";"29.04 - Neógeno-Cuaternario detrítico - 1; 80129 MANCHA ORIENTAL";"0";"260600";"83.65";"Regadío";"Madrigueras";"ALBACETE";19/06/2024;;
"ES080C0199";"COMUNIDAD DE REGANTES CARTRUFCOL";"G02560829";"JUCAR";"NO";"SI";"NO";"NO";"NO";"NO";;"0";"88000";"22";"Regadío";"Carcelén";"ALBACETE";19/06/2024;;
"ES080C0200";"COMUNIDAD DE REGANTES CASA CHINORRO";"G42924290";"JUCAR";"NO";"SI";"NO";"NO";"NO";"NO";"80129 MANCHA ORIENTAL";"0";"37900";"23.17";"Regadío";;"ALBACETE";19/06/2024;;
"ES080C0201";"COMUNIDAD DE REGANTES CASA DE LA TIA MARIA";"G02560886";"JUCAR";"NO";"SI";"NO";"NO";"NO";"NO";;"0";"161800";"49.52";"Regadío";"Tarazona de la Mancha";"ALBACETE";19/06/2024;;
"ES080C0202";"COMUNIDAD DE REGANTES CASA DE LAS TORRES";"G02560647";"JUCAR";"NO";"SI";"NO";"NO";"NO";"NO";;"0";"387700";"96.91";"Regadío";"Albacete";"ALBACETE";19/06/2024;;
"ES080C0203";"COMUNIDAD DE REGANTES CASA DEL CONDE DE ALBAIDA";"G01907849";"JUCAR";"NO";"SI";"NO";"NO";"NO";"NO";"80155 VALLE DE ALBAIDA";"0";"145186";"60.26";"Regadío";;;19/06/2024;;
"ES080C0204";"COMUNIDAD DE REGANTES CASA HERRAEZ DE GODELLETA";"G98388978";"JUCAR";"SI";"SI";"NO";"NO";"NO";"NO";"MURTAL, BARRANCO DE;23.04 - Buñol-Cheste";"0";"54846";"9.97";"Regadío";;;19/06/2024;;
"ES080C0205";"COMUNIDAD DE REGANTES CASA JÁVEGA";"G02560902";"JUCAR";"NO";"SI";"NO";"NO";"NO";"NO";;"0";"365800";"88.21";"Regadío";;"ALBACETE";19/06/2024;;
"ES080C0206";"COMUNIDAD DE REGANTES CASA MORMAZ";"G02562254";"JUCAR";"NO";"SI";"NO";"NO";"NO";"NO";;"0";"408400";"85.1";"Regadío";"Barrax";"ALBACETE";19/06/2024;;
"ES080C0207";"COMUNIDAD DE REGANTES CASAS ALTAS";;"JUCAR";"SI";"NO";"NO";"NO";"NO";"NO";"TURIA, RIO";"0";"85841.55";"17.46";"Regadío";;;19/06/2024;;
"ES080C0208";"COMUNIDAD DE REGANTES CASAS BAJAS";"G46909404";"JUCAR";"SI";"NO";"NO";"NO";"NO";"NO";"TURIA, RIO";"0";"330032.19";"58.72";"Regadío";;;19/06/2024;;
"ES080C0209";"COMUNIDAD DE REGANTES CASAS DE GARCIMOLINA";"G16214280";"JUCAR";"SI";"NO";"NO";"NO";"NO";"NO";"ALGARRA, RIO";"0";"535636";"97.38";"Regadío";"Casas de Garcimolina";"CUENCA";19/06/2024;;
"ES080C0210";"COMUNIDAD DE REGANTES CASAS DEL RIO DE MACASTRE";"G46610044";"JUCAR";"SI";"NO";"NO";"NO";"NO";"NO";"MAGRO, RIO";"0";"90551";"14.26";"Regadío";;;19/06/2024;;
"ES080C0211";"COMUNIDAD DE REGANTES CASAS-ROSO";"V12899431";"JUCAR";"NO";"SI";"NO";"NO";"NO";"NO";;"0";"34581";"5.66";"Regadío";;;19/06/2024;;
"ES080C0212";"COMUNIDAD DE REGANTES CASCANTE DEL RIO";"G44247021";"JUCAR";"SI";"NO";"NO";"NO";"NO";"NO";"CAMARENA, RIO; CASCANTE, RIO";"0";"881211";"152.8";"Regadío";"Cascante del Río";"TERUEL";19/06/2024;;
"ES080C0213";"COMUNIDAD DE REGANTES CASICA DE OREA EL CANALILLO";"H02128809";"JUCAR";"NO";"SI";"NO";"NO";"NO";"NO";"29.03 - Neógeno carbonatado - 49";"0";"8500";"0.5";"Uso destinado al abastecimiento de núcleos urbanos";"Albacete";"ALBACETE";19/06/2024;;
"ES080C0213";"COMUNIDAD DE REGANTES CASICA DE OREA EL CANALILLO";"H02128809";"JUCAR";"NO";"SI";"NO";"NO";"NO";"NO";"29.03 - Neógeno carbonatado - 49";"0";"8500";"0.5";"Regadío";"Albacete";"ALBACETE";19/06/2024;;
"ES080C0214";"COMUNIDAD DE REGANTES CASINOS";"Q4667042H";"JUCAR";"SI";"SI";"NO";"NO";"NO";"NO";"; TURIA, RIO;80131 LIRIA - CASINOS";"0";"45971384";"10599.09";"Regadío";;;19/06/2024;;
"ES080C0215";"COMUNIDAD DE REGANTES CASIVAÑES";"E53212676";"JUCAR";"NO";"SI";"NO";"NO";"NO";"NO";"46.03 - Carrascal-Bernía";"0";"35000";"15";"Regadío";;;19/06/2024;;
"ES080C0216";"COMUNIDAD DE REGANTES CASTELLNOVO";"G12062451";"JUCAR";"SI";"SI";"NO";"NO";"NO";"NO";"AHIN, BCO. DE; BCO. DEL HOCINO (CUENCA DEL;14.03 - Jérica";"0";"1450370.92";"411.8";"Regadío";;;19/06/2024;;
"ES080C0217";"COMUNIDAD DE REGANTES CASTELLON";"Q1267001D";"JUCAR";"SI";"SI";"NO";"NO";"NO";"NO";"MIJARES, RIO;12.01 - Plana de Castellón";"0";"26668000";"6414.1";"Regadío";;;19/06/2024;;
"ES080C0218";"COMUNIDAD DE REGANTES CASTELLON DE RUGAT";"G96823158";"JUCAR";"SI";"NO";"NO";"NO";"NO";"NO";"BARRANCO Y FUENTE DEL CANTAL";"0";"201000";"30";"Regadío";;;19/06/2024;;
"ES080C0219";"COMUNIDAD DE REGANTES CAUDE, CONCUD Y MASIA DEL CHANTRE";"E44112688";"JUCAR";"SI";"NO";"NO";"NO";"NO";"NO";"CONCUD, BCO. DE";"0";"226041.14";"90.78";"Regadío";"Teruel";"TERUEL";19/06/2024;;
"ES080C0220";"COMUNIDAD DE REGANTES CEDRILLAS";"E44103596";"JUCAR";"SI";"NO";"NO";"NO";"NO";"NO";"MIJARES, RIO";"0";"37030";"10.69";"Regadío";"Cedrillas";"TERUEL";19/06/2024;;
"ES080C0221";"COMUNIDAD DE REGANTES CEMENTERI-AIXABEGO";"G96544408";"JUCAR";"NO";"SI";"NO";"NO";"NO";"NO";;"0";"34740";"5.79";"Regadío";;;19/06/2024;;
"ES080C0222";"COMUNIDAD DE REGANTES CHELVA";"G46562385";"JUCAR";"SI";"NO";"NO";"NO";"NO";"NO";"TUEJAR, RIO";"0";"2906551";"508.85";"Regadío";;;19/06/2024;;
"ES080C0223";"COMUNIDAD DE REGANTES CHINORLET";"G53415782";"JUCAR";"SI";"NO";"NO";"NO";"NO";"NO";"31.06 RÍO VINALOPÓ: BCO. DERRAMADOR - E. ELCHE";"0";"224000";"445.6";"Regadío";;;19/06/2024;;
"ES080C0224";"COMUNIDAD DE REGANTES CHIVA";"Q4667032I";"JUCAR";"NO";"SI";"NO";"NO";"NO";"NO";"80132 LAS SERRANÍAS";"0";"3823654";"1768";"Regadío";;;19/06/2024;;
"ES080C0225";"COMUNIDAD DE REGANTES CHOVAR";"G12853826";"JUCAR";"SI";"NO";"NO";"NO";"NO";"NO";"AZUEBAR, RBLA DE; CARBON, BARRANCO DEL";"0";"41278";"11.62";"Regadío";;;19/06/2024;;
"ES080C0226";"COMUNIDAD DE REGANTES CHULILLA";"G46727327";"JUCAR";"SI";"NO";"NO";"NO";"NO";"NO";"TURIA, RIO";"0";"854726.4";"120.38";"Regadío";;;19/06/2024;;
"ES080C0226";"COMUNIDAD DE REGANTES CHULILLA";"G46727327";"JUCAR";"SI";"NO";"NO";"NO";"NO";"NO";"TURIA, RIO";"0";"854726.4";"120.38";"Centrales hidroeléctricas";;;19/06/2024;;
"ES080C0226";"COMUNIDAD DE REGANTES CHULILLA";"G46727327";"JUCAR";"SI";"NO";"NO";"NO";"NO";"NO";"TURIA, RIO";"0";"854726.4";"120.38";"OTROS USOS";;;19/06/2024;;
"ES080C0227";"COMUNIDAD DE REGANTES CLAVELL 4";"G98506587";"JUCAR";"NO";"SI";"NO";"NO";"NO";"NO";;"0";"9844";"2.18";"Regadío";;;19/06/2024;;
"ES080C0228";"COMUNIDAD DE REGANTES COIG-ALGAR Y PINAR";"G03164225";"JUCAR";"SI";"NO";"NO";"NO";"NO";"NO";"ALGAR, RIO; BOLULLA, RIO";"0";"244852";"41.6";"Regadío";;;19/06/2024;;
"ES080C0229";"COMUNIDAD DE REGANTES COMA CARRASPOSA";"G46964185";"JUCAR";"NO";"SI";"NO";"NO";"NO";"NO";"28.12 - Santos";"0";"631896";"147";"Regadío";;;19/06/2024;;
"ES080C0230";"COMUNIDAD DE REGANTES COVA LA PEDRA";"G98778665";"JUCAR";"NO";"NO";"NO";"SI";"NO";"NO";"EDAR DE ALBAIDA";"0";"954865";"246.61";"Regadío";;;19/06/2024;;
"ES080C0231";"COMUNIDAD DE REGANTES CRUZ DE BORREGO";"F02021186";"JUCAR";"NO";"SI";"NO";"NO";"NO";"NO";;"0";"332800";"56.89";"Regadío";"Mahora";"ALBACETE";19/06/2024;;
"ES080C0232";"COMUNIDAD DE REGANTES CUARTONS";"G12045373";"JUCAR";"NO";"SI";"NO";"NO";"NO";"NO";"80127 PLANA DE CASTELLÓN";"0";"40000";"8.56";"Regadío";;;19/06/2024;;
"ES080C0233";"COMUNIDAD DE REGANTES CULLERA";"Q4667010E";"JUCAR";"SI";"NO";"NO";"NO";"NO";"NO";"JUCAR, RIO";"0";"62820001";"4238.42";"Regadío";;;19/06/2024;;
"ES080C0234";"COMUNIDAD DE REGANTES CUMOL";;"JUCAR";"SI";"NO";"NO";"NO";"NO";"NO";"JUCAR, RIO";"0";"296951";"54.47";"Regadío";;;19/06/2024;;
"ES080C0235";"COMUNIDAD DE REGANTES DE L' HORTA DE DALT-MURTERAL";"G09662388";"JUCAR";"SI";"NO";"NO";"NO";"NO";"NO";;"0";"530";"0.1";"Regadío";;;19/06/2024;;
"ES080C0236";"COMUNIDAD DE REGANTES DE LA ACEQUIA COMUN DE CARLET";"G46152716";"JUCAR";"SI";"NO";"NO";"NO";"NO";"NO";"JUCAR, RIO";"0";"8260000";"1367.15";"Regadío";;;19/06/2024;;
"ES080C0237";"COMUNIDAD DE REGANTES DE LA BALSA DE LA FUENTE PUBLICA";"V46562633";"JUCAR";"SI";"NO";"NO";"NO";"NO";"NO";"RUGLO, RAMBLA DEL";"0";"170250";"30";"Regadío";;;19/06/2024;;
"ES080C0238";"COMUNIDAD DE REGANTES DE LA POBLA DEL DUC";"G96827142";"JUCAR";"NO";"SI";"NO";"NO";"NO";"NO";;"0";"1969805";"380";"Regadío";;;19/06/2024;;
"ES080C0239";"COMUNIDAD DE REGANTES DE LA SEQUIA DE RONDA DE CALLOSA D´EN SARRIA";"G03514551";"JUCAR";"SI";"NO";"NO";"NO";"NO";"NO";"ALGAR, RIO";"0";"145166";"24.66";"Regadío";;;19/06/2024;;
"ES080C0240";"COMUNIDAD DE REGANTES DE LA TEJERIA DE SAN AGUSTIN";;"JUCAR";"SI";"NO";"NO";"NO";"NO";"NO";"MAIMONA, RBLA. DE";"0";"5766";"1";"Regadío";"San Agustín";"TERUEL";19/06/2024;;
"ES080C0241";"COMUNIDAD DE REGANTES DE LAS HOCES DEL EBRON";"G01624188";"JUCAR";"SI";"NO";"NO";"NO";"NO";"NO";"15.06.02.01 RÍO EBRÓN";"0";"522299";"107.23";"Regadío";;;19/06/2024;;
"ES080C0242";"COMUNIDAD DE REGANTES DE LAS PARCELAS 58 Y 121 DEL POLIGONO 33 DEL TERMINO MUNICIPAL DE VILLAGORDO DEL JÚCAR (ALBACETE) (EN FORMACION)";"G02527943";"JUCAR";"SI";"NO";"NO";"NO";"NO";"NO";"JUCAR, RIO";"0";"10100";"1.68";"Regadío";"Villalgordo del Júcar";"ALBACETE";19/06/2024;;
"ES080C0243";"COMUNIDAD DE REGANTES DE LOS MANANTIALES DE VILLATOYA";"V02555209";"JUCAR";"SI";"NO";"NO";"NO";"NO";"NO";;"0";"654498.1";"111.88";"Regadío";"Villatoya";"ALBACETE";19/06/2024;;
"ES080C0244";"COMUNIDAD DE REGANTES DE REQUENA";"G40595118";"JUCAR";"NO";"SI";"NO";"NO";"NO";"NO";"80133 REQUENA - UTIEL";"0";"165224";"26.77";"Regadío";;;19/06/2024;;
"ES080C0245";"COMUNIDAD DE REGANTES DE ROTOVA";"G40513194";"JUCAR";"NO";"SI";"NO";"NO";"NO";"NO";"80153 MARCHUQUERA - FALCONERA";"0";"369630";"66.6";"Regadío";;;19/06/2024;;
"ES080C0246";"COMUNIDAD DE REGANTES DE SANTA QUITERIA DE CAMPILLOS-PARAVIENTOS";"G16280661";"JUCAR";"SI";"SI";"NO";"NO";"NO";"NO";"18.21.01.07.02.01 RÍO OJOS DE MOYA: CABECERA - BCO. SIERRA DEL AGUA;80122 VALLANCA";"0";"4630";"4.63";"Regadío";"Campillos-Paravientos";"CUENCA";19/06/2024;;
"ES080C0247";"COMUNIDAD DE REGANTES DE TEJADILLOS";"G16220741";"JUCAR";"SI";"NO";"NO";"NO";"NO";"NO";"TEJADILLOS, RIO";"0";"69347";"19.64";"Regadío";"Tejadillos";"CUENCA";19/06/2024;;
"ES080C0248";"COMUNIDAD DE REGANTES DE TERUEL";"G44005650";"JUCAR";"SI";"NO";"NO";"NO";"NO";"NO";"ALFAMBRA, RIO; GUADALAVIAR, RIO; TURIA O GUADALAVIAR, RIO; TURIA, RIO";"0";"7850505";"1408.23";"Regadío";"Teruel";"TERUEL";19/06/2024;;
"ES080C0248";"COMUNIDAD DE REGANTES DE TERUEL";"G44005650";"JUCAR";"SI";"NO";"NO";"NO";"NO";"NO";"ALFAMBRA, RIO; GUADALAVIAR, RIO; TURIA O GUADALAVIAR, RIO; TURIA, RIO";"0";"7850505";"1408.23";"Centrales hidroeléctricas";"Teruel";"TERUEL";19/06/2024;;
"ES080C0249";"COMUNIDAD DE REGANTES DE ULLDECONA";"Q4367119G";"JUCAR";"SI";"NO";"NO";"NO";"NO";"NO";"01.02 E. ULLDECONA; 01.03 RÍO CENIA: E. ULLDECONA - LA SÉNIA; 01.04 RÍO CENIA: LA SÉNIA - AC. FOIES";"0";"7261632";"2528.21";"Regadío";"Ulldecona";"TARRAGONA";19/06/2024;;
"ES080C0249";"COMUNIDAD DE REGANTES DE ULLDECONA";"Q4367119G";"JUCAR";"SI";"NO";"NO";"NO";"NO";"NO";"01.02 E. ULLDECONA; 01.03 RÍO CENIA: E. ULLDECONA - LA SÉNIA; 01.04 RÍO CENIA: LA SÉNIA - AC. FOIES";"0";"7261632";"2528.21";"Centrales hidroeléctricas";"Ulldecona";"TARRAGONA";19/06/2024;;
"ES080C0250";"COMUNIDAD DE REGANTES DE VILLASTAR";"E44023836";"JUCAR";"SI";"NO";"NO";"NO";"NO";"NO";"GUADALAVIAR, RIO; TURIA, RIO";"0";"2987028";"517.07";"Regadío";"Villastar";"TERUEL";19/06/2024;;
"ES080C0251";"COMUNIDAD DE REGANTES DEHESA";"G10835601";"JUCAR";"NO";"SI";"NO";"NO";"NO";"NO";"80124 SIERRA DEL TORO";"0";"12511";"12.51";"Regadío";;;19/06/2024;;
"ES080C0252";"COMUNIDAD DE REGANTES DEHESA DE LOS ARROYOS";"G16178048";"JUCAR";"SI";"NO";"NO";"NO";"NO";"NO";"HOCINO, ARROYO DEL; SAN MARTIN, RIO";"0";"897388.5";"161.76";"Regadío";"Villar de Olalla";"CUENCA";19/06/2024;;
"ES080C0253";"COMUNIDAD DE REGANTES DEL BARRANC DE LA PENYA-ELS MOLINS DE VISTABELLA";"V12955423";"JUCAR";"SI";"NO";"NO";"NO";"NO";"NO";;"0";"18000";"4.54";"Regadío";;;19/06/2024;;
"ES080C0254";"COMUNIDAD DE REGANTES DEL CANAL DE LA POBLA DE VALLBONA";"G46413522";"JUCAR";"SI";"NO";"NO";"NO";"NO";"NO";;"0";"4250000";"1158.68";"Regadío";;;19/06/2024;;
"ES080C0255";"COMUNIDAD DE REGANTES DEL MAS DE CASA CARLES";"G54763461";"JUCAR";"NO";"SI";"NO";"NO";"NO";"NO";"80162 ALMIRANTE MUSTALLA";"0";"27523";"12.25";"Regadío";;;19/06/2024;;
"ES080C0256";"COMUNIDAD DE REGANTES DEL POU DEL TANCAT";"G72475015";"JUCAR";"NO";"SI";"NO";"NO";"NO";"NO";"80151 PLANA DE JARACO";"0";"67121";"15.25";"Regadío";;;19/06/2024;;
"ES080C0257";"COMUNIDAD DE REGANTES DEL POU DEL VENTORRILLO";"G40509994";"JUCAR";"NO";"SI";"NO";"NO";"NO";"NO";;"0";"64784";"11.55";"Regadío";;;19/06/2024;;
"ES080C0258";"COMUNIDAD DE REGANTES DEL POZO VIRGEN DE LOS DESAMPARADOS DE PEÑISCOLA";"G12078838";"JUCAR";"NO";"SI";"NO";"NO";"NO";"NO";"10.01 - Vinaroz-Peñíscola";"0";"613431";"97.37";"Regadío";;;19/06/2024;;
"ES080C0259";"COMUNIDAD DE REGANTES DEL RIEGO DE LA BARONIA";"G42930537";"JUCAR";"SI";"NO";"NO";"NO";"NO";"NO";"18.29.01.01.01.01 RÍO CLARIANO";"0";"37382";"4.64";"Regadío";;;19/06/2024;;
"ES080C0260";"COMUNIDAD DE REGANTES DEL RIEGO MOSMAY CALLOSA";"V54383039";"JUCAR";"SI";"NO";"NO";"NO";"NO";"NO";"ALGAR, RIO";"0";"39200";"6.66";"Regadío";;;19/06/2024;;
"ES080C0261";"COMUNIDAD DE REGANTES DEL RIO CARBO";"V12826624";"JUCAR";"SI";"NO";"NO";"NO";"NO";"NO";"CARBO, RIO";"0";"24000";"4";"Regadío";;;19/06/2024;;
"ES080C0262";"COMUNIDAD DE REGANTES DEL VALLE DE BENEJAMA";"G03242286";"JUCAR";"SI";"SI";"NO";"NO";"NO";"NO";"VINALOPO, RIO";"0";"4240000";"2400";"Regadío";;;19/06/2024;;
"ES080C0263";"COMUNIDAD DE REGANTES DEL VALLE DE CARCER Y SELLENT";"G46160966";"JUCAR";"SI";"SI";"NO";"NO";"NO";"NO";"18.28.01.02.01.02 RBLA. RIAJUELO: RÍO MÍNGUEZ - RÍO SELLENT; JUCAR, RIO;80142 PLANA DE VALENCIA SUR";"0";"39206466.7";"6391.69";"Regadío";;;19/06/2024;;
"ES080C0264";"COMUNIDAD DE REGANTES DOS VILAS MIRALLES";"G44525574";"JUCAR";"NO";"SI";"NO";"NO";"NO";"NO";"80107 PLANA DE VINAROZ";"0";"18289";"4.89";"Uso destinado al abastecimiento de núcleos urbanos";;;19/06/2024;;
"ES080C0264";"COMUNIDAD DE REGANTES DOS VILAS MIRALLES";"G44525574";"JUCAR";"NO";"SI";"NO";"NO";"NO";"NO";"80107 PLANA DE VINAROZ";"0";"18289";"4.89";"Regadío";;;19/06/2024;;
"ES080C0265";"COMUNIDAD DE REGANTES DUCGAN DE GANDIA";"G98012289";"JUCAR";"NO";"SI";"NO";"NO";"NO";"NO";"32.06 - Marchuquera-Falconera";"0";"93687";"13.29";"Regadío";;;19/06/2024;;
"ES080C0266";"COMUNIDAD DE REGANTES EL ABOVALAR DE LA FONT DE LA FIGUERA";"V96467808";"JUCAR";"NO";"SI";"NO";"NO";"NO";"NO";"33.01 - Rocín. Sector 1";"0";"475000";"100";"Regadío";;;19/06/2024;;
"ES080C0267";"COMUNIDAD DE REGANTES EL AMI";"G98577414";"JUCAR";"NO";"SI";"NO";"NO";"NO";"NO";;"0";"534412";"99.89";"Regadío";;;19/06/2024;;
"ES080C0268";"COMUNIDAD DE REGANTES EL BALLESTERO";;"JUCAR";"SI";"NO";"NO";"NO";"NO";"NO";;"0";"223851";"47.83";"Regadío";;"ALBACETE";19/06/2024;;
"ES080C0269";"COMUNIDAD DE REGANTES EL BARRANCO DE CHIVA";"G96269634";"JUCAR";"NO";"SI";"NO";"NO";"NO";"NO";"23.07 - Cañada Fría; 80140 BUÑOL - CHESTE";"0";"1322462";"375";"Regadío";;;19/06/2024;;
"ES080C0270";"COMUNIDAD DE REGANTES EL BISEROT";"G03239951";"JUCAR";"NO";"SI";"NO";"NO";"NO";"NO";"38.03 - Jesús Pobre";"0";"176000";"31.4";"Regadío";;;19/06/2024;;
"ES080C0271";"COMUNIDAD DE REGANTES EL CALVARIO";"G98737828";"JUCAR";"NO";"SI";"NO";"NO";"NO";"NO";;"0";"330000";"78";"Regadío";;;19/06/2024;;
"ES080C0272";"COMUNIDAD DE REGANTES EL CANALON";;"JUCAR";"SI";"NO";"NO";"NO";"NO";"NO";"GRITOS, RIO";"0";"6030";"1.1";"Regadío";;"CUENCA";19/06/2024;;
"ES080C0273";"COMUNIDAD DE REGANTES EL CANARI";"G96517776";"JUCAR";"NO";"SI";"NO";"NO";"NO";"NO";;"0";"1064597";"207.29";"Regadío";;;19/06/2024;;
"ES080C0274";"COMUNIDAD DE REGANTES EL CARRASCAL";"Q46617015";"JUCAR";"NO";"SI";"NO";"NO";"NO";"NO";"28.09 - Comandante";"0";"372288";"66.48";"Regadío";;;19/06/2024;;
"ES080C0275";"COMUNIDAD DE REGANTES EL CASINET";"G98638711";"JUCAR";"NO";"SI";"NO";"NO";"NO";"NO";"80152 PLANA DE GANDÍA";"0";"29805";"3.19";"Uso destinado a otros abastecimientos fuera de los núcleos urbanos";;;19/06/2024;;
"ES080C0275";"COMUNIDAD DE REGANTES EL CASINET";"G98638711";"JUCAR";"NO";"SI";"NO";"NO";"NO";"NO";"80152 PLANA DE GANDÍA";"0";"29805";"3.19";"Regadío";;;19/06/2024;;
"ES080C0276";"COMUNIDAD DE REGANTES EL CASTILLO DE HUELAMO";"G16214975";"JUCAR";"SI";"NO";"NO";"NO";"NO";"NO";"HUERTOS, ARYO. DE LOS; JUCAR, RIO; PAJARON, ARYO. DEL; PEDREGOSO, ARYO. DEL";"0";"519300";"94.43";"Regadío";"Huélamo";"CUENCA";19/06/2024;;
"ES080C0277";"COMUNIDAD DE REGANTES EL CLOT DE NARI";"G43508365";"JUCAR";"NO";"SI";"NO";"NO";"NO";"NO";"07.01 - Maestrazgo - 1";"0";"710000";"169.1";"Regadío";"Alcanar";"TARRAGONA";19/06/2024;;
"ES080C0278";"COMUNIDAD DE REGANTES EL COIG";"G53300315";"JUCAR";"SI";"NO";"NO";"NO";"NO";"NO";"BOLULLA, RIO";"0";"8040";"1.69";"Regadío";;;19/06/2024;;
"ES080C0279";"COMUNIDAD DE REGANTES EL CONGO";"G97374268";"JUCAR";"NO";"SI";"NO";"NO";"NO";"NO";"32.07 - Sierra Grossa";"0";"110000";"32";"Regadío";;;19/06/2024;;
"ES080C0280";"COMUNIDAD DE REGANTES EL CUARTICO";"B12427035";"JUCAR";"NO";"SI";"NO";"NO";"NO";"NO";"07.01 - Maestrazgo - 1";"0";"307200";"50";"Regadío";;;19/06/2024;;
"ES080C0281";"COMUNIDAD DE REGANTES EL CUERVO";"G44247997";"JUCAR";"SI";"NO";"NO";"NO";"NO";"NO";"EBRON, RIO";"0";"277538.52";"47.11";"Regadío";;"TERUEL";19/06/2024;;
"ES080C0282";"COMUNIDAD DE REGANTES EL ENSANCHE DE ANNA";"G96540141";"JUCAR";"NO";"SI";"NO";"NO";"NO";"NO";"28.09 - Comandante";"0";"1237000";"208";"Regadío";;;19/06/2024;;
"ES080C0283";"COMUNIDAD DE REGANTES EL ENTINAR";"G02560928";"JUCAR";"NO";"SI";"NO";"NO";"NO";"NO";;"0";"164800";"41.18";"Regadío";;"ALBACETE";19/06/2024;;
"ES080C0284";"COMUNIDAD DE REGANTES EL FABRAQUER";"G42531319";"JUCAR";"NO";"NO";"NO";"SI";"NO";"NO";"EDAR ALACANTI NORD";"0";"700000";"244";"Regadío";;;19/06/2024;;
"ES080C0285";"COMUNIDAD DE REGANTES EL HONDO";"G02115749";"JUCAR";"NO";"SI";"NO";"NO";"NO";"NO";"Sin Clasificar";"0";"2922000";"487";"Regadío";"Almansa";"ALBACETE";19/06/2024;;
"ES080C0286";"COMUNIDAD DE REGANTES EL HONDON DE ANNA";"G46284022";"JUCAR";"NO";"SI";"NO";"NO";"NO";"NO";"80147 CAROCH SUR";"0";"823545";"152.52";"Regadío";;;19/06/2024;;
"ES080C0287";"COMUNIDAD DE REGANTES EL JARDIN";"G02324275";"JUCAR";"SI";"NO";"NO";"NO";"NO";"NO";"JARDIN O DON JUAN, RIO DEL";"0";"1330617.6";"222.95";"Regadío";"Alcaraz";"ALBACETE";19/06/2024;;
"ES080C0288";"COMUNIDAD DE REGANTES EL LLANO DE VILLAR DEL ARZOBISPO";"G46409512";"JUCAR";"SI";"NO";"NO";"NO";"NO";"NO";"ACEÑA, RAMBLA DE LA";"0";"8681001";"1580.44";"Regadío";;;19/06/2024;;
"ES080C0289";"COMUNIDAD DE REGANTES EL MATET";"V98348691";"JUCAR";"SI";"NO";"NO";"NO";"NO";"NO";"GORGAS, BARRANC";"0";"52843";"9.27";"Regadío";;;19/06/2024;;
"ES080C0290";"COMUNIDAD DE REGANTES EL MOLINO TEJAR";"G97909519";"JUCAR";"NO";"SI";"NO";"NO";"NO";"NO";;"0";"261539";"37.28";"Uso destinado al abastecimiento de núcleos urbanos";;;19/06/2024;;
"ES080C0290";"COMUNIDAD DE REGANTES EL MOLINO TEJAR";"G97909519";"JUCAR";"NO";"SI";"NO";"NO";"NO";"NO";;"0";"261539";"37.28";"Regadío";;;19/06/2024;;
"ES080C0291";"COMUNIDAD DE REGANTES EL MOLLO";"G12047403";"JUCAR";"NO";"SI";"NO";"NO";"NO";"NO";"21.01 - Sagunto";"0";"502786";"60.87";"Regadío";;;19/06/2024;;
"ES080C0292";"COMUNIDAD DE REGANTES EL PALMERAL DE PEDRALBA";"G97111108";"JUCAR";"NO";"SI";"NO";"NO";"NO";"NO";"80140 BUÑOL - CHESTE";"0";"4683490";"950";"Regadío";;;19/06/2024;;
"ES080C0293";"COMUNIDAD DE REGANTES EL PANTANO Y LA BALSA DE SAN JUAN";"G12820866";"JUCAR";"SI";"NO";"NO";"NO";"NO";"NO";"PALLAS";"0";"56427";"9.89";"Regadío";;;19/06/2024;;
"ES080C0294";"COMUNIDAD DE REGANTES EL PAÑET";"G12077640";"JUCAR";"NO";"SI";"NO";"NO";"NO";"NO";"13.01 - Onda";"0";"1007400";"146.67";"Regadío";;;19/06/2024;;
"ES080C0295";"COMUNIDAD DE REGANTES EL PEÑASCO";"G96825401";"JUCAR";"NO";"SI";"NO";"NO";"NO";"NO";"S.I. - S.I. - 35";"0";"211950";"40.8";"Regadío";;;19/06/2024;;
"ES080C0296";"COMUNIDAD DE REGANTES EL PLA NOU DE CANALS";"Q4667026A";"JUCAR";"SI";"SI";"NO";"NO";"NO";"NO";"CAÑOLES, RIO;28.11 - Canals";"0";"1780000";"420";"Regadío";;;19/06/2024;;
"ES080C0297";"COMUNIDAD DE REGANTES EL POLIDO";"G12471116";"JUCAR";"NO";"SI";"NO";"NO";"NO";"NO";"80110 PLANA DE OROPESA - TORREBLANCA";"0";"120248";"26.49";"Regadío";;;19/06/2024;;
"ES080C0298";"COMUNIDAD DE REGANTES EL RACO (EN FORMACION)";"G97601264";"JUCAR";"SI";"NO";"NO";"NO";"NO";"NO";"JUCAR, RIO";"0";"81792";"19.2";"Regadío";;;19/06/2024;;
"ES080C0299";"COMUNIDAD DE REGANTES EL REALENGO";"G46736591";"JUCAR";"NO";"SI";"NO";"NO";"NO";"NO";;"0";"133509";"44.99";"Regadío";;;19/06/2024;;
"ES080C0300";"COMUNIDAD DE REGANTES EL REIXACH DE MONTESA";"G46631297";"JUCAR";"NO";"SI";"NO";"NO";"NO";"NO";;"0";"1482696";"303.91";"Uso destinado al abastecimiento de núcleos urbanos";;;19/06/2024;;
"ES080C0300";"COMUNIDAD DE REGANTES EL REIXACH DE MONTESA";"G46631297";"JUCAR";"NO";"SI";"NO";"NO";"NO";"NO";;"0";"1482696";"303.91";"Regadío";;;19/06/2024;;
"ES080C0301";"COMUNIDAD DE REGANTES EL REMEI DE CAP I CORP";"G12068771";"JUCAR";"NO";"SI";"NO";"NO";"NO";"NO";;"0";"668585";"129.3";"Regadío";;;19/06/2024;;
"ES080C0302";"COMUNIDAD DE REGANTES EL ROMBI";"G03832813";"JUCAR";"NO";"SI";"NO";"NO";"NO";"NO";;"0";"205450";"41.4";"Regadío";;;19/06/2024;;
"ES080C0303";"COMUNIDAD DE REGANTES EL SABINAR";"G12580510";"JUCAR";"NO";"SI";"NO";"NO";"NO";"NO";"14.03 - Jérica";"0";"55080";"30";"Regadío";;;19/06/2024;;
"ES080C0304";"COMUNIDAD DE REGANTES EL SALOBRAL";"G02281558";"JUCAR";"NO";"SI";"NO";"NO";"NO";"NO";"29.01 - Jurásico - 32; 29.03 - Neógeno carbonatado - 49; 29.04 - Neógeno-Cuaternario detrítico - 21";"0";"8395400";"1600.7";"Regadío";"Albacete";"ALBACETE";19/06/2024;;
"ES080C0305";"COMUNIDAD DE REGANTES EL SALVADOR";"G98186877";"JUCAR";"NO";"SI";"NO";"NO";"NO";"NO";"80144 SIERRA DEL AVE";"0";"297149";"89.1";"Regadío";;;19/06/2024;;
"ES080C0306";"COMUNIDAD DE REGANTES EL TANCAT";"G40505653";"JUCAR";"NO";"SI";"NO";"NO";"NO";"NO";"80142 PLANA DE VALENCIA SUR";"0";"4982";"0.9";"Uso destinado al abastecimiento de núcleos urbanos";;;19/06/2024;;
"ES080C0306";"COMUNIDAD DE REGANTES EL TANCAT";"G40505653";"JUCAR";"NO";"SI";"NO";"NO";"NO";"NO";"80142 PLANA DE VALENCIA SUR";"0";"4982";"0.9";"Regadío";;;19/06/2024;;
"ES080C0307";"COMUNIDAD DE REGANTES EL TARRAGON";"G46568341";"JUCAR";"NO";"SI";"NO";"NO";"NO";"NO";"80132 LAS SERRANÍAS";"0";"15000000";"2601.7";"Regadío";;;19/06/2024;;
"ES080C0308";"COMUNIDAD DE REGANTES EL TECHOSO";"G06770069";"JUCAR";"NO";"SI";"NO";"NO";"NO";"NO";"80129 MANCHA ORIENTAL";"0";"66800";"12.85";"Regadío";"Madrigueras";"ALBACETE";19/06/2024;;
"ES080C0309";"COMUNIDAD DE REGANTES EL TOMILLAR";"G02560787";"JUCAR";"NO";"SI";"NO";"NO";"NO";"NO";;"0";"340000";"85";"Regadío";"Albacete";"ALBACETE";19/06/2024;;
"ES080C0310";"COMUNIDAD DE REGANTES EL VADILLO Y LOS OLMOS GORDOS";"E44023505";"JUCAR";"SI";"NO";"NO";"NO";"NO";"NO";"OLMO, BARRANC DEL; VADILLO, BARRANCO DEL";"0";"871689";"151.15";"Regadío";"Orrios";"TERUEL";19/06/2024;;
"ES080C0311";"COMUNIDAD DE REGANTES EL VALLECILLO";"E44123958";"JUCAR";"SI";"NO";"NO";"NO";"NO";"NO";"CABRIEL, RIO";"0";"8205";"2.37";"Regadío";"Teruel";"TERUEL";19/06/2024;;
"ES080C0312";"COMUNIDAD DE REGANTES EL VALLEJO";"G02581148";"JUCAR";"NO";"SI";"NO";"NO";"NO";"NO";"80129 MANCHA ORIENTAL";"0";"60400";"16.29";"Regadío";;"ALBACETE";19/06/2024;;
"ES080C0313";"COMUNIDAD DE REGANTES ELS BOVALARS";"G12473047";"JUCAR";"NO";"SI";"NO";"NO";"NO";"NO";"07.01 - Maestrazgo - 1";"0";"701701.44";"191.41";"Regadío";;;19/06/2024;;
"ES080C0313";"COMUNIDAD DE REGANTES ELS BOVALARS";"G12473047";"JUCAR";"NO";"SI";"NO";"NO";"NO";"NO";"07.01 - Maestrazgo - 1";"0";"701701.44";"191.41";"Ganadería";;;19/06/2024;;
"ES080C0314";"COMUNIDAD DE REGANTES ELS CINC";"G40578734";"JUCAR";"NO";"SI";"NO";"NO";"NO";"NO";"80149 SIERRA DE LAS AGUJAS";"0";"6500";"1.1";"Regadío";;;19/06/2024;;
"ES080C0315";"COMUNIDAD DE REGANTES ELS FORIÑENTS";"G54292388";"JUCAR";"SI";"NO";"NO";"NO";"NO";"NO";;"0";"37065";"5.84";"Regadío";;;19/06/2024;;
"ES080C0316";"COMUNIDAD DE REGANTES ELS MOLETS";"G98693302";"JUCAR";"NO";"SI";"NO";"NO";"NO";"NO";"80144 SIERRA DEL AVE";"0";"601938";"145.32";"Regadío";;;19/06/2024;;
"ES080C0317";"COMUNIDAD DE REGANTES ELS MURONS";"V12872008";"JUCAR";"NO";"SI";"NO";"NO";"NO";"NO";;"0";"54341";"8.94";"Regadío";;;19/06/2024;;
"ES080C0318";"COMUNIDAD DE REGANTES ELS PLANS DE BENIARBEIG";"E03163722";"JUCAR";"NO";"SI";"NO";"NO";"NO";"NO";;"0";"465000";"76.46";"Regadío";;;19/06/2024;;
"ES080C0319";"COMUNIDAD DE REGANTES ELS PLANS Y CANET";;"JUCAR";"SI";"NO";"NO";"NO";"NO";"NO";"ALCOY,RIO";"0";"51324";"8.25";"Regadío";;;19/06/2024;;
"ES080C0320";"COMUNIDAD DE REGANTES ELS SARGARETS DE IBI";"G53371449";"JUCAR";"SI";"NO";"NO";"NO";"NO";"NO";"GABARENA";"0";"570000";"100";"Regadío";;;19/06/2024;;
"ES080C0321";"COMUNIDAD DE REGANTES ELS ULLALS DE BENIMODO";"G46426268";"JUCAR";"SI";"NO";"NO";"NO";"NO";"NO";"VERDE, RIO";"0";"9138319";"1523.31";"Regadío";;;19/06/2024;;
"ES080C0322";"COMUNIDAD DE REGANTES ENGUERA";"G96707567";"JUCAR";"NO";"SI";"NO";"NO";"NO";"NO";"28.09 - Comandante";"0";"913927";"495.27";"Regadío";;;19/06/2024;;
"ES080C0323";"COMUNIDAD DE REGANTES ERMITA DEL SOCOS";"V12867107";"JUCAR";"NO";"SI";"NO";"NO";"NO";"NO";"80109 MAESTRAZGO ORIENTAL";"0";"324000";"76.57";"Regadío";;;19/06/2024;;
"ES080C0324";"COMUNIDAD DE REGANTES ESCORREDORETS";"V12950978";"JUCAR";"NO";"SI";"NO";"NO";"NO";"NO";"80109 MAESTRAZGO ORIENTAL";"0";"47211";"9.77";"Regadío";;;19/06/2024;;
"ES080C0325";"COMUNIDAD DE REGANTES ESCOTA (EN FORMACION)";;"JUCAR";"SI";"NO";"NO";"NO";"NO";"NO";"GUADALEST, RIO";"0";"2613";"0.44";"Regadío";;;19/06/2024;;
"ES080C0326";"COMUNIDAD DE REGANTES ESLIDA";"G12323044";"JUCAR";"SI";"NO";"NO";"NO";"NO";"NO";"AHIN, BCO. DE; CASTRO, BARRANCO DE; CASTRO, BCO. (ARTANA, RBLA. DE); CHOVAR, BCO. DE; FONILLET,FUENTE; FOSQUES DE DENTRO Y DE FUERA; LAVADERO, RAMBLA DEL; MOLI, BARRANC DEL";"0";"145319.85";"33.06";"Regadío";;;19/06/2024;;
"ES080C0327";"COMUNIDAD DE REGANTES ESPADILLA";"G12218988";"JUCAR";"SI";"NO";"NO";"NO";"NO";"NO";"AYODAR, RIO DE; MIJARES, RIO";"0";"172482";"25.95";"Regadío";;;19/06/2024;;
"ES080C0327";"COMUNIDAD DE REGANTES ESPADILLA";"G12218988";"JUCAR";"SI";"NO";"NO";"NO";"NO";"NO";"AYODAR, RIO DE; MIJARES, RIO";"0";"172482";"25.95";"Centrales hidroeléctricas";;;19/06/2024;;
"ES080C0328";"COMUNIDAD DE REGANTES ESPIRIT SANT";"G03514536";"JUCAR";"SI";"NO";"NO";"NO";"NO";"NO";"BENIARDA, RIO";"0";"79390";"13.49";"Regadío";;;19/06/2024;;
"ES080C0329";"COMUNIDAD DE REGANTES ESTUBENY";"G96040514";"JUCAR";"SI";"NO";"NO";"NO";"NO";"NO";"18.28.01.02 RÍO SELLENT: BOLBAITE - RÍO JÚCAR; 18.28.01.02.01.02 RBLA. RIAJUELO: RÍO MÍNGUEZ - RÍO SELLENT";"0";"106881";"133.78";"Regadío";;;19/06/2024;;
"ES080C0330";"COMUNIDAD DE REGANTES ESTUFA MACO-CARMELET, MARGEN IZQUIERDA CANAL JÚCAR TURIA";"G96800214";"JUCAR";"SI";"NO";"NO";"NO";"NO";"NO";;"0";"205786";"145.15";"Regadío";;;19/06/2024;;
"ES080C0331";"COMUNIDAD DE REGANTES EXTREMALADA DEL CASTELL";"V12861696";"JUCAR";"SI";"NO";"NO";"NO";"NO";"NO";"FOYAS, BCO. DE";"0";"56677";"7.85";"Regadío";;;19/06/2024;;
"ES080C0332";"COMUNIDAD DE REGANTES EXTREMALADA DEL REGATELL";;"JUCAR";"SI";"NO";"NO";"NO";"NO";"NO";"REGATELL, BARRANC DEL";"0";"184688";"40.93";"Regadío";;;19/06/2024;;
"ES080C0333";"COMUNIDAD DE REGANTES EXTREMALADA LA VOLTA";;"JUCAR";"SI";"NO";"NO";"NO";"NO";"NO";"LUCENA, RIO";"0";"26000";"2.6";"Regadío";;;19/06/2024;;
"ES080C0334";"COMUNIDAD DE REGANTES FAMILIA BENAJAS VILLALBA";"G72429541";"JUCAR";"NO";"SI";"NO";"NO";"NO";"NO";"80103 JAVALAMBRE ORIENTAL";"0";"10460";"10.46";"Regadío";;;19/06/2024;;
"ES080C0335";"COMUNIDAD DE REGANTES FAMILIA FONTANA";"G98429608";"JUCAR";"NO";"SI";"NO";"NO";"NO";"NO";;"0";"12638";"1.43";"Regadío";;;19/06/2024;;
"ES080C0336";"COMUNIDAD DE REGANTES FAMILIA MONLEON";"G10761021";"JUCAR";"NO";"SI";"NO";"NO";"NO";"NO";"80103 JAVALAMBRE ORIENTAL";"0";"12174";"9.98";"Regadío";"Sarrión";"TERUEL";19/06/2024;;
"ES080C0336";"COMUNIDAD DE REGANTES FAMILIA MONLEON";"G10761021";"JUCAR";"NO";"SI";"NO";"NO";"NO";"NO";"80103 JAVALAMBRE ORIENTAL";"0";"12174";"9.98";"Ganadería";"Sarrión";"TERUEL";19/06/2024;;
"ES080C0337";"COMUNIDAD DE REGANTES FAMILIA SALOM";"G98392996";"JUCAR";"NO";"SI";"NO";"NO";"NO";"NO";"25.01 - Plana de Valencia (Norte y Sur)";"0";"9200";"1.6";"Uso destinado a otros abastecimientos fuera de los núcleos urbanos";;;19/06/2024;;
"ES080C0337";"COMUNIDAD DE REGANTES FAMILIA SALOM";"G98392996";"JUCAR";"NO";"SI";"NO";"NO";"NO";"NO";"25.01 - Plana de Valencia (Norte y Sur)";"0";"9200";"1.6";"Regadío";;;19/06/2024;;
"ES080C0338";"COMUNIDAD DE REGANTES FANZARA HUERTA-PLAYA";"G12228888";"JUCAR";"SI";"NO";"NO";"NO";"NO";"NO";"MIJARES, RIO";"0";"256766";"46.32";"Regadío";;;19/06/2024;;
"ES080C0339";"COMUNIDAD DE REGANTES FINCA BIOCASELLA";"G16704173";"JUCAR";"NO";"SI";"NO";"NO";"NO";"NO";"80149 SIERRA DE LAS AGUJAS";"0";"22000";"3.96";"Regadío";;;19/06/2024;;
"ES080C0340";"COMUNIDAD DE REGANTES FINCA LA PARRA";"G96928684";"JUCAR";"NO";"SI";"NO";"NO";"NO";"NO";"28.11 - Canals";"0";"182620";"35.85";"Regadío";;;19/06/2024;;
"ES080C0341";"COMUNIDAD DE REGANTES FONT DE ARGUINES";"G96459730";"JUCAR";"NO";"SI";"NO";"NO";"NO";"NO";"14.05 - Segorbe-Soneja; 20.06 - Algar-Cuart";"0";"765400";"133.33";"Uso destinado al abastecimiento de núcleos urbanos";;;19/06/2024;;
"ES080C0341";"COMUNIDAD DE REGANTES FONT DE ARGUINES";"G96459730";"JUCAR";"NO";"SI";"NO";"NO";"NO";"NO";"14.05 - Segorbe-Soneja; 20.06 - Algar-Cuart";"0";"765400";"133.33";"Regadío";;;19/06/2024;;
"ES080C0342";"COMUNIDAD DE REGANTES FONT DE GREGORI";"V54504543";"JUCAR";"SI";"NO";"NO";"NO";"NO";"NO";"TAGARINA, BCO. DE";"0";"12960";"3.24";"Regadío";;;19/06/2024;;
"ES080C0343";"COMUNIDAD DE REGANTES FONT DE LA CAVETA";"G54379987";"JUCAR";"NO";"SI";"NO";"NO";"NO";"NO";"45.02 - Beniardá-Polop";"0";"8146";"5.22";"Regadío";;;19/06/2024;;
"ES080C0344";"COMUNIDAD DE REGANTES FONT DE L'ARBRE";"G54711817";"JUCAR";"SI";"NO";"NO";"NO";"NO";"NO";"28.02.01.01 E. GUADALEST";"0";"37750";"16.08";"Regadío";;;19/06/2024;;
"ES080C0345";"COMUNIDAD DE REGANTES FONT DE MONTANER";"G98848047";"JUCAR";"NO";"SI";"NO";"NO";"NO";"NO";"80152 PLANA DE GANDÍA";"0";"31065";"5.97";"Regadío";;;19/06/2024;;
"ES080C0346";"COMUNIDAD DE REGANTES FONT DE TORRUT DE CORBERA";"G97187264";"JUCAR";"NO";"SI";"NO";"NO";"NO";"NO";"25.01 - Plana de Valencia (Norte y Sur)";"0";"40300";"8.4";"Regadío";;;19/06/2024;;
"ES080C0347";"COMUNIDAD DE REGANTES FONT DEL CHORDI";"G54599303";"JUCAR";"SI";"NO";"NO";"NO";"NO";"NO";"ALGAR, RIO";"0";"2742";"0.67";"Regadío";;;19/06/2024;;
"ES080C0348";"COMUNIDAD DE REGANTES FONT DEL HORT";"G53536777";"JUCAR";"SI";"NO";"NO";"NO";"NO";"NO";"ALGAR, RIO";"0";"6757";"1.64";"Regadío";;;19/06/2024;;
"ES080C0349";"COMUNIDAD DE REGANTES FONT DEL MOLI DE XERESA";"G98557135";"JUCAR";"SI";"NO";"NO";"NO";"NO";"NO";"BENIOPA, BCO. DE";"0";"117856";"21.05";"Regadío";;;19/06/2024;;
"ES080C0350";"COMUNIDAD DE REGANTES FONT DEL PORT DE ALBAIDA-RAMAL DEL RAFELET";"G96579602";"JUCAR";"SI";"NO";"NO";"NO";"NO";"NO";"ALBAIDA, RIO";"0";"575700";"100";"Regadío";;;19/06/2024;;
"ES080C0351";"COMUNIDAD DE REGANTES FONT DEL REG DE D'ALT";"G54584842";"JUCAR";"NO";"SI";"NO";"NO";"NO";"NO";"80177 SIERRA AITANA";"0";"35171";"4.5";"Regadío";;;19/06/2024;;
"ES080C0352";"COMUNIDAD DE REGANTES FONT GROSSA";"G54493184";"JUCAR";"SI";"NO";"NO";"NO";"NO";"NO";"GUADALEST, RIO";"0";"5484";"1.33";"Regadío";;;19/06/2024;;
"ES080C0353";"COMUNIDAD DE REGANTES FONT MAJOR SACOS";"V03506607";"JUCAR";"NO";"SI";"NO";"NO";"NO";"NO";"46.03 - Carrascal-Bernía";"0";"486000";"400";"Regadío";;;19/06/2024;;
"ES080C0354";"COMUNIDAD DE REGANTES FONT ROTJA DE TARBENA";"V54485032";"JUCAR";"SI";"NO";"NO";"NO";"NO";"NO";"ALGAR, RIO";"0";"6700";"1.63";"Regadío";;;19/06/2024;;
"ES080C0355";"COMUNIDAD DE REGANTES FONTANELLES";"G12928669";"JUCAR";"NO";"SI";"NO";"NO";"NO";"NO";;"0";"200769";"31.48";"Regadío";;;19/06/2024;;
"ES080C0355";"COMUNIDAD DE REGANTES FONTANELLES";"G12928669";"JUCAR";"NO";"SI";"NO";"NO";"NO";"NO";;"0";"200769";"31.48";"Ganadería";;;19/06/2024;;
"ES080C0356";"COMUNIDAD DE REGANTES FORAÑA";"G12590535";"JUCAR";"NO";"SI";"NO";"NO";"NO";"NO";"14.03 - Jérica";"0";"42259";"27.19";"Regadío";;;19/06/2024;;
"ES080C0356";"COMUNIDAD DE REGANTES FORAÑA";"G12590535";"JUCAR";"NO";"SI";"NO";"NO";"NO";"NO";"14.03 - Jérica";"0";"42259";"27.19";"Ganadería";;;19/06/2024;;
"ES080C0357";"COMUNIDAD DE REGANTES FORMICHE ALTO";;"JUCAR";"SI";"NO";"NO";"NO";"NO";"NO";"ARCO, BCO. DEL; FUENTES, ARYO. DE LAS; GRANDE, BARRANCO; LOS ARCOS, BARRANCO; LOS ARCOS, BARRANCO DE; MIJARES, RIO";"0";"192118.8";"30.69";"Regadío";"Formiche Alto";"TERUEL";19/06/2024;;
"ES080C0358";"COMUNIDAD DE REGANTES FORMICHE BAJO";"E44165447";"JUCAR";"SI";"NO";"NO";"NO";"NO";"NO";"MIJARES, RIO; MIJARES, RIO (MAGRO, RIO)";"0";"254391";"40.64";"Regadío";"Formiche Alto";"TERUEL";19/06/2024;;
"ES080C0359";"COMUNIDAD DE REGANTES FORRIOLS";"G96252804";"JUCAR";"NO";"SI";"NO";"NO";"NO";"NO";"25.01 - Plana de Valencia (Norte y Sur); Sin Clasificar";"0";"545000";"109";"Regadío";;;19/06/2024;;
"ES080C0360";"COMUNIDAD DE REGANTES FOYA DE LA IGLESIA DE TARBENA";"F53114575";"JUCAR";"SI";"NO";"NO";"NO";"NO";"NO";"GUADALEST, RIO";"0";"4321";"1.05";"Regadío";;;19/06/2024;;
"ES080C0361";"COMUNIDAD DE REGANTES FUEN LOZANA Y TOSQUILLA";"G44117125";"JUCAR";"SI";"NO";"NO";"NO";"NO";"NO";"AZOTEJO, BCO. DEL; MORA, RIO; TOSQUILLAS, BCO. DE";"0";"1957410";"395";"Regadío";"Mora de Rubielos";"TERUEL";19/06/2024;;
"ES080C0362";"COMUNIDAD DE REGANTES FUENTE DE ABAJO DE SAGRA";;"JUCAR";"SI";"NO";"NO";"NO";"NO";"NO";"GIRONA, RIU";"0";"410792";"72.44";"Regadío";;;19/06/2024;;
"ES080C0363";"COMUNIDAD DE REGANTES FUENTE DE LA MURTA DE TARBENA";"G653206363";"JUCAR";"SI";"NO";"NO";"NO";"NO";"NO";"GUADALEST, RIO";"0";"700";"0.17";"Regadío";;;19/06/2024;;
"ES080C0364";"COMUNIDAD DE REGANTES FUENTE DE LA OLMEDILLA";"G16200578";"JUCAR";"SI";"NO";"NO";"NO";"NO";"NO";"FUENTE DE OLMEDILLA, RBLA.";"0";"80593";"14.65";"Uso destinado al abastecimiento de núcleos urbanos";;"CUENCA";19/06/2024;;
"ES080C0364";"COMUNIDAD DE REGANTES FUENTE DE LA OLMEDILLA";"G16200578";"JUCAR";"SI";"NO";"NO";"NO";"NO";"NO";"FUENTE DE OLMEDILLA, RBLA.";"0";"80593";"14.65";"Regadío";;"CUENCA";19/06/2024;;
"ES080C0365";"COMUNIDAD DE REGANTES FUENTE DE LA RAMBLETA";"G46824272";"JUCAR";"SI";"NO";"NO";"NO";"NO";"NO";"CHIVA, BCO. DE";"0";"712971";"133.89";"Regadío";;;19/06/2024;;
"ES080C0366";"COMUNIDAD DE REGANTES FUENTE DE LA SEÑORA DE VALLAT";"G12872826";"JUCAR";"SI";"NO";"NO";"NO";"NO";"NO";"MIJARES, RIO";"0";"5256";"1.38";"Regadío";;;19/06/2024;;
"ES080C0367";"COMUNIDAD DE REGANTES FUENTE DE LAS REINAS";"G46336665";"JUCAR";"SI";"NO";"NO";"NO";"NO";"NO";"MAGRO, RIO";"0";"208303";"35.43";"Regadío";;;19/06/2024;;
"ES080C0368";"COMUNIDAD DE REGANTES FUENTE DE LOS BAÑOS DE VERCHE Y PORCHICUELO";;"JUCAR";"SI";"NO";"NO";"NO";"NO";"NO";"TUEJAR, RIO";"0";"64553";"12.12";"Regadío";;;19/06/2024;;
"ES080C0369";"COMUNIDAD DE REGANTES FUENTE DE SAN VICENTE DE LIRIA";"G46134615";"JUCAR";"SI";"SI";"NO";"NO";"NO";"NO";"SAN VICENTE, BARRANC DE;22.01 - Liria-Casinos";"0";"3771248.6";"1352.46";"Regadío";;;19/06/2024;;
"ES080C0370";"COMUNIDAD DE REGANTES FUENTE DEL BARRANCO";"G03652245";"JUCAR";"SI";"NO";"NO";"NO";"NO";"NO";"ALGAR, RIO";"0";"18548";"4.5";"Regadío";;;19/06/2024;;
"ES080C0371";"COMUNIDAD DE REGANTES FUENTE DEL BERRO";"G16205635";"JUCAR";"NO";"SI";"NO";"NO";"NO";"NO";;"0";"15372.5";"2.42";"Regadío";"Talayuelas";"CUENCA";19/06/2024;;
"ES080C0372";"COMUNIDAD DE REGANTES FUENTE DEL PINO";"G46336707";"JUCAR";"SI";"NO";"NO";"SI";"NO";"NO";"MAGRO, RIO;EDAR DE REQUENA";"0";"193224.39";"33.25";"Regadío";;;19/06/2024;;
"ES080C0373";"COMUNIDAD DE REGANTES FUENTE LA REINA";;"JUCAR";"SI";"NO";"NO";"NO";"NO";"NO";"MAIMONA, RBLA. DE";"0";"27000";"5";"Regadío";;;19/06/2024;;
"ES080C0374";"COMUNIDAD DE REGANTES FUENTE O POHUET DELS GARROFERALS";"G97980353";"JUCAR";"NO";"SI";"NO";"NO";"NO";"NO";"25.01 - Plana de Valencia (Norte y Sur)";"0";"294000";"50.37";"Regadío";;;19/06/2024;;
"ES080C0375";"COMUNIDAD DE REGANTES FUENTE REDONDA";"G96220900";"JUCAR";"SI";"NO";"NO";"NO";"NO";"NO";;"0";"2893573.5";"388.79";"Uso destinado al abastecimiento de núcleos urbanos";;;19/06/2024;;
"ES080C0375";"COMUNIDAD DE REGANTES FUENTE REDONDA";"G96220900";"JUCAR";"SI";"NO";"NO";"NO";"NO";"NO";;"0";"2893573.5";"388.79";"Regadío";;;19/06/2024;;
"ES080C0376";"COMUNIDAD DE REGANTES FUENTES ALPERA O CAPELLANIA DE LOS SORIANOS";"E02037828";"JUCAR";"SI";"SI";"NO";"NO";"NO";"NO";"ALPERA, FUENTES DE;S.I. - S.I. - 65; Sin Clasificar";"0";"5287912.5";"1401.25";"Regadío";"Alpera";"ALBACETE";19/06/2024;;
"ES080C0377";"COMUNIDAD DE REGANTES FUENTES CALIENTES";"E44021715";"JUCAR";"SI";"NO";"NO";"NO";"NO";"NO";"MANANTIAL DE LA FUENTE, CUENCA";"0";"51903";"9";"Regadío";"Fuentes Calientes";"TERUEL";19/06/2024;;
"ES080C0378";"COMUNIDAD DE REGANTES FUENTES DE AYODAR";"G12224739";"JUCAR";"SI";"NO";"NO";"NO";"NO";"NO";"AYODAR, RIO DE";"0";"52782";"11.7";"Uso destinado al abastecimiento de núcleos urbanos";;;19/06/2024;;
"ES080C0378";"COMUNIDAD DE REGANTES FUENTES DE AYODAR";"G12224739";"JUCAR";"SI";"NO";"NO";"NO";"NO";"NO";"AYODAR, RIO DE";"0";"52782";"11.7";"Regadío";;;19/06/2024;;
"ES080C0379";"COMUNIDAD DE REGANTES FUENTES DE LA ALQUERIA DE FINESTRAT";"G53508016";"JUCAR";"SI";"NO";"NO";"NO";"NO";"NO";;"0";"26781";"6.78";"Regadío";;;19/06/2024;;
"ES080C0380";"COMUNIDAD DE REGANTES FUENTES DE SOPALMO Y VERDUNS";"G54247135";"JUCAR";"SI";"NO";"NO";"NO";"NO";"NO";"GABARENA";"0";"124282";"21.9";"Regadío";;;19/06/2024;;
"ES080C0381";"COMUNIDAD DE REGANTES FUENTES DEL PIOJO DE TERESA DE COFRENTES";"G98389554";"JUCAR";"SI";"NO";"NO";"NO";"NO";"NO";"RECONQUE, RIO";"0";"31680";"5.28";"Regadío";;;19/06/2024;;
"ES080C0382";"COMUNIDAD DE REGANTES FUENTES DEL PRADO GRANDE Y TORNAJUELO";;"JUCAR";"SI";"NO";"NO";"NO";"NO";"NO";"REGUERO, BARRANCO DEL";"0";"9089";"2.07";"Regadío";;;19/06/2024;;
"ES080C0383";"COMUNIDAD DE REGANTES FUENTES DEL PUEBLO DE TURIS";"G46356341";"JUCAR";"NO";"SI";"NO";"NO";"NO";"NO";"23.11 - Godelleta";"0";"588000";"105";"Regadío";;;19/06/2024;;
"ES080C0384";"COMUNIDAD DE REGANTES FUENTES MAYOR Y MENOR DE SIMAT DE VALLDIGNA";"G46332599";"JUCAR";"SI";"NO";"NO";"NO";"NO";"NO";;"0";"555000";"100";"Regadío";;;19/06/2024;;
"ES080C0385";"COMUNIDAD DE REGANTES GALVE";"E44158194";"JUCAR";"SI";"NO";"NO";"NO";"NO";"NO";"ALFAMBRA, RIO";"0";"536632";"93.05";"Regadío";"Galve";"TERUEL";19/06/2024;;
"ES080C0386";"COMUNIDAD DE REGANTES GARCÍA MARQUEZ Y FAMILIA";"G02560852";"JUCAR";"NO";"SI";"NO";"NO";"NO";"NO";"30.02 - Arco de Alcaraz-Elche de la Sierra - 1";"0";"64000";"13.27";"Regadío";"Albacete";"ALBACETE";19/06/2024;;
"ES080C0387";"COMUNIDAD DE REGANTES GARIJO-GOMEZ";"G72515299";"JUCAR";"NO";"SI";"NO";"NO";"NO";"NO";"80133 REQUENA - UTIEL";"0";"4775";"7.96";"Regadío";;;19/06/2024;;
"ES080C0388";"COMUNIDAD DE REGANTES GARIJO-GOMEZ (EN FORMACION)";;"JUCAR";"NO";"SI";"NO";"NO";"NO";"NO";"80133 REQUENA - UTIEL";"0";"4775";"7.96";"Regadío";;;19/06/2024;;
"ES080C0389";"COMUNIDAD DE REGANTES GARRIDA";"G72689797";"JUCAR";"NO";"SI";"NO";"NO";"NO";"NO";"80124 SIERRA DEL TORO";"0";"21862";"21.63";"Regadío";;;19/06/2024;;
"ES080C0390";"COMUNIDAD DE REGANTES GEA DE ALBARRACIN";"G44025633";"JUCAR";"SI";"NO";"NO";"NO";"NO";"NO";"TURIA, RIO";"0";"996660";"173.65";"Regadío";"Gea de Albarracín";"TERUEL";19/06/2024;;
"ES080C0391";"COMUNIDAD DE REGANTES GESTALGAR";"G97303077";"JUCAR";"SI";"SI";"NO";"NO";"NO";"NO";"TURIA O GUADALAVIAR, RIO;80132 LAS SERRANÍAS";"0";"2081847";"2533.19";"Regadío";;;19/06/2024;;
"ES080C0392";"COMUNIDAD DE REGANTES GIL COMES";"G12896858";"JUCAR";"NO";"SI";"NO";"NO";"NO";"NO";"80106 PLANA DE CENIA";"0";"171497";"28.23";"Regadío";;;19/06/2024;;
"ES080C0393";"COMUNIDAD DE REGANTES GILET";"J46346243";"JUCAR";"NO";"SI";"NO";"NO";"NO";"NO";"80130 MEDIO PALANCIA";"0";"15000";"40";"Regadío";;;19/06/2024;;
"ES080C0394";"COMUNIDAD DE REGANTES GODELLETA";"G46337705";"JUCAR";"NO";"SI";"NO";"NO";"NO";"NO";;"0";"123675.14";"18.89";"Regadío";;;19/06/2024;;
"ES080C0395";"COMUNIDAD DE REGANTES GOLLIZNO";"G46336699";"JUCAR";"SI";"NO";"NO";"NO";"NO";"NO";"MAGRO, RIO";"0";"94420";"16.06";"Regadío";;;19/06/2024;;
"ES080C0396";"COMUNIDAD DE REGANTES GRANCHA LA CASTAÑETA";"G12072591";"JUCAR";"SI";"NO";"NO";"NO";"NO";"NO";"REGATELL, BARRANC DEL";"0";"7839";"1.52";"Regadío";;;19/06/2024;;
"ES080C0397";"COMUNIDAD DE REGANTES GRANCHETA O MAÑANS";"V12823787";"JUCAR";"SI";"NO";"NO";"NO";"NO";"NO";"LUCENA, RIO";"0";"14300";"2.27";"Regadío";;;19/06/2024;;
"ES080C0398";"COMUNIDAD DE REGANTES GRANJA PALLARESOS Y FUENTE NUEVA";"G12070454";"JUCAR";"SI";"NO";"NO";"NO";"NO";"NO";"ALCORA, RIO";"0";"13950";"2.71";"Regadío";;;19/06/2024;;
"ES080C0399";"COMUNIDAD DE REGANTES GRUPO DE COLONIZACION DE CHELLA";"G98876832";"JUCAR";"NO";"SI";"NO";"NO";"NO";"NO";"80147 CAROCH SUR";"0";"1146633";"338.66";"Regadío";;;19/06/2024;;
"ES080C0400";"COMUNIDAD DE REGANTES GRUPO DE RIEGOS TORREBLANCA";"G12374435";"JUCAR";"NO";"SI";"NO";"NO";"NO";"NO";;"0";"777794";"176.13";"Regadío";;;19/06/2024;;
"ES080C0401";"COMUNIDAD DE REGANTES HENAREJOS";"G16207607";"JUCAR";"SI";"NO";"NO";"NO";"NO";"NO";"DEHESILLA, ARYO. DE";"0";"514639";"91.66";"Regadío";"Henarejos";"CUENCA";19/06/2024;;
"ES080C0402";"COMUNIDAD DE REGANTES HERFER";"G98365752";"JUCAR";"NO";"SI";"NO";"NO";"NO";"NO";"31.01 - Jurásico-Cretácico Sierra de las Agujas";"0";"56723";"7.56";"Regadío";;;19/06/2024;;
"ES080C0403";"COMUNIDAD DE REGANTES HERMANOS BALBASTRE GIL";"G98428048";"JUCAR";"NO";"SI";"NO";"NO";"NO";"NO";;"0";"20868";"3.76";"Regadío";;;19/06/2024;;
"ES080C0404";"COMUNIDAD DE REGANTES HERMANOS BISCHOF";"G42980755";"JUCAR";"NO";"SI";"NO";"NO";"NO";"NO";"80107 PLANA DE VINAROZ";"0";"31343";"6.26";"Regadío";;;19/06/2024;;
"ES080C0405";"COMUNIDAD DE REGANTES HERMANOS CHOVER";"G98486137";"JUCAR";"NO";"SI";"NO";"NO";"NO";"NO";;"0";"3000";"0.49";"Regadío";;;19/06/2024;;
"ES080C0406";"COMUNIDAD DE REGANTES HERMANOS FERNANDEZ ABELLAN";"G98734551";"JUCAR";"NO";"SI";"NO";"NO";"NO";"NO";;"0";"19730";"21.8";"Regadío";;;19/06/2024;;
"ES080C0407";"COMUNIDAD DE REGANTES HERMANOS GONZALEZ CORCOLES Y HEREDEROS DE MARIANO PALACIOS GARCIA";"G02596187";"JUCAR";"NO";"SI";"NO";"NO";"NO";"NO";;"0";"43400";"8.77";"Regadío";"Albacete";"ALBACETE";19/06/2024;;
"ES080C0408";"COMUNIDAD DE REGANTES HERMANOS NAVARRO BLANCO";"G02560779";"JUCAR";"NO";"SI";"NO";"NO";"NO";"NO";;"0";"16100";"4.22";"Regadío";;;19/06/2024;;
"ES080C0409";"COMUNIDAD DE REGANTES HONDON DE LAS NIEVES";"V54730643";"JUCAR";"NO";"SI";"NO";"NO";"NO";"NO";;"0";"2192048";"1640";"Regadío";;;19/06/2024;;
"ES080C0410";"COMUNIDAD DE REGANTES HONDON-MONOVAR";"G53007381";"JUCAR";"NO";"SI";"NO";"NO";"NO";"NO";;"0";"1940000";"1080";"Regadío";;;19/06/2024;;
"ES080C0411";"COMUNIDAD DE REGANTES HORASA DE TURIS";"G98298763";"JUCAR";"SI";"NO";"NO";"NO";"NO";"NO";"MAGRO, RIO";"0";"980832";"176.35";"Regadío";;;19/06/2024;;
"ES080C0412";"COMUNIDAD DE REGANTES HORT DE CASELLS";"G98591324";"JUCAR";"NO";"SI";"NO";"NO";"NO";"NO";"80149 SIERRA DE LAS AGUJAS";"0";"12968";"2.2";"Uso destinado a otros abastecimientos fuera de los núcleos urbanos";;;19/06/2024;;
"ES080C0412";"COMUNIDAD DE REGANTES HORT DE CASELLS";"G98591324";"JUCAR";"NO";"SI";"NO";"NO";"NO";"NO";"80149 SIERRA DE LAS AGUJAS";"0";"12968";"2.2";"Regadío";;;19/06/2024;;
"ES080C0413";"COMUNIDAD DE REGANTES HORT DE MULET";"G98347701";"JUCAR";"NO";"SI";"NO";"NO";"NO";"NO";;"0";"12248.44";"2.24";"Regadío";;;19/06/2024;;
"ES080C0414";"COMUNIDAD DE REGANTES HORTA NOVA DE TURIS";"V98282486";"JUCAR";"SI";"NO";"NO";"NO";"NO";"NO";;"0";"79501";"9.84";"Regadío";;;19/06/2024;;
"ES080C0415";"COMUNIDAD DE REGANTES HORTETA DE GODELLETA";"G98850837";"JUCAR";"SI";"NO";"NO";"NO";"NO";"NO";;"0";"54846";"9.97";"Regadío";;;19/06/2024;;
"ES080C0416";"COMUNIDAD DE REGANTES HORTETA DE LA SAHOR";"G97001556";"JUCAR";"SI";"NO";"NO";"NO";"NO";"NO";"HORTETA, BCO. DE LA";"0";"7844";"1.76";"Regadío";;;19/06/2024;;
"ES080C0417";"COMUNIDAD DE REGANTES HOYA DE CHERALES";"G08037003";"JUCAR";"SI";"NO";"NO";"NO";"NO";"NO";"SOT, RIO";"0";"142850";"25";"Regadío";;;19/06/2024;;
"ES080C0418";"COMUNIDAD DE REGANTES HOYA DEL TERBISCO";"G02563328";"JUCAR";"NO";"SI";"NO";"NO";"NO";"NO";;"0";"199600";"60.06";"Regadío";;"ALBACETE";19/06/2024;;
"ES080C0419";"COMUNIDAD DE REGANTES HOYAS DEL RIO";"G03626371";"JUCAR";"SI";"NO";"NO";"NO";"NO";"NO";"AMADORIO, RIO";"0";"365150";"67";"Regadío";;;19/06/2024;;
"ES080C0420";"COMUNIDAD DE REGANTES HOZ DEL HUECAR";"G16029332";"JUCAR";"SI";"NO";"NO";"NO";"NO";"NO";"18.05.03.02 RÍO HUÉCAR: AZ. PAJOSA - CUENCA; HUECAR, RIO";"0";"150722";"47.52";"Regadío";"Cuenca";"CUENCA";19/06/2024;;
"ES080C0421";"COMUNIDAD DE REGANTES HUERTA DE ABAJO DE MARINES";;"JUCAR";"SI";"NO";"NO";"NO";"NO";"NO";"CARRAIXET, BCO. DEL";"0";"28295";"4.81";"Regadío";;;19/06/2024;;
"ES080C0422";"COMUNIDAD DE REGANTES HUERTA DE ABAJO Y DE LA ALQUERIA";;"JUCAR";"SI";"NO";"NO";"NO";"NO";"NO";"BORRIOL, RIO DE";"0";"32625";"5.08";"Regadío";;;19/06/2024;;
"ES080C0423";"COMUNIDAD DE REGANTES HUERTA DE AIN";"G12237293";"JUCAR";"SI";"NO";"NO";"NO";"NO";"NO";"LA CARIDAD, BARRANCO DE";"0";"55000";"8.34";"Regadío";;;19/06/2024;;
"ES080C0424";"COMUNIDAD DE REGANTES HUERTA DE ARRIBA DE BORRIOL";"G12522751";"JUCAR";"SI";"NO";"NO";"NO";"NO";"NO";"SECO, RIO";"0";"145670";"20.81";"Regadío";;;19/06/2024;;
"ES080C0425";"COMUNIDAD DE REGANTES HUERTA DE ARRIBA DE OLOCAU";"F46171211";"JUCAR";"NO";"SI";"NO";"NO";"NO";"NO";;"0";"18535";"18.82";"Regadío";;;19/06/2024;;
"ES080C0426";"COMUNIDAD DE REGANTES HUERTA DE JOMENITOS DE TURIS";"G98303092";"JUCAR";"SI";"NO";"NO";"NO";"NO";"NO";"MAGRO, RIO";"0";"24034";"4.32";"Regadío";;;19/06/2024;;
"ES080C0427";"COMUNIDAD DE REGANTES HUERTA DE LAS PARRAS";"G16287278";"JUCAR";"SI";"NO";"NO";"NO";"NO";"NO";"JUCAR, RIO";"0";"12585";"3.56";"Regadío";"Villalba de la Sierra";"CUENCA";19/06/2024;;
"ES080C0428";"COMUNIDAD DE REGANTES HUERTA DEL CORRAL";;"JUCAR";"SI";"NO";"NO";"NO";"NO";"NO";"ALBAIDA, RIO";"0";"26288";"4.76";"Regadío";;;19/06/2024;;
"ES080C0429";"COMUNIDAD DE REGANTES HUERTA MAYOR DE ALCORA";"G12039806";"JUCAR";"SI";"NO";"NO";"NO";"NO";"NO";"ALCORA, RIO; REGATELL, BARRANC DEL";"0";"663365";"128.63";"Regadío";;;19/06/2024;;
"ES080C0430";"COMUNIDAD DE REGANTES HUERTA NOVELLA";"V12958393";"JUCAR";"NO";"SI";"NO";"NO";"NO";"NO";"80109 MAESTRAZGO ORIENTAL";"0";"16390";"2.41";"Regadío";;;19/06/2024;;
"ES080C0431";"COMUNIDAD DE REGANTES HUERTA VIEJA DE ANNA";"G98334154";"JUCAR";"SI";"NO";"NO";"NO";"NO";"NO";"SELLENT, RIO";"0";"360615";"99.07";"Regadío";;;19/06/2024;;
"ES080C0432";"COMUNIDAD DE REGANTES HUERTA Y BUFILLA DE BETERA";"G46345179";"JUCAR";"SI";"NO";"NO";"NO";"NO";"NO";"BOSQUET, BARRANC DEL";"0";"255750";"46.5";"Regadío";;;19/06/2024;;
"ES080C0433";"COMUNIDAD DE REGANTES HUERTAS DEL ARENAL Y CENIA DE BORRIOL";"G12563920";"JUCAR";"SI";"NO";"NO";"NO";"NO";"NO";"BORRIOL, RIO DE";"0";"38827";"7.71";"Regadío";;;19/06/2024;;
"ES080C0434";"COMUNIDAD DE REGANTES HUERTAS DE ABAJO TOLL DE FILASA Y LA PROVIDENCIA";;"JUCAR";"SI";"NO";"NO";"NO";"NO";"NO";"CARRAIXET, BCO. DEL; OLOCAU O DEL CARRAIXET, BARRANCO DE";"0";"26819.15";"3.74";"Regadío";;;19/06/2024;;
"ES080C0435";"COMUNIDAD DE REGANTES HUERTAS DE BENILLUP";"G03496254";"JUCAR";"SI";"NO";"NO";"NO";"NO";"NO";"ALCOY,RIO";"0";"318929";"59.5";"Regadío";;;19/06/2024;;
"ES080C0436";"COMUNIDAD DE REGANTES HUERTAS DE LA RINCONADA NUEVA DE MOIXENT";"G46454674";"JUCAR";"NO";"NO";"NO";"SI";"NO";"NO";"EDAR MOGENTE";"0";"36500";"18.75";"Regadío";;;19/06/2024;;
"ES080C0437";"COMUNIDAD DE REGANTES HUERTAS DE LA RINCONADA VIEJA DE MOIXENT";"G98114051";"JUCAR";"SI";"NO";"NO";"NO";"NO";"NO";"CAÑOLES, RIO";"0";"99300";"16.54";"Regadío";;;19/06/2024;;
"ES080C0438";"COMUNIDAD DE REGANTES HUERTAS DE RAFOL DE SALEM";;"JUCAR";"SI";"NO";"NO";"NO";"NO";"NO";"CANTAL, BARRANC DEL";"0";"233100";"42";"Regadío";;;19/06/2024;;
"ES080C0439";"COMUNIDAD DE REGANTES HUERTAS DE RUBIELOS DE MORA";"E44146652";"JUCAR";"SI";"NO";"NO";"NO";"NO";"NO";"NOGUERAS, RIO";"0";"1500897";"260.3";"Regadío";"Rubielos de Mora";"TERUEL";19/06/2024;;
"ES080C0440";"COMUNIDAD DE REGANTES HUERTAS DE SANET Y NEGRALS";"G03614054";"JUCAR";"SI";"NO";"NO";"NO";"NO";"NO";"GIRONA, RIU";"0";"180496";"27.77";"Regadío";;;19/06/2024;;
"ES080C0441";"COMUNIDAD DE REGANTES HUERTAS VIEJAS Y NUEVAS DE MOIXENT";"G46450987";"JUCAR";"SI";"NO";"NO";"NO";"NO";"NO";"BOSQUET, BARRANC DEL";"0";"251746";"45.57";"Regadío";;;19/06/2024;;
"ES080C0442";"COMUNIDAD DE REGANTES HUERTAS Y PARTIDAS DE VILLENA";"G03188315";"JUCAR";"NO";"SI";"NO";"NO";"NO";"NO";"36.02 - Villena-Benejama; 36.03 - Cuaternario de Caudete-Villena";"0";"11500000";"2162";"Uso destinado al abastecimiento de núcleos urbanos";;;19/06/2024;;
"ES080C0442";"COMUNIDAD DE REGANTES HUERTAS Y PARTIDAS DE VILLENA";"G03188315";"JUCAR";"NO";"SI";"NO";"NO";"NO";"NO";"36.02 - Villena-Benejama; 36.03 - Cuaternario de Caudete-Villena";"0";"11500000";"2162";"Regadío";;;19/06/2024;;
"ES080C0443";"COMUNIDAD DE REGANTES HUERTAS Y VOLTES";;"JUCAR";"SI";"NO";"NO";"NO";"NO";"NO";"ALCOY,RIO";"0";"126188";"20.29";"Regadío";;;19/06/2024;;
"ES080C0444";"COMUNIDAD DE REGANTES HUERTO MELCHOR";"G46583555";"JUCAR";"NO";"SI";"NO";"NO";"NO";"NO";"25.01 - Plana de Valencia (Norte y Sur)";"0";"420000";"75";"Regadío";;;19/06/2024;;
"ES080C0445";"COMUNIDAD DE REGANTES JALANCE";;"JUCAR";"SI";"NO";"NO";"NO";"NO";"NO";"18.20.02.01 RÍO RECONQUE; AGUA, BARRANC DEL; AGUA, BARRANCO DEL; CAUTABAN, RIO; JUCAR, RIO; MURELL, RBLA. DE";"0";"1337039";"240";"Regadío";;;19/06/2024;;
"ES080C0446";"COMUNIDAD DE REGANTES JALON";;"JUCAR";"SI";"NO";"NO";"NO";"NO";"NO";"GORGOS, RIO";"0";"132455";"22.45";"Regadío";;;19/06/2024;;
"ES080C0447";"COMUNIDAD DE REGANTES JARAFUEL";"G46901906";"JUCAR";"SI";"NO";"NO";"NO";"NO";"NO";"AGUA, BARRANC DEL; AIGUA, BARRANC DEL; CAUTABAN, RIO; RECONQUE, RIO; RECONQUE, RÍO";"0";"1774040";"353.47";"Regadío";;;19/06/2024;;
"ES080C0448";"COMUNIDAD DE REGANTES JESUS NAZARENO DE BELMONTEJO";"G16029431";"JUCAR";"SI";"NO";"NO";"NO";"NO";"NO";"JAVIER, ARYO. DE; SANTA MARIA, BARRANCO DE";"0";"19447";"4.3";"Regadío";"Belmontejo";"CUENCA";19/06/2024;;
"ES080C0449";"COMUNIDAD DE REGANTES JORQUERA-RECUEJA";"G02138634";"JUCAR";"SI";"NO";"NO";"NO";"NO";"NO";"JUCAR, RIO";"0";"562540";"110";"Regadío";"Jorquera";"ALBACETE";19/06/2024;;
"ES080C0450";"COMUNIDAD DE REGANTES JUNTA AGUAS FUENTE DE QUART DE LES VALLS";"G46361606";"JUCAR";"SI";"NO";"NO";"NO";"NO";"NO";"13.08 RÍO PALANCIA: E. ALGAR - AZ. AC. MAYOR SAGUNTO";"0";"7347338";"951.92";"Uso destinado al abastecimiento de núcleos urbanos";;;19/06/2024;;
"ES080C0450";"COMUNIDAD DE REGANTES JUNTA AGUAS FUENTE DE QUART DE LES VALLS";"G46361606";"JUCAR";"SI";"NO";"NO";"NO";"NO";"NO";"13.08 RÍO PALANCIA: E. ALGAR - AZ. AC. MAYOR SAGUNTO";"0";"7347338";"951.92";"Regadío";;;19/06/2024;;
"ES080C0451";"COMUNIDAD DE REGANTES LA ALDEA DE ARAYA";"V12698130";"JUCAR";"SI";"NO";"NO";"NO";"NO";"NO";"LA BALSA, RAMBLA DE";"0";"67553";"12.87";"Regadío";;;19/06/2024;;
"ES080C0452";"COMUNIDAD DE REGANTES LA ALMARRA";"G53773651";"JUCAR";"NO";"SI";"NO";"NO";"NO";"NO";"44.07 - Hoya de Castalla";"0";"25000";"28.46";"Regadío";;;19/06/2024;;
"ES080C0453";"COMUNIDAD DE REGANTES LA CAÑADA DE GALAYO";"G02024222";"JUCAR";"SI";"NO";"NO";"NO";"NO";"NO";"CARDEAL, CAÑADA DEL";"0";"100145";"22.06";"Regadío";"Fuentealbilla";"ALBACETE";19/06/2024;;
"ES080C0454";"COMUNIDAD DE REGANTES LA CAÑETERA";"G16170466";"JUCAR";"SI";"NO";"NO";"NO";"NO";"NO";"CHORREADERO; FUENTE AMARGA, ARROYO DE; FUENTE LOS BAÑOS, CUENCA DEL; HENARRUBIA, RIO; HUERGUINA, ARYO. DE; LAGUNA, RIO; MAYOR DEL MOLINILLO, RBLA.; MOLINILLO, ARROYO DEL; VIRGEN, RBLA. DE LA";"0";"2355548.63";"500.35";"Regadío";"Cañete";"CUENCA";19/06/2024;;
"ES080C0455";"COMUNIDAD DE REGANTES LA CHOCILLA";"G16218984";"JUCAR";"NO";"SI";"NO";"NO";"NO";"NO";;"0";"550000";"339.48";"Regadío";"Casas de Guijarro";"CUENCA";19/06/2024;;
"ES080C0456";"COMUNIDAD DE REGANTES LA CONTIENDA";"G16923484";"JUCAR";"NO";"SI";"NO";"NO";"NO";"NO";"80124 SIERRA DEL TORO";"0";"27330";"27.33";"Regadío";;;19/06/2024;;
"ES080C0457";"COMUNIDAD DE REGANTES LA CUROLLA";"F12297636";"JUCAR";"NO";"SI";"NO";"NO";"NO";"NO";"07.01 - Maestrazgo - 1";"0";"164000";"52.3";"Regadío";;;19/06/2024;;
"ES080C0458";"COMUNIDAD DE REGANTES LA DEFENSA DEL DERECHO AL RIEGO DE LAS TIERRAS DEL VALLE DE CARCER";"G46468278";"JUCAR";"SI";"NO";"NO";"NO";"NO";"NO";"JUCAR, RIO";"0";"19970712";"2465.52";"Regadío";;;19/06/2024;;
"ES080C0459";"COMUNIDAD DE REGANTES LA ESPERANZA DE MONCADA";"G46283818";"JUCAR";"NO";"SI";"NO";"NO";"NO";"NO";"25.01 - Plana de Valencia (Norte y Sur)";"0";"575176";"139.28";"Regadío";;;19/06/2024;;
"ES080C0460";"COMUNIDAD DE REGANTES LA FERTILIZADORA";"G97137673";"JUCAR";"SI";"NO";"NO";"NO";"NO";"NO";"18.33 RÍO JÚCAR: RÍO MAGRO - ALBALAT DE LA RIBERA";"0";"154338";"25.03";"Regadío";;;19/06/2024;;
"ES080C0461";"COMUNIDAD DE REGANTES LA FOIA DE CASTALLA";"G54406459";"JUCAR";"NO";"NO";"NO";"SI";"NO";"NO";"EDAR CASTALLA-ONIL";"0";"370520";"143.43";"Regadío";;;19/06/2024;;
"ES080C0462";"COMUNIDAD DE REGANTES LA FOIA DEL POU";"V97727580";"JUCAR";"NO";"NO";"NO";"SI";"NO";"NO";"EDAR ALFARRASI";"0";"966464";"291.06";"Regadío";;;19/06/2024;;
"ES080C0463";"COMUNIDAD DE REGANTES LA FONT DE AGOST";"G46328779";"JUCAR";"NO";"SI";"NO";"NO";"NO";"NO";"31.01 - Jurásico-Cretácico Sierra de las Agujas";"0";"333000";"60";"Regadío";;;19/06/2024;;
"ES080C0464";"COMUNIDAD DE REGANTES LA FONT DE NUCHES";"G03564416";"JUCAR";"NO";"SI";"NO";"NO";"NO";"NO";"44.05 - Jijona";"0";"350000";"168";"Regadío";;;19/06/2024;;
"ES080C0465";"COMUNIDAD DE REGANTES LA FONT I MOTOR DE L'HORTA DE LA LLOSA";"J12060000";"JUCAR";"NO";"SI";"NO";"NO";"NO";"NO";"12.01 - Plana de Castellón";"0";"419000";"125";"Regadío";;;19/06/2024;;
"ES080C0466";"COMUNIDAD DE REGANTES LA FUENTE";"G05339742";"JUCAR";"NO";"SI";"NO";"NO";"NO";"NO";"80133 REQUENA - UTIEL";"0";"947472";"1579.12";"Regadío";;;19/06/2024;;
"ES080C0467";"COMUNIDAD DE REGANTES LA FUENTE DE BESELGA";"G96561253";"JUCAR";"SI";"NO";"NO";"NO";"NO";"NO";"BESELGA, BCO. DE";"0";"100915";"6.15";"Uso destinado al abastecimiento de núcleos urbanos";;;19/06/2024;;
"ES080C0467";"COMUNIDAD DE REGANTES LA FUENTE DE BESELGA";"G96561253";"JUCAR";"SI";"NO";"NO";"NO";"NO";"NO";"BESELGA, BCO. DE";"0";"100915";"6.15";"Regadío";;;19/06/2024;;
"ES080C0468";"COMUNIDAD DE REGANTES LA FUENTE DE MES AMUNT";"G12521845";"JUCAR";"SI";"NO";"NO";"NO";"NO";"NO";;"0";"90283";"19.77";"Regadío";;;19/06/2024;;
"ES080C0469";"COMUNIDAD DE REGANTES LA FUENTE DE SALT";"G54303581";"JUCAR";"SI";"NO";"NO";"NO";"NO";"NO";"ALGAR, RIO";"0";"3426";"0.83";"Regadío";;;19/06/2024;;
"ES080C0470";"COMUNIDAD DE REGANTES LA FUENTE DEL MAS DEL RAMO";;"JUCAR";"SI";"NO";"NO";"NO";"NO";"NO";"AZOTEJO, BCO. DEL";"0";"11880";"2.06";"Regadío";"Mora de Rubielos";"TERUEL";19/06/2024;;
"ES080C0471";"COMUNIDAD DE REGANTES LA FUENTE RAMAL DE L'OIX";"G53671061";"JUCAR";"SI";"NO";"NO";"NO";"NO";"NO";"PUERTO, BARRANCO DEL";"0";"27330.78";"4.79";"Regadío";;;19/06/2024;;
"ES080C0472";"COMUNIDAD DE REGANTES LA GRAJUELA";"G16302515";"JUCAR";"NO";"SI";"NO";"NO";"NO";"NO";"80129 MANCHA ORIENTAL";"0";"620000";"295";"Regadío";"Sisante";"CUENCA";19/06/2024;;
"ES080C0473";"COMUNIDAD DE REGANTES LA GRILLERA";;"JUCAR";"NO";"SI";"NO";"NO";"NO";"NO";"06.01 - Mosqueruela";"0";"150067";"23.58";"Regadío";;;19/06/2024;;
"ES080C0474";"COMUNIDAD DE REGANTES LA HOYA DEL POZO";"G02560811";"JUCAR";"NO";"SI";"NO";"NO";"NO";"NO";;"0";"721200";"152.41";"Regadío";;"ALBACETE";19/06/2024;;
"ES080C0475";"COMUNIDAD DE REGANTES LA HUERGUINA";"G16191199";"JUCAR";"SI";"NO";"NO";"NO";"NO";"NO";"HUERGUINA, ARYO. DE";"0";"51277";"8.55";"Regadío";"Huérguina";"CUENCA";19/06/2024;;
"ES080C0476";"COMUNIDAD DE REGANTES LA HUERTA COMUN DE GATOVA";;"JUCAR";"SI";"NO";"NO";"NO";"NO";"NO";"PINEL, BARRANCO DE";"0";"37765";"10.79";"Regadío";;;19/06/2024;;
"ES080C0477";"COMUNIDAD DE REGANTES LA HUERTA DE ABAJO DE TERRATEIG";;"JUCAR";"SI";"NO";"NO";"NO";"NO";"NO";"VERNISA, RIO";"0";"67278";"11.21";"Regadío";;;19/06/2024;;
"ES080C0478";"COMUNIDAD DE REGANTES LA HUERTA DEL VIRREY DE TURIS";"G96761200";"JUCAR";"SI";"NO";"NO";"NO";"NO";"NO";"MAGRO, RIO";"0";"65133";"11.97";"Regadío";;;19/06/2024;;
"ES080C0479";"COMUNIDAD DE REGANTES LA HUERTA MEDIANA";;"JUCAR";"SI";"NO";"NO";"NO";"NO";"NO";"MONLEON, RIO";"0";"21828";"3.4";"Regadío";;;19/06/2024;;
"ES080C0480";"COMUNIDAD DE REGANTES LA ILLETA";"G03514569";"JUCAR";"SI";"NO";"NO";"NO";"NO";"NO";"BOLULLA, RIO";"0";"19542";"3.32";"Regadío";;;19/06/2024;;
"ES080C0481";"COMUNIDAD DE REGANTES LA INNOVADORA AGRICOLA";"G46333530";"JUCAR";"NO";"SI";"NO";"NO";"NO";"NO";;"0";"467000";"98.71";"Regadío";;;19/06/2024;;
"ES080C0482";"COMUNIDAD DE REGANTES LA INNOVADORA AGRICOLA CANALENSE";"F46024972";"JUCAR";"NO";"SI";"NO";"NO";"NO";"NO";;"0";"601800";"118";"Regadío";;;19/06/2024;;
"ES080C0483";"COMUNIDAD DE REGANTES LA LINEA";"G42819425";"JUCAR";"NO";"SI";"NO";"NO";"NO";"NO";;"0";"281405";"65.85";"Regadío";"Barrax";"ALBACETE";19/06/2024;;
"ES080C0484";"COMUNIDAD DE REGANTES LA MARJAL I RACO CABEROS";"G54327424";"JUCAR";"SI";"NO";"NO";"NO";"NO";"NO";"MAROJAL, BARRANCO DEL";"0";"21500";"10.05";"Regadío";;;19/06/2024;;
"ES080C0485";"COMUNIDAD DE REGANTES LA MASADA";"G96326731";"JUCAR";"SI";"NO";"NO";"NO";"NO";"NO";"TURIA, RIO";"0";"159420";"30";"Regadío";;;19/06/2024;;
"ES080C0486";"COMUNIDAD DE REGANTES LA MELGOSA";"G08037334";"JUCAR";"SI";"NO";"NO";"NO";"NO";"NO";"LA BOTONA, BARRANC DE; MOSCAS, RIO";"0";"222494";"37.82";"Regadío";"Cuenca";"CUENCA";19/06/2024;;
"ES080C0487";"COMUNIDAD DE REGANTES LA MONTERA DE LUCENA DEL CID";"V12908778";"JUCAR";"NO";"SI";"NO";"NO";"NO";"NO";"80111 LUCENA - ALCORA";"0";"6980";"1.92";"Regadío";;;19/06/2024;;
"ES080C0488";"COMUNIDAD DE REGANTES LA MURTA DE MONSERRAT";"G96881834";"JUCAR";"NO";"NO";"NO";"SI";"NO";"NO";"EDAR MONSERRAT";"0";"730000";"290";"Regadío";;;19/06/2024;;
"ES080C0489";"COMUNIDAD DE REGANTES LA NEVERA";"G46360756";"JUCAR";"NO";"SI";"NO";"NO";"NO";"NO";"80144 SIERRA DEL AVE";"0";"2163246";"567.71";"Uso destinado al abastecimiento de núcleos urbanos";;;19/06/2024;;
"ES080C0489";"COMUNIDAD DE REGANTES LA NEVERA";"G46360756";"JUCAR";"NO";"SI";"NO";"NO";"NO";"NO";"80144 SIERRA DEL AVE";"0";"2163246";"567.71";"Regadío";;;19/06/2024;;
"ES080C0490";"COMUNIDAD DE REGANTES LA NORIA DE CASARES";"G96623368";"JUCAR";"NO";"SI";"NO";"NO";"NO";"NO";"25.01 - Plana de Valencia (Norte y Sur)";"0";"179550";"28.5";"Regadío";;;19/06/2024;;
"ES080C0491";"COMUNIDAD DE REGANTES LA NORIA DE VILLALBA DE LA SIERRA";"G16159923";"JUCAR";"SI";"NO";"NO";"NO";"NO";"NO";"JUCAR, RIO";"0";"34679";"9.82";"Regadío";"Cuenca";"CUENCA";19/06/2024;;
"ES080C0492";"COMUNIDAD DE REGANTES LA OLIVERETA DE LLAURI";;"JUCAR";"NO";"SI";"NO";"NO";"NO";"NO";"25.01 - Plana de Valencia (Norte y Sur)";"0";"16294";"3.1";"Regadío";;;19/06/2024;;
"ES080C0493";"COMUNIDAD DE REGANTES LA OLMEDILLA DE VALDETORTOLA";"G16222572";"JUCAR";"SI";"NO";"NO";"NO";"NO";"NO";"MARGEN IZDA. DE RIO VALDETORTOLA";"0";"52824";"9.6";"Regadío";;"CUENCA";19/06/2024;;
"ES080C0494";"COMUNIDAD DE REGANTES LA PALOMERA";"G12447561";"JUCAR";"NO";"SI";"NO";"NO";"NO";"NO";"14.05 - Segorbe-Soneja";"0";"825400";"260";"Regadío";;;19/06/2024;;
"ES080C0495";"COMUNIDAD DE REGANTES LA PARTIDA VIÑE O LA FOXA";"G12058111";"JUCAR";"SI";"NO";"NO";"NO";"NO";"NO";"MIJARES, RIO";"0";"30250";"5.52";"Regadío";;;19/06/2024;;
"ES080C0496";"COMUNIDAD DE REGANTES LA PEDRERA";"G46889440";"JUCAR";"NO";"SI";"NO";"NO";"NO";"NO";"32.05 - Jurásico de Jaraco";"0";"106400";"19.17";"Regadío";;;19/06/2024;;
"ES080C0497";"COMUNIDAD DE REGANTES LA PINADA";"G16219008";"JUCAR";"NO";"SI";"NO";"NO";"NO";"NO";;"0";"360000";"171";"Regadío";"Casas de Benítez";"CUENCA";19/06/2024;;
"ES080C0498";"COMUNIDAD DE REGANTES LA PLANA DE ADOR";"G98960404";"JUCAR";"NO";"SI";"NO";"NO";"NO";"NO";"80154 SIERRA DE ADOR";"0";"169463";"36.54";"Regadío";;;19/06/2024;;
"ES080C0499";"COMUNIDAD DE REGANTES LA PORTERA-CAMPO ARCIS DE REQUENA";"G02942514";"JUCAR";"NO";"SI";"NO";"NO";"NO";"NO";"80139 CABRILLAS - MALACARA";"0";"392334";"653.89";"Regadío";;;19/06/2024;;
"ES080C0500";"COMUNIDAD DE REGANTES LA PROGRESIVA DE BONICHES";"G16116741";"JUCAR";"SI";"NO";"NO";"NO";"NO";"NO";"CABRIEL, RIO";"0";"506296";"86.06";"Regadío";"Boniches";"CUENCA";19/06/2024;;
"ES080C0501";"COMUNIDAD DE REGANTES LA PROVIDENCIA";"G46308821";"JUCAR";"NO";"SI";"NO";"NO";"NO";"NO";"32.06 - Marchuquera-Falconera";"0";"255000";"47.65";"Uso destinado a otros abastecimientos fuera de los núcleos urbanos";;;19/06/2024;;
"ES080C0501";"COMUNIDAD DE REGANTES LA PROVIDENCIA";"G46308821";"JUCAR";"NO";"SI";"NO";"NO";"NO";"NO";"32.06 - Marchuquera-Falconera";"0";"255000";"47.65";"Regadío";;;19/06/2024;;
"ES080C0502";"COMUNIDAD DE REGANTES LA PUNTA DE ALBAIDA";"G98401201";"JUCAR";"SI";"NO";"NO";"NO";"NO";"NO";;"0";"3800";"7.98";"Regadío";;;19/06/2024;;
"ES080C0503";"COMUNIDAD DE REGANTES LA RAPITA";"G12932067";"JUCAR";"NO";"SI";"NO";"NO";"NO";"NO";;"0";"1498095";"108.46";"Regadío";;;19/06/2024;;
"ES080C0504";"COMUNIDAD DE REGANTES LA RATA";"G44275410";"JUCAR";"NO";"SI";"NO";"NO";"NO";"NO";"80103 JAVALAMBRE ORIENTAL";"0";"374552";"93.45";"Regadío";"Albentosa";"TERUEL";19/06/2024;;
"ES080C0505";"COMUNIDAD DE REGANTES LA REDONDA DE YATOVA";"G46455994";"JUCAR";"SI";"SI";"NO";"NO";"NO";"NO";"18.32.01.08.01.02 RÍO BUÑOL: AZ. MOLINOS - RÍO MAGRO; HORTETA, CAÑADA DE LA;23.12 - Rambla de Bugarra; 80140 BUÑOL - CHESTE";"0";"1632072";"337.45";"Regadío";;;19/06/2024;;
"ES080C0506";"COMUNIDAD DE REGANTES LA RINCONADA DE MUÑOZ Y LA NORIA";"G46278859";"JUCAR";"SI";"NO";"NO";"NO";"NO";"NO";"CABRIEL, RIO";"0";"499613";"117.2";"Regadío";;;19/06/2024;;
"ES080C0507";"COMUNIDAD DE REGANTES LA ROMANA";"G53412797";"JUCAR";"NO";"SI";"NO";"NO";"NO";"NO";"51.02 - Umbría; 51.03 - Collado del Rey";"0";"4380108";"2439.3";"Regadío";;;19/06/2024;;
"ES080C0508";"COMUNIDAD DE REGANTES LA SABOCHA DE MONTROY";"G98462344";"JUCAR";"SI";"NO";"NO";"NO";"NO";"NO";"MAGRO, RIO";"0";"67485";"15.17";"Regadío";;;19/06/2024;;
"ES080C0509";"COMUNIDAD DE REGANTES LA SARGUILLA";"G16286817";"JUCAR";"SI";"NO";"NO";"NO";"NO";"NO";"MARIANA, RIO";"0";"16400";"5";"Regadío";"Sotorribas";"CUENCA";19/06/2024;;
"ES080C0510";"COMUNIDAD DE REGANTES LA SARRETILLA";"V46327938";"JUCAR";"SI";"SI";"NO";"SI";"NO";"NO";"16.01 RBLA. POYO: CABECERA - BCO. CAVALLS;80140 BUÑOL - CHESTE;E.D.A.R. DE CHESTE";"0";"3609636";"1164.04";"Regadío";;;19/06/2024;;
"ES080C0511";"COMUNIDAD DE REGANTES LA SERRANA";"G16119067";"JUCAR";"SI";"NO";"NO";"NO";"NO";"NO";"GUADAZAON, RIO; TOBA, BCO. DE LA";"0";"354430";"67";"Regadío";"Valdemoro-Sierra";"CUENCA";19/06/2024;;
"ES080C0512";"COMUNIDAD DE REGANTES LA SERRETA Y LA ESCALA";"G96394358";"JUCAR";"SI";"SI";"NO";"NO";"NO";"NO";"ALGODER, BCO. DE;27.01 - La Contienda; 27.02 - Ave";"0";"2138370";"458";"Regadío";;;19/06/2024;;
"ES080C0513";"COMUNIDAD DE REGANTES LA SOLANA";"G98650278";"JUCAR";"NO";"SI";"NO";"NO";"NO";"NO";;"0";"297071";"57.13";"Regadío";;;19/06/2024;;
"ES080C0514";"COMUNIDAD DE REGANTES LA SOLANA DE OLOCAU";;"JUCAR";"NO";"SI";"NO";"NO";"NO";"NO";"22.01 - Liria-Casinos";"0";"365000";"66.48";"Regadío";;;19/06/2024;;
"ES080C0515";"COMUNIDAD DE REGANTES LA SORT";"G12064804";"JUCAR";"NO";"SI";"NO";"NO";"NO";"NO";;"0";"806400";"62.25";"Regadío";;;19/06/2024;;
"ES080C0516";"COMUNIDAD DE REGANTES LA TURISANA";"G96286067";"JUCAR";"NO";"SI";"NO";"NO";"NO";"NO";"27.02 - Ave; 80140 BUÑOL - CHESTE; 80144 SIERRA DEL AVE";"0";"4383420";"3174.45";"Uso destinado al abastecimiento de núcleos urbanos";;;19/06/2024;;
"ES080C0516";"COMUNIDAD DE REGANTES LA TURISANA";"G96286067";"JUCAR";"NO";"SI";"NO";"NO";"NO";"NO";"27.02 - Ave; 80140 BUÑOL - CHESTE; 80144 SIERRA DEL AVE";"0";"4383420";"3174.45";"Regadío";;;19/06/2024;;
"ES080C0517";"COMUNIDAD DE REGANTES LA UNION DE VILLALONGA";"G46328746";"JUCAR";"NO";"SI";"NO";"NO";"NO";"NO";"38.01 - Plana de Gandía-Denia";"0";"140000";"25";"Regadío";;;19/06/2024;;
"ES080C0518";"COMUNIDAD DE REGANTES LA VALL D'UIXO";"G12958542";"JUCAR";"NO";"NO";"NO";"SI";"NO";"NO";"EDAR VALL D'UIXO";"0";"1460000";"875";"Regadío";;;19/06/2024;;
"ES080C0519";"COMUNIDAD DE REGANTES LA VALL-2";"G67760116";"JUCAR";"NO";"SI";"NO";"NO";"NO";"NO";"80130 MEDIO PALANCIA";"0";"11480";"4.62";"Regadío";;;19/06/2024;;
"ES080C0520";"COMUNIDAD DE REGANTES LA VALLESA";"V12913067";"JUCAR";"NO";"SI";"NO";"NO";"NO";"NO";"80107 PLANA DE VINAROZ";"0";"81628.47";"16.33";"Regadío";;;19/06/2024;;
"ES080C0521";"COMUNIDAD DE REGANTES LA VEGA DE GUDAR";"G44260883";"JUCAR";"SI";"NO";"NO";"NO";"NO";"NO";"15.04.01.01 RÍO ALFAMBRA: CABECERA - RBLA. HOZ";"0";"80186";"12.02";"Regadío";"Gúdar";"TERUEL";19/06/2024;;
"ES080C0522";"COMUNIDAD DE REGANTES LA VEGA DE REQUENA";"G46327979";"JUCAR";"SI";"NO";"NO";"NO";"NO";"NO";"MAGRO, RIO";"0";"359781";"379.57";"Regadío";;;19/06/2024;;
"ES080C0523";"COMUNIDAD DE REGANTES LA VEGUILLA";;"JUCAR";"SI";"NO";"NO";"NO";"NO";"NO";"GRITOS, RIO";"0";"23014";"3.91";"Regadío";;"CUENCA";19/06/2024;;
"ES080C0524";"COMUNIDAD DE REGANTES LA VIÑA-ABOVALAR";"G98542111";"JUCAR";"NO";"SI";"NO";"SI";"NO";"NO";"EDAR FONT DE LA FIGUERA";"0";"750017";"288.33";"Regadío";;;19/06/2024;;
"ES080C0525";"COMUNIDAD DE REGANTES LA VUELTA";;"JUCAR";"SI";"NO";"NO";"NO";"NO";"NO";"CAÑOLES, RIO";"0";"9689";"1.66";"Regadío";;;19/06/2024;;
"ES080C0526";"COMUNIDAD DE REGANTES LA YSILLA";;"JUCAR";"NO";"SI";"NO";"NO";"NO";"NO";;"0";"2050000";"993";"Regadío";"Sisante";"CUENCA";19/06/2024;;
"ES080C0527";"COMUNIDAD DE REGANTES LAS BARCAS";"G02286276";"JUCAR";"NO";"SI";"NO";"NO";"NO";"NO";"29.03 - Neógeno carbonatado - 49";"0";"637700";"227";"Regadío";"Albacete";"ALBACETE";19/06/2024;;
"ES080C0528";"COMUNIDAD DE REGANTES LAS CARBONERAS";"G98527526";"JUCAR";"NO";"SI";"NO";"NO";"NO";"NO";;"0";"2713";"9.09";"Regadío";;;19/06/2024;;
"ES080C0529";"COMUNIDAD DE REGANTES LAS CASAS-LOS CORRALES DE UTIEL";"G97488860";"JUCAR";"NO";"SI";"NO";"NO";"NO";"NO";"18.05 - Sierra de Utiel; 24.01 - Plana de Utiel-Requena; 80133 REQUENA - UTIEL";"0";"1777500";"3900.34";"Regadío";;;19/06/2024;;
"ES080C0530";"COMUNIDAD DE REGANTES LAS CUEVAS DE UTIEL";"G97533335";"JUCAR";"NO";"SI";"NO";"NO";"NO";"NO";"18.05 - Sierra de Utiel; 24.01 - Plana de Utiel-Requena; 80133 REQUENA - UTIEL";"0";"3304500";"5335.26";"Regadío";;;19/06/2024;;
"ES080C0531";"COMUNIDAD DE REGANTES LAS FUENTES DE BOLBAITE";"G46327383";"JUCAR";"SI";"SI";"NO";"NO";"NO";"NO";"BOLBAITE, RIO;28.04 - Cuevas Negras";"0";"1053695";"291.82";"Regadío";;;19/06/2024;;
"ES080C0532";"COMUNIDAD DE REGANTES LAS HUERTAS DE TALES";"G12087227";"JUCAR";"SI";"SI";"NO";"NO";"NO";"NO";"VEO, RIO;13.01 - Onda";"0";"270803";"41.5";"Regadío";;;19/06/2024;;
"ES080C0533";"COMUNIDAD DE REGANTES LAS MARJALES DE GANDIA";"G46405825";"JUCAR";"NO";"SI";"NO";"NO";"NO";"NO";"80152 PLANA DE GANDÍA";"0";"153098";"35";"Regadío";;;19/06/2024;;
"ES080C0534";"COMUNIDAD DE REGANTES LAS PARTIDAS ARROZALES DE TAVERNES DE VALLDIGNA";"Q4667018H";"JUCAR";"NO";"SI";"NO";"NO";"NO";"NO";"25.01 - Plana de Valencia (Norte y Sur); 38.01 - Plana de Gandía-Denia";"0";"6154992";"735.48";"Regadío";;;19/06/2024;;
"ES080C0535";"COMUNIDAD DE REGANTES LAS PEDRIZAS DE ALBACETE";"H02129401";"JUCAR";"NO";"SI";"NO";"NO";"NO";"NO";"29.03 - Neógeno carbonatado - 49";"0";"104000";"15";"Uso destinado al abastecimiento de núcleos urbanos";"Albacete";"ALBACETE";19/06/2024;;
"ES080C0535";"COMUNIDAD DE REGANTES LAS PEDRIZAS DE ALBACETE";"H02129401";"JUCAR";"NO";"SI";"NO";"NO";"NO";"NO";"29.03 - Neógeno carbonatado - 49";"0";"104000";"15";"Regadío";"Albacete";"ALBACETE";19/06/2024;;
"ES080C0536";"COMUNIDAD DE REGANTES LAS TAMAJOSAS";"G02562189";"JUCAR";"NO";"SI";"NO";"NO";"NO";"NO";;"0";"341800";"84.16";"Regadío";;"ALBACETE";19/06/2024;;
"ES080C0537";"COMUNIDAD DE REGANTES LAS TIERRAS ARROZALES DEL PUIG";"G46787834";"JUCAR";"NO";"SI";"NO";"NO";"NO";"NO";"21.01 - Sagunto";"0";"2312000";"375";"Regadío";;;19/06/2024;;
"ES080C0538";"COMUNIDAD DE REGANTES LAS TIERRAS DE LA HOYA";"G46406823";"JUCAR";"SI";"NO";"NO";"NO";"NO";"NO";"ACEÑA, RAMBLA DE LA";"0";"3559317.66";"752.37";"Regadío";;;19/06/2024;;
"ES080C0539";"COMUNIDAD DE REGANTES LES BASES";"G12685988";"JUCAR";"NO";"SI";"NO";"NO";"NO";"NO";"80107 PLANA DE VINAROZ";"0";"523000";"125.2";"Regadío";;;19/06/2024;;
"ES080C0540";"COMUNIDAD DE REGANTES LES BASES HORT DE NAVARRO";"G96772504";"JUCAR";"NO";"SI";"NO";"NO";"NO";"NO";"25.01 - Plana de Valencia (Norte y Sur)";"0";"37831";"5.02";"Regadío";;;19/06/2024;;
"ES080C0541";"COMUNIDAD DE REGANTES LES CANALS DE ULLDECONA";"G55717888";"JUCAR";"NO";"SI";"NO";"NO";"NO";"NO";"80106 PLANA DE CENIA";"0";"107690";"19.77";"Regadío";"Alcanar";"TARRAGONA";19/06/2024;;
"ES080C0542";"COMUNIDAD DE REGANTES LES PLANES DE ROTOVA";"G10588143";"JUCAR";"NO";"SI";"NO";"NO";"NO";"NO";"32.06 - Marchuquera-Falconera";"0";"371404";"84.41";"Regadío";;;19/06/2024;;
"ES080C0543";"COMUNIDAD DE REGANTES LES RODANES DE VILAMARXANT";"V98263528";"JUCAR";"NO";"SI";"NO";"NO";"NO";"NO";;"0";"73000";"17.66";"Regadío";;;19/06/2024;;
"ES080C0544";"COMUNIDAD DE REGANTES LES TEIXIDORES";"G10797199";"JUCAR";"NO";"SI";"NO";"NO";"NO";"NO";"80126 ONDA - ESPADÁN; 80127 PLANA DE CASTELLÓN";"0";"773381.13";"135.96";"Regadío";;;19/06/2024;;
"ES080C0545";"COMUNIDAD DE REGANTES LES TRENCAES";"G12280434";"JUCAR";"NO";"SI";"NO";"NO";"NO";"NO";"12.01 - Plana de Castellón";"0";"521045";"99.73";"Regadío";;;19/06/2024;;
"ES080C0546";"COMUNIDAD DE REGANTES LIBROS";"E44020378";"JUCAR";"SI";"NO";"NO";"NO";"NO";"NO";"TURIA, RIO";"0";"219261";"38.02";"Regadío";"Libros";"TERUEL";19/06/2024;;
"ES080C0546";"COMUNIDAD DE REGANTES LIBROS";"E44020378";"JUCAR";"SI";"NO";"NO";"NO";"NO";"NO";"TURIA, RIO";"0";"219261";"38.02";"OTROS USOS";"Libros";"TERUEL";19/06/2024;;
"ES080C0547";"COMUNIDAD DE REGANTES LLANOS CARGAS Y CONGOS DE FANZARA";;"JUCAR";"SI";"NO";"NO";"NO";"NO";"NO";"MIJARES, RIO";"0";"20647";"3.73";"Regadío";;;19/06/2024;;
"ES080C0548";"COMUNIDAD DE REGANTES LLANOS DE BUENAVISTA";"G02583011";"JUCAR";"NO";"SI";"NO";"NO";"NO";"NO";;"0";"250100";"65.49";"Regadío";"Tarazona de la Mancha";"ALBACETE";19/06/2024;;
"ES080C0549";"COMUNIDAD DE REGANTES LLIRIA CANAL PRINCIPAL DEL CAMPO DEL TURIA";"G46426953";"JUCAR";"SI";"NO";"NO";"NO";"NO";"NO";;"0";"29000000";"7721";"Regadío";;;19/06/2024;;
"ES080C0550";"COMUNIDAD DE REGANTES LOMA DEL CAMPO UTIEL";"G98750607";"JUCAR";"NO";"SI";"NO";"NO";"NO";"NO";"24.01 - Plana de Utiel-Requena";"0";"8070";"13.45";"Regadío";;;19/06/2024;;
"ES080C0551";"COMUNIDAD DE REGANTES LORCA Y QUINT DE RIBA-ROJA DEL TURIA";"G98453756";"JUCAR";"SI";"NO";"NO";"NO";"NO";"NO";"15.14 RÍO TURIA: RÍO SOT - BCO. TEULADA";"0";"18293429";"1306.59";"Regadío";;;19/06/2024;;
"ES080C0552";"COMUNIDAD DE REGANTES LORCHA";"G53617973";"JUCAR";"SI";"NO";"NO";"NO";"NO";"NO";"21.05 RÍO SERPIS: E. BENIARRÉS - LORCHA; SERPIS, RIO";"0";"568128";"98.85";"Regadío";;;19/06/2024;;
"ES080C0553";"COMUNIDAD DE REGANTES LORIGUILLA";"G46550216";"JUCAR";"SI";"SI";"NO";"NO";"NO";"NO";;"0";"1404778";"98.49";"Uso destinado al abastecimiento de núcleos urbanos";;;19/06/2024;;
"ES080C0553";"COMUNIDAD DE REGANTES LORIGUILLA";"G46550216";"JUCAR";"SI";"SI";"NO";"NO";"NO";"NO";;"0";"1404778";"98.49";"Regadío";;;19/06/2024;;
"ES080C0553";"COMUNIDAD DE REGANTES LORIGUILLA";"G46550216";"JUCAR";"SI";"SI";"NO";"NO";"NO";"NO";;"0";"1404778";"98.49";"OTROS USOS";;;19/06/2024;;
"ES080C0554";"COMUNIDAD DE REGANTES LOS AZUDES DEL TERS";"G03871357";"JUCAR";"SI";"NO";"NO";"NO";"NO";"NO";"; SELLA, RIO";"0";"157156";"26.7";"Regadío";;;19/06/2024;;
"ES080C0555";"COMUNIDAD DE REGANTES LOS HUERTOS DEL ARENAL";"G16279101";"JUCAR";"SI";"NO";"NO";"NO";"NO";"NO";"CHILLARON, RIO";"0";"1815";"0.33";"Regadío";;;19/06/2024;;
"ES080C0556";"COMUNIDAD DE REGANTES LOS MARCOS";"G98720428";"JUCAR";"NO";"SI";"NO";"NO";"NO";"NO";"80133 REQUENA - UTIEL";"0";"9785";"20.07";"Regadío";;;19/06/2024;;
"ES080C0557";"COMUNIDAD DE REGANTES LOS MOLINOS DE FINESTRAT";"G03265675";"JUCAR";"SI";"NO";"NO";"NO";"NO";"NO";"MOLINOS, BCO. DE LOS";"0";"1436465";"400";"Regadío";;;19/06/2024;;
"ES080C0558";"COMUNIDAD DE REGANTES LOS ORDUÑOS DE GUADALEST";"V54376322";"JUCAR";"SI";"SI";"NO";"NO";"NO";"NO";"28.02.01.02 RÍO GUADALEST: E. GUADALEST - CALLOSA D'EN SARRIÀ; GUADALEST, RIO;80178 SERRELLA - AIXORTA - ALGAR";"0";"90000";"22.06";"Regadío";;;19/06/2024;;
"ES080C0559";"COMUNIDAD DE REGANTES LOS PEIROS DE PUEBLA DE ARENOSO";"G12898730";"JUCAR";"SI";"NO";"NO";"NO";"NO";"NO";"MIJARES, RIO";"0";"21384";"3.69";"Regadío";;;19/06/2024;;
"ES080C0560";"COMUNIDAD DE REGANTES LOS PLEITOS";;"JUCAR";"NO";"SI";"NO";"NO";"NO";"NO";"80133 REQUENA - UTIEL";"0";"5400";"12";"Regadío";;;19/06/2024;;
"ES080C0561";"COMUNIDAD DE REGANTES LOS RUICES";"G97416135";"JUCAR";"NO";"SI";"NO";"NO";"NO";"NO";"24.01 - Plana de Utiel-Requena";"0";"675000";"1500";"Regadío";;;19/06/2024;;
"ES080C0562";"COMUNIDAD DE REGANTES LUDIENTE";"G12531570";"JUCAR";"SI";"NO";"NO";"NO";"NO";"NO";"VILLAHERMOSA, RIO";"0";"335267";"41.63";"Regadío";;;19/06/2024;;
"ES080C0563";"COMUNIDAD DE REGANTES MAGALLAN - NOVALES Y MEDIA VEGA DE JERICA";"G12045266";"JUCAR";"SI";"NO";"NO";"NO";"NO";"NO";"FUENTE DE SAN MIGUEL, CUENCA DEL; PALANCIA, RIO";"0";"6491058.39";"943.45";"Uso destinado al abastecimiento de núcleos urbanos";;;19/06/2024;;
"ES080C0563";"COMUNIDAD DE REGANTES MAGALLAN - NOVALES Y MEDIA VEGA DE JERICA";"G12045266";"JUCAR";"SI";"NO";"NO";"NO";"NO";"NO";"FUENTE DE SAN MIGUEL, CUENCA DEL; PALANCIA, RIO";"0";"6491058.39";"943.45";"Regadío";;;19/06/2024;;
"ES080C0564";"COMUNIDAD DE REGANTES MANANTIAL DE LA ALFAHAMA O ACEQUIA DE LOS BAÑOS";;"JUCAR";"SI";"NO";"NO";"NO";"NO";"NO";"ALBAIDA, RIO";"0";"168071.15";"25";"Regadío";;;19/06/2024;;
"ES080C0565";"COMUNIDAD DE REGANTES MARE DE DEU DE GRACIA DE ONDA";"G12395190";"JUCAR";"NO";"SI";"NO";"NO";"NO";"NO";"80126 ONDA - ESPADÁN";"0";"805720";"125";"Regadío";;;19/06/2024;;
"ES080C0566";"COMUNIDAD DE REGANTES MAS DE ANGLES";"E12385530";"JUCAR";"NO";"SI";"NO";"NO";"NO";"NO";"07.01 - Maestrazgo - 1";"0";"307400";"50.59";"Regadío";;;19/06/2024;;
"ES080C0567";"COMUNIDAD DE REGANTES MAS DE JACINTO";"G01624170";"JUCAR";"SI";"NO";"NO";"NO";"NO";"NO";"15.06 RÍO TURIA: RBLA. MATANZA - RBLA. BARRANCÓN; VAL DEL AGUA, BCO. DE";"0";"281744";"57.9";"Regadío";;;19/06/2024;;
"ES080C0568";"COMUNIDAD DE REGANTES MAS DE RANDER";"V12910956";"JUCAR";"NO";"SI";"NO";"NO";"NO";"NO";;"0";"389783";"93.07";"Regadío";;;19/06/2024;;
"ES080C0568";"COMUNIDAD DE REGANTES MAS DE RANDER";"V12910956";"JUCAR";"NO";"SI";"NO";"NO";"NO";"NO";;"0";"389783";"93.07";"De carácter privado";;;19/06/2024;;
"ES080C0569";"COMUNIDAD DE REGANTES MASALARI";"G67866236";"JUCAR";"NO";"SI";"NO";"NO";"NO";"NO";"80149 SIERRA DE LAS AGUJAS";"0";"83670.04";"19.01";"Regadío";;;19/06/2024;;
"ES080C0570";"COMUNIDAD DE REGANTES MASALET";"G46440913";"JUCAR";"SI";"NO";"NO";"NO";"NO";"NO";"JUCAR, RIO";"0";"13171267";"2016.96";"Regadío";;;19/06/2024;;
"ES080C0571";"COMUNIDAD DE REGANTES MASCARELL";"Q1267003J";"JUCAR";"SI";"SI";"NO";"NO";"NO";"NO";"MIJARES, RIO;12.01 - Plana de Castellón";"0";"27648800";"3823.15";"Regadío";;;19/06/2024;;
"ES080C0572";"COMUNIDAD DE REGANTES MASET ROIG";"G46751236";"JUCAR";"NO";"SI";"NO";"NO";"NO";"NO";"25.01 - Plana de Valencia (Norte y Sur)";"0";"125190";"32.2";"Regadío";;;19/06/2024;;
"ES080C0573";"COMUNIDAD DE REGANTES MATET";"G12340840";"JUCAR";"SI";"NO";"NO";"NO";"NO";"NO";;"0";"343200";"60";"Regadío";;;19/06/2024;;
"ES080C0574";"COMUNIDAD DE REGANTES MINYONS";"G03514510";"JUCAR";"SI";"NO";"NO";"NO";"NO";"NO";"BENIARDA, RIO";"0";"10578";"1.8";"Regadío";;;19/06/2024;;
"ES080C0575";"COMUNIDAD DE REGANTES MIRA";"G16170425";"JUCAR";"SI";"NO";"NO";"NO";"NO";"NO";;"0";"1077128";"181.23";"Regadío";"Mira";"CUENCA";19/06/2024;;
"ES080C0576";"COMUNIDAD DE REGANTES MOJAMASAF";"G12867180";"JUCAR";"NO";"SI";"NO";"NO";"NO";"NO";;"0";"3780";"0.84";"Regadío";;;19/06/2024;;
"ES080C0577";"COMUNIDAD DE REGANTES MOLI DE AIELO";"G97406409";"JUCAR";"SI";"NO";"NO";"NO";"NO";"NO";"21.07.01.02 RÍO BERNISA: BCO. LLUTXENT - RÍO SERPIS";"0";"287806";"74.4";"Regadío";;;19/06/2024;;
"ES080C0578";"COMUNIDAD DE REGANTES MOLI DE BACORA";"G03786175";"JUCAR";"SI";"NO";"NO";"NO";"NO";"NO";"GUADALEST, RIO";"0";"10960";"2.66";"Regadío";;;19/06/2024;;
"ES080C0579";"COMUNIDAD DE REGANTES MOLI DE CRISANTO";"G03514528";"JUCAR";"SI";"NO";"NO";"NO";"NO";"NO";"ALGAR, RIO";"0";"44357";"7.54";"Regadío";;;19/06/2024;;
"ES080C0580";"COMUNIDAD DE REGANTES MOLI DE D'ALT DE SELLA";"V54540307";"JUCAR";"SI";"NO";"NO";"NO";"NO";"NO";"SELLA, RIO";"0";"7200";"1.8";"Regadío";;;19/06/2024;;
"ES080C0581";"COMUNIDAD DE REGANTES MOLI PARRAOS";"G54619275";"JUCAR";"SI";"NO";"NO";"NO";"NO";"NO";"ALGAR, RIO";"0";"7599";"1.6";"Regadío";;;19/06/2024;;
"ES080C0582";"COMUNIDAD DE REGANTES MOLINO DEL VADO DE VALDEMORILLO DE LA SIERRA";"G16241697";"JUCAR";"SI";"NO";"NO";"NO";"NO";"NO";"GUADAZAON, RIO";"0";"4928";"0.9";"Uso destinado al abastecimiento de núcleos urbanos";"Cuenca";"CUENCA";19/06/2024;;
"ES080C0582";"COMUNIDAD DE REGANTES MOLINO DEL VADO DE VALDEMORILLO DE LA SIERRA";"G16241697";"JUCAR";"SI";"NO";"NO";"NO";"NO";"NO";"GUADAZAON, RIO";"0";"4928";"0.9";"Regadío";"Cuenca";"CUENCA";19/06/2024;;
"ES080C0583";"COMUNIDAD DE REGANTES MOLINO NUEVO Y NICOLAUS";;"JUCAR";"SI";"NO";"NO";"NO";"NO";"NO";"ALCOY,RIO";"0";"26713";"4.98";"Regadío";;;19/06/2024;;
"ES080C0584";"COMUNIDAD DE REGANTES MOLINO SANT BERNAT";;"JUCAR";"SI";"NO";"NO";"NO";"NO";"NO";"BUÑOL, RIO";"0";"18545";"3.41";"Regadío";;;19/06/2024;;
"ES080C0585";"COMUNIDAD DE REGANTES MONCOFAR";"V12930129";"JUCAR";"SI";"SI";"NO";"NO";"NO";"NO";"12.01 RÍO BELCAIRE;80127 PLANA DE CASTELLÓN";"0";"3286747";"710.78";"Regadío";;;19/06/2024;;
"ES080C0586";"COMUNIDAD DE REGANTES MONFORTE DEL CID";"G03764420";"JUCAR";"NO";"SI";"NO";"SI";"NO";"NO";"50.03 - Serreta Llarga; S.I. - S.I. - 2;EDAR VALLE DEL VINALOPO";"0";"5010000";"11967.56";"Regadío";;;19/06/2024;;
"ES080C0587";"COMUNIDAD DE REGANTES MONTANEJOS";"G12218970";"JUCAR";"SI";"NO";"NO";"NO";"NO";"NO";"MIJARES, RIO";"0";"366140";"67.81";"Uso destinado a otros abastecimientos fuera de los núcleos urbanos";;;19/06/2024;;
"ES080C0587";"COMUNIDAD DE REGANTES MONTANEJOS";"G12218970";"JUCAR";"SI";"NO";"NO";"NO";"NO";"NO";"MIJARES, RIO";"0";"366140";"67.81";"Regadío";;;19/06/2024;;
"ES080C0588";"COMUNIDAD DE REGANTES MONTE HORQUERA DE VILLAMARCHANTE";;"JUCAR";"NO";"SI";"NO";"NO";"NO";"NO";;"0";"69373";"12.7";"Regadío";;;19/06/2024;;
"ES080C0589";"COMUNIDAD DE REGANTES MONTESA";"G46662409";"JUCAR";"SI";"SI";"NO";"NO";"NO";"NO";"CAÑOLES, RIO";"0";"4601179";"1828";"Regadío";;;19/06/2024;;
"ES080C0590";"COMUNIDAD DE REGANTES MORICO";"G12849873";"JUCAR";"NO";"SI";"NO";"NO";"NO";"NO";;"0";"15216";"3.17";"Regadío";;;19/06/2024;;
"ES080C0591";"COMUNIDAD DE REGANTES MOSTALLA";"G54733209";"JUCAR";"NO";"SI";"NO";"NO";"NO";"NO";"80163 OLIVA - PEGO";"0";"297798";"59.5";"Regadío";;;19/06/2024;;
"ES080C0592";"COMUNIDAD DE REGANTES MOTOR BASSES-VEDAT";"G40574329";"JUCAR";"NO";"SI";"NO";"NO";"NO";"NO";"80151 PLANA DE JARACO";"0";"58582.1";"13.31";"Regadío";;;19/06/2024;;
"ES080C0593";"COMUNIDAD DE REGANTES MOTOR BELLO Y SAN ANTONIO";"G46312690";"JUCAR";"NO";"SI";"NO";"NO";"NO";"NO";"38.01 - Plana de Gandía-Denia";"0";"210000";"37.5";"Regadío";;;19/06/2024;;
"ES080C0594";"COMUNIDAD DE REGANTES MOTOR CATAÑERA";"G98389828";"JUCAR";"NO";"SI";"NO";"NO";"NO";"NO";;"0";"60000";"11.32";"Regadío";;;19/06/2024;;
"ES080C0595";"COMUNIDAD DE REGANTES MOTOR DE LA ERMITA";"G09655366";"JUCAR";"NO";"SI";"NO";"NO";"NO";"NO";"80142 PLANA DE VALENCIA SUR";"0";"21750";"3.9";"Regadío";;;19/06/2024;;
"ES080C0596";"COMUNIDAD DE REGANTES MOTOR DE LA PURISIMA PARTIDA SENDA GODELLA DE QUART DE POBLET";"G46757795";"JUCAR";"NO";"SI";"NO";"NO";"NO";"NO";"25.01 - Plana de Valencia (Norte y Sur)";"0";"552000";"125";"Regadío";;;19/06/2024;;
"ES080C0597";"COMUNIDAD DE REGANTES MOTOR DE LA RALLA";"G96410600";"JUCAR";"NO";"SI";"NO";"NO";"NO";"NO";"25.01 - Plana de Valencia (Norte y Sur)";"0";"130000";"23.68";"Regadío";;;19/06/2024;;
"ES080C0598";"COMUNIDAD DE REGANTES MOTOR DE MASANS";"G46301917";"JUCAR";"NO";"SI";"NO";"NO";"NO";"NO";"25.01 - Plana de Valencia (Norte y Sur)";"0";"27100";"17.91";"Regadío";;;19/06/2024;;
"ES080C0599";"COMUNIDAD DE REGANTES MOTOR DE RIEGO BARRANQUET DE ANDREU";"J96442355";"JUCAR";"NO";"SI";"NO";"NO";"NO";"NO";"80154 SIERRA DE ADOR";"0";"21000";"3.75";"Regadío";;;19/06/2024;;
"ES080C0600";"COMUNIDAD DE REGANTES MOTOR DE RIEGO EL PORTELL DE REAL DE GANDIA";"G46933651";"JUCAR";"NO";"SI";"NO";"NO";"NO";"NO";;"0";"241497";"45.7";"Regadío";;;19/06/2024;;
"ES080C0601";"COMUNIDAD DE REGANTES MOTOR DE SANTA BARBARA DE BENIPARRELL";"G46323283";"JUCAR";"NO";"SI";"NO";"NO";"NO";"NO";"25.01 - Plana de Valencia (Norte y Sur)";"0";"36200";"50";"Regadío";;;19/06/2024;;
"ES080C0602";"COMUNIDAD DE REGANTES MOTOR DEL PAPA";"G46819421";"JUCAR";"NO";"SI";"NO";"NO";"NO";"NO";"25.01 - Plana de Valencia (Norte y Sur)";"0";"55780";"60.77";"Regadío";;;19/06/2024;;
"ES080C0603";"COMUNIDAD DE REGANTES MOTOR DEL PINTAT";"G44836914";"JUCAR";"NO";"SI";"NO";"NO";"NO";"NO";"80151 PLANA DE JARACO";"0";"94542";"21.48";"Regadío";;;19/06/2024;;
"ES080C0604";"COMUNIDAD DE REGANTES MOTOR DEL PLA";"G96787155";"JUCAR";"NO";"SI";"NO";"NO";"NO";"NO";"80150 BÁRIG";"0";"58846";"13.33";"Regadío";;;19/06/2024;;
"ES080C0605";"COMUNIDAD DE REGANTES MOTOR DEL PORTALET";"G97669790";"JUCAR";"NO";"SI";"NO";"NO";"NO";"NO";"25.01 - Plana de Valencia (Norte y Sur)";"0";"60000";"33.5";"Regadío";;;19/06/2024;;
"ES080C0606";"COMUNIDAD DE REGANTES MOTOR DEL PUEBLO Y MANANTIAL DE LA FUENTE";"G46559365";"JUCAR";"SI";"NO";"NO";"NO";"NO";"NO";"JUCAR, RIO";"0";"1443477";"237.18";"Regadío";;;19/06/2024;;
"ES080C0607";"COMUNIDAD DE REGANTES MOTOR DEL REALON";"G96296215";"JUCAR";"NO";"SI";"NO";"NO";"NO";"NO";;"0";"203350";"29.05";"Regadío";;;19/06/2024;;
"ES080C0608";"COMUNIDAD DE REGANTES MOTOR DEL SORT";"E97915615";"JUCAR";"NO";"SI";"NO";"NO";"NO";"NO";"25.01 - Plana de Valencia (Norte y Sur)";"0";"1001";"15.14";"Regadío";;;19/06/2024;;
"ES080C0609";"COMUNIDAD DE REGANTES MOTOR EL CARRASCAL";"G98553076";"JUCAR";"NO";"SI";"NO";"NO";"NO";"NO";;"0";"45805";"8.25";"Regadío";;;19/06/2024;;
"ES080C0610";"COMUNIDAD DE REGANTES MOTOR EL CLAVELL";"G46315636";"JUCAR";"NO";"SI";"NO";"NO";"NO";"NO";"80149 SIERRA DE LAS AGUJAS";"0";"148784.58";"22.15";"Regadío";;;19/06/2024;;
"ES080C0611";"COMUNIDAD DE REGANTES MOTOR EL PROGRESO DE PICASSENT";"G46843264";"JUCAR";"NO";"SI";"NO";"NO";"NO";"NO";"25.01 - Plana de Valencia (Norte y Sur)";"0";"533160";"171.2";"Regadío";;;19/06/2024;;
"ES080C0612";"COMUNIDAD DE REGANTES MOTOR ENTRA CUIXOT GOTEIG";"G40574311";"JUCAR";"NO";"SI";"NO";"NO";"NO";"NO";"80151 PLANA DE JARACO";"0";"155700";"36.34";"Regadío";;;19/06/2024;;
"ES080C0613";"COMUNIDAD DE REGANTES MOTOR LA GARRIGOSA";"G98871700";"JUCAR";"NO";"SI";"NO";"NO";"NO";"NO";"80141 PLANA DE VALENCIA NORTE";"0";"28000";"4.6";"Regadío";;;19/06/2024;;
"ES080C0614";"COMUNIDAD DE REGANTES MOTOR LES LLENQUES";"G44602118";"JUCAR";"NO";"SI";"NO";"NO";"NO";"NO";"80150 BÁRIG";"0";"28927";"5.85";"Regadío";;;19/06/2024;;
"ES080C0615";"COMUNIDAD DE REGANTES MOTOR MAS DEL BAIX";"G46926069";"JUCAR";"NO";"SI";"NO";"NO";"NO";"NO";"25.01 - Plana de Valencia (Norte y Sur)";"0";"313110";"47";"Regadío";;;19/06/2024;;
"ES080C0616";"COMUNIDAD DE REGANTES MOTOR MONTE CARMELO";"G02693877";"JUCAR";"NO";"SI";"NO";"NO";"NO";"NO";"80142 PLANA DE VALENCIA SUR";"0";"400245";"56.65";"Regadío";;;19/06/2024;;
"ES080C0617";"COMUNIDAD DE REGANTES MOTOR PAELLA";"G96600994";"JUCAR";"NO";"SI";"NO";"NO";"NO";"NO";"25.01 - Plana de Valencia (Norte y Sur)";"0";"33759";"5.33";"Regadío";;;19/06/2024;;
"ES080C0618";"COMUNIDAD DE REGANTES MOTOR PALOMA";"G46951471";"JUCAR";"NO";"SI";"NO";"NO";"NO";"NO";"38.01 - Plana de Gandía-Denia";"0";"280608";"50.56";"Regadío";;;19/06/2024;;
"ES080C0619";"COMUNIDAD DE REGANTES MOTOR PITANA";"G46348678";"JUCAR";"NO";"SI";"NO";"NO";"NO";"NO";"38.01 - Plana de Gandía-Denia";"0";"260400";"46";"Uso destinado a otros abastecimientos fuera de los núcleos urbanos";;;19/06/2024;;
"ES080C0619";"COMUNIDAD DE REGANTES MOTOR PITANA";"G46348678";"JUCAR";"NO";"SI";"NO";"NO";"NO";"NO";"38.01 - Plana de Gandía-Denia";"0";"260400";"46";"Regadío";;;19/06/2024;;
"ES080C0620";"COMUNIDAD DE REGANTES MOTOR POLIGON";"G98351885";"JUCAR";"NO";"SI";"NO";"NO";"NO";"NO";;"0";"81043";"14.85";"Regadío";;;19/06/2024;;
"ES080C0621";"COMUNIDAD DE REGANTES MOTOR PONT DEL PLEIT";"G72537806";"JUCAR";"NO";"SI";"NO";"NO";"NO";"NO";"80150 BÁRIG";"0";"26786";"5.97";"Regadío";;;19/06/2024;;
"ES080C0622";"COMUNIDAD DE REGANTES MOTOR POZO CASTELLAR";"G96029509";"JUCAR";"NO";"SI";"NO";"NO";"NO";"NO";"25.01 - Plana de Valencia (Norte y Sur)";"0";"245000";"39";"Regadío";;;19/06/2024;;
"ES080C0623";"COMUNIDAD DE REGANTES MOTOR RACONADA";"G98530306";"JUCAR";"NO";"SI";"NO";"NO";"NO";"NO";;"0";"32181.12";"5.86";"Regadío";;;19/06/2024;;
"ES080C0624";"COMUNIDAD DE REGANTES MOTOR RAFOL ERMITA";"G98378797";"JUCAR";"NO";"SI";"NO";"NO";"NO";"NO";;"0";"46839";"8.44";"Regadío";;;19/06/2024;;
"ES080C0625";"COMUNIDAD DE REGANTES MOTOR SAN ANDRES DE CATARROJA";"G97140438";"JUCAR";"NO";"SI";"NO";"NO";"NO";"NO";"25.01 - Plana de Valencia (Norte y Sur)";"0";"46200";"10";"Regadío";;;19/06/2024;;
"ES080C0626";"COMUNIDAD DE REGANTES MOTOR SAN ANTONIO DE PADUA DE TORRENT";"G46166070";"JUCAR";"NO";"SI";"NO";"NO";"NO";"NO";"25.01 - Plana de Valencia (Norte y Sur)";"0";"235200";"42";"Regadío";;;19/06/2024;;
"ES080C0627";"COMUNIDAD DE REGANTES MOTOR SAN PEDRO DE SILLA";"G96471677";"JUCAR";"NO";"SI";"NO";"NO";"NO";"NO";"25.01 - Plana de Valencia (Norte y Sur)";"0";"196875";"38.3";"Regadío";;;19/06/2024;;
"ES080C0628";"COMUNIDAD DE REGANTES MOTOR SAN SEBASTIAN DEL HORNO DE ALCEDO";"G46827119";"JUCAR";"NO";"SI";"NO";"NO";"NO";"NO";"25.01 - Plana de Valencia (Norte y Sur)";"0";"157500";"25";"Regadío";;;19/06/2024;;
"ES080C0629";"COMUNIDAD DE REGANTES MOTOR TANCAT DE BOSQUET";"G98807894";"JUCAR";"NO";"SI";"NO";"NO";"NO";"NO";"80151 PLANA DE JARACO";"0";"60300";"8.07";"Regadío";;;19/06/2024;;
"ES080C0630";"COMUNIDAD DE REGANTES MOTORES MARAVILLAS DE MIRAMAR";"G96432802";"JUCAR";"NO";"SI";"NO";"NO";"NO";"NO";"38.01 - Plana de Gandía-Denia";"0";"498400";"115.81";"Regadío";;;19/06/2024;;
"ES080C0631";"COMUNIDAD DE REGANTES NAVAJAS";"G12072542";"JUCAR";"SI";"NO";"NO";"NO";"NO";"NO";"; BAÑO, FUENTES DEL";"0";"61880";"9.1";"Regadío";;;19/06/2024;;
"ES080C0632";"COMUNIDAD DE REGANTES NAVARRES";"G46163747";"JUCAR";"SI";"NO";"NO";"NO";"NO";"NO";"BARCAL, RBLA. DEL";"0";"3190184.9";"542.29";"Regadío";;;19/06/2024;;
"ES080C0633";"COMUNIDAD DE REGANTES NOGUERA DE ALBARRACIN";"G44254217";"JUCAR";"SI";"NO";"NO";"NO";"NO";"NO";"NOGUERA, RIO";"0";"203769";"35.34";"Regadío";"Noguera de Albarracín";"TERUEL";19/06/2024;;
"ES080C0634";"COMUNIDAD DE REGANTES NOGUERUELAS";"E44023422";"JUCAR";"SI";"NO";"NO";"NO";"NO";"NO";"CEDRILLAS, RIO; OLLAS, BCO. DE LAS; PILA, RBLA. DE LA; RODECHE, RIO DE";"0";"535925";"92.93";"Regadío";"Nogueruelas";"TERUEL";19/06/2024;;
"ES080C0635";"COMUNIDAD DE REGANTES NOVA COMUNITAT DE ALGINET (SECTORES VII Y VIII)";"G46799941";"JUCAR";"SI";"NO";"NO";"NO";"NO";"NO";;"0";"4120000";"681.67";"Regadío";;;19/06/2024;;
"ES080C0636";"COMUNIDAD DE REGANTES NUESTRA SEÑORA DE BELEN";"E16190035";"JUCAR";"SI";"NO";"NO";"NO";"NO";"NO";"; HUERTOS, ARYO. DE LOS; MOLINO, ARROYO DEL; MOLINO, ARYO. DEL; URDIALES, ARYO. DE LOS; VALDEMECA, RIO DE";"0";"449567";"94.77";"Regadío";"Valdemeca";"CUENCA";19/06/2024;;
"ES080C0637";"COMUNIDAD DE REGANTES NUESTRA SEÑORA DE LA ASUNCION DE CARDENETE";"G16193872";"JUCAR";"SI";"NO";"NO";"NO";"NO";"NO";"TORIL, ARROYO DEL";"0";"198231";"33.7";"Regadío";"Cardenete";"CUENCA";19/06/2024;;
"ES080C0638";"COMUNIDAD DE REGANTES NUESTRA SEÑORA DE LA ASUNCION DE VALDEMORILLO";"G16215915";"JUCAR";"SI";"NO";"NO";"NO";"NO";"NO";"GUADAZAON, RIO; TENAZARES, ARYO. DE";"0";"259041";"52.09";"Regadío";"Valdemorillo de la Sierra";"CUENCA";19/06/2024;;
"ES080C0639";"COMUNIDAD DE REGANTES NUESTRA SEÑORA DE LA CRUZ DEL RIO LEZUZA";"G02056851";"JUCAR";"SI";"NO";"NO";"NO";"NO";"NO";"LEZUZA, RIO";"0";"4606619";"989.23";"Regadío";"Lezuza;Albacete";"ALBACETE";19/06/2024;;
"ES080C0640";"COMUNIDAD DE REGANTES NUESTRA SEÑORA DE LA ENCARNACION";"G02193324";"JUCAR";"SI";"NO";"NO";"NO";"NO";"NO";"MANANTIAL DE LA FUENTE, CUENCA; QUEJOLAS, RIO";"0";"1666416";"241.51";"Regadío";"San Pedro";"ALBACETE";19/06/2024;;
"ES080C0641";"COMUNIDAD DE REGANTES NUESTRA SEÑORA DE LA MERCED DE ALGAR DE PALANCIA";"G46338091";"JUCAR";"NO";"SI";"NO";"NO";"NO";"NO";"80130 MEDIO PALANCIA";"0";"1239661.3";"313.89";"Regadío";;;19/06/2024;;
"ES080C0642";"COMUNIDAD DE REGANTES NUESTRA SEÑORA DE LOS DESAMPARADOS DE MURO DE ALCOY";"G03522976";"JUCAR";"SI";"NO";"NO";"NO";"NO";"NO";"AGRES, RIO";"0";"1209447";"225.64";"Regadío";;;19/06/2024;;
"ES080C0643";"COMUNIDAD DE REGANTES NUESTRA SEÑORA DE LOS DESAMPARADOS DE ORBA";"G03731239";"JUCAR";"NO";"SI";"NO";"NO";"NO";"NO";;"0";"1274181";"220.49";"Uso destinado al abastecimiento de núcleos urbanos";;;19/06/2024;;
"ES080C0643";"COMUNIDAD DE REGANTES NUESTRA SEÑORA DE LOS DESAMPARADOS DE ORBA";"G03731239";"JUCAR";"NO";"SI";"NO";"NO";"NO";"NO";;"0";"1274181";"220.49";"Regadío";;;19/06/2024;;
"ES080C0644";"COMUNIDAD DE REGANTES NUESTRA SEÑORA DE MONTIEL";"G46478665";"JUCAR";"NO";"SI";"NO";"NO";"NO";"NO";"22.01 - Liria-Casinos";"0";"630000";"112.5";"Regadío";;;19/06/2024;;
"ES080C0645";"COMUNIDAD DE REGANTES NUESTRA SEÑORA DE TEJEDA";"E16188849";"JUCAR";"SI";"NO";"NO";"NO";"NO";"NO";"OJOS DE MOYA, RIO";"0";"478336";"91.5";"Regadío";"Garaballa";"CUENCA";19/06/2024;;
"ES080C0646";"COMUNIDAD DE REGANTES NUESTRA SEÑORA DEL VIRGEN DEL PATROCINIO";"G46892352";"JUCAR";"NO";"SI";"NO";"NO";"NO";"NO";"25.01 - Plana de Valencia (Norte y Sur)";"0";"207313";"38.75";"Regadío";;;19/06/2024;;
"ES080C0647";"COMUNIDAD DE REGANTES NUESTRA SEÑORA LA VIRGEN DEL PILAR";;"JUCAR";"SI";"SI";"NO";"NO";"NO";"NO";"ARQUILLO, RIO DEL; CUBILLO, RIO; CUBILLO, RIO DEL; FUENTES DEL OJICO Y DEL MONTE; HOCINO, BCO. DEL (CUBILLO, RBLA. DEL); RIO CAMPILLO; RIO FUENTE APARICIO; TORRENTERAS,RIO;30.01 - Campo de Montiel - 1";"0";"1335636";"294.2";"Regadío";"Robledo";"ALBACETE";19/06/2024;;
"ES080C0648";"COMUNIDAD DE REGANTES NULES";"G12041869";"JUCAR";"SI";"NO";"NO";"NO";"NO";"NO";"MIJARES, RIO";"0";"27300000";"3714.15";"Regadío";;;19/06/2024;;
"ES080C0649";"COMUNIDAD DE REGANTES NULES Y MASCARELL";"G12614384";"JUCAR";"SI";"SI";"NO";"NO";"NO";"NO";"10.12 RÍO MIJARES: RBLA. DE LA VIUDA - DELTA MIJARES;80127 PLANA DE CASTELLÓN";"0";"8089292.3";"1100.52";"Regadío";;;19/06/2024;;
"ES080C0650";"COMUNIDAD DE REGANTES OLMEDA DEL REY";"G16244868";"JUCAR";"SI";"NO";"NO";"NO";"NO";"NO";"GRITOS, RIO";"0";"34755";"9.87";"Regadío";"Olmeda del Rey";"CUENCA";19/06/2024;;
"ES080C0651";"COMUNIDAD DE REGANTES OLOCAU SECTOR XV";"G46394045";"JUCAR";"SI";"SI";"NO";"NO";"NO";"NO";;"0";"2774700";"694.21";"Regadío";;;19/06/2024;;
"ES080C0652";"COMUNIDAD DE REGANTES ONAER DE CALLOSA DE D'EN SARRIA";"G54357884";"JUCAR";"NO";"SI";"NO";"NO";"NO";"NO";;"0";"1900000";"459.81";"Regadío";;;19/06/2024;;
"ES080C0653";"COMUNIDAD DE REGANTES OTOS";"G96964028";"JUCAR";"NO";"SI";"NO";"NO";"NO";"NO";;"0";"701935";"184.78";"Uso destinado al abastecimiento de núcleos urbanos";;;19/06/2024;;
"ES080C0653";"COMUNIDAD DE REGANTES OTOS";"G96964028";"JUCAR";"NO";"SI";"NO";"NO";"NO";"NO";;"0";"701935";"184.78";"Regadío";;;19/06/2024;;
"ES080C0654";"COMUNIDAD DE REGANTES PAGO ALTO, BAJO Y BALAGUERAS";"E44140648";"JUCAR";"SI";"NO";"NO";"NO";"NO";"NO";"PALOMAREJAS, RIO";"0";"655546";"113.67";"Regadío";"Rubielos de Mora";"TERUEL";19/06/2024;;
"ES080C0655";"COMUNIDAD DE REGANTES PALABA Y ESTOPET";"G12233649";"JUCAR";"NO";"SI";"NO";"NO";"NO";"NO";"11.01 - Oropesa-Torreblanca";"0";"958479";"225";"Uso destinado al abastecimiento de núcleos urbanos";;;19/06/2024;;
"ES080C0655";"COMUNIDAD DE REGANTES PALABA Y ESTOPET";"G12233649";"JUCAR";"NO";"SI";"NO";"NO";"NO";"NO";"11.01 - Oropesa-Torreblanca";"0";"958479";"225";"Regadío";;;19/06/2024;;
"ES080C0656";"COMUNIDAD DE REGANTES PALOMERA Y MOLINOS DE PAPEL";"G16029399";"JUCAR";"SI";"NO";"NO";"NO";"NO";"NO";"HUECAR, RIO";"0";"144200";"20.6";"Regadío";"Palomera";"CUENCA";19/06/2024;;
"ES080C0657";"COMUNIDAD DE REGANTES PANTANO DE ALMANSA";"G02114973";"JUCAR";"SI";"NO";"NO";"NO";"NO";"NO";"RAMBLA VEGA DE BELÉN";"0";"7432700";"1100";"Regadío";"Almansa";"ALBACETE";19/06/2024;;
"ES080C0658";"COMUNIDAD DE REGANTES PANTANO DE MARIA CRISTINA DE CASTELLON";"G12055356";"JUCAR";"SI";"NO";"NO";"NO";"NO";"NO";"MIJARES, RIO";"0";"8600000";"2660";"Regadío";;;19/06/2024;;
"ES080C0659";"COMUNIDAD DE REGANTES PARE PRESENTAT DE VALLADA";"G46326427";"JUCAR";"SI";"NO";"NO";"NO";"NO";"NO";"CAÑOLES, RIO";"0";"204334";"36.98";"Regadío";;;19/06/2024;;
"ES080C0660";"COMUNIDAD DE REGANTES PARIDERAS DE LOS NAVARROS Y DE LOS DURANS";"G46917597";"JUCAR";"SI";"NO";"NO";"NO";"NO";"NO";"ALGODER, BCO. DE";"0";"103995";"18.7";"Regadío";;;19/06/2024;;
"ES080C0661";"COMUNIDAD DE REGANTES PARTIDA DE LAS HUERTAS DE ABAJO DE VALLADA";;"JUCAR";"SI";"NO";"NO";"NO";"NO";"NO";"CAÑOLES, RIO";"0";"100688";"18.22";"Regadío";;;19/06/2024;;
"ES080C0662";"COMUNIDAD DE REGANTES PARTIDA DE LAS VIÑAS";;"JUCAR";"SI";"NO";"NO";"NO";"NO";"NO";"ABRULLADOR, BARRANCO DEL";"0";"430984";"20.27";"Uso destinado al abastecimiento de núcleos urbanos";;;19/06/2024;;
"ES080C0662";"COMUNIDAD DE REGANTES PARTIDA DE LAS VIÑAS";;"JUCAR";"SI";"NO";"NO";"NO";"NO";"NO";"ABRULLADOR, BARRANCO DEL";"0";"430984";"20.27";"Regadío";;;19/06/2024;;
"ES080C0663";"COMUNIDAD DE REGANTES PARTIDA DEL BOSQUERAL";"G12848156";"JUCAR";"SI";"NO";"NO";"NO";"NO";"NO";"AYODAR, RIO DE";"0";"15939";"2.88";"Regadío";;;19/06/2024;;
"ES080C0664";"COMUNIDAD DE REGANTES PARTIDA DEL TURCO";;"JUCAR";"SI";"NO";"NO";"NO";"NO";"NO";"BOLBAITE, RIO";"0";"93214";"23.19";"Regadío";;;19/06/2024;;
"ES080C0665";"COMUNIDAD DE REGANTES PARTIDA EL TRUIG";"G96247697";"JUCAR";"NO";"SI";"NO";"NO";"NO";"NO";"27.02 - Ave";"0";"132050";"14.5";"Regadío";;;19/06/2024;;
"ES080C0665";"COMUNIDAD DE REGANTES PARTIDA EL TRUIG";"G96247697";"JUCAR";"NO";"SI";"NO";"NO";"NO";"NO";"27.02 - Ave";"0";"132050";"14.5";"OTROS USOS";;;19/06/2024;;
"ES080C0666";"COMUNIDAD DE REGANTES PARTIDA LA AGÜICA DE ANNA";"G98237704";"JUCAR";"SI";"NO";"NO";"NO";"NO";"NO";"NEGRE O BARRANC LES PASSULES, BARRANC";"0";"205410";"34.24";"Regadío";;;19/06/2024;;
"ES080C0667";"COMUNIDAD DE REGANTES PARTIDA RURAL DE AGRES";"Q4667046I";"JUCAR";"SI";"NO";"NO";"NO";"NO";"NO";"ANNA, RIO";"0";"272272";"37.4";"Regadío";;;19/06/2024;;
"ES080C0668";"COMUNIDAD DE REGANTES PARTIDAS RURALES DE VIVER, HUERTAS ABAJO, SALINETES Y MAQUINAS";"G96040514";"JUCAR";"SI";"NO";"NO";"NO";"NO";"NO";"MAN, CUENCA FTE. CALIENTE; SELLENT, RIO";"0";"106881";"18.34";"Regadío";;;19/06/2024;;
"ES080C0669";"COMUNIDAD DE REGANTES PASCUAL PASTOR";"G98533904";"JUCAR";"NO";"SI";"NO";"NO";"NO";"NO";;"0";"37350";"8.06";"Regadío";;;19/06/2024;;
"ES080C0670";"COMUNIDAD DE REGANTES PEDRALBA";"G46421202";"JUCAR";"SI";"NO";"NO";"NO";"NO";"NO";"CHIVA, BCO. DE; TURIA, RIO";"0";"1945487";"352.3";"Regadío";;;19/06/2024;;
"ES080C0670";"COMUNIDAD DE REGANTES PEDRALBA";"G46421202";"JUCAR";"SI";"NO";"NO";"NO";"NO";"NO";"CHIVA, BCO. DE; TURIA, RIO";"0";"1945487";"352.3";"Centrales hidroeléctricas";;;19/06/2024;;
"ES080C0671";"COMUNIDAD DE REGANTES PEGAÑOSO";"G72508146";"JUCAR";"NO";"SI";"NO";"NO";"NO";"NO";"80103 JAVALAMBRE ORIENTAL";"0";"3410";"3.41";"Regadío";"Mora de Rubielos";"TERUEL";19/06/2024;;
"ES080C0672";"COMUNIDAD DE REGANTES PEREZ RICO DE CASTALLA";"G54793492";"JUCAR";"NO";"SI";"NO";"NO";"NO";"NO";;"0";"37784";"6.23";"Regadío";;;19/06/2024;;
"ES080C0673";"COMUNIDAD DE REGANTES PEREZ TEBAR";"G02622942";"JUCAR";"NO";"SI";"NO";"NO";"NO";"NO";"80129 MANCHA ORIENTAL";"0";"7300";"3.54";"Regadío";;"ALBACETE";19/06/2024;;
"ES080C0674";"COMUNIDAD DE REGANTES PESADURO ALCHEPSA DE LA NUCIA";"G03845146";"JUCAR";"SI";"NO";"NO";"NO";"NO";"NO";"GUADALEST, RIO";"0";"94678";"11.49";"Regadío";;;19/06/2024;;
"ES080C0675";"COMUNIDAD DE REGANTES PIEDRAS DE RANERA";"G44252153";"JUCAR";"SI";"NO";"NO";"NO";"NO";"NO";"PAULEJAS, RIO";"0";"37379";"6.48";"Regadío";"Linares de Mora";"TERUEL";19/06/2024;;
"ES080C0676";"COMUNIDAD DE REGANTES PILA Y CAP NEGRET DE ALTEA";"G03630712";"JUCAR";"SI";"NO";"NO";"NO";"NO";"NO";"ALGAR, RIO";"0";"156682";"26.62";"Regadío";;;19/06/2024;;
"ES080C0677";"COMUNIDAD DE REGANTES PINAR GRAN";;"JUCAR";"NO";"SI";"NO";"NO";"NO";"NO";"25.01 - Plana de Valencia (Norte y Sur)";"0";"161288";"23.38";"Regadío";;;19/06/2024;;
"ES080C0678";"COMUNIDAD DE REGANTES PINELLA Y CASABLANCA";"G53538997";"JUCAR";"NO";"SI";"NO";"NO";"NO";"NO";;"0";"773903";"155.62";"Regadío";;;19/06/2024;;
"ES080C0679";"COMUNIDAD DE REGANTES PIQUERO";"G03514510";"JUCAR";"SI";"NO";"NO";"NO";"NO";"NO";"BENIARDA, RIO";"0";"234490";"39.84";"Regadío";;;19/06/2024;;
"ES080C0680";"COMUNIDAD DE REGANTES PLA DE ANDANES";"G96391560";"JUCAR";"NO";"SI";"NO";"NO";"NO";"NO";"25.01 - Plana de Valencia (Norte y Sur)";"0";"1999968";"416.66";"Regadío";;;19/06/2024;;
"ES080C0681";"COMUNIDAD DE REGANTES PLA DE BOMBES Y VISTABELLA";"G98587603";"JUCAR";"NO";"SI";"NO";"NO";"NO";"NO";;"0";"852000";"162.15";"Regadío";;;19/06/2024;;
"ES080C0682";"COMUNIDAD DE REGANTES PLA DE CEREZO";"G98224249";"JUCAR";"NO";"SI";"NO";"NO";"NO";"NO";"27.02 - Ave";"0";"855204";"383.14";"Regadío";;;19/06/2024;;
"ES080C0683";"COMUNIDAD DE REGANTES PLA DE LA FONT JOVADES, ALCUDIA I REG XIC";"G53215075";"JUCAR";"SI";"NO";"NO";"NO";"NO";"NO";;"0";"230000";"31.35";"Regadío";;;19/06/2024;;
"ES080C0684";"COMUNIDAD DE REGANTES PLA DE LA PEÑARROCHA";"G12218996";"JUCAR";"SI";"NO";"NO";"NO";"NO";"NO";"SAN JUAN, BARRANCO DE";"0";"20626.4";"3.47";"Regadío";;;19/06/2024;;
"ES080C0684";"COMUNIDAD DE REGANTES PLA DE LA PEÑARROCHA";"G12218996";"JUCAR";"SI";"NO";"NO";"NO";"NO";"NO";"SAN JUAN, BARRANCO DE";"0";"20626.4";"3.47";"Centrales hidroeléctricas";;;19/06/2024;;
"ES080C0685";"COMUNIDAD DE REGANTES PLA VELL, SETENES, RECH-NOU, ORTS Y CANYAMARS (EN FORMACION)";"G97401087";"JUCAR";"SI";"NO";"NO";"NO";"NO";"NO";"18.29.01.03.01.01 RÍO CÁÑOLES: CABECERA - CANALS";"0";"518228.34";"108.61";"Regadío";;;19/06/2024;;
"ES080C0686";"COMUNIDAD DE REGANTES POU 12 D'AGOST";"G43082783";"JUCAR";"NO";"SI";"NO";"NO";"NO";"NO";"80106 PLANA DE CENIA";"0";"138784";"32.87";"Regadío";"Alcanar";"TARRAGONA";19/06/2024;;
"ES080C0687";"COMUNIDAD DE REGANTES POU CASA L´ADVOCAT";"G96393723";"JUCAR";"NO";"SI";"NO";"NO";"NO";"NO";"27.02 - Ave";"0";"211600";"51.48";"Regadío";;;19/06/2024;;
"ES080C0688";"COMUNIDAD DE REGANTES POU CLOT DE VINAROS";"G55635965";"JUCAR";"NO";"SI";"NO";"NO";"NO";"NO";"07.01 - Maestrazgo - 1";"0";"53962";"11.28";"Regadío";;;19/06/2024;;
"ES080C0689";"COMUNIDAD DE REGANTES POU D´ALT";"G46169470";"JUCAR";"NO";"SI";"NO";"NO";"NO";"NO";;"0";"3186276";"583.3";"Regadío";;;19/06/2024;;
"ES080C0690";"COMUNIDAD DE REGANTES POU DE HERMINIO";"G12353470";"JUCAR";"NO";"SI";"NO";"NO";"NO";"NO";"11.01 - Oropesa-Torreblanca";"0";"77550";"24.9";"Regadío";;;19/06/2024;;
"ES080C0691";"COMUNIDAD DE REGANTES POU DE LA FIGUERA";"G12878716";"JUCAR";"NO";"SI";"NO";"NO";"NO";"NO";"80109 MAESTRAZGO ORIENTAL";"0";"153150";"81.9";"Regadío";;;19/06/2024;;
"ES080C0692";"COMUNIDAD DE REGANTES POU DE LA MURTA";"G46315602";"JUCAR";"NO";"SI";"NO";"NO";"NO";"NO";;"0";"545770";"98.3";"Regadío";;;19/06/2024;;
"ES080C0693";"COMUNIDAD DE REGANTES POU DE LA ROSA";"G43337104";"JUCAR";"NO";"SI";"NO";"NO";"NO";"NO";;"0";"155900";"26.79";"Regadío";"Alcanar";"TARRAGONA";19/06/2024;;
"ES080C0694";"COMUNIDAD DE REGANTES POU DE LES MALLAES DE TURIS";"G96311097";"JUCAR";"NO";"SI";"NO";"NO";"NO";"NO";"27.02 - Ave";"0";"2150000";"478";"Regadío";;;19/06/2024;;
"ES080C0695";"COMUNIDAD DE REGANTES POU DE SANT JAUME";"G46329249";"JUCAR";"NO";"SI";"NO";"NO";"NO";"NO";"22.01 - Liria-Casinos";"0";"800";"1.32";"Regadío";;;19/06/2024;;
"ES080C0696";"COMUNIDAD DE REGANTES POU DE SANT PERE DE CARPESA";"G46224671";"JUCAR";"NO";"SI";"NO";"NO";"NO";"NO";"25.01 - Plana de Valencia (Norte y Sur)";"0";"1001";"87.82";"Regadío";;;19/06/2024;;
"ES080C0697";"COMUNIDAD DE REGANTES POU DE SERVOL";"G12891529";"JUCAR";"SI";"NO";"NO";"NO";"NO";"NO";"SERVOL, RIO";"0";"582974";"100";"Uso destinado al abastecimiento de núcleos urbanos";;;19/06/2024;;
"ES080C0697";"COMUNIDAD DE REGANTES POU DE SERVOL";"G12891529";"JUCAR";"SI";"NO";"NO";"NO";"NO";"NO";"SERVOL, RIO";"0";"582974";"100";"Regadío";;;19/06/2024;;
"ES080C0698";"COMUNIDAD DE REGANTES POU DEL NANO";"G43305325";"JUCAR";"NO";"SI";"NO";"NO";"NO";"NO";"10.01 - Vinaroz-Peñíscola";"0";"56635";"7.11";"Regadío";"Alcanar";"TARRAGONA";19/06/2024;;
"ES080C0699";"COMUNIDAD DE REGANTES POU DELS ALCHUPS";"G46709051";"JUCAR";"NO";"SI";"NO";"NO";"NO";"NO";"22.01 - Liria-Casinos";"0";"453750";"120";"Regadío";;;19/06/2024;;
"ES080C0700";"COMUNIDAD DE REGANTES POU DELS ATREVITS DE GUADASSUAR";"G96000963";"JUCAR";"NO";"SI";"NO";"NO";"NO";"NO";"80142 PLANA DE VALENCIA SUR";"0";"260000";"49.15";"Regadío";;;19/06/2024;;
"ES080C0701";"COMUNIDAD DE REGANTES POU EL CAVALL";"G46930400";"JUCAR";"NO";"SI";"NO";"NO";"NO";"NO";"20.10 - Náquera-Puzol";"0";"323051";"52";"Regadío";;;19/06/2024;;
"ES080C0702";"COMUNIDAD DE REGANTES POU EL RACONET, S.C.";"J46179917";"JUCAR";"NO";"SI";"NO";"NO";"NO";"NO";"32.06 - Marchuquera-Falconera";"0";"565567";"61.84";"Regadío";;;19/06/2024;;
"ES080C0703";"COMUNIDAD DE REGANTES POU ELISABETH";"G43467208";"JUCAR";"NO";"SI";"NO";"NO";"NO";"NO";"80107 PLANA DE VINAROZ";"0";"20000";"6.38";"Regadío";"Alcanar";"TARRAGONA";19/06/2024;;
"ES080C0704";"COMUNIDAD DE REGANTES POU ERMITA VERGE DEL REMEI";"G43133958";"JUCAR";"NO";"SI";"NO";"NO";"NO";"NO";;"0";"83463";"21.57";"Regadío";"Alcanar";"TARRAGONA";19/06/2024;;
"ES080C0705";"COMUNIDAD DE REGANTES POU LA BASSETA";"G12454419";"JUCAR";"NO";"SI";"NO";"NO";"NO";"NO";"80130 MEDIO PALANCIA";"0";"582407";"187.24";"Regadío";;;19/06/2024;;
"ES080C0706";"COMUNIDAD DE REGANTES POU LA REDONDA";"G98690308";"JUCAR";"NO";"SI";"NO";"NO";"NO";"NO";"80149 SIERRA DE LAS AGUJAS";"0";"321085";"79.68";"Regadío";;;19/06/2024;;
"ES080C0707";"COMUNIDAD DE REGANTES POU LA RODANA";"G96543228";"JUCAR";"NO";"SI";"NO";"NO";"NO";"NO";"14.05 - Segorbe-Soneja; 20.06 - Algar-Cuart; 20.07 - Sierra de Espadán 8 de 8; 20.08 - Estivella";"0";"1889285";"249.3";"Regadío";;;19/06/2024;;
"ES080C0708";"COMUNIDAD DE REGANTES POU LA SOLANA DE MOIXENT";"G97932735";"JUCAR";"NO";"SI";"NO";"NO";"NO";"NO";"28.05 - Aptiense-Jurásico del Caroch Sur";"0";"1051707";"227";"Regadío";;;19/06/2024;;
"ES080C0709";"COMUNIDAD DE REGANTES POU LES TORRES";"G43114586";"JUCAR";"NO";"SI";"NO";"NO";"NO";"NO";"80106 PLANA DE CENIA";"0";"75720";"23.36";"Regadío";"Ulldecona";"TARRAGONA";19/06/2024;;
"ES080C0709";"COMUNIDAD DE REGANTES POU LES TORRES";"G43114586";"JUCAR";"NO";"SI";"NO";"NO";"NO";"NO";"80106 PLANA DE CENIA";"0";"75720";"23.36";"OTROS USOS";"Ulldecona";"TARRAGONA";19/06/2024;;
"ES080C0710";"COMUNIDAD DE REGANTES POU MOLI NOU";"G43352780";"JUCAR";"NO";"SI";"NO";"NO";"NO";"NO";;"0";"340891";"82.55";"Regadío";"Alcanar";"TARRAGONA";19/06/2024;;
"ES080C0710";"COMUNIDAD DE REGANTES POU MOLI NOU";"G43352780";"JUCAR";"NO";"SI";"NO";"NO";"NO";"NO";;"0";"340891";"82.55";"Ganadería";"Alcanar";"TARRAGONA";19/06/2024;;
"ES080C0711";"COMUNIDAD DE REGANTES POU NANCALDES";"G43584713";"JUCAR";"NO";"SI";"NO";"NO";"NO";"NO";"80106 PLANA DE CENIA";"0";"164892";"31.71";"Regadío";"Alcanar";"TARRAGONA";19/06/2024;;
"ES080C0712";"COMUNIDAD DE REGANTES POU NOU DE PAMIS";"G03784253";"JUCAR";"NO";"SI";"NO";"NO";"NO";"NO";"38.01 - Plana de Gandía-Denia";"0";"318000";"57.19";"Regadío";;;19/06/2024;;
"ES080C0713";"COMUNIDAD DE REGANTES POU PER FI";"G67819144";"JUCAR";"NO";"SI";"NO";"NO";"NO";"NO";"80106 PLANA DE CENIA";"0";"112570";"18.53";"Regadío";;;19/06/2024;;
"ES080C0714";"COMUNIDAD DE REGANTES POU RAFOL GOTEIG";"G98907991";"JUCAR";"NO";"SI";"NO";"NO";"NO";"NO";"80151 PLANA DE JARACO";"0";"104519";"26.41";"Regadío";;;19/06/2024;;
"ES080C0715";"COMUNIDAD DE REGANTES POU SANTS MARTIRS";"G12995643";"JUCAR";"NO";"SI";"NO";"NO";"NO";"NO";;"0";"408670";"137.44";"Regadío";;;19/06/2024;;
"ES080C0716";"COMUNIDAD DE REGANTES POU SERRETA DE MILA";"G55653513";"JUCAR";"NO";"SI";"NO";"NO";"NO";"NO";"07.01 - Maestrazgo - 1";"0";"76490";"17.56";"Regadío";"Alcanar";"TARRAGONA";19/06/2024;;
"ES080C0717";"COMUNIDAD DE REGANTES POZO BARRANCO SIRER";"G46244877";"JUCAR";"NO";"SI";"NO";"NO";"NO";"NO";"20.10 - Náquera-Puzol";"0";"1210000";"221";"Regadío";;;19/06/2024;;
"ES080C0718";"COMUNIDAD DE REGANTES POZO BARRANQUET";"G98766983";"JUCAR";"NO";"SI";"NO";"NO";"NO";"NO";"80149 SIERRA DE LAS AGUJAS";"0";"14119";"3.02";"Regadío";;;19/06/2024;;
"ES080C0719";"COMUNIDAD DE REGANTES POZO BARREDA";"V12885349";"JUCAR";"NO";"SI";"NO";"NO";"NO";"NO";"80110 PLANA DE OROPESA - TORREBLANCA";"0";"7000";"3.3";"Regadío";;;19/06/2024;;
"ES080C0720";"COMUNIDAD DE REGANTES POZO BASETA ROCHA";"G98751977";"JUCAR";"NO";"SI";"NO";"NO";"NO";"NO";;"0";"47009";"51.24";"Regadío";;;19/06/2024;;
"ES080C0721";"COMUNIDAD DE REGANTES POZO BES";"G98347081";"JUCAR";"NO";"SI";"NO";"NO";"NO";"NO";;"0";"6995.24";"2.09";"Regadío";;;19/06/2024;;
"ES080C0722";"COMUNIDAD DE REGANTES POZO BURGUERA";"G98321730";"JUCAR";"NO";"SI";"NO";"NO";"NO";"NO";;"0";"33122";"3.81";"Regadío";;;19/06/2024;;
"ES080C0723";"COMUNIDAD DE REGANTES POZO CAMINO LA TORRE";"G46340022";"JUCAR";"NO";"SI";"NO";"NO";"NO";"NO";"25.01 - Plana de Valencia (Norte y Sur)";"0";"736250";"250";"Regadío";;;19/06/2024;;
"ES080C0724";"COMUNIDAD DE REGANTES POZO CAMINO PORTACOELI";"G46333738";"JUCAR";"NO";"SI";"NO";"NO";"NO";"NO";"25.01 - Plana de Valencia (Norte y Sur)";"0";"299212";"101.6";"Regadío";;;19/06/2024;;
"ES080C0725";"COMUNIDAD DE REGANTES POZO CAÑA INGLA";"G46336400";"JUCAR";"NO";"SI";"NO";"NO";"NO";"NO";"20.06 - Algar-Cuart";"0";"250350";"68.6";"Regadío";;;19/06/2024;;
"ES080C0726";"COMUNIDAD DE REGANTES POZO CAÑOLES I DE VALLADA";"G46655437";"JUCAR";"NO";"SI";"NO";"NO";"NO";"NO";"28.12 - Santos";"0";"2040000";"400";"Regadío";;;19/06/2024;;
"ES080C0727";"COMUNIDAD DE REGANTES POZO CARRICOLA";"G98338023";"JUCAR";"NO";"SI";"NO";"NO";"NO";"NO";;"0";"64937.31";"12.19";"Regadío";;;19/06/2024;;
"ES080C0728";"COMUNIDAD DE REGANTES POZO CASILLA PEONES";"G06868509";"JUCAR";"NO";"SI";"NO";"NO";"NO";"NO";"80133 REQUENA - UTIEL";"0";"9385.8";"15.21";"Regadío";;;19/06/2024;;
"ES080C0729";"COMUNIDAD DE REGANTES POZO CEBADALES";"G98525173";"JUCAR";"NO";"SI";"NO";"NO";"NO";"NO";;"0";"5185";"0.44";"Regadío";;;19/06/2024;;
"ES080C0730";"COMUNIDAD DE REGANTES POZO CLARAMUNT DE TURIS";"G97182083";"JUCAR";"NO";"SI";"NO";"NO";"NO";"NO";"27.02 - Ave";"0";"1793750";"256.25";"Regadío";;;19/06/2024;;
"ES080C0731";"COMUNIDAD DE REGANTES POZO COLOM";"G98546757";"JUCAR";"NO";"SI";"NO";"NO";"NO";"NO";;"0";"17175";"3.51";"Uso destinado a otros abastecimientos fuera de los núcleos urbanos";;;19/06/2024;;
"ES080C0731";"COMUNIDAD DE REGANTES POZO COLOM";"G98546757";"JUCAR";"NO";"SI";"NO";"NO";"NO";"NO";;"0";"17175";"3.51";"Regadío";;;19/06/2024;;
"ES080C0731";"COMUNIDAD DE REGANTES POZO COLOM";"G98546757";"JUCAR";"NO";"SI";"NO";"NO";"NO";"NO";;"0";"17175";"3.51";"OTROS USOS";;;19/06/2024;;
"ES080C0732";"COMUNIDAD DE REGANTES POZO DE COMEDIANA";"F46094942";"JUCAR";"NO";"SI";"NO";"NO";"NO";"NO";"20.09 - Sierra Calderona; 25.01 - Plana de Valencia (Norte y Sur)";"0";"1172857";"171.22";"Regadío";;;19/06/2024;;
"ES080C0733";"COMUNIDAD DE REGANTES POZO DE GAVARDA";"J96921309";"JUCAR";"NO";"SI";"NO";"NO";"NO";"NO";"80144 SIERRA DEL AVE";"0";"329719";"57.86";"Regadío";;;19/06/2024;;
"ES080C0734";"COMUNIDAD DE REGANTES POZO DE LA GASCONA";"G46301180";"JUCAR";"NO";"SI";"NO";"NO";"NO";"NO";"25.01 - Plana de Valencia (Norte y Sur)";"0";"205810";"30.25";"Regadío";;;19/06/2024;;
"ES080C0735";"COMUNIDAD DE REGANTES POZO DE LA PALMOSA";"G46351631";"JUCAR";"NO";"SI";"NO";"NO";"NO";"NO";"80149 SIERRA DE LAS AGUJAS";"0";"128000";"23.27";"Regadío";;;19/06/2024;;
"ES080C0736";"COMUNIDAD DE REGANTES POZO DE LA PEDRIZA DE ONDA";"G12200259";"JUCAR";"NO";"SI";"NO";"NO";"NO";"NO";"80127 PLANA DE CASTELLÓN";"0";"1193087";"200.16";"Ganadería";;;19/06/2024;;
"ES080C0737";"COMUNIDAD DE REGANTES POZO DE LA PROVIDENCIA DE MONSERRAT";;"JUCAR";"SI";"NO";"NO";"NO";"NO";"NO";"MAGRO, RIO";"0";"451830";"81.24";"Regadío";;;19/06/2024;;
"ES080C0738";"COMUNIDAD DE REGANTES POZO DE LA VIRGEN DE ALBORACHE";"G44630333";"JUCAR";"NO";"SI";"NO";"SI";"NO";"NO";"80140 BUÑOL - CHESTE;EDAR BUÑOL- ALBORACHE";"0";"857420";"244.08";"Regadío";;;19/06/2024;;
"ES080C0738";"COMUNIDAD DE REGANTES POZO DE LA VIRGEN DE ALBORACHE";"G44630333";"JUCAR";"NO";"SI";"NO";"SI";"NO";"NO";"80140 BUÑOL - CHESTE;EDAR BUÑOL- ALBORACHE";"0";"857420";"244.08";"Industrias extractivas y transformación de los recursos mineros";;;19/06/2024;;
"ES080C0739";"COMUNIDAD DE REGANTES POZO DE SAN ANTONIO DE RAFELBUÑOL";"G46100996";"JUCAR";"NO";"SI";"NO";"NO";"NO";"NO";"25.01 - Plana de Valencia (Norte y Sur)";"0";"386510";"58.95";"Regadío";;;19/06/2024;;
"ES080C0740";"COMUNIDAD DE REGANTES POZO DE SAN JOSE";"G46306346";"JUCAR";"NO";"SI";"NO";"NO";"NO";"NO";"25.01 - Plana de Valencia (Norte y Sur)";"0";"1001";"31.26";"Regadío";;;19/06/2024;;
"ES080C0741";"COMUNIDAD DE REGANTES POZO DEL AMPARO";"G96590336";"JUCAR";"NO";"SI";"NO";"NO";"NO";"NO";"25.01 - Plana de Valencia (Norte y Sur)";"0";"1001";"29.09";"Regadío";;;19/06/2024;;
"ES080C0742";"COMUNIDAD DE REGANTES POZO DEL CARMEN DE TURIS";"G96010244";"JUCAR";"NO";"SI";"NO";"NO";"NO";"NO";"23.04 - Buñol-Cheste; Sin Clasificar";"0";"916800";"148";"Regadío";;;19/06/2024;;
"ES080C0743";"COMUNIDAD DE REGANTES POZO DEL FURELL";"G96201850";"JUCAR";"NO";"SI";"NO";"NO";"NO";"NO";;"0";"615990";"122.55";"Regadío";;;19/06/2024;;
"ES080C0744";"COMUNIDAD DE REGANTES POZO DEL LIDONERO";"G97111090";"JUCAR";"NO";"SI";"NO";"NO";"NO";"NO";"23.01 - Serretillas";"0";"512000";"96";"Regadío";;;19/06/2024;;
"ES080C0745";"COMUNIDAD DE REGANTES POZO DEL PINAR";"G46319794";"JUCAR";"NO";"SI";"NO";"NO";"NO";"NO";"38.01 - Plana de Gandía-Denia";"0";"128000";"23";"Regadío";;;19/06/2024;;
"ES080C0746";"COMUNIDAD DE REGANTES POZO DEL PLA DE LES AVENES - MARINES";"G96352489";"JUCAR";"NO";"SI";"NO";"NO";"NO";"NO";"22.01 - Liria-Casinos";"0";"582400";"104";"Regadío";;;19/06/2024;;
"ES080C0747";"COMUNIDAD DE REGANTES POZO DELS CONILLS";"G46228987";"JUCAR";"NO";"SI";"NO";"NO";"NO";"NO";"80131 LIRIA - CASINOS";"0";"337203";"114.5";"Regadío";;;19/06/2024;;
"ES080C0748";"COMUNIDAD DE REGANTES POZO DELS FORNETS";"G46373817";"JUCAR";"NO";"SI";"NO";"NO";"NO";"NO";"25.01 - Plana de Valencia (Norte y Sur)";"0";"345010";"45";"Regadío";;;19/06/2024;;
"ES080C0749";"COMUNIDAD DE REGANTES POZO EL COSCOLLAR";"G46833463";"JUCAR";"NO";"SI";"NO";"NO";"NO";"NO";"25.01 - Plana de Valencia (Norte y Sur)";"0";"324000";"103";"Regadío";;;19/06/2024;;
"ES080C0750";"COMUNIDAD DE REGANTES POZO EL MAS";"G98279920";"JUCAR";"NO";"SI";"NO";"NO";"NO";"NO";;"0";"32545";"4.24";"Regadío";;;19/06/2024;;
"ES080C0751";"COMUNIDAD DE REGANTES POZO EL MASET";"G12231338";"JUCAR";"NO";"SI";"NO";"NO";"NO";"NO";;"0";"711805.25";"246.05";"Regadío";;;19/06/2024;;
"ES080C0752";"COMUNIDAD DE REGANTES POZO EL PALMAR";"G46315610";"JUCAR";"NO";"SI";"NO";"NO";"NO";"NO";"25.01 - Plana de Valencia (Norte y Sur)";"0";"466480";"83.3";"Regadío";;;19/06/2024;;
"ES080C0753";"COMUNIDAD DE REGANTES POZO EL PORVENIR DE BONREPOS I MIRAMBELL";"G96302500";"JUCAR";"NO";"SI";"NO";"NO";"NO";"NO";"25.01 - Plana de Valencia (Norte y Sur)";"0";"77280";"45.08";"Regadío";;;19/06/2024;;
"ES080C0754";"COMUNIDAD DE REGANTES POZO EL PROGRESO DE MONTROY";"G96207436";"JUCAR";"NO";"SI";"NO";"NO";"NO";"NO";"80144 SIERRA DEL AVE";"0";"1329921";"239.8";"Regadío";;;19/06/2024;;
"ES080C0755";"COMUNIDAD DE REGANTES POZO EL REGIT";"G98785561";"JUCAR";"NO";"SI";"NO";"NO";"NO";"NO";;"0";"290000";"40.6";"Regadío";;;19/06/2024;;
"ES080C0755";"COMUNIDAD DE REGANTES POZO EL REGIT";"G98785561";"JUCAR";"NO";"SI";"NO";"NO";"NO";"NO";;"0";"290000";"40.6";"OTROS USOS";;;19/06/2024;;
"ES080C0756";"COMUNIDAD DE REGANTES POZO EL RETORET DE ALZIRA";"G98643042";"JUCAR";"NO";"SI";"NO";"NO";"NO";"NO";;"0";"15741";"2";"Uso destinado a otros abastecimientos fuera de los núcleos urbanos";;;19/06/2024;;
"ES080C0756";"COMUNIDAD DE REGANTES POZO EL RETORET DE ALZIRA";"G98643042";"JUCAR";"NO";"SI";"NO";"NO";"NO";"NO";;"0";"15741";"2";"Regadío";;;19/06/2024;;
"ES080C0757";"COMUNIDAD DE REGANTES POZO EL TOCHAR";"G96542881";"JUCAR";"NO";"SI";"NO";"NO";"NO";"NO";;"0";"139372";"32.9";"Regadío";;;19/06/2024;;
"ES080C0758";"COMUNIDAD DE REGANTES POZO ELS GRAVALS";"G96079264";"JUCAR";"NO";"SI";"NO";"NO";"NO";"NO";"21.01 - Sagunto";"0";"150000";"20";"Regadío";;;19/06/2024;;
"ES080C0759";"COMUNIDAD DE REGANTES POZO ESTOPET- TORRASA";"G12804373";"JUCAR";"NO";"SI";"NO";"NO";"NO";"NO";;"0";"561326";"132.31";"Regadío";;;19/06/2024;;
"ES080C0760";"COMUNIDAD DE REGANTES POZO GALAN";"G98285976";"JUCAR";"NO";"SI";"NO";"NO";"NO";"NO";;"0";"18433";"4.37";"Regadío";;;19/06/2024;;
"ES080C0761";"COMUNIDAD DE REGANTES POZO GARCIA IBAÑEZ";"G98445752";"JUCAR";"NO";"SI";"NO";"NO";"NO";"NO";;"0";"70032";"13.24";"Regadío";;;19/06/2024;;
"ES080C0762";"COMUNIDAD DE REGANTES POZO LA CABAÑA";"H53104477";"JUCAR";"NO";"SI";"NO";"NO";"NO";"NO";"80922 IMPERMEABLE O ACUÍFERO DE INTERÉS LOCAL 22";"0";"87561";"132.48";"Uso destinado a otros abastecimientos fuera de los núcleos urbanos";;;19/06/2024;;
"ES080C0762";"COMUNIDAD DE REGANTES POZO LA CABAÑA";"H53104477";"JUCAR";"NO";"SI";"NO";"NO";"NO";"NO";"80922 IMPERMEABLE O ACUÍFERO DE INTERÉS LOCAL 22";"0";"87561";"132.48";"Regadío";;;19/06/2024;;
"ES080C0763";"COMUNIDAD DE REGANTES POZO LA CARRASCA";"G12370243";"JUCAR";"NO";"SI";"NO";"NO";"NO";"NO";;"0";"138126";"30.01";"Regadío";;;19/06/2024;;
"ES080C0764";"COMUNIDAD DE REGANTES POZO LA CASILLA";"G46324430";"JUCAR";"NO";"SI";"NO";"NO";"NO";"NO";"25.01 - Plana de Valencia (Norte y Sur)";"0";"1296404.2";"148.33";"Regadío";;;19/06/2024;;
"ES080C0765";"COMUNIDAD DE REGANTES POZO LA ESPERANZA DE ALCORA";"G12432597";"JUCAR";"NO";"SI";"NO";"NO";"NO";"NO";;"0";"1454400";"0";"Uso destinado al abastecimiento de núcleos urbanos";;;19/06/2024;;
"ES080C0765";"COMUNIDAD DE REGANTES POZO LA ESPERANZA DE ALCORA";"G12432597";"JUCAR";"NO";"SI";"NO";"NO";"NO";"NO";;"0";"1454400";"0";"Regadío";;;19/06/2024;;
"ES080C0766";"COMUNIDAD DE REGANTES POZO LA ESPERANZA DE PORTICHOL";"G02914158";"JUCAR";"NO";"SI";"NO";"NO";"NO";"NO";"20.10 - Náquera-Puzol";"0";"17350";"13.88";"Regadío";;;19/06/2024;;
"ES080C0767";"COMUNIDAD DE REGANTES POZO LA FONTETA";"G46307930";"JUCAR";"NO";"SI";"NO";"NO";"NO";"NO";"20.09 - Sierra Calderona";"0";"115200";"24.76";"Regadío";;;19/06/2024;;
"ES080C0768";"COMUNIDAD DE REGANTES POZO LA FOYA DE ALCALA DE XIVERT";"G12222048";"JUCAR";"NO";"SI";"NO";"NO";"NO";"NO";"07.01 - Maestrazgo - 1";"0";"1157748";"250";"Regadío";;;19/06/2024;;
"ES080C0769";"COMUNIDAD DE REGANTES POZO LA FRONTERA";"G12832804";"JUCAR";"NO";"SI";"NO";"NO";"NO";"NO";"13.01 - Onda";"0";"9480";"1.58";"Regadío";;;19/06/2024;;
"ES080C0770";"COMUNIDAD DE REGANTES POZO LA MONTAÑETA";"H53243663";"JUCAR";"NO";"SI";"NO";"NO";"NO";"NO";"39.06 - Sanet";"0";"958000";"193";"Regadío";;;19/06/2024;;
"ES080C0771";"COMUNIDAD DE REGANTES POZO LA MOTA";"G98318884";"JUCAR";"NO";"SI";"NO";"NO";"NO";"NO";;"0";"14430.75";"2.68";"Regadío";;;19/06/2024;;
"ES080C0772";"COMUNIDAD DE REGANTES POZO LA PALMERA";"G98285950";"JUCAR";"NO";"SI";"NO";"NO";"NO";"NO";;"0";"6221.05";"1.47";"Regadío";;;19/06/2024;;
"ES080C0773";"COMUNIDAD DE REGANTES POZO LA PEDRERA";"G46295648";"JUCAR";"NO";"SI";"NO";"NO";"NO";"NO";"25.01 - Plana de Valencia (Norte y Sur)";"0";"805000";"134.11";"Regadío";;;19/06/2024;;
"ES080C0774";"COMUNIDAD DE REGANTES POZO LA POLSANA";"G46305769";"JUCAR";"NO";"SI";"NO";"NO";"NO";"NO";"25.01 - Plana de Valencia (Norte y Sur)";"0";"60000";"75.16";"Regadío";;;19/06/2024;;
"ES080C0775";"COMUNIDAD DE REGANTES POZO LA SIERRA DE TORRENT";"G46608899";"JUCAR";"NO";"SI";"NO";"NO";"NO";"NO";;"0";"3352487";"501.09";"Regadío";;;19/06/2024;;
"ES080C0776";"COMUNIDAD DE REGANTES POZO LA SOLANA DE BARXETA";"H96641717";"JUCAR";"NO";"SI";"NO";"NO";"NO";"NO";;"0";"558251";"125";"Regadío";;;19/06/2024;;
"ES080C0777";"COMUNIDAD DE REGANTES POZO LA SOLANA DEL CAPURUCHO";"G98650724";"JUCAR";"NO";"SI";"NO";"NO";"NO";"NO";;"0";"720000";"151.66";"Regadío";;;19/06/2024;;
"ES080C0778";"COMUNIDAD DE REGANTES POZO LA UMBRIA DE ESTIVELLA";"G96033733";"JUCAR";"NO";"SI";"NO";"NO";"NO";"NO";;"0";"45673";"10.76";"Regadío";;;19/06/2024;;
"ES080C0779";"COMUNIDAD DE REGANTES POZO LA VAQUERA DE CHESTE";"G96715081";"JUCAR";"NO";"SI";"NO";"NO";"NO";"NO";"80140 BUÑOL - CHESTE";"0";"2286000";"480.23";"Regadío";;;19/06/2024;;
"ES080C0780";"COMUNIDAD DE REGANTES POZO LAS SALINAS";"G96014196";"JUCAR";"NO";"SI";"NO";"NO";"NO";"NO";"25.01 - Plana de Valencia (Norte y Sur)";"0";"500097";"66.64";"Regadío";;;19/06/2024;;
"ES080C0781";"COMUNIDAD DE REGANTES POZO LES CLOCHES";"G12229886";"JUCAR";"NO";"SI";"NO";"NO";"NO";"NO";"12.01 - Plana de Castellón";"0";"549735";"67";"Regadío";;;19/06/2024;;
"ES080C0782";"COMUNIDAD DE REGANTES POZO LLOGARETS";"G98551526";"JUCAR";"NO";"SI";"NO";"NO";"NO";"NO";;"0";"6831.86";"2.12";"Regadío";;;19/06/2024;;
"ES080C0783";"COMUNIDAD DE REGANTES POZO LOS LAURELES";"G98395403";"JUCAR";"NO";"SI";"NO";"NO";"NO";"NO";;"0";"155895";"31.97";"Regadío";;;19/06/2024;;
"ES080C0784";"COMUNIDAD DE REGANTES POZO MANOLO";"G12366530";"JUCAR";"NO";"SI";"NO";"NO";"NO";"NO";;"0";"67775";"14.6";"Regadío";;;19/06/2024;;
"ES080C0785";"COMUNIDAD DE REGANTES POZO MARIA INMACULADA";"G98498827";"JUCAR";"NO";"SI";"NO";"NO";"NO";"NO";;"0";"54279";"9.77";"Regadío";;;19/06/2024;;
"ES080C0786";"COMUNIDAD DE REGANTES POZO MARINA BASSA";"G98623366";"JUCAR";"NO";"SI";"NO";"NO";"NO";"NO";;"0";"14707";"2.67";"Regadío";;;19/06/2024;;
"ES080C0787";"COMUNIDAD DE REGANTES POZO MAS DE VALERO";"G12281200";"JUCAR";"NO";"SI";"NO";"NO";"NO";"NO";;"0";"489132";"128.59";"Regadío";;;19/06/2024;;
"ES080C0788";"COMUNIDAD DE REGANTES POZO MASALARI POU RACONAS";"Q4667043F";"JUCAR";"NO";"SI";"NO";"NO";"NO";"NO";"31.01 - Jurásico-Cretácico Sierra de las Agujas";"0";"579066";"72.38";"Regadío";;;19/06/2024;;
"ES080C0789";"COMUNIDAD DE REGANTES POZO MASIA CASABLANCA";"G46431417";"JUCAR";"NO";"SI";"NO";"NO";"NO";"NO";"22.01 - Liria-Casinos";"0";"379090";"145.63";"Regadío";;;19/06/2024;;
"ES080C0790";"COMUNIDAD DE REGANTES POZO MOTOR HORTA MOLI";"G97141691";"JUCAR";"NO";"SI";"NO";"NO";"NO";"NO";"38.01 - Plana de Gandía-Denia";"0";"210400";"23.63";"Regadío";;;19/06/2024;;
"ES080C0791";"COMUNIDAD DE REGANTES POZO MOTOR PUZOL";"G46552519";"JUCAR";"NO";"SI";"NO";"NO";"NO";"NO";"21.01 - Sagunto";"0";"50825";"24.96";"Regadío";;;19/06/2024;;
"ES080C0792";"COMUNIDAD DE REGANTES POZO MOTOR SAN SALVADOR DE CATARROJA";"G46326138";"JUCAR";"NO";"SI";"NO";"NO";"NO";"NO";"25.01 - Plana de Valencia (Norte y Sur)";"0";"91780";"26.95";"Regadío";;;19/06/2024;;
"ES080C0793";"COMUNIDAD DE REGANTES POZO NUESTRA SEÑORA DEL CARMEN DE RAFELBUÑOL";"G46135026";"JUCAR";"NO";"SI";"NO";"NO";"NO";"NO";"25.01 - Plana de Valencia (Norte y Sur)";"0";"184800";"33";"Regadío";;;19/06/2024;;
"ES080C0794";"COMUNIDAD DE REGANTES POZO NUESTRA SEÑORA DEL CARMEN DEL PUIG";"G46135695";"JUCAR";"NO";"SI";"NO";"NO";"NO";"NO";"21.01 - Sagunto";"0";"931920";"151";"Regadío";;;19/06/2024;;
"ES080C0795";"COMUNIDAD DE REGANTES POZO PASET (EN FORMACION)";"G46455747";"JUCAR";"NO";"SI";"NO";"NO";"NO";"NO";"27.05 - Unidad del Júcar";"0";"655246";"90.67";"Regadío";;;19/06/2024;;
"ES080C0796";"COMUNIDAD DE REGANTES POZO PEÑA DE LA EDRA";"V98346612";"JUCAR";"NO";"SI";"NO";"NO";"NO";"NO";;"0";"609560";"137.72";"Regadío";;;19/06/2024;;
"ES080C0797";"COMUNIDAD DE REGANTES POZO PLA DE CHERMANELLS";"G96687140";"JUCAR";"NO";"SI";"NO";"NO";"NO";"NO";"31.01 - Jurásico-Cretácico Sierra de las Agujas";"0";"78957";"15.5";"Regadío";;;19/06/2024;;
"ES080C0798";"COMUNIDAD DE REGANTES POZO PLA DE MONTSERRAT";"G96135447";"JUCAR";"NO";"SI";"NO";"NO";"NO";"NO";"25.01 - Plana de Valencia (Norte y Sur)";"0";"77000";"9.04";"Regadío";;;19/06/2024;;
"ES080C0799";"COMUNIDAD DE REGANTES POZO PLA FILANER";"G96431838";"JUCAR";"NO";"SI";"NO";"NO";"NO";"NO";"80144 SIERRA DEL AVE";"0";"1189664";"224";"Regadío";;;19/06/2024;;
"ES080C0800";"COMUNIDAD DE REGANTES POZO PORTIXOL";"G54734231";"JUCAR";"NO";"SI";"NO";"NO";"NO";"NO";"47.03 - Javea";"0";"11265";"2.27";"Regadío";;;19/06/2024;;
"ES080C0801";"COMUNIDAD DE REGANTES POZO RACO DE JOANA";"G40601676";"JUCAR";"NO";"SI";"NO";"NO";"NO";"NO";"80149 SIERRA DE LAS AGUJAS";"0";"45378";"10.31";"Regadío";;;19/06/2024;;
"ES080C0802";"COMUNIDAD DE REGANTES POZO RETORS DE JAVEA";"G54875273";"JUCAR";"NO";"SI";"NO";"NO";"NO";"NO";;"0";"50171";"10.48";"Regadío";;;19/06/2024;;
"ES080C0803";"COMUNIDAD DE REGANTES POZO REY PEÑA";"G12923207";"JUCAR";"NO";"SI";"NO";"NO";"NO";"NO";;"0";"3967";"0.99";"Uso destinado a otros abastecimientos fuera de los núcleos urbanos";;;19/06/2024;;
"ES080C0803";"COMUNIDAD DE REGANTES POZO REY PEÑA";"G12923207";"JUCAR";"NO";"SI";"NO";"NO";"NO";"NO";;"0";"3967";"0.99";"Regadío";;;19/06/2024;;
"ES080C0804";"COMUNIDAD DE REGANTES POZO RIEGOS FREGINALS";"G12530275";"JUCAR";"NO";"SI";"NO";"NO";"NO";"NO";;"0";"313238";"52.63";"Regadío";;;19/06/2024;;
"ES080C0805";"COMUNIDAD DE REGANTES POZO SAN AGUSTIN";"G46327847";"JUCAR";"NO";"SI";"NO";"NO";"NO";"NO";"25.01 - Plana de Valencia (Norte y Sur)";"0";"1222740";"217.09";"Regadío";;;19/06/2024;;
"ES080C0806";"COMUNIDAD DE REGANTES POZO SAN ANTONIO DE ALGIMIA DE ALFARA";"G46354288";"JUCAR";"NO";"SI";"NO";"NO";"NO";"NO";"20.12 - Alto del Cornaco";"0";"709465";"166";"Uso destinado a otros abastecimientos fuera de los núcleos urbanos";;;19/06/2024;;
"ES080C0806";"COMUNIDAD DE REGANTES POZO SAN ANTONIO DE ALGIMIA DE ALFARA";"G46354288";"JUCAR";"NO";"SI";"NO";"NO";"NO";"NO";"20.12 - Alto del Cornaco";"0";"709465";"166";"Regadío";;;19/06/2024;;
"ES080C0807";"COMUNIDAD DE REGANTES POZO SAN BARTOLOME DE NAQUERA";"G46306742";"JUCAR";"NO";"SI";"NO";"NO";"NO";"NO";"25.01 - Plana de Valencia (Norte y Sur)";"0";"974076";"202.92";"Regadío";;;19/06/2024;;
"ES080C0808";"COMUNIDAD DE REGANTES POZO SAN BERNARDO";"G46603791";"JUCAR";"NO";"SI";"NO";"NO";"NO";"NO";;"0";"1405572";"254.33";"Regadío";;;19/06/2024;;
"ES080C0809";"COMUNIDAD DE REGANTES POZO SAN BLAS DE LLAURI";"G96711262";"JUCAR";"NO";"SI";"NO";"NO";"NO";"NO";"25.01 - Plana de Valencia (Norte y Sur)";"0";"40156";"4.71";"Regadío";;;19/06/2024;;
"ES080C0810";"COMUNIDAD DE REGANTES POZO SAN FELIPE DE BENIMODO";"G96397864";"JUCAR";"NO";"SI";"NO";"NO";"NO";"NO";"25.01 - Plana de Valencia (Norte y Sur)";"0";"7000";"70";"Regadío";;;19/06/2024;;
"ES080C0811";"COMUNIDAD DE REGANTES POZO SAN FRANCISCO";"G46329975";"JUCAR";"NO";"SI";"NO";"NO";"NO";"NO";"21.01 - Sagunto";"0";"540000";"84";"Regadío";;;19/06/2024;;
"ES080C0812";"COMUNIDAD DE REGANTES POZO SAN FRANCISCO DE PAULA";"H03919974";"JUCAR";"NO";"SI";"NO";"NO";"NO";"NO";"38.01 - Plana de Gandía-Denia";"0";"380800";"68";"Regadío";;;19/06/2024;;
"ES080C0813";"COMUNIDAD DE REGANTES POZO SAN ISIDRO DE BENAGUASIL";"G98831357";"JUCAR";"NO";"SI";"NO";"NO";"NO";"NO";"22.01 - Liria-Casinos";"0";"450000";"51";"Regadío";;;19/06/2024;;
"ES080C0814";"COMUNIDAD DE REGANTES POZO SAN ISIDRO DE GENOVES";"G96576913";"JUCAR";"NO";"SI";"NO";"NO";"NO";"NO";;"0";"2159250";"476.94";"Regadío";;;19/06/2024;;
"ES080C0815";"COMUNIDAD DE REGANTES POZO SAN ISIDRO DE MONCADA";"G46635785";"JUCAR";"NO";"SI";"NO";"NO";"NO";"NO";"25.01 - Plana de Valencia (Norte y Sur)";"0";"182000";"35";"Regadío";;;19/06/2024;;
"ES080C0816";"COMUNIDAD DE REGANTES POZO SAN ISIDRO DE RIBARROJA DEL TURIA";"G97431175";"JUCAR";"NO";"SI";"NO";"NO";"NO";"NO";;"0";"348953";"57.08";"Regadío";;;19/06/2024;;
"ES080C0816";"COMUNIDAD DE REGANTES POZO SAN ISIDRO DE RIBARROJA DEL TURIA";"G97431175";"JUCAR";"NO";"SI";"NO";"NO";"NO";"NO";;"0";"348953";"57.08";"OTROS USOS";;;19/06/2024;;
"ES080C0817";"COMUNIDAD DE REGANTES POZO SAN ISIDRO DE SIMAT DE VALLDIGNA";"G46334371";"JUCAR";"NO";"SI";"NO";"NO";"NO";"NO";"32.04 - Bárig";"0";"293100";"52.81";"Regadío";;;19/06/2024;;
"ES080C0818";"COMUNIDAD DE REGANTES POZO SAN ISIDRO DE XATIVA";"G96620646";"JUCAR";"NO";"SI";"NO";"NO";"NO";"NO";"32.03 - Mortera";"0";"229000";"44.8";"Regadío";;;19/06/2024;;
"ES080C0819";"COMUNIDAD DE REGANTES POZO SAN JOSE DE CATADAU";"G46324117";"JUCAR";"NO";"SI";"NO";"NO";"NO";"NO";"25.01 - Plana de Valencia (Norte y Sur)";"0";"201000";"22.11";"Regadío";;;19/06/2024;;
"ES080C0820";"COMUNIDAD DE REGANTES POZO SAN JUAN DE PICASSENT";"G46331500";"JUCAR";"NO";"SI";"NO";"NO";"NO";"NO";"27.01 - La Contienda";"0";"502001";"76.35";"Regadío";;;19/06/2024;;
"ES080C0821";"COMUNIDAD DE REGANTES POZO SAN LORENZO";"G46084018";"JUCAR";"NO";"SI";"NO";"NO";"NO";"NO";"25.01 - Plana de Valencia (Norte y Sur)";"0";"380000";"150";"Regadío";;;19/06/2024;;
"ES080C0822";"COMUNIDAD DE REGANTES POZO SAN PAULINO DE TORRENT";"G46163382";"JUCAR";"NO";"SI";"NO";"NO";"NO";"NO";"80140 BUÑOL - CHESTE";"0";"463345";"89.58";"Regadío";;;19/06/2024;;
"ES080C0823";"COMUNIDAD DE REGANTES POZO SAN PEDRO DE LA VALL DE UIXO";"G12305744";"JUCAR";"NO";"SI";"NO";"NO";"NO";"NO";;"0";"960000";"107";"Regadío";;;19/06/2024;;
"ES080C0824";"COMUNIDAD DE REGANTES POZO SAN RAFAEL";"G96776745";"JUCAR";"NO";"SI";"NO";"NO";"NO";"NO";"21.01 - Sagunto";"0";"120000";"22.36";"Regadío";;;19/06/2024;;
"ES080C0825";"COMUNIDAD DE REGANTES POZO SAN RICARDO Nº 2";"G46598595";"JUCAR";"NO";"SI";"NO";"NO";"NO";"NO";"25.01 - Plana de Valencia (Norte y Sur)";"0";"584940";"101.44";"Regadío";;;19/06/2024;;
"ES080C0826";"COMUNIDAD DE REGANTES POZO SAN SEBASTIAN";"G46944922";"JUCAR";"NO";"SI";"NO";"NO";"NO";"NO";"80131 LIRIA - CASINOS";"0";"108670";"21";"Regadío";;;19/06/2024;;
"ES080C0827";"COMUNIDAD DE REGANTES POZO SANT LLUIS BERTRAN";"G96388376";"JUCAR";"NO";"SI";"NO";"NO";"NO";"NO";"80141 PLANA DE VALENCIA NORTE";"0";"384672";"74.37";"Regadío";;;19/06/2024;;
"ES080C0828";"COMUNIDAD DE REGANTES POZO SANTA BARBARA DE BURRIANA";"G12378212";"JUCAR";"NO";"SI";"NO";"NO";"NO";"NO";"12.01 - Plana de Castellón";"0";"747656";"133.51";"Regadío";;;19/06/2024;;
"ES080C0829";"COMUNIDAD DE REGANTES POZO SANTA BARBARA DE LAS LOMAS";"E46419081";"JUCAR";"NO";"SI";"NO";"NO";"NO";"NO";"25.01 - Plana de Valencia (Norte y Sur)";"0";"1070000";"196";"Regadío";;;19/06/2024;;
"ES080C0830";"COMUNIDAD DE REGANTES POZO SANTA BARBARA DE VALLADA";"F46139580";"JUCAR";"NO";"SI";"NO";"NO";"NO";"NO";"28.12 - Santos";"0";"788375";"175";"Regadío";;;19/06/2024;;
"ES080C0831";"COMUNIDAD DE REGANTES POZO SANTO TOMAS DE BENISANO";"G46082467";"JUCAR";"NO";"SI";"NO";"NO";"NO";"NO";"22.01 - Liria-Casinos";"0";"375597";"131.78";"Regadío";;;19/06/2024;;
"ES080C0832";"COMUNIDAD DE REGANTES POZO SOTERRANES 3";"G10880680";"JUCAR";"NO";"SI";"NO";"NO";"NO";"NO";"80106 PLANA DE CENIA";"0";"1394";"0.27";"Uso destinado a otros abastecimientos fuera de los núcleos urbanos";;;19/06/2024;;
"ES080C0832";"COMUNIDAD DE REGANTES POZO SOTERRANES 3";"G10880680";"JUCAR";"NO";"SI";"NO";"NO";"NO";"NO";"80106 PLANA DE CENIA";"0";"1394";"0.27";"Regadío";;;19/06/2024;;
"ES080C0833";"COMUNIDAD DE REGANTES POZO TRES VEINS";"G12438248";"JUCAR";"NO";"SI";"NO";"NO";"NO";"NO";"05.01 - Javalambre";"0";"111172";"17.62";"Regadío";;;19/06/2024;;
"ES080C0834";"COMUNIDAD DE REGANTES POZO TURIS 1";"G98522139";"JUCAR";"NO";"SI";"NO";"NO";"NO";"NO";"80144 SIERRA DEL AVE";"0";"900000";"188.29";"Regadío";;;19/06/2024;;
"ES080C0835";"COMUNIDAD DE REGANTES POZO VERCIAL";"G06868152";"JUCAR";"NO";"SI";"NO";"NO";"NO";"NO";"80133 REQUENA - UTIEL";"0";"11388";"18.4";"Regadío";;;19/06/2024;;
"ES080C0836";"COMUNIDAD DE REGANTES POZO VILELLA";"G98521636";"JUCAR";"NO";"SI";"NO";"NO";"NO";"NO";;"0";"14240";"1.6";"Regadío";;;19/06/2024;;
"ES080C0837";"COMUNIDAD DE REGANTES POZO VIRGEN DE GRACIA";"G46198586";"JUCAR";"NO";"SI";"NO";"NO";"NO";"NO";"28.12 - Santos";"0";"1683744";"383";"Uso destinado al abastecimiento de núcleos urbanos";;;19/06/2024;;
"ES080C0837";"COMUNIDAD DE REGANTES POZO VIRGEN DE GRACIA";"G46198586";"JUCAR";"NO";"SI";"NO";"NO";"NO";"NO";"28.12 - Santos";"0";"1683744";"383";"Regadío";;;19/06/2024;;
"ES080C0838";"COMUNIDAD DE REGANTES POZO VIRGEN DE LA CONSOLACION";"G46324232";"JUCAR";"NO";"SI";"NO";"NO";"NO";"NO";"21.01 - Sagunto";"0";"326770";"61.8";"Regadío";;;19/06/2024;;
"ES080C0839";"COMUNIDAD DE REGANTES POZO VIRGEN DE LA CUEVA SANTA DE PICASSENT";"G46827994";"JUCAR";"NO";"SI";"NO";"NO";"NO";"NO";"25.01 - Plana de Valencia (Norte y Sur)";"0";"80000";"89.4";"Regadío";;;19/06/2024;;
"ES080C0840";"COMUNIDAD DE REGANTES POZO VIRGEN DE LA ESTRELLA";"G96632583";"JUCAR";"NO";"SI";"NO";"NO";"NO";"NO";"20.09 - Sierra Calderona";"0";"186704";"33.34";"Regadío";;;19/06/2024;;
"ES080C0841";"COMUNIDAD DE REGANTES POZO VIRGEN DEL ROSARIO";"V98470032";"JUCAR";"NO";"SI";"NO";"NO";"NO";"NO";;"0";"274700";"88.21";"Regadío";;;19/06/2024;;
"ES080C0842";"COMUNIDAD DE REGANTES POZO VIRGEN DEL SOCORRO";"G03168549";"JUCAR";"NO";"SI";"NO";"NO";"NO";"NO";"80164 ONDARA - DENIA";"0";"196000";"45";"Regadío";;;19/06/2024;;
"ES080C0843";"COMUNIDAD DE REGANTES POZO VISTABELLA";"G12617957";"JUCAR";"NO";"SI";"NO";"NO";"NO";"NO";"10.01 - Vinaroz-Peñíscola";"0";"132150";"41.31";"Regadío";;;19/06/2024;;
"ES080C0844";"COMUNIDAD DE REGANTES POZOS DE LA SERRETILLA DE PEDRALBA";"G46885562";"JUCAR";"NO";"SI";"NO";"NO";"NO";"NO";;"0";"11523313";"2865";"Regadío";;;19/06/2024;;
"ES080C0845";"COMUNIDAD DE REGANTES POZOS EL BARRANQUET";"G96958749";"JUCAR";"NO";"SI";"NO";"NO";"NO";"NO";"22.01 - Liria-Casinos";"0";"1178000";"215.65";"Regadío";;;19/06/2024;;
"ES080C0846";"COMUNIDAD DE REGANTES POZOS LA BASURA";"G97195135";"JUCAR";"NO";"SI";"NO";"NO";"NO";"NO";"25.01 - Plana de Valencia (Norte y Sur)";"0";"48018";"6.11";"Regadío";;;19/06/2024;;
"ES080C0847";"COMUNIDAD DE REGANTES POZOS SAN VICENTE DE LIRIA";"G96089883";"JUCAR";"NO";"SI";"NO";"NO";"NO";"NO";"22.01 - Liria-Casinos";"0";"1190198";"214.45";"Regadío";;;19/06/2024;;
"ES080C0848";"COMUNIDAD DE REGANTES POZOS SANTISIMA TRINIDAD Y SANTA BARBARA DE LA POBLA DE VALLBONA";"G46793436";"JUCAR";"NO";"SI";"NO";"NO";"NO";"NO";"80131 LIRIA - CASINOS";"0";"468689";"141.1";"Uso destinado al abastecimiento de núcleos urbanos";;;19/06/2024;;
"ES080C0848";"COMUNIDAD DE REGANTES POZOS SANTISIMA TRINIDAD Y SANTA BARBARA DE LA POBLA DE VALLBONA";"G46793436";"JUCAR";"NO";"SI";"NO";"NO";"NO";"NO";"80131 LIRIA - CASINOS";"0";"468689";"141.1";"Regadío";;;19/06/2024;;
"ES080C0849";"COMUNIDAD DE REGANTES POZOS VIRGEN DEL PILAR DE TORRENT";"G46343414";"JUCAR";"NO";"SI";"NO";"NO";"NO";"NO";"80141 PLANA DE VALENCIA NORTE";"0";"213881";"54.1";"Regadío";;;19/06/2024;;
"ES080C0850";"COMUNIDAD DE REGANTES PRADOS DE LA ENCOMIENDA";"G02449767";"JUCAR";"SI";"NO";"NO";"NO";"NO";"NO";"ALAMEDA,RIO; BALAZOTE, RIO";"0";"174561";"29.84";"Regadío";"Balazote";"ALBACETE";19/06/2024;;
"ES080C0851";"COMUNIDAD DE REGANTES PRESA DEL PUENTE";;"JUCAR";"SI";"NO";"NO";"NO";"NO";"NO";"CAÑADA HONDA, ARROYO DE; CAÑADA HONDA, RIO";"0";"60789";"15.72";"Regadío";"Albacete";"ALBACETE";19/06/2024;;
"ES080C0852";"COMUNIDAD DE REGANTES PRESA MARQUES HUERTA DE LA ZUA";;"JUCAR";"SI";"NO";"NO";"NO";"NO";"NO";"CABRIEL, RIO";"0";"187170";"30";"Regadío";"Villamalea";"ALBACETE";19/06/2024;;
"ES080C0853";"COMUNIDAD DE REGANTES PRINCIPE DE ESPAÑA";"G02204949";"JUCAR";"SI";"SI";"NO";"NO";"NO";"NO";;"0";"17886667";"3065.25";"Uso destinado a otros abastecimientos fuera de los núcleos urbanos";"Albacete";"ALBACETE";19/06/2024;;
"ES080C0853";"COMUNIDAD DE REGANTES PRINCIPE DE ESPAÑA";"G02204949";"JUCAR";"SI";"SI";"NO";"NO";"NO";"NO";;"0";"17886667";"3065.25";"Regadío";"Albacete";"ALBACETE";19/06/2024;;
"ES080C0854";"COMUNIDAD DE REGANTES PUNTAL DE NENTO- FOLLETA";"G96393699";"JUCAR";"NO";"SI";"NO";"NO";"NO";"NO";"27.02 - Ave";"0";"1560000";"277.75";"Regadío";;;19/06/2024;;
"ES080C0855";"COMUNIDAD DE REGANTES QUINCHAS Y POCO PAN DE VIVER";;"JUCAR";"SI";"NO";"NO";"NO";"NO";"NO";"PALANCIA, RIO";"0";"199925";"40.96";"Regadío";;;19/06/2024;;
"ES080C0856";"COMUNIDAD DE REGANTES RACO DE ALFARA";"G46738829";"JUCAR";"NO";"SI";"NO";"NO";"NO";"NO";;"0";"455076";"67.75";"Regadío";;;19/06/2024;;
"ES080C0857";"COMUNIDAD DE REGANTES RACO DE BOCHA";"G03800562";"JUCAR";"NO";"SI";"NO";"NO";"NO";"NO";"38.01 - Plana de Gandía-Denia";"0";"132850";"16.67";"Regadío";;;19/06/2024;;
"ES080C0858";"COMUNIDAD DE REGANTES RACO DE PUSA";"V128888558";"JUCAR";"NO";"SI";"NO";"NO";"NO";"NO";"07.01 - Maestrazgo - 1";"0";"279400";"43.5";"Regadío";;;19/06/2024;;
"ES080C0859";"COMUNIDAD DE REGANTES RACO DEL SALSERO";"E96043559";"JUCAR";"NO";"SI";"NO";"NO";"NO";"NO";"25.01 - Plana de Valencia (Norte y Sur)";"0";"66081";"11.8";"Regadío";;;19/06/2024;;
"ES080C0860";"COMUNIDAD DE REGANTES RACO PERRERA ALCUDIOLA";"G40601692";"JUCAR";"NO";"SI";"NO";"NO";"NO";"NO";"80149 SIERRA DE LAS AGUJAS";"0";"15097";"3.9";"Regadío";;;19/06/2024;;
"ES080C0861";"COMUNIDAD DE REGANTES RAFOL MOLETA";"G40568180";"JUCAR";"NO";"SI";"NO";"NO";"NO";"NO";"80150 BÁRIG";"0";"82270";"19.2";"Regadío";;;19/06/2024;;
"ES080C0862";"COMUNIDAD DE REGANTES RAMBLA ALBOSA";"G96829007";"JUCAR";"SI";"NO";"NO";"NO";"NO";"NO";"ALBOSA, RBLA.";"0";"425120";"80";"Regadío";;;19/06/2024;;
"ES080C0863";"COMUNIDAD DE REGANTES REAL ACEQUIA DE CARCAIXENT";"Q4667022J";"JUCAR";"SI";"NO";"NO";"NO";"NO";"NO";"JUCAR, RIO";"0";"13049100";"1600";"Regadío";;;19/06/2024;;
"ES080C0864";"COMUNIDAD DE REGANTES REAL ACEQUIA DE ESCALONA";"G46076147";"JUCAR";"SI";"NO";"NO";"NO";"NO";"NO";"JUCAR, RIO";"0";"19970712";"2465.52";"Regadío";;;19/06/2024;;
"ES080C0865";"COMUNIDAD DE REGANTES REAL ACEQUIA DE MONCADA";"Q4667030C";"JUCAR";"SI";"NO";"NO";"NO";"NO";"NO";"TURIA, RIO";"0";"70000000";"4907.79";"Regadío";;;19/06/2024;;
"ES080C0866";"COMUNIDAD DE REGANTES RECAPLA";"G05440250";"JUCAR";"NO";"SI";"NO";"NO";"NO";"NO";"80131 LIRIA - CASINOS; 80140 BUÑOL - CHESTE";"0";"926837";"188";"Regadío";;;19/06/2024;;
"ES080C0867";"COMUNIDAD DE REGANTES REGADIO LOS CASTILLOS";"G16327256";"JUCAR";"NO";"SI";"NO";"NO";"NO";"NO";;"0";"537500";"134.48";"Regadío";"Sisante";"CUENCA";19/06/2024;;
"ES080C0868";"COMUNIDAD DE REGANTES REGAJO";"G46336673";"JUCAR";"SI";"NO";"NO";"NO";"NO";"NO";"MAGRO, RIO";"0";"295823";"50.31";"Regadío";;;19/06/2024;;
"ES080C0869";"COMUNIDAD DE REGANTES REGALLON Y ANGOSTILLO";"V12899183";"JUCAR";"SI";"NO";"NO";"NO";"NO";"NO";"ANGOSTILLO, BCO.";"0";"37479";"6.64";"Regadío";;;19/06/2024;;
"ES080C0870";"COMUNIDAD DE REGANTES REGS COVARXINS";"F12079737";"JUCAR";"NO";"SI";"NO";"NO";"NO";"NO";"07.01 - Maestrazgo - 1";"0";"624500";"315";"Regadío";;;19/06/2024;;
"ES080C0871";"COMUNIDAD DE REGANTES RIBESALBES";"G12229126";"JUCAR";"SI";"NO";"NO";"NO";"NO";"NO";"MIJARES, RIO";"0";"406104.38";"80.85";"Regadío";;;19/06/2024;;
"ES080C0871";"COMUNIDAD DE REGANTES RIBESALBES";"G12229126";"JUCAR";"SI";"NO";"NO";"NO";"NO";"NO";"MIJARES, RIO";"0";"406104.38";"80.85";"OTROS USOS";;;19/06/2024;;
"ES080C0872";"COMUNIDAD DE REGANTES RIEGO ALGAR-RABOSET-PARATS Y MARCHEQUEVIR";"G03438637";"JUCAR";"SI";"NO";"NO";"NO";"NO";"NO";"ALGAR, RIO";"0";"529456";"89.95";"Regadío";;;19/06/2024;;
"ES080C0873";"COMUNIDAD DE REGANTES RIEGO ALGOLECHA DELS PEREROS";"G03514544";"JUCAR";"SI";"NO";"NO";"NO";"NO";"NO";"ALGAR, RIO";"0";"18140";"3.08";"Regadío";;;19/06/2024;;
"ES080C0874";"COMUNIDAD DE REGANTES RIEGO BOSQUET";"G54452966";"JUCAR";"SI";"NO";"NO";"NO";"NO";"NO";"BENIARDA, RIO";"0";"25694";"4.37";"Regadío";;;19/06/2024;;
"ES080C0875";"COMUNIDAD DE REGANTES RIEGO DE BOLULLA";"G03926987";"JUCAR";"SI";"NO";"NO";"NO";"NO";"NO";"BOLULLA, RIO";"0";"199271";"33.86";"Regadío";;;19/06/2024;;
"ES080C0876";"COMUNIDAD DE REGANTES RIEGO DE COTELLES DE POLOP";"G03304631";"JUCAR";"NO";"SI";"NO";"NO";"NO";"NO";"S.I. - S.I. - 139";"0";"193760";"34.6";"Regadío";;;19/06/2024;;
"ES080C0877";"COMUNIDAD DE REGANTES RIEGO DE FOIA ROTJA";"G03434644";"JUCAR";"SI";"NO";"NO";"NO";"NO";"NO";"GUADALEST, RIO";"0";"24821";"4.22";"Regadío";;;19/06/2024;;
"ES080C0878";"COMUNIDAD DE REGANTES RIEGO DE FORTUNA Y MARJALERIA DE NULES";"G12063673";"JUCAR";"SI";"SI";"NO";"NO";"NO";"NO";"MIJARES, RIO;12.01 - Plana de Castellón";"0";"3253500";"1736.2";"Regadío";;;19/06/2024;;
"ES080C0879";"COMUNIDAD DE REGANTES RIEGO DE LA GALLINA (EN FORMACION)";;"JUCAR";"SI";"NO";"NO";"NO";"NO";"NO";"CHIRLES, BCO. DE";"0";"12191";"2.96";"Regadío";;;19/06/2024;;
"ES080C0880";"COMUNIDAD DE REGANTES RIEGO DE LLIDONER";"G54534425";"JUCAR";"SI";"NO";"NO";"NO";"NO";"NO";"GUADALEST, RIO";"0";"37063";"6.3";"Regadío";;;19/06/2024;;
"ES080C0881";"COMUNIDAD DE REGANTES RIEGO DE MOIA";"G54534417";"JUCAR";"SI";"NO";"NO";"NO";"NO";"NO";"GUADALEST, RIO";"0";"6345";"0.77";"Regadío";;;19/06/2024;;
"ES080C0882";"COMUNIDAD DE REGANTES RIEGO DE RUCHEY";"G03507688";"JUCAR";"SI";"NO";"NO";"NO";"NO";"NO";"CHIRLES, BCO. DE";"0";"952132";"161.76";"Regadío";;;19/06/2024;;
"ES080C0883";"COMUNIDAD DE REGANTES RIEGO DELS MAJORS";"G03507696";"JUCAR";"SI";"NO";"NO";"NO";"NO";"NO";"GUADALEST, RIO";"0";"24038";"4.08";"Regadío";;;19/06/2024;;
"ES080C0884";"COMUNIDAD DE REGANTES RIEGO MAYOR DE ALFAZ DEL PI Y BENIDORM";"G03283249";"JUCAR";"SI";"NO";"NO";"NO";"NO";"NO";"CANAL, BCO. DEL";"0";"637975.66";"120.96";"Regadío";;;19/06/2024;;
"ES080C0885";"COMUNIDAD DE REGANTES RIEGO MAYOR DE LA HUERTA DE BOCAIRENTE";"G46737540";"JUCAR";"SI";"NO";"NO";"NO";"NO";"NO";"CLARIANO, RIO";"0";"165952";"25.93";"Regadío";;;19/06/2024;;
"ES080C0886";"COMUNIDAD DE REGANTES RIEGO MAYOR DE LA HUERTA DE ORXETA";"G03756087";"JUCAR";"SI";"NO";"NO";"NO";"NO";"NO";"SELLA, RIO";"0";"529333.33";"80";"Regadío";;;19/06/2024;;
"ES080C0887";"COMUNIDAD DE REGANTES RIEGO MAYOR DE LA VILLA DE BANYERES";"G03856275";"JUCAR";"SI";"NO";"NO";"NO";"NO";"NO";"VINALOPO, RIO";"0";"2680560";"570";"Regadío";;;19/06/2024;;
"ES080C0888";"COMUNIDAD DE REGANTES RIEGO MAYOR DE ONTENIENTE";"G46632022";"JUCAR";"SI";"NO";"NO";"NO";"NO";"NO";"BOCAIRENT, BARRANC DE; CLARIANO, RIO";"0";"3488.4";"560";"Regadío";;;19/06/2024;;
"ES080C0889";"COMUNIDAD DE REGANTES RIEGO MAYOR DE POLOP";"G03176062";"JUCAR";"SI";"SI";"NO";"NO";"NO";"NO";;"0";"942613";"290";"Regadío";;;19/06/2024;;
"ES080C0890";"COMUNIDAD DE REGANTES RIEGO MAYOR DE RELLEU";"G03542990";"JUCAR";"SI";"SI";"NO";"NO";"NO";"NO";"AMADORIO, RIO;S.I. - S.I. - 2";"0";"2015856";"600.01";"Regadío";;;19/06/2024;;
"ES080C0891";"COMUNIDAD DE REGANTES RIEGO MAYOR Y DE ABAJO DEL RIO ALGAR DE ALTEA";"G03261161";"JUCAR";"SI";"NO";"NO";"NO";"NO";"NO";"ALGAR, RIO";"0";"894873";"337.34";"Regadío";;;19/06/2024;;
"ES080C0892";"COMUNIDAD DE REGANTES RIEGO MOSMAY, SECA Y FULLERACA";"G03514502";"JUCAR";"SI";"NO";"NO";"NO";"NO";"NO";"ALGAR, RIO";"0";"80097";"13.61";"Regadío";;;19/06/2024;;
"ES080C0893";"COMUNIDAD DE REGANTES RIEGO NUEVO DE ALTEA";"G03261203";"JUCAR";"SI";"NO";"NO";"NO";"NO";"NO";"GUADALEST, RIO; GUADALEST, RIU";"0";"1399984";"272";"Regadío";;;19/06/2024;;
"ES080C0894";"COMUNIDAD DE REGANTES RIEGO NUEVO DE MARCHEQUIVIR";"G03438645";"JUCAR";"SI";"NO";"NO";"NO";"NO";"NO";"ALGAR, RIO";"0";"383157";"65.1";"Regadío";;;19/06/2024;;
"ES080C0895";"COMUNIDAD DE REGANTES RIEGOS ARADO DE BARRAX";"G02561496";"JUCAR";"NO";"SI";"NO";"NO";"NO";"NO";;"0";"138800";"34.68";"Regadío";;"ALBACETE";19/06/2024;;
"ES080C0896";"COMUNIDAD DE REGANTES RIEGOS DE LA POBLA DE VALLBONA";"Q4667035B";"JUCAR";"SI";"NO";"NO";"NO";"NO";"NO";"15.14 RÍO TURIA: RÍO SOT - BCO. TEULADA";"0";"23732010";"1639.9";"Regadío";;;19/06/2024;;
"ES080C0897";"COMUNIDAD DE REGANTES RIEGOS DE LA VEGA DE SAN ANTONIO";"G97533608";"JUCAR";"NO";"SI";"NO";"NO";"NO";"NO";"80133 REQUENA - UTIEL";"0";"1069800";"1783";"Regadío";;;19/06/2024;;
"ES080C0898";"COMUNIDAD DE REGANTES RIEGOS DE PERE CHAUME ALTEA";"G03630738";"JUCAR";"SI";"NO";"NO";"NO";"NO";"NO";"ALGAR, RIO";"0";"19439";"3.3";"Regadío";;;19/06/2024;;
"ES080C0899";"COMUNIDAD DE REGANTES RIEGOS DEL LLANILLO";"G09737347";"JUCAR";"NO";"SI";"NO";"NO";"NO";"NO";"80114 GEA DE ALBARRACÍN";"0";"32705.6";"32.71";"Regadío";"Albarracín";"TERUEL";19/06/2024;;
"ES080C0900";"COMUNIDAD DE REGANTES RIEGOS RIO ALCOY";"Q4667016B";"JUCAR";"SI";"NO";"NO";"NO";"NO";"NO";"ALCOY,RIO";"0";"10760112.5";"1938.76";"Regadío";;;19/06/2024;;
"ES080C0901";"COMUNIDAD DE REGANTES RIO ARQUILLOS";"G16280711";"JUCAR";"SI";"NO";"NO";"NO";"NO";"NO";"ARQUILLOS, ARROYO (CUENCA DEL); FUENTES CLARAS DE CHILLARON, RIO";"0";"17073";"7.97";"Regadío";"Chillarón de Cuenca";"CUENCA";19/06/2024;;
"ES080C0902";"COMUNIDAD DE REGANTES RIO CENIA";"Q4367050D";"JUCAR";"SI";"NO";"NO";"NO";"NO";"NO";"CENIA, RIO";"0";"1419831";"218.1";"Regadío";;"TARRAGONA";19/06/2024;;
"ES080C0903";"COMUNIDAD DE REGANTES RIO EBRON Y FUENTE DE TORMON";;"JUCAR";"SI";"NO";"NO";"NO";"NO";"NO";"EBRON, RIO";"0";"43699";"7.58";"Regadío";"Tormón";"TERUEL";19/06/2024;;
"ES080C0904";"COMUNIDAD DE REGANTES RIO GAIBIEL";"G12314720";"JUCAR";"SI";"NO";"NO";"NO";"NO";"NO";"GAIBIEL, RIO DE; TORRECILLA, BCO.";"0";"526636";"92.07";"Regadío";;;19/06/2024;;
"ES080C0905";"COMUNIDAD DE REGANTES RIO JUCAR DE TRAGACETE";"G16214272";"JUCAR";"SI";"NO";"NO";"NO";"NO";"NO";"JUCAR, RIO";"0";"719602.9";"126.07";"Regadío";"Tragacete";"CUENCA";19/06/2024;;
"ES080C0906";"COMUNIDAD DE REGANTES RÍO LAGUNA Y NOVATIO DE HUERTA DEL MARQUESADO";"G16213506";"JUCAR";"SI";"NO";"NO";"NO";"NO";"NO";"; LAGUNA, RIO";"0";"385000";"70";"Regadío";"Huerta del Marquesado";"CUENCA";19/06/2024;;
"ES080C0907";"COMUNIDAD DE REGANTES RIO MAYOR DE VILLAHERMOSA DEL RIO";"G12239794";"JUCAR";"SI";"NO";"NO";"NO";"NO";"NO";"ARGELITA, RIO";"0";"50052";"10.32";"Regadío";;;19/06/2024;;
"ES080C0908";"COMUNIDAD DE REGANTES RIO MIJARES DE BUÑOL";"G98917081";"JUCAR";"SI";"NO";"NO";"NO";"NO";"NO";"MIJARES, RIO (MAGRO, RIO)";"0";"24436";"4.48";"Regadío";;;19/06/2024;;
"ES080C0909";"COMUNIDAD DE REGANTES RIO MIJARES DE OLBA";"G44012813";"JUCAR";"SI";"NO";"NO";"NO";"NO";"NO";"MIJARES, RIO";"0";"1163795.66";"188.66";"Regadío";"Olba";"TERUEL";19/06/2024;;
"ES080C0910";"COMUNIDAD DE REGANTES RIO MOSCAS";"G16143240";"JUCAR";"SI";"NO";"NO";"NO";"NO";"NO";"MOSCAS, RIO";"0";"223554";"38";"Regadío";"Cuenca";"CUENCA";19/06/2024;;
"ES080C0911";"COMUNIDAD DE REGANTES RIO PALANCIA DE JERICA";"G12045258";"JUCAR";"SI";"NO";"NO";"NO";"NO";"NO";"PALANCIA, RIO";"0";"449190";"93";"Regadío";;;19/06/2024;;
"ES080C0912";"COMUNIDAD DE REGANTES RIO PEQUEÑO-PARTIDA RAMBLA";"G12228227";"JUCAR";"SI";"NO";"NO";"NO";"NO";"NO";"AYODAR, RIO DE";"0";"15520";"2.8";"Regadío";;;19/06/2024;;
"ES080C0913";"COMUNIDAD DE REGANTES RIO SAN BENITO DE LANDETE";"E16189698";"JUCAR";"SI";"NO";"NO";"NO";"NO";"NO";"MIRA, RIO; SAN BENITO, ARROYO DE";"0";"221397";"37.63";"Regadío";"Landete";"CUENCA";19/06/2024;;
"ES080C0914";"COMUNIDAD DE REGANTES RIO VERDE DE TIBI";"G03809589";"JUCAR";"SI";"NO";"NO";"NO";"NO";"NO";"VERDE, RIO";"0";"371925";"51.09";"Regadío";;;19/06/2024;;
"ES080C0915";"COMUNIDAD DE REGANTES RIO VERNISA";"G96891643";"JUCAR";"SI";"SI";"NO";"NO";"NO";"NO";"PINET, RIU DE;32.06 - Marchuquera-Falconera";"0";"239089";"45.3";"Regadío";;;19/06/2024;;
"ES080C0916";"COMUNIDAD DE REGANTES RIO VINALOPO DE BOCAIRENTE";"J97289243";"JUCAR";"SI";"NO";"NO";"NO";"NO";"NO";"VINALOPO, RIO";"0";"2680560";"570";"Regadío";;;19/06/2024;;
"ES080C0917";"COMUNIDAD DE REGANTES RIODEVA";"E44183895";"JUCAR";"SI";"NO";"NO";"NO";"NO";"NO";"RIODEVA, RIO DE";"0";"376938";"65.37";"Regadío";"Riodeva";"TERUEL";19/06/2024;;
"ES080C0918";"COMUNIDAD DE REGANTES RIOLA";"G46332920";"JUCAR";"SI";"NO";"NO";"NO";"NO";"NO";;"0";"701337";"131.74";"Regadío";;;19/06/2024;;
"ES080C0919";"COMUNIDAD DE REGANTES RIUS DE SANT JORDI";"G12404588";"JUCAR";"NO";"SI";"NO";"NO";"NO";"NO";"07.01 - Maestrazgo - 1";"0";"782485";"142.27";"Regadío";;;19/06/2024;;
"ES080C0920";"COMUNIDAD DE REGANTES ROJALS";"G55607188";"JUCAR";"NO";"SI";"NO";"NO";"NO";"NO";;"0";"22500";"6.54";"Regadío";;;19/06/2024;;
"ES080C0921";"COMUNIDAD DE REGANTES ROLL DE ALDAIA";"G46835054";"JUCAR";"SI";"NO";"NO";"NO";"NO";"NO";"TURIA, RIO";"0";"12753144";"906.52";"Regadío";;;19/06/2024;;
"ES080C0922";"COMUNIDAD DE REGANTES ROMPUDA-ALCHEPSA Y RUCHEY";"G03459534";"JUCAR";"SI";"NO";"NO";"NO";"NO";"NO";"GUADALEST, RIO";"0";"172201";"29.26";"Regadío";;;19/06/2024;;
"ES080C0923";"COMUNIDAD DE REGANTES RONCALES Y AGUA DE LA PLAZA";"G12340782";"JUCAR";"SI";"NO";"NO";"NO";"NO";"NO";"CARBO, RIO";"0";"97578";"18.07";"Regadío";;;19/06/2024;;
"ES080C0924";"COMUNIDAD DE REGANTES ROQUETA GOTEIG";"G44836583";"JUCAR";"NO";"SI";"NO";"NO";"NO";"NO";"80151 PLANA DE JARACO";"0";"194100";"45.3";"Regadío";;;19/06/2024;;
"ES080C0925";"COMUNIDAD DE REGANTES ROTGLA Y CORBERA";"G96629878";"JUCAR";"NO";"SI";"NO";"NO";"NO";"NO";"28.11 - Canals";"0";"1080000";"191.13";"Uso destinado al abastecimiento de núcleos urbanos";;;19/06/2024;;
"ES080C0925";"COMUNIDAD DE REGANTES ROTGLA Y CORBERA";"G96629878";"JUCAR";"NO";"SI";"NO";"NO";"NO";"NO";"28.11 - Canals";"0";"1080000";"191.13";"Regadío";;;19/06/2024;;
"ES080C0926";"COMUNIDAD DE REGANTES ROZALEME";"G46336632";"JUCAR";"SI";"NO";"NO";"NO";"NO";"NO";"MAGRO, RIO";"0";"999600";"170";"Regadío";;;19/06/2024;;
"ES080C0927";"COMUNIDAD DE REGANTES RUBIO PORCAR";"G02736874";"JUCAR";"SI";"NO";"NO";"NO";"NO";"NO";;"0";"4584";"1.46";"Regadío";;;19/06/2024;;
"ES080C0928";"COMUNIDAD DE REGANTES SAGUNTO";"Q4667001D";"JUCAR";"NO";"SI";"NO";"NO";"NO";"NO";"21.01 - Sagunto";"0";"374400";"54.17";"Regadío";;;19/06/2024;;
"ES080C0929";"COMUNIDAD DE REGANTES SALINAS DEL MANZANO";"G16169849";"JUCAR";"SI";"NO";"NO";"NO";"NO";"NO";"HENARRUBIA, RIO";"0";"34371";"8.02";"Regadío";"Salinas del Manzano";"CUENCA";19/06/2024;;
"ES080C0930";"COMUNIDAD DE REGANTES SALVACAÑETE";"G16171506";"JUCAR";"SI";"NO";"NO";"NO";"NO";"NO";"CABRIEL, RIO";"0";"529020";"90";"Regadío";"Salvacañete";"CUENCA";19/06/2024;;
"ES080C0931";"COMUNIDAD DE REGANTES SAN AGUSTIN";"G08037525";"JUCAR";"SI";"NO";"NO";"NO";"NO";"NO";"MAIMONA, RBLA. DE; RUBIELOS DE MORA, RIO";"0";"96818";"16.98";"Regadío";"San Agustín";"TERUEL";19/06/2024;;
"ES080C0932";"COMUNIDAD DE REGANTES SAN ANTONIO DE BENAGEBER";"G46320610";"JUCAR";"NO";"SI";"NO";"NO";"NO";"NO";"25.01 - Plana de Valencia (Norte y Sur)";"0";"1450000";"165.74";"Regadío";;;19/06/2024;;
"ES080C0933";"COMUNIDAD DE REGANTES SAN ANTONIO DE NOHEDA";"G16299067";"JUCAR";"SI";"NO";"NO";"NO";"NO";"NO";"NOHEDA, ARYO. DE";"0";"12694";"3.6";"Regadío";"Villar de Domingo García";"CUENCA";19/06/2024;;
"ES080C0934";"COMUNIDAD DE REGANTES SAN ANTONIO DEL BARRANCO";"G46097143";"JUCAR";"NO";"SI";"NO";"NO";"NO";"NO";"80151 PLANA DE JARACO";"0";"56000";"10";"Regadío";;;19/06/2024;;
"ES080C0935";"COMUNIDAD DE REGANTES SAN BARTOLOME DE PERALEJOS";"E44012672";"JUCAR";"SI";"NO";"NO";"NO";"NO";"NO";"ALFAMBRA, RIO";"0";"226470";"48.19";"Regadío";"Peralejos";"TERUEL";19/06/2024;;
"ES080C0936";"COMUNIDAD DE REGANTES SAN BARTOLOME DE SUERAS";"G12223152";"JUCAR";"SI";"NO";"NO";"NO";"NO";"NO";"CASTRO, BARRANCO DE; SUBARRA, BARRANC DE";"0";"263816";"37.1";"Uso destinado al abastecimiento de núcleos urbanos";;;19/06/2024;;
"ES080C0936";"COMUNIDAD DE REGANTES SAN BARTOLOME DE SUERAS";"G12223152";"JUCAR";"SI";"NO";"NO";"NO";"NO";"NO";"CASTRO, BARRANCO DE; SUBARRA, BARRANC DE";"0";"263816";"37.1";"Regadío";;;19/06/2024;;
"ES080C0937";"COMUNIDAD DE REGANTES SAN BLAS DE ENGUIDANOS";"G16189854";"JUCAR";"SI";"NO";"NO";"NO";"NO";"NO";"CABRIEL, RIO; NARBONETA, RBLA.; SAN MARTIN, RIO";"0";"1261563";"210.26";"Regadío";"Enguídanos";"CUENCA";19/06/2024;;
"ES080C0938";"COMUNIDAD DE REGANTES SAN CRISTOBAL DE BIAR";"G03245750";"JUCAR";"SI";"NO";"NO";"SI";"NO";"NO";"EDAR DE BIAR-1 (0304301)";"0";"305140";"103";"Regadío";;;19/06/2024;;
"ES080C0939";"COMUNIDAD DE REGANTES SAN FRANCISCO DE PAULA";"F12441887";"JUCAR";"NO";"SI";"NO";"NO";"NO";"NO";"14.02 - Transversal de Bejís; 14.03 - Jérica";"0";"546519.73";"661.81";"Regadío";;;19/06/2024;;
"ES080C0940";"COMUNIDAD DE REGANTES SAN ISIDORO DE PAJARONCILLO";"G16310666";"JUCAR";"SI";"NO";"NO";"NO";"NO";"NO";"CABRIEL, RIO; POSADAS, RAMBLA DE LAS";"0";"109002";"21.3";"Regadío";"Pajaroncillo";"CUENCA";19/06/2024;;
"ES080C0941";"COMUNIDAD DE REGANTES SAN ISIDRO DE ALFAMBRA";"E44135747";"JUCAR";"SI";"NO";"NO";"NO";"NO";"NO";"ALFAMBRA, RIO";"0";"151925";"29.5";"Regadío";"Alfambra";"TERUEL";19/06/2024;;
"ES080C0942";"COMUNIDAD DE REGANTES SAN ISIDRO DE ARCAS DE VILLAR";"G16297673";"JUCAR";"SI";"NO";"NO";"NO";"NO";"NO";"SAN ISIDRO, RAMBLA";"0";"165988";"28.22";"Regadío";;"CUENCA";19/06/2024;;
"ES080C0943";"COMUNIDAD DE REGANTES SAN ISIDRO DE CAMPILLOS-SIERRA";"G16218612";"JUCAR";"SI";"NO";"NO";"NO";"NO";"NO";"18.21.01.04.01.01.01.01 RÍO CAMPILLOS; LAGUNA, RIO; TEJADILLOS, RIO";"0";"298788";"68.16";"Regadío";"Campillos-Sierra";"CUENCA";19/06/2024;;
"ES080C0944";"COMUNIDAD DE REGANTES SAN ISIDRO DE TORREBLANCA";"V12794269";"JUCAR";"NO";"SI";"NO";"NO";"NO";"NO";;"0";"365072";"85.3";"Regadío";;;19/06/2024;;
"ES080C0945";"COMUNIDAD DE REGANTES SAN ISIDRO DE VALDETORTOLA";"G16286452";"JUCAR";"SI";"NO";"NO";"NO";"NO";"NO";"LA HOZ DE GUILLOMAR O ARROYO TORTOLA, ARROYO DE";"0";"308297";"52.41";"Regadío";"Valdetórtola";"CUENCA";19/06/2024;;
"ES080C0946";"COMUNIDAD DE REGANTES SAN ISIDRO DE VILLALBA BAJA";"E44111565";"JUCAR";"SI";"NO";"NO";"NO";"NO";"NO";"ALFAMBRA, RIO";"0";"404604";"86.09";"Regadío";"Teruel";"TERUEL";19/06/2024;;
"ES080C0947";"COMUNIDAD DE REGANTES SAN ISIDRO DE VILLANUEVA DE LOS ESCUDEROS";"G16272502";"JUCAR";"SI";"NO";"NO";"NO";"NO";"NO";"HORCAJO, ARROYO DEL";"0";"12000";"12.4";"Regadío";"Cuenca";"CUENCA";19/06/2024;;
"ES080C0948";"COMUNIDAD DE REGANTES SAN ISIDRO DE VILLAVIEJA";"G12426706";"JUCAR";"NO";"SI";"NO";"NO";"NO";"NO";;"0";"180768";"80";"Regadío";;;19/06/2024;;
"ES080C0949";"COMUNIDAD DE REGANTES SAN ISIDRO LABRADOR";"F96417852";"JUCAR";"NO";"SI";"NO";"NO";"NO";"NO";;"0";"559335";"128.87";"Regadío";;;19/06/2024;;
"ES080C0950";"COMUNIDAD DE REGANTES SAN ISIDRO LABRADOR DE CIRAT";"G12218855";"JUCAR";"SI";"NO";"NO";"NO";"NO";"NO";"10.06 RÍO MIJARES: E. ARENÓS - AZ. HUERTACHA; MIJARES, RIO";"0";"314022";"58.74";"Regadío";;;19/06/2024;;
"ES080C0951";"COMUNIDAD DE REGANTES SAN ISIDRO LABRADOR DE COLLIGA";"G08032529";"JUCAR";"SI";"NO";"NO";"NO";"NO";"NO";"ARQUILLOS, ARROYO (CUENCA DEL)";"0";"51033";"8.68";"Regadío";"Cuenca";"CUENCA";19/06/2024;;
"ES080C0952";"COMUNIDAD DE REGANTES SAN ISIDRO LABRADOR DE FUENTENAVA DE JABAGA (EN FORMACION)";;"JUCAR";"SI";"NO";"NO";"NO";"NO";"NO";"CAÑADA, ARYO. DE LA; JABAGA, RIO; JABAGUILLA, ARROYO DE LA; MANANTIAL DE FUENCALIENTE";"0";"115506.05";"21";"Regadío";"Fuentenava de Jábaga";"CUENCA";19/06/2024;;
"ES080C0953";"COMUNIDAD DE REGANTES SAN ISIDRO LABRADOR DE TERESA";"G12219192";"JUCAR";"SI";"NO";"NO";"NO";"NO";"NO";"PALANCIA, RIO";"0";"1196705";"207.06";"Regadío";;;19/06/2024;;
"ES080C0954";"COMUNIDAD DE REGANTES SAN ISIDRO LABRADOR DE VILLALBA DE LA SIERRA";"G16290561";"JUCAR";"SI";"NO";"NO";"NO";"NO";"NO";"CUBILLO, RIO DEL";"0";"5000";"2.14";"Regadío";"Villalba de la Sierra";"CUENCA";19/06/2024;;
"ES080C0955";"COMUNIDAD DE REGANTES SAN JAIME DE ALBORACHE";"G96371802";"JUCAR";"SI";"NO";"NO";"NO";"NO";"NO";"18.32.01.08.01.02 RÍO BUÑOL: AZ. MOLINOS - RÍO MAGRO; BAIBA, BCO. DE; BUÑOL, RIO; JUANES, RIO; REGAJO, BARRANC DEL";"0";"1269032";"233.7";"Regadío";;;19/06/2024;;
"ES080C0956";"COMUNIDAD DE REGANTES SAN JOAQUIN";"G03515756";"JUCAR";"SI";"NO";"NO";"NO";"NO";"NO";"AGRES, RIO";"0";"273308";"47.95";"Regadío";;;19/06/2024;;
"ES080C0957";"COMUNIDAD DE REGANTES SAN JOAQUIN DEL POU";"J12610671";"JUCAR";"NO";"SI";"NO";"NO";"NO";"NO";"80127 PLANA DE CASTELLÓN";"0";"566334";"119.62";"Uso destinado al abastecimiento de núcleos urbanos";;;19/06/2024;;
"ES080C0957";"COMUNIDAD DE REGANTES SAN JOAQUIN DEL POU";"J12610671";"JUCAR";"NO";"SI";"NO";"NO";"NO";"NO";"80127 PLANA DE CASTELLÓN";"0";"566334";"119.62";"Regadío";;;19/06/2024;;
"ES080C0958";"COMUNIDAD DE REGANTES SAN JOSE BARRANCO DEL AGUA DE CARLET";"G96411590";"JUCAR";"SI";"NO";"NO";"NO";"NO";"NO";"JUCAR, RIO";"0";"650000";"100.06";"Regadío";;;19/06/2024;;
"ES080C0959";"COMUNIDAD DE REGANTES SAN JOSE DE LA MONTAÑA";"G10694446";"JUCAR";"NO";"SI";"NO";"NO";"NO";"NO";"80127 PLANA DE CASTELLÓN";"0";"306016";"66.77";"Regadío";;;19/06/2024;;
"ES080C0960";"COMUNIDAD DE REGANTES SAN JUAN BAUTISTA DE BENIFAIO";"G46307302";"JUCAR";"NO";"SI";"NO";"NO";"NO";"NO";"25.01 - Plana de Valencia (Norte y Sur)";"0";"25000";"5.57";"Regadío";;;19/06/2024;;
"ES080C0961";"COMUNIDAD DE REGANTES SAN JUAN DE ALFAMBRA Y ORRIOS";"G44017671";"JUCAR";"SI";"NO";"NO";"NO";"NO";"NO";"ALFAMBRA, RIO";"0";"3092144";"528.57";"Regadío";"Alfambra";"TERUEL";19/06/2024;;
"ES080C0962";"COMUNIDAD DE REGANTES SAN JUAN DE CUEVAS LABRADAS";"F44021954";"JUCAR";"SI";"NO";"NO";"NO";"NO";"NO";"ALFAMBRA, RIO";"0";"597406";"89.33";"Regadío";"Cuevas Labradas";"TERUEL";19/06/2024;;
"ES080C0963";"COMUNIDAD DE REGANTES SAN JUAN DE VALLADA";"J98442148";"JUCAR";"SI";"NO";"NO";"NO";"NO";"NO";"CAÑOLES, RIO";"0";"194885";"16.16";"Regadío";;;19/06/2024;;
"ES080C0964";"COMUNIDAD DE REGANTES SAN JUAN EVANGELISTA";"G12320925";"JUCAR";"SI";"NO";"NO";"NO";"NO";"NO";"ARGELITA, RIO";"0";"85438";"14.42";"Regadío";;;19/06/2024;;
"ES080C0964";"COMUNIDAD DE REGANTES SAN JUAN EVANGELISTA";"G12320925";"JUCAR";"SI";"NO";"NO";"NO";"NO";"NO";"ARGELITA, RIO";"0";"85438";"14.42";"Ganadería";;;19/06/2024;;
"ES080C0965";"COMUNIDAD DE REGANTES SAN LORENZO";"G16332652";"JUCAR";"SI";"NO";"NO";"NO";"NO";"NO";"ALTAREJOS, RIO; CAÑA CUELLAR, ARROYO; CAÑADA DE LAS VIÑAS, ARROYO; FUENTE DE LA PEÑA, ARROYO";"0";"158611";"25.67";"Regadío";"Mota de Altarejos";"CUENCA";19/06/2024;;
"ES080C0966";"COMUNIDAD DE REGANTES SAN MARCOS DE ALGARRA";"E16189680";"JUCAR";"SI";"NO";"NO";"NO";"NO";"NO";"ALGARRA, RIO";"0";"69960";"12.72";"Regadío";"Cardenete";"CUENCA";19/06/2024;;
"ES080C0967";"COMUNIDAD DE REGANTES SAN MARCOS DE YEMEDA";"G16200560";"JUCAR";"SI";"NO";"NO";"NO";"NO";"NO";"FUENTE EL RELE; GUADAZAON, RIO; ROBLE, BARRANCO DEL";"0";"369987.75";"67.27";"Regadío";"Yémeda";"CUENCA";19/06/2024;;
"ES080C0968";"COMUNIDAD DE REGANTES SAN MARTIN DE LA GINETA";"G02560894";"JUCAR";"NO";"SI";"NO";"NO";"NO";"NO";;"0";"5310800";"907.82";"Regadío";;"ALBACETE";19/06/2024;;
"ES080C0969";"COMUNIDAD DE REGANTES SAN MIGUEL DE MURLA";"G03871407";"JUCAR";"SI";"NO";"NO";"NO";"NO";"NO";"GORGOS, RIO";"0";"688850";"115";"Regadío";;;19/06/2024;;
"ES080C0970";"COMUNIDAD DE REGANTES SAN PEDRO APOSTOL DE GODELLETA";"G98481872";"JUCAR";"NO";"SI";"NO";"NO";"NO";"NO";"23.11 - Godelleta; 80132 LAS SERRANÍAS; 80140 BUÑOL - CHESTE; 80141 PLANA DE VALENCIA NORTE; 80144 SIERRA DEL AVE";"0";"10127333";"8889.91";"Uso destinado al abastecimiento de núcleos urbanos";;;19/06/2024;;
"ES080C0970";"COMUNIDAD DE REGANTES SAN PEDRO APOSTOL DE GODELLETA";"G98481872";"JUCAR";"NO";"SI";"NO";"NO";"NO";"NO";"23.11 - Godelleta; 80132 LAS SERRANÍAS; 80140 BUÑOL - CHESTE; 80141 PLANA DE VALENCIA NORTE; 80144 SIERRA DEL AVE";"0";"10127333";"8889.91";"Regadío";;;19/06/2024;;
"ES080C0971";"COMUNIDAD DE REGANTES SAN PEDRO DE LA ALQUERIA DE LA CONDESA";"G46325833";"JUCAR";"NO";"SI";"NO";"NO";"NO";"NO";"38.01 - Plana de Gandía-Denia";"0";"1001";"83.2";"Regadío";;;19/06/2024;;
"ES080C0972";"COMUNIDAD DE REGANTES SAN RAFAEL DEL RIO";"G12319208";"JUCAR";"SI";"NO";"NO";"NO";"NO";"NO";;"0";"1558880";"580.4";"Regadío";;;19/06/2024;;
"ES080C0973";"COMUNIDAD DE REGANTES SAN ROQUE DE CAMPILLOS-PARAVIENTOS";"G16170433";"JUCAR";"SI";"NO";"NO";"NO";"NO";"NO";"CABRIEL, RIO";"0";"292247";"57.12";"Regadío";"Campillos-Paravientos";"CUENCA";19/06/2024;;
"ES080C0974";"COMUNIDAD DE REGANTES SAN ROQUE DE LA LAGUNA DEL MARQUESADO";"G16189862";"JUCAR";"SI";"NO";"NO";"NO";"NO";"NO";"TEJADILLOS, RIO";"0";"45202";"12.21";"Regadío";"Laguna del Marquesado";"CUENCA";19/06/2024;;
"ES080C0975";"COMUNIDAD DE REGANTES SAN ROQUE DE ONDA";"G12629770";"JUCAR";"NO";"SI";"NO";"NO";"NO";"NO";;"0";"224792";"54.17";"Regadío";;;19/06/2024;;
"ES080C0976";"COMUNIDAD DE REGANTES SANCHILS";"G12844098";"JUCAR";"NO";"SI";"NO";"NO";"NO";"NO";"05.01 - Javalambre";"0";"69000";"17.02";"Regadío";;;19/06/2024;;
"ES080C0977";"COMUNIDAD DE REGANTES SANT BERNABEU";"G72434467";"JUCAR";"NO";"SI";"NO";"NO";"NO";"NO";"80149 SIERRA DE LAS AGUJAS";"0";"37250";"5.25";"Regadío";;;19/06/2024;;
"ES080C0978";"COMUNIDAD DE REGANTES SANT MIQUEL DE CORBERA";"E98177231";"JUCAR";"NO";"SI";"NO";"NO";"NO";"NO";"80142 PLANA DE VALENCIA SUR; 80149 SIERRA DE LAS AGUJAS";"0";"377492";"69.89";"Regadío";;;19/06/2024;;
"ES080C0979";"COMUNIDAD DE REGANTES SANTA ANA EN CONSTITUCION";;"JUCAR";"NO";"SI";"NO";"NO";"NO";"NO";"29.04 - Neógeno-Cuaternario detrítico - 21";"0";"3526300";"690.39";"Regadío";"Albacete";"ALBACETE";19/06/2024;;
"ES080C0980";"COMUNIDAD DE REGANTES SANTA BARBARA DE CAUDETE";"G02537140";"JUCAR";"NO";"SI";"NO";"NO";"NO";"NO";;"0";"468900";"231.4";"Regadío";"Caudete";"ALBACETE";19/06/2024;;
"ES080C0980";"COMUNIDAD DE REGANTES SANTA BARBARA DE CAUDETE";"G02537140";"JUCAR";"NO";"SI";"NO";"NO";"NO";"NO";;"0";"468900";"231.4";"Ganadería";"Caudete";"ALBACETE";19/06/2024;;
"ES080C0981";"COMUNIDAD DE REGANTES SANTA BARBARA DE JIJONA";"G03297306";"JUCAR";"SI";"NO";"NO";"NO";"NO";"NO";"CASTILLO, BARRANCO DEL; COSCO, RIO; TORREMANZANAS, RIO";"0";"644962";"119.75";"Regadío";;;19/06/2024;;
"ES080C0982";"COMUNIDAD DE REGANTES SANTA BARBARA DE MACASTRE";"G46609442";"JUCAR";"SI";"NO";"NO";"NO";"NO";"NO";"18.32.01.08.01.02 RÍO BUÑOL: AZ. MOLINOS - RÍO MAGRO; HORTETA, CAÑADA DE LA";"0";"1261214";"239.93";"Regadío";;;19/06/2024;;
"ES080C0983";"COMUNIDAD DE REGANTES SANTA BARBARA DE UBEDA";"G53816161";"JUCAR";"NO";"SI";"NO";"NO";"NO";"NO";;"0";"402750";"1590";"Regadío";;;19/06/2024;;
"ES080C0984";"COMUNIDAD DE REGANTES SANTA CRUZ DE ARGELITA";"G12219093";"JUCAR";"SI";"NO";"NO";"NO";"NO";"NO";"ARGELITA, RIO";"0";"132325";"23.87";"Regadío";;;19/06/2024;;
"ES080C0985";"COMUNIDAD DE REGANTES SANTA RITA";"G96832613";"JUCAR";"NO";"SI";"NO";"NO";"NO";"NO";;"0";"1487000";"291.66";"Regadío";;;19/06/2024;;
"ES080C0986";"COMUNIDAD DE REGANTES SANTIAGO APOSTOL DE PARACUELLOS";"G16180150";"JUCAR";"SI";"SI";"NO";"NO";"NO";"NO";"HORCAJO, ARROYO DEL; PARACUELLOS, ARROYO DE; PARACUELLOS, ARYO. DE;17.05 - Cretácico de Cuenca Sur";"0";"263302.55";"51.93";"Regadío";"Paracuellos";"CUENCA";19/06/2024;;
"ES080C0987";"COMUNIDAD DE REGANTES SANTISIMO CRISTO DE LA MISERICORDIA DE TORAS";"G12234035";"JUCAR";"NO";"SI";"NO";"NO";"NO";"NO";"80124 SIERRA DEL TORO";"0";"486915";"83.97";"Uso destinado al abastecimiento de núcleos urbanos";;;19/06/2024;;
"ES080C0987";"COMUNIDAD DE REGANTES SANTISIMO CRISTO DE LA MISERICORDIA DE TORAS";"G12234035";"JUCAR";"NO";"SI";"NO";"NO";"NO";"NO";"80124 SIERRA DEL TORO";"0";"486915";"83.97";"Regadío";;;19/06/2024;;
"ES080C0987";"COMUNIDAD DE REGANTES SANTISIMO CRISTO DE LA MISERICORDIA DE TORAS";"G12234035";"JUCAR";"NO";"SI";"NO";"NO";"NO";"NO";"80124 SIERRA DEL TORO";"0";"486915";"83.97";"Ganadería";;;19/06/2024;;
"ES080C0988";"COMUNIDAD DE REGANTES SANTISIMO CRISTO DE PORTILLA";"G16207615";"JUCAR";"SI";"NO";"NO";"NO";"NO";"NO";"VILLALVILLA, RIO";"0";"93143";"27.58";"Regadío";"Portilla";"CUENCA";19/06/2024;;
"ES080C0989";"COMUNIDAD DE REGANTES SANTISIMO CRISTO DEL CALVARIO DE ARTANA";"G12955118";"JUCAR";"NO";"SI";"NO";"NO";"NO";"NO";"80126 ONDA - ESPADÁN";"0";"380170";"76.92";"Regadío";;;19/06/2024;;
"ES080C0990";"COMUNIDAD DE REGANTES SANTISIMO CRISTO DEL MILAGRO";"G96821863";"JUCAR";"NO";"SI";"NO";"NO";"NO";"NO";"28.11 - Canals";"0";"307382";"66.38";"Regadío";;;19/06/2024;;
"ES080C0991";"COMUNIDAD DE REGANTES SANTO DOMINGO DE GUZMAN DE MOYA";"G16170128";"JUCAR";"SI";"NO";"NO";"NO";"NO";"NO";"ALGARRA, RIO; CABRIEL, RIO; OJOS DE MOYA, RIO; RIO ALGARRA";"0";"1039890";"187.71";"Regadío";"Moya";"CUENCA";19/06/2024;;
"ES080C0992";"COMUNIDAD DE REGANTES SARRION";"G44244424";"JUCAR";"NO";"SI";"NO";"NO";"NO";"NO";;"0";"930785";"1097.46";"Regadío";"Sarrión";"TERUEL";19/06/2024;;
"ES080C0993";"COMUNIDAD DE REGANTES SECTOR XVIII-A POZOS ERMITA DE VINAROZ";"G12411658";"JUCAR";"NO";"SI";"NO";"NO";"NO";"NO";"07.01 - Maestrazgo - 1";"0";"2350350";"450";"Regadío";"Alcanar";"TARRAGONA";19/06/2024;;
"ES080C0994";"COMUNIDAD DE REGANTES SECTOR XVIII-A POZOS PLANETAS ESTACION";"G12411666";"JUCAR";"NO";"SI";"NO";"NO";"NO";"NO";"10.01 - Vinaroz-Peñíscola";"0";"2849389";"545.48";"Regadío";"Alcanar";"TARRAGONA";19/06/2024;;
"ES080C0995";"COMUNIDAD DE REGANTES SECTOR XVIII-B POU CENIA";"G12378899";"JUCAR";"NO";"SI";"NO";"NO";"NO";"NO";"10.01 - Vinaroz-Peñíscola";"0";"3134000";"600";"Regadío";"Alcanar";"TARRAGONA";19/06/2024;;
"ES080C0996";"COMUNIDAD DE REGANTES SEGORBE";"G12056479";"JUCAR";"SI";"NO";"NO";"NO";"NO";"NO";"AHIÍN; ALGIMIA, RBLA. DE; FUENTE DE LA ESPERANZA, CUENCA DEL; PALANCIA, RIO";"0";"5460524";"840.16";"Regadío";;;19/06/2024;;
"ES080C0996";"COMUNIDAD DE REGANTES SEGORBE";"G12056479";"JUCAR";"SI";"NO";"NO";"NO";"NO";"NO";"AHIÍN; ALGIMIA, RBLA. DE; FUENTE DE LA ESPERANZA, CUENCA DEL; PALANCIA, RIO";"0";"5460524";"840.16";"Centrales hidroeléctricas";;;19/06/2024;;
"ES080C0996";"COMUNIDAD DE REGANTES SEGORBE";"G12056479";"JUCAR";"SI";"NO";"NO";"NO";"NO";"NO";"AHIÍN; ALGIMIA, RBLA. DE; FUENTE DE LA ESPERANZA, CUENCA DEL; PALANCIA, RIO";"0";"5460524";"840.16";"Industrias productoras de bienes de consumo";;;19/06/2024;;
"ES080C0997";"COMUNIDAD DE REGANTES SENDA PINA";"G72523533";"JUCAR";"NO";"SI";"NO";"NO";"NO";"NO";"80124 SIERRA DEL TORO";"0";"19815";"19.82";"Regadío";;;19/06/2024;;
"ES080C0998";"COMUNIDAD DE REGANTES SENIA VIÑADER";"G98658305";"JUCAR";"NO";"SI";"NO";"NO";"NO";"NO";;"0";"41164.35";"7.42";"Regadío";;;19/06/2024;;
"ES080C0999";"COMUNIDAD DE REGANTES SENTENILLA DE BAIX";"G53517470";"JUCAR";"SI";"NO";"NO";"NO";"NO";"NO";"POLOP, RIO";"0";"223668";"38";"Regadío";;;19/06/2024;;
"ES080C1000";"COMUNIDAD DE REGANTES SENTENILLA DE DALT";"G53517447";"JUCAR";"SI";"NO";"NO";"NO";"NO";"NO";"POLOP, RIO";"0";"41981";"8.15";"Regadío";;;19/06/2024;;
"ES080C1001";"COMUNIDAD DE REGANTES SENYERA DE LA ACEQUIA DEL TERCIO";"G46928776";"JUCAR";"NO";"SI";"NO";"NO";"NO";"NO";"25.01 - Plana de Valencia (Norte y Sur)";"0";"1001";"128";"Regadío";;;19/06/2024;;
"ES080C1002";"COMUNIDAD DE REGANTES SERRA";"G96550140";"JUCAR";"SI";"NO";"NO";"NO";"NO";"NO";"CARRAIXET, BCO. DEL; DEULA, BCO. DE";"0";"121373";"22.22";"Regadío";;;19/06/2024;;
"ES080C1003";"COMUNIDAD DE REGANTES SERRAGROSSA";"G97849525";"JUCAR";"NO";"SI";"NO";"NO";"NO";"NO";;"0";"772120";"151.75";"Regadío";;;19/06/2024;;
"ES080C1004";"COMUNIDAD DE REGANTES SIERRA OLIVA";"G02228252";"JUCAR";"NO";"SI";"NO";"NO";"NO";"NO";;"0";"1144375";"316";"Regadío";"Caudete";"ALBACETE";19/06/2024;;
"ES080C1004";"COMUNIDAD DE REGANTES SIERRA OLIVA";"G02228252";"JUCAR";"NO";"SI";"NO";"NO";"NO";"NO";;"0";"1144375";"316";"Centrales hidroeléctricas";"Caudete";"ALBACETE";19/06/2024;;
"ES080C1005";"COMUNIDAD DE REGANTES SIETE AGUAS";"G96689302";"JUCAR";"SI";"NO";"NO";"NO";"NO";"NO";"LA VALLESA, RAMBLA DE; SIETE AGUAS; SUC, BARRANCO DEL; TEJERIA, RBLA. DE LA (CABRIEL, RIO)";"0";"165300";"30.03";"Regadío";;;19/06/2024;;
"ES080C1006";"COMUNIDAD DE REGANTES SINDICATO DE RIEGOS DE LA HUERTA DE ALICANTE";"V03767845";"JUCAR";"SI";"SI";"NO";"SI";"NO";"NO";"MONNEGRE, RIO;44.07 - Hoya de Castalla;EDAR MONTE ORGEGIA";"0";"22776832";"7144.23";"Regadío";;;19/06/2024;;
"ES080C1007";"COMUNIDAD DE REGANTES SINDICATO DE RIEGOS DE PETRES";"G46481495";"JUCAR";"NO";"SI";"NO";"NO";"NO";"NO";"20.08 - Estivella";"0";"285000";"66.56";"Regadío";;;19/06/2024;;
"ES080C1008";"COMUNIDAD DE REGANTES SINDICATO DE RIEGOS DE UTIEL";"G46285458";"JUCAR";"SI";"NO";"NO";"NO";"NO";"NO";"EDAR DE CORTES DE PALLAS (VIÑUELAS) (4609907); MADRE, RIO; MAGRO, RIO; MOLINILLO, BARRANCO DEL; VIÑUELAS";"0";"152674";"339.28";"Regadío";;;19/06/2024;;
"ES080C1009";"COMUNIDAD DE REGANTES SOCAÑA";"G96837281";"JUCAR";"NO";"SI";"NO";"NO";"NO";"NO";;"0";"100800";"56";"Regadío";;;19/06/2024;;
"ES080C1010";"COMUNIDAD DE REGANTES SONEJA";"G12051314";"JUCAR";"SI";"SI";"NO";"NO";"NO";"NO";"PALANCIA, RIO;14.05 - Segorbe-Soneja";"0";"1129048";"215.59";"Regadío";;;19/06/2024;;
"ES080C1011";"COMUNIDAD DE REGANTES SOQUETS";"G12493052";"JUCAR";"NO";"SI";"NO";"NO";"NO";"NO";"Sin Clasificar";"0";"432086";"62.6";"Regadío";;;19/06/2024;;
"ES080C1012";"COMUNIDAD DE REGANTES SORETA";"G10757011";"JUCAR";"NO";"SI";"NO";"NO";"NO";"NO";;"0";"5905415";"1214.01";"Uso destinado a otros abastecimientos fuera de los núcleos urbanos";"Tarazona de la Mancha";"ALBACETE";19/06/2024;;
"ES080C1012";"COMUNIDAD DE REGANTES SORETA";"G10757011";"JUCAR";"NO";"SI";"NO";"NO";"NO";"NO";;"0";"5905415";"1214.01";"Regadío";"Tarazona de la Mancha";"ALBACETE";19/06/2024;;
"ES080C1013";"COMUNIDAD DE REGANTES SOT DE CHERA";"G46936340";"JUCAR";"SI";"NO";"NO";"NO";"NO";"NO";"SOT, RIO";"0";"224327";"40.27";"Regadío";;;19/06/2024;;
"ES080C1014";"COMUNIDAD DE REGANTES SOT DE FERRER";"G12210654";"JUCAR";"SI";"NO";"NO";"NO";"NO";"NO";"PALANCIA, RIO";"0";"688000";"118";"Regadío";;;19/06/2024;;
"ES080C1015";"COMUNIDAD DE REGANTES SOTERRAÑES";"G12896965";"JUCAR";"NO";"SI";"NO";"NO";"NO";"NO";;"0";"5575";"4.46";"Regadío";;;19/06/2024;;
"ES080C1016";"COMUNIDAD DE REGANTES SUMACARCER";"G97826564";"JUCAR";"SI";"NO";"NO";"NO";"NO";"NO";"JUCAR, RIO";"0";"19970712";"2465.52";"Regadío";;;19/06/2024;;
"ES080C1017";"COMUNIDAD DE REGANTES TALES (EN FORMACION)";;"JUCAR";"SI";"NO";"NO";"NO";"NO";"NO";"ANNA, RIO";"0";"31692";"5.56";"Regadío";;;19/06/2024;;
"ES080C1018";"COMUNIDAD DE REGANTES TERESA DE COFRENTES";"G46556114";"JUCAR";"SI";"NO";"NO";"NO";"NO";"NO";"ARGONGEÑA, RBLA.; CANTABÁN, RIO; LOS BERROS; RECONQUE, RIO; REGAJO, BARRANCO DEL; VELILLA,NACIMIENTO; ZARRA, RIO";"0";"927700";"227.38";"Regadío";;;19/06/2024;;
"ES080C1019";"COMUNIDAD DE REGANTES TERRER DE LES ALIGUES";"G03514585";"JUCAR";"SI";"NO";"NO";"NO";"NO";"NO";"GUADALEST, RIO";"0";"9006";"1.9";"Regadío";;;19/06/2024;;
"ES080C1020";"COMUNIDAD DE REGANTES TERRERS Y REDONDA";"G98478589";"JUCAR";"NO";"SI";"NO";"NO";"NO";"NO";;"0";"709541";"139.07";"Regadío";;;19/06/2024;;
"ES080C1021";"COMUNIDAD DE REGANTES TOGA";"G12218822";"JUCAR";"SI";"NO";"NO";"NO";"NO";"NO";"MIJARES, RIO";"0";"145615";"26.27";"Regadío";;;19/06/2024;;
"ES080C1022";"COMUNIDAD DE REGANTES TORRE ALTA";"G96331053";"JUCAR";"SI";"NO";"NO";"NO";"NO";"NO";"TURIA, RIO";"0";"173651";"32.68";"Regadío";;;19/06/2024;;
"ES080C1023";"COMUNIDAD DE REGANTES TORRE BARRACHINA DE VILLAR DEL HUMO";"G16197170";"JUCAR";"SI";"NO";"NO";"NO";"NO";"NO";"CABRIEL, RIO; MESTO, RIO; VENCHERQUE, ARYO. DE";"0";"345515";"67.51";"Regadío";"Villar del Humo";"CUENCA";19/06/2024;;
"ES080C1024";"COMUNIDAD DE REGANTES TORRECHIVA";"G12338588";"JUCAR";"SI";"NO";"NO";"NO";"NO";"NO";"MIJARES, RIO";"0";"59882";"10.8";"Regadío";;;19/06/2024;;
"ES080C1025";"COMUNIDAD DE REGANTES TORRES ESCALES";"J96148440";"JUCAR";"NO";"SI";"NO";"NO";"NO";"NO";;"0";"14743";"9.09";"Uso destinado al abastecimiento de núcleos urbanos";;;19/06/2024;;
"ES080C1025";"COMUNIDAD DE REGANTES TORRES ESCALES";"J96148440";"JUCAR";"NO";"SI";"NO";"NO";"NO";"NO";;"0";"14743";"9.09";"Regadío";;;19/06/2024;;
"ES080C1026";"COMUNIDAD DE REGANTES TORRES TORRES";"G96226519";"JUCAR";"NO";"NO";"NO";"SI";"NO";"NO";"E.D.A.R. TORRES TORRES";"0";"185000";"119.36";"Regadío";;;19/06/2024;;
"ES080C1027";"COMUNIDAD DE REGANTES TRAMACASTIEL";"G44013654";"JUCAR";"SI";"NO";"NO";"NO";"NO";"NO";"REGUERO, BARRANCO DEL; TRAMACASTIEL, RIO";"0";"687354";"119.19";"Regadío";"Tramacastiel";"TERUEL";19/06/2024;;
"ES080C1028";"COMUNIDAD DE REGANTES TRAMACASTILLA";"E44128445";"JUCAR";"SI";"NO";"NO";"NO";"NO";"NO";"; 15.01.01.01 RBLA. MONTERDE; GUADALAVIAR, RIO; TURIA, RIO";"0";"407304";"74.2";"Regadío";"Tramacastilla";"TERUEL";19/06/2024;;
"ES080C1029";"COMUNIDAD DE REGANTES TUEJAR";"G96040217";"JUCAR";"SI";"NO";"NO";"NO";"NO";"NO";"; TUEJAR, RIO";"0";"1055767";"205.11";"Regadío";;;19/06/2024;;
"ES080C1030";"COMUNIDAD DE REGANTES TULELL";"G96299748";"JUCAR";"NO";"SI";"NO";"NO";"NO";"NO";"25.01 - Plana de Valencia (Norte y Sur)";"0";"48000";"9.74";"Regadío";;;19/06/2024;;
"ES080C1031";"COMUNIDAD DE REGANTES TUTAS";"V54545751";"JUCAR";"SI";"NO";"NO";"NO";"NO";"NO";"AMADORIO, RIO";"0";"258057";"47.35";"Regadío";;;19/06/2024;;
"ES080C1032";"COMUNIDAD DE REGANTES ULL DE LA FONT DE TIBI";"G53515672";"JUCAR";"SI";"NO";"NO";"NO";"NO";"NO";;"0";"13125";"8.4";"Regadío";;;19/06/2024;;
"ES080C1033";"COMUNIDAD DE REGANTES ULLAL DE LA GATELLERA";;"JUCAR";"SI";"NO";"NO";"NO";"NO";"NO";"GATELLERA, BCO. DE LA";"0";"19675";"1.61";"Uso destinado al abastecimiento de núcleos urbanos";;;19/06/2024;;
"ES080C1033";"COMUNIDAD DE REGANTES ULLAL DE LA GATELLERA";;"JUCAR";"SI";"NO";"NO";"NO";"NO";"NO";"GATELLERA, BCO. DE LA";"0";"19675";"1.61";"Regadío";;;19/06/2024;;
"ES080C1034";"COMUNIDAD DE REGANTES UMBRIA ALTA DE TAVERNES DE VALLDIGNA";"G97047146";"JUCAR";"NO";"SI";"NO";"NO";"NO";"NO";"38.01 - Plana de Gandía-Denia";"0";"166500";"30.08";"Regadío";;;19/06/2024;;
"ES080C1035";"COMUNIDAD DE REGANTES UNICA RIO DE MANZANERA";"E44198588";"JUCAR";"SI";"NO";"NO";"NO";"NO";"NO";"AGUA BUENA, BARRANCO DEL; AGUA, BARRANCO DEL; ALBENTOSA, RIO; CANALETA, BCO. DE LA; FRANCES, BARRANC DEL; MANANTIAL DE LAS FUENTES (CUENCA DEL); OLMOS, RIO DE LOS; PARAISO, BARRANCO DEL; PARAISOS, RIO DE LOS";"0";"1764301";"305.93";"Regadío";"Manzanera";"TERUEL";19/06/2024;;
"ES080C1036";"COMUNIDAD DE REGANTES UNION Y TRABAJO";"G46173258";"JUCAR";"NO";"SI";"NO";"NO";"NO";"NO";"25.01 - Plana de Valencia (Norte y Sur)";"0";"269000";"31.78";"Regadío";;;19/06/2024;;
"ES080C1037";"COMUNIDAD DE REGANTES USUARIOS BARRANCO DEL BORRO O DE ANASTASIO";;"JUCAR";"SI";"NO";"NO";"NO";"NO";"NO";"VERNISA, RIO";"0";"22529";"4.06";"Regadío";;;19/06/2024;;
"ES080C1038";"COMUNIDAD DE REGANTES USUARIOS DEL BARRANCO DE LA MENA";"G44527968";"JUCAR";"SI";"NO";"NO";"NO";"NO";"NO";"13.05.01.01 RBLA. SECA (PALANCIA)";"0";"5044";"2.92";"Regadío";;;19/06/2024;;
"ES080C1039";"COMUNIDAD DE REGANTES VALACLOCHE";"G44245819";"JUCAR";"SI";"NO";"NO";"NO";"NO";"NO";"CAMARENA, RIO";"0";"250170";"43.38";"Regadío";"Valacloche";"TERUEL";19/06/2024;;
"ES080C1040";"COMUNIDAD DE REGANTES VALBONA";;"JUCAR";"SI";"NO";"NO";"NO";"NO";"NO";"ALCALA, RIO";"0";"2162625";"375";"Regadío";;;19/06/2024;;
"ES080C1041";"COMUNIDAD DE REGANTES VALDECABRAS";"G16248387";"JUCAR";"SI";"NO";"NO";"NO";"NO";"NO";"VALDECABRAS, RIO";"0";"55690";"9.47";"Regadío";"Cuenca";"CUENCA";19/06/2024;;
"ES080C1042";"COMUNIDAD DE REGANTES VALDEGANGA MARGEN DERECHA";"G02449510";"JUCAR";"SI";"NO";"NO";"NO";"NO";"NO";"18.13 RÍO JÚCAR: RÍO VALDEMEMBRA - BCO. ESPINO";"0";"275754";"52.28";"Regadío";"Valdeganga";"ALBACETE";19/06/2024;;
"ES080C1043";"COMUNIDAD DE REGANTES VALL DE ALMONACID";"G12300752";"JUCAR";"SI";"NO";"NO";"NO";"NO";"NO";"ANCHOY, CUENCA DEL BCO.; CHICO, RIO; FUENTE FORMICHE, CUENCA DEL; FUENTE TRINIDAD, CUENCA DEL; VIUDA, RBLA. DE LA";"0";"287479";"64.01";"Regadío";;;19/06/2024;;
"ES080C1044";"COMUNIDAD DE REGANTES VALLANCA";"G46626925";"JUCAR";"SI";"NO";"NO";"NO";"NO";"NO";"BOHIGUES, RIO";"0";"157115";"28.95";"Regadío";;;19/06/2024;;
"ES080C1045";"COMUNIDAD DE REGANTES VALLETES DEL GALLO";"G98960073";"JUCAR";"NO";"SI";"NO";"NO";"NO";"NO";"80149 SIERRA DE LAS AGUJAS";"0";"67680";"13.21";"Regadío";;;19/06/2024;;
"ES080C1046";"COMUNIDAD DE REGANTES VEGA DE ANAHUIR";"G96579362";"JUCAR";"SI";"NO";"NO";"NO";"NO";"NO";"PLA D´AGUILO, BARRANC DEL";"0";"544050";"83.7";"Regadío";;;19/06/2024;;
"ES080C1047";"COMUNIDAD DE REGANTES VEGA DE SAN ANTONIO DE REQUENA";"G46268843";"JUCAR";"SI";"NO";"NO";"NO";"NO";"NO";"MAGRO, RIO";"0";"94057.1";"69.37";"Regadío";;;19/06/2024;;
"ES080C1048";"COMUNIDAD DE REGANTES VILLA CARMEN";"G40568172";"JUCAR";"NO";"SI";"NO";"NO";"NO";"NO";"80141 PLANA DE VALENCIA NORTE";"0";"37444";"6.74";"Regadío";;;19/06/2024;;
"ES080C1049";"COMUNIDAD DE REGANTES VILLA DE ONDA";"G12020822";"JUCAR";"SI";"SI";"NO";"NO";"NO";"NO";"RATILS, BARRANC DE; VEO, RIO;13.01 - Onda";"0";"2348040";"801.8";"Regadío";;;19/06/2024;;
"ES080C1050";"COMUNIDAD DE REGANTES VILLA DE ONDARA";"G03175924";"JUCAR";"SI";"SI";"NO";"SI";"NO";"NO";"ALBERCA, BCO. DE LA; ALCALA, BARRANCO DE; GIRONA, RIU;38.01 - Plana de Gandía-Denia;EDAR DENIA-PEDREGUER-ONDARA/ALFATARES";"0";"3306331.65";"590.84";"Regadío";;;19/06/2024;;
"ES080C1051";"COMUNIDAD DE REGANTES VILLA LOZANO";"G02595361";"JUCAR";"NO";"SI";"NO";"NO";"NO";"NO";;"0";"213200";"61.54";"Regadío";"Albacete";"ALBACETE";19/06/2024;;
"ES080C1052";"COMUNIDAD DE REGANTES VILLAJOYOSA";"G03170669";"JUCAR";"SI";"NO";"NO";"SI";"NO";"NO";"EDAR BENIDORM; EDAR VILLAJOIOSA";"0";"12000000";"2780";"Regadío";;;19/06/2024;;
"ES080C1053";"COMUNIDAD DE REGANTES VILLALBA ALTA";"E44145605";"JUCAR";"SI";"NO";"NO";"NO";"NO";"NO";"ALFAMBRA, RIO; CABANILLAS, ARYO. DE; LA CAÑADA, BARRANCO DE; REGAJO, BARRANCO DEL";"0";"836252";"159.94";"Regadío";"Perales del Alfambra";"TERUEL";19/06/2024;;
"ES080C1054";"COMUNIDAD DE REGANTES VILLALVILLA, JUCAR Y MARIANA";"E16033193";"JUCAR";"SI";"NO";"NO";"NO";"NO";"NO";"JUCAR, RIO";"0";"2832946";"598.92";"Regadío";"Mariana";"CUENCA";19/06/2024;;
"ES080C1055";"COMUNIDAD DE REGANTES VILLARREAL";"G12028023";"JUCAR";"SI";"NO";"NO";"NO";"NO";"NO";"10.11 RÍO MIJARES: CANAL COTA 100 - RBLA. DE LA VIUDA";"0";"15827000";"2301.46";"Regadío";;;19/06/2024;;
"ES080C1056";"COMUNIDAD DE REGANTES VILLEL";"G44023786";"JUCAR";"SI";"NO";"NO";"NO";"NO";"NO";"CAMARENA, RIO; CASCANTE, RIO; CHARTERA, RBLA.; SALADILLA, BCO. DE LA; TURIA, RIO";"0";"1716196";"294.12";"Regadío";"Villel";"TERUEL";19/06/2024;;
"ES080C1057";"COMUNIDAD DE REGANTES VILLENA";"G53513818";"JUCAR";"NO";"SI";"NO";"NO";"NO";"NO";"80160 VILLENA - BENEJAMA; 80173 SIERRA DEL CASTELLAR; 80902 IMPERMEABLE O ACUÍFERO DE INTERES LOCAL 02";"0";"9875805";"4696";"Regadío";;;19/06/2024;;
"ES080C1057";"COMUNIDAD DE REGANTES VILLENA";"G53513818";"JUCAR";"NO";"SI";"NO";"NO";"NO";"NO";"80160 VILLENA - BENEJAMA; 80173 SIERRA DEL CASTELLAR; 80902 IMPERMEABLE O ACUÍFERO DE INTERES LOCAL 02";"0";"9875805";"4696";"Ganadería";;;19/06/2024;;
"ES080C1058";"COMUNIDAD DE REGANTES VILLORA";"G16210122";"JUCAR";"SI";"NO";"NO";"NO";"NO";"NO";"SAN MARTIN, RIO";"0";"207099";"35.17";"Regadío";"Víllora";"CUENCA";19/06/2024;;
"ES080C1059";"COMUNIDAD DE REGANTES VIRGEN DE GRACIA DE ALTURA";"G12630752";"JUCAR";"NO";"SI";"NO";"NO";"NO";"NO";"14.03 - Jérica";"0";"668760";"670";"Regadío";;;19/06/2024;;
"ES080C1060";"COMUNIDAD DE REGANTES VIRGEN DE LA PAZ DE AGOST";"G03995107";"JUCAR";"SI";"SI";"NO";"SI";"NO";"NO";"EDAR DE AGOST; EDAR DE IBI; EDAR LA FOIA DE CASTALLA";"0";"5870145";"9000";"Regadío";;;19/06/2024;;
"ES080C1061";"COMUNIDAD DE REGANTES VIRGEN DE LA PAZ DE CHIVA";"F46158572";"JUCAR";"NO";"SI";"NO";"NO";"NO";"NO";;"0";"787200";"164";"Regadío";;;19/06/2024;;
"ES080C1062";"COMUNIDAD DE REGANTES VIRGEN DE LA TORRE";;"JUCAR";"SI";"NO";"NO";"NO";"NO";"NO";"ALTAREJOS, RIO";"0";"26929";"4.59";"Regadío";"Altarejos";"CUENCA";19/06/2024;;
"ES080C1063";"COMUNIDAD DE REGANTES VIRGEN DE LA VICTORIA";"G46361077";"JUCAR";"NO";"SI";"NO";"NO";"NO";"NO";"25.01 - Plana de Valencia (Norte y Sur)";"0";"325000";"43.31";"Regadío";;;19/06/2024;;
"ES080C1064";"COMUNIDAD DE REGANTES VIRGEN DE LAS NIEVES DE ASPE";"G03494671";"JUCAR";"NO";"SI";"NO";"SI";"NO";"NO";"52.01 - Sierra de Crevillente;EDAR RINCÓN DE LEÓN";"0";"5165000";"6650";"Regadío";;;19/06/2024;;
"ES080C1065";"COMUNIDAD DE REGANTES VIRGEN DE LORETO";"G44592376";"JUCAR";"NO";"NO";"NO";"SI";"NO";"NO";"EDAR SANTA POLA";"0";"1055362";"266.62";"Regadío";;;19/06/2024;;
"ES080C1066";"COMUNIDAD DE REGANTES VIRGEN DE LOS DESAMPARADOS DE SIMAT DE VALLDIGNA";"F46140398";"JUCAR";"NO";"SI";"NO";"NO";"NO";"NO";"32.04 - Bárig";"0";"230880";"41.6";"Regadío";;;19/06/2024;;
"ES080C1067";"COMUNIDAD DE REGANTES VIRGEN DE LOS DOLORES";"E46160578";"JUCAR";"NO";"SI";"NO";"NO";"NO";"NO";"25.01 - Plana de Valencia (Norte y Sur)";"0";"871500";"170";"Regadío";;;19/06/2024;;
"ES080C1068";"COMUNIDAD DE REGANTES VIRGEN DEL AGUA LIMPIA";"G12986303";"JUCAR";"NO";"SI";"NO";"NO";"NO";"NO";"80105 PUERTOS DE BECEITE";"0";"66560";"18.5";"Regadío";;;19/06/2024;;
"ES080C1068";"COMUNIDAD DE REGANTES VIRGEN DEL AGUA LIMPIA";"G12986303";"JUCAR";"NO";"SI";"NO";"NO";"NO";"NO";"80105 PUERTOS DE BECEITE";"0";"66560";"18.5";"Ganadería";;;19/06/2024;;
"ES080C1069";"COMUNIDAD DE REGANTES VIRGEN DEL PILAR DE LA CIERVA";"G16243651";"JUCAR";"SI";"NO";"NO";"NO";"NO";"NO";"GUADAZAON, RIO";"0";"66000";"12";"Regadío";"Enguídanos";"CUENCA";19/06/2024;;
"ES080C1070";"COMUNIDAD DE REGANTES VIRGEN DEL PILAR Y FONT MAJOR DE SIMAT";"G46588935";"JUCAR";"NO";"SI";"NO";"NO";"NO";"NO";"80150 BÁRIG";"0";"299700";"57.5";"Regadío";;;19/06/2024;;
"ES080C1071";"COMUNIDAD DE REGANTES VIVER";"G12288189";"JUCAR";"SI";"NO";"NO";"NO";"NO";"NO";"13.03 RÍO PALANCIA: AZ. SARGAL - E. REGAJO; FUENTE DE SAN MIGUEL, CUENCA DEL";"0";"5655123.39";"791.02";"Uso destinado al abastecimiento de núcleos urbanos";;;19/06/2024;;
"ES080C1071";"COMUNIDAD DE REGANTES VIVER";"G12288189";"JUCAR";"SI";"NO";"NO";"NO";"NO";"NO";"13.03 RÍO PALANCIA: AZ. SARGAL - E. REGAJO; FUENTE DE SAN MIGUEL, CUENCA DEL";"0";"5655123.39";"791.02";"Regadío";;;19/06/2024;;
"ES080C1071";"COMUNIDAD DE REGANTES VIVER";"G12288189";"JUCAR";"SI";"NO";"NO";"NO";"NO";"NO";"13.03 RÍO PALANCIA: AZ. SARGAL - E. REGAJO; FUENTE DE SAN MIGUEL, CUENCA DEL";"0";"5655123.39";"791.02";"Ganadería";;;19/06/2024;;
"ES080C1072";"COMUNIDAD DE REGANTES VIVEROS ALCANAR";"G12427738";"JUCAR";"NO";"SI";"NO";"NO";"NO";"NO";"07.01 - Maestrazgo - 1";"0";"1168772.96";"277.06";"Regadío";;;19/06/2024;;
"ES080C1073";"COMUNIDAD DE REGANTES VIVEROS GURBI";"G43646884";"JUCAR";"NO";"SI";"NO";"NO";"NO";"NO";"07.01 - Maestrazgo - 1";"0";"92000";"21.9";"Regadío";"Alcanar";"TARRAGONA";19/06/2024;;
"ES080C1074";"COMUNIDAD DE REGANTES XILXES";"G06829345";"JUCAR";"NO";"SI";"NO";"NO";"NO";"NO";"80127 PLANA DE CASTELLÓN; 80130 MEDIO PALANCIA";"0";"1305914";"184.59";"Regadío";;;19/06/2024;;
"ES080C1075";"COMUNIDAD DE REGANTES Y SINDICATO DE RIEGOS DE SUECA";"Q4667002B";"JUCAR";"SI";"NO";"NO";"NO";"NO";"NO";"JUCAR, RIO";"0";"139120000";"8510.74";"Regadío";;;19/06/2024;;
"ES080C1076";"COMUNIDAD DE REGANTES Y U. LA RELAMINA";"G13643176";"JUCAR";"NO";"SI";"NO";"NO";"NO";"NO";;"0";"132615";"9.23";"Regadío";;;19/06/2024;;
"ES080C1076";"COMUNIDAD DE REGANTES Y U. LA RELAMINA";"G13643176";"JUCAR";"NO";"SI";"NO";"NO";"NO";"NO";;"0";"132615";"9.23";"De carácter privado";;;19/06/2024;;
"ES080C1077";"COMUNIDAD DE REGANTES Y USUARIOS LA RODANA";"G98386469";"JUCAR";"NO";"SI";"NO";"NO";"NO";"NO";;"0";"291763";"50.32";"Uso destinado a otros abastecimientos fuera de los núcleos urbanos";;;19/06/2024;;
"ES080C1077";"COMUNIDAD DE REGANTES Y USUARIOS LA RODANA";"G98386469";"JUCAR";"NO";"SI";"NO";"NO";"NO";"NO";;"0";"291763";"50.32";"Regadío";;;19/06/2024;;
"ES080C1077";"COMUNIDAD DE REGANTES Y USUARIOS LA RODANA";"G98386469";"JUCAR";"NO";"SI";"NO";"NO";"NO";"NO";;"0";"291763";"50.32";"Ganadería";;;19/06/2024;;
"ES080C1078";"COMUNIDAD DE REGANTES Y USUARIOS POU CRIST DE L`EMPAR Y SANT ROC";"G96157516";"JUCAR";"SI";"SI";"NO";"NO";"NO";"NO";"21.07.01.02 RÍO BERNISA: BCO. LLUTXENT - RÍO SERPIS;80153 MARCHUQUERA - FALCONERA";"0";"1086776";"217.74";"Regadío";;;19/06/2024;;
"ES080C1079";"COMUNIDAD DE REGANTES ZARRA";"G46844981";"JUCAR";"SI";"NO";"NO";"NO";"NO";"NO";"ZARRA, RIO";"0";"825584";"134.46";"Regadío";;;19/06/2024;;
"ES080C1080";"COMUNIDAD DE REGANTES HOLDING SPAIN S.L.U";"B02508174";"JUCAR";"NO";"SI";"NO";"NO";"NO";"NO";"29.04 - Neógeno-Cuaternario detrítico - 1";"0";"7000";"7.23";"Regadío";"Albacete";"ALBACETE";19/06/2024;;
"ES080C1081";"COMUNIDAD DE REGANTESPOZO HEREDAD DE ROMAGUERA";"G02880748";"JUCAR";"NO";"SI";"NO";"NO";"NO";"NO";"80152 PLANA DE GANDÍA";"0";"24992";"5.68";"Regadío";;;19/06/2024;;
"ES080C1082";"COMUNIDAD DE REGANTESTORRETA SEGARRA";"G54752027";"JUCAR";"NO";"SI";"NO";"NO";"NO";"NO";"80178 SERRELLA - AIXORTA - ALGAR";"0";"675468";"125.79";"Regadío";;;19/06/2024;;
"ES080C1083";"COMUNIDAD DE REGANTES ABROSERS";"G09892092";"JUCAR";"NO";"SI";"NO";"NO";"NO";"NO";"80109 MAESTRAZGO ORIENTAL";"0";"3675";"0.27";"Uso destinado al abastecimiento de núcleos urbanos";;;19/06/2024;;
"ES080C1083";"COMUNIDAD DE REGANTES ABROSERS";"G09892092";"JUCAR";"NO";"SI";"NO";"NO";"NO";"NO";"80109 MAESTRAZGO ORIENTAL";"0";"3675";"0.27";"Regadío";;;19/06/2024;;
"ES080C1084";"COMUNIDAD DE REGANTES AGUAS DE TORREGRAS";"V54412515";"JUCAR";"NO";"SI";"NO";"NO";"NO";"NO";"80160 VILLENA - BENEJAMA";"0";"252242";"220.66";"Regadío";;;19/06/2024;;
"ES080C1085";"COMUNIDAD DE REGANTES BORRIOL NORTE";"V12917357";"JUCAR";"NO";"SI";"NO";"NO";"NO";"NO";;"0";"1427215.25";"331.53";"Uso destinado al abastecimiento de núcleos urbanos";;;19/06/2024;;
"ES080C1085";"COMUNIDAD DE REGANTES BORRIOL NORTE";"V12917357";"JUCAR";"NO";"SI";"NO";"NO";"NO";"NO";;"0";"1427215.25";"331.53";"Regadío";;;19/06/2024;;
"ES080C1085";"COMUNIDAD DE REGANTES BORRIOL NORTE";"V12917357";"JUCAR";"NO";"SI";"NO";"NO";"NO";"NO";;"0";"1427215.25";"331.53";"Ganadería";;;19/06/2024;;
"ES080C1086";"COMUNIDAD DE REGANTES DE BELGIDA";"G96822242";"JUCAR";"NO";"SI";"NO";"SI";"NO";"NO";"80155 VALLE DE ALBAIDA; 80161 VOLCADORES - ALBAIDA;EDAR BELGIDA";"0";"393121";"523.55";"Uso destinado al abastecimiento de núcleos urbanos";;;19/06/2024;;
"ES080C1086";"COMUNIDAD DE REGANTES DE BELGIDA";"G96822242";"JUCAR";"NO";"SI";"NO";"SI";"NO";"NO";"80155 VALLE DE ALBAIDA; 80161 VOLCADORES - ALBAIDA;EDAR BELGIDA";"0";"393121";"523.55";"Regadío";;;19/06/2024;;
"ES080C1087";"COMUNIDAD DE REGANTES LA COSTERA";"E01943992";"JUCAR";"NO";"SI";"NO";"NO";"NO";"NO";"80148 HOYA DE JÁTIVA";"0";"494435";"206.26";"Regadío";;;19/06/2024;;
"ES080C1088";"COMUNIDAD DE REGANTES LA FONT DE BENIALET";"G53420253";"JUCAR";"SI";"NO";"NO";"NO";"NO";"NO";;"0";"188099";"68.06";"Uso destinado al abastecimiento de núcleos urbanos";;;19/06/2024;;
"ES080C1088";"COMUNIDAD DE REGANTES LA FONT DE BENIALET";"G53420253";"JUCAR";"SI";"NO";"NO";"NO";"NO";"NO";;"0";"188099";"68.06";"Regadío";;;19/06/2024;;
"ES080C1089";"COMUNIDAD DE REGANTES MONTE OSCURO ( EN FORMACIÓN)";;"JUCAR";"NO";"SI";"NO";"NO";"NO";"NO";"23.03 - Chucheve";"0";"21729";"2.29";"Uso destinado a otros abastecimientos fuera de los núcleos urbanos";;;19/06/2024;;
"ES080C1089";"COMUNIDAD DE REGANTES MONTE OSCURO ( EN FORMACIÓN)";;"JUCAR";"NO";"SI";"NO";"NO";"NO";"NO";"23.03 - Chucheve";"0";"21729";"2.29";"Regadío";;;19/06/2024;;
"ES080C1090";"COMUNIDAD DE REGANTES POZO AZUD DE ALFONDEGUILLA";"G12087557";"JUCAR";"SI";"SI";"NO";"NO";"NO";"NO";"BELCAIRE, RIO;80126 ONDA - ESPADÁN";"0";"191082";"23.51";"Uso destinado al abastecimiento de núcleos urbanos";;;19/06/2024;;
"ES080C1090";"COMUNIDAD DE REGANTES POZO AZUD DE ALFONDEGUILLA";"G12087557";"JUCAR";"SI";"SI";"NO";"NO";"NO";"NO";"BELCAIRE, RIO;80126 ONDA - ESPADÁN";"0";"191082";"23.51";"Regadío";;;19/06/2024;;
"ES080C1091";"COMUNIDAD DE REGANTES RIO OJOS DE MOYA DE LANDETE";"G16117756";"JUCAR";"SI";"NO";"NO";"NO";"NO";"NO";"OJOS DE MOYA, RIO";"0";"1596000";"266";"Regadío";"Landete";"CUENCA";19/06/2024;;
"ES080C1092";"COMUNIDAD DE REGANTES VALL DEL POP";"G03828522";"JUCAR";"NO";"SI";"NO";"NO";"NO";"NO";;"0";"1724919";"211";"Uso destinado al abastecimiento de núcleos urbanos";;;19/06/2024;;
"ES080C1092";"COMUNIDAD DE REGANTES VALL DEL POP";"G03828522";"JUCAR";"NO";"SI";"NO";"NO";"NO";"NO";;"0";"1724919";"211";"Regadío";;;19/06/2024;;
"ES080C2185";"ANTIGUOS REGANTES DE FERNANDO MORENO";"G46327854";"JUCAR";"NO";"SI";"NO";"NO";"NO";"NO";"31.01 - Jurásico-Cretácico Sierra de las Agujas";"0";"60792";"4.43";"Regadío";;;19/06/2024;;
"ES080C2186";"COMUNIDAD DE REGANTES (EN FORMACIÓN)";;"JUCAR";"NO";"SI";"NO";"NO";"NO";"NO";"25.01 - Plana de Valencia (Norte y Sur)";"0";"15800";"9.96";"Regadío";;;19/06/2024;;
"ES080C2187";"COMUNIDAD DE REGANTES CARRIL DEL MIRÓN";"G02588598";"JUCAR";"NO";"SI";"NO";"NO";"NO";"NO";"29.04 - Neógeno-Cuaternario detrítico - 1";"0";"160000";"44.94";"Regadío";"Mahora";"ALBACETE";19/06/2024;;
"ES080C2188";"COMUNIDAD DE REGANTES CASA ALEGRE";"G02581197";"JUCAR";"NO";"SI";"NO";"NO";"NO";"NO";"29.03 - Neógeno carbonatado - 49";"0";"97000";"31.96";"Regadío";;"ALBACETE";19/06/2024;;
"ES080C2189";"COMUNIDAD DE REGANTES CASA AMALIO";"G02560803";"JUCAR";"NO";"SI";"NO";"NO";"NO";"NO";;"0";"169300";"44.97";"Regadío";;"ALBACETE";19/06/2024;;
"ES080C2190";"COMUNIDAD DE REGANTES CASA CHAS";"G02597029";"JUCAR";"NO";"SI";"NO";"NO";"NO";"NO";;"0";"105500";"30.22";"Regadío";"Fuensanta";"ALBACETE";19/06/2024;;
"ES080C2191";"COMUNIDAD DE REGANTES CASA DE LA BALSA";"V02540235";"JUCAR";"NO";"SI";"NO";"NO";"NO";"NO";;"0";"64700";"18.39";"Regadío";"Albacete";"ALBACETE";19/06/2024;;
"ES080C2192";"COMUNIDAD DE REGANTES CASA DEL CHOPO";"G02581122";"JUCAR";"NO";"SI";"NO";"NO";"NO";"NO";;"0";"268600";"66.75";"Regadío";"Tarazona de la Mancha";"ALBACETE";19/06/2024;;
"ES080C2193";"COMUNIDAD DE REGANTES CASA DEL TUERTO DE TARAZONA";"G02609683";"JUCAR";"NO";"SI";"NO";"NO";"NO";"NO";;"0";"180100";"36.92";"Regadío";"Tarazona de la Mancha";"ALBACETE";19/06/2024;;
"ES080C2194";"COMUNIDAD DE REGANTES CASA HERMELINDO";"G02581189";"JUCAR";"NO";"SI";"NO";"NO";"NO";"NO";;"0";"160700";"50.54";"Regadío";"Albacete";"ALBACETE";19/06/2024;;
"ES080C2195";"COMUNIDAD DE REGANTES CASA HERREROS";"G10857472";"JUCAR";"NO";"SI";"NO";"NO";"NO";"NO";;"0";"8080";"10.36";"Regadío";"Quintanar del Rey";"CUENCA";19/06/2024;;
"ES080C2196";"COMUNIDAD DE REGANTES CASA SARTEN";"G02588028";"JUCAR";"NO";"SI";"NO";"NO";"NO";"NO";"29.04 - Neógeno-Cuaternario detrítico - 1";"0";"300000";"84.69";"Regadío";;"ALBACETE";19/06/2024;;
"ES080C2197";"COMUNIDAD DE REGANTES CASICA DEL ESPARRAGUERO";"G02583813";"JUCAR";"NO";"SI";"NO";"NO";"NO";"NO";;"0";"47123";"11.09";"Regadío";"Albacete";"ALBACETE";19/06/2024;;
"ES080C2198";"COMUNIDAD DE REGANTES CASUTO DE CALASANZ";"G02595353";"JUCAR";"NO";"SI";"NO";"NO";"NO";"NO";;"0";"96000";"24.37";"Regadío";"Albacete";"ALBACETE";19/06/2024;;
"ES080C2199";"COMUNIDAD DE REGANTES CHARCO DE AROCA";"G02596179";"JUCAR";"NO";"SI";"NO";"NO";"NO";"NO";;"0";"32100";"21.09";"Regadío";"Villamalea";"ALBACETE";19/06/2024;;
"ES080C2199";"COMUNIDAD DE REGANTES CHARCO DE AROCA";"G02596179";"JUCAR";"NO";"SI";"NO";"NO";"NO";"NO";;"0";"32100";"21.09";"De carácter privado";"Villamalea";"ALBACETE";19/06/2024;;
"ES080C2200";"COMUNIDAD DE REGANTES EL TORMENTO";"G44800613";"JUCAR";"NO";"SI";"NO";"NO";"NO";"NO";;"0";"380300";"68.41";"Regadío";"Albacete";"ALBACETE";19/06/2024;;
"ES080C2201";"COMUNIDAD DE REGANTES FAMILIA CABOT";"V02603694";"JUCAR";"NO";"SI";"NO";"NO";"NO";"NO";;"0";"614300";"116.36";"Regadío";"Albacete";"ALBACETE";19/06/2024;;
"ES080C2202";"COMUNIDAD DE REGANTES GOMEZ Y LERMA";"G02560761";"JUCAR";"NO";"SI";"NO";"NO";"NO";"NO";;"0";"1245700";"252.12";"Regadío";;"ALBACETE";19/06/2024;;
"ES080C2203";"COMUNIDAD DE REGANTES GONZALEZ Y ESPARCIA";"G02588499";"JUCAR";"NO";"SI";"NO";"NO";"NO";"NO";;"0";"118000";"23.45";"Regadío";"Albacete";"ALBACETE";19/06/2024;;
"ES080C2204";"COMUNIDAD DE REGANTES HAZA MAJANO-LA QUINTANILLA";"G02593788";"JUCAR";"NO";"SI";"NO";"NO";"NO";"NO";;"0";"344000";"188.7";"Regadío";"Barrax";"ALBACETE";19/06/2024;;
"ES080C2205";"COMUNIDAD DE REGANTES HEREDEROS DE ANDRES GONZALEZ";"G02563260";"JUCAR";"NO";"SI";"NO";"NO";"NO";"NO";;"0";"100000";"27.33";"Regadío";"Albacete";"ALBACETE";19/06/2024;;
"ES080C2206";"COMUNIDAD DE REGANTES HEREDEROS DE MARTINEZ SANCHEZ Y OTRO";"G02595346";"JUCAR";"NO";"SI";"NO";"NO";"NO";"NO";"29.03 - Neógeno carbonatado - 49";"0";"139800";"25.98";"Regadío";"Barrax";"ALBACETE";19/06/2024;;
"ES080C2207";"COMUNIDAD DE REGANTES HERMANOS CABOT LERMA";"G02583128";"JUCAR";"NO";"SI";"NO";"NO";"NO";"NO";"80129 MANCHA ORIENTAL";"0";"759900";"164";"Regadío";"Albacete";"ALBACETE";19/06/2024;;
"ES080C2208";"COMUNIDAD DE REGANTES HERMANOS GARCÍA VILLODRE";"G02563286";"JUCAR";"NO";"SI";"NO";"NO";"NO";"NO";;"0";"211110";"54.11";"Regadío";;"ALBACETE";19/06/2024;;
"ES080C2209";"COMUNIDAD DE REGANTES HERMANOS LOPEZ NUÑEZ-FLORES";"G02583805";"JUCAR";"NO";"SI";"NO";"NO";"NO";"NO";;"0";"837500";"196.66";"Regadío";"Albacete";"ALBACETE";19/06/2024;;
"ES080C2210";"COMUNIDAD DE REGANTES HERMANOS MARTÍNEZ RUBIO";"G02581130";"JUCAR";"NO";"SI";"NO";"NO";"NO";"NO";;"0";"79500";"32.28";"Regadío";;"ALBACETE";19/06/2024;;
"ES080C2211";"COMUNIDAD DE REGANTES HERMANOS MÁS MARTÍNEZ";"G02560795";"JUCAR";"NO";"SI";"NO";"NO";"NO";"NO";;"0";"2439600";"465.81";"Regadío";;"ALBACETE";19/06/2024;;
"ES080C2212";"COMUNIDAD DE REGANTES HERMANOS NÚÑEZ NOGALES";"G02562247";"JUCAR";"NO";"SI";"NO";"NO";"NO";"NO";"S.I. - S.I. - 69";"0";"12200";"3.03";"Regadío";"Hoya-Gonzalo";"ALBACETE";19/06/2024;;
"ES080C2213";"COMUNIDAD DE REGANTES HERMANOS PEREZ-POVEDA";"V02533735";"JUCAR";"NO";"SI";"NO";"NO";"NO";"NO";;"0";"926100";"201.58";"Regadío";;;19/06/2024;;
"ES080C2214";"COMUNIDAD DE REGANTES HERMANOS SAEZ MARTINEZ";"G02582922";"JUCAR";"NO";"SI";"NO";"NO";"NO";"NO";;"0";"453800";"94.19";"Regadío";"Barrax";"ALBACETE";19/06/2024;;
"ES080C2215";"COMUNIDAD DE REGANTES HERMANOS SANCHEZ SORIA";"G02627321";"JUCAR";"NO";"SI";"NO";"NO";"NO";"NO";"80129 MANCHA ORIENTAL";"0";"540800";"101.44";"Regadío";"Albacete";"ALBACETE";19/06/2024;;
"ES080C2216";"COMUNIDAD DE REGANTES HUERTA DON FELIX";"G02582955";"JUCAR";"NO";"SI";"NO";"NO";"NO";"NO";;"0";"280000";"73.46";"Regadío";"Tarazona de la Mancha";"ALBACETE";19/06/2024;;
"ES080C2217";"COMUNIDAD DE REGANTES HUERTA PARRA";"G02583797";"JUCAR";"NO";"SI";"NO";"NO";"NO";"NO";;"0";"161600";"44.18";"Regadío";;"ALBACETE";19/06/2024;;
"ES080C2218";"COMUNIDAD DE REGANTES ISIDORO MOLINA E HIJOS";"G02562197";"JUCAR";"NO";"SI";"NO";"NO";"NO";"NO";;"0";"196000";"35.84";"Uso destinado a otros abastecimientos fuera de los núcleos urbanos";;;19/06/2024;;
"ES080C2218";"COMUNIDAD DE REGANTES ISIDORO MOLINA E HIJOS";"G02562197";"JUCAR";"NO";"SI";"NO";"NO";"NO";"NO";;"0";"196000";"35.84";"Regadío";;;19/06/2024;;
"ES080C2219";"COMUNIDAD DE REGANTES JUAREZ TERCERO";"G02534220";"JUCAR";"NO";"SI";"NO";"NO";"NO";"NO";;"0";"347500";"73.54";"Regadío";;;19/06/2024;;
"ES080C2220";"COMUNIDAD DE REGANTES LA CASTRA";"G02581155";"JUCAR";"NO";"SI";"NO";"NO";"NO";"NO";;"0";"770400";"148.91";"Regadío";;"ALBACETE";19/06/2024;;
"ES080C2221";"COMUNIDAD DE REGANTES LA COSTERILLA";"G42819391";"JUCAR";"NO";"SI";"NO";"NO";"NO";"NO";;"0";"138500";"29.86";"Regadío";"Mahora";"ALBACETE";19/06/2024;;
"ES080C2222";"COMUNIDAD DE REGANTES LA HUERTA DE ANGEL";"G02612166";"JUCAR";"NO";"SI";"NO";"NO";"NO";"NO";;"0";"42000";"9.45";"Regadío";"Pozo Cañada";"ALBACETE";19/06/2024;;
"ES080C2223";"COMUNIDAD DE REGANTES LA PALOMA";"G02977510";"JUCAR";"NO";"SI";"NO";"NO";"NO";"NO";;"0";"7000";"4.07";"Uso destinado a otros abastecimientos fuera de los núcleos urbanos";;"ALBACETE";19/06/2024;;
"ES080C2223";"COMUNIDAD DE REGANTES LA PALOMA";"G02977510";"JUCAR";"NO";"SI";"NO";"NO";"NO";"NO";;"0";"7000";"4.07";"Regadío";;"ALBACETE";19/06/2024;;
"ES080C2224";"COMUNIDAD DE REGANTES LAS CARACHAS";"G02582930";"JUCAR";"NO";"SI";"NO";"NO";"NO";"NO";;"0";"175500";"37.69";"Regadío";;"ALBACETE";19/06/2024;;
"ES080C2225";"COMUNIDAD DE REGANTES LOPEZ VALERO";"G16317521";"JUCAR";"NO";"SI";"NO";"NO";"NO";"NO";;"0";"85600";"21.46";"Regadío";"Quintanar del Rey";"CUENCA";19/06/2024;;
"ES080C2225";"COMUNIDAD DE REGANTES LOPEZ VALERO";"G16317521";"JUCAR";"NO";"SI";"NO";"NO";"NO";"NO";;"0";"85600";"21.46";"Ganadería";"Quintanar del Rey";"CUENCA";19/06/2024;;
"ES080C2226";"COMUNIDAD DE REGANTES LOS CERRILLARES";"G16339806";"JUCAR";"NO";"SI";"NO";"NO";"NO";"NO";;"0";"264436";"50.61";"Regadío";"Quintanar del Rey";"CUENCA";19/06/2024;;
"ES080C2227";"COMUNIDAD DE REGANTES LOS GUIJARRALES DE LA RODA";"G02608818";"JUCAR";"NO";"SI";"NO";"NO";"NO";"NO";"80129 MANCHA ORIENTAL";"0";"12300";"16.82";"Uso destinado a otros abastecimientos fuera de los núcleos urbanos";;"ALBACETE";19/06/2024;;
"ES080C2227";"COMUNIDAD DE REGANTES LOS GUIJARRALES DE LA RODA";"G02608818";"JUCAR";"NO";"SI";"NO";"NO";"NO";"NO";"80129 MANCHA ORIENTAL";"0";"12300";"16.82";"Regadío";;"ALBACETE";19/06/2024;;
"ES080C2228";"COMUNIDAD DE REGANTES LOS MACHORROS DE SANTA ANA";"G02588606";"JUCAR";"NO";"SI";"NO";"NO";"NO";"NO";;"0";"302600";"64.03";"Regadío";"Albacete";"ALBACETE";19/06/2024;;
"ES080C2229";"COMUNIDAD DE REGANTES LOS TAFETANES";"G02560837";"JUCAR";"NO";"SI";"NO";"NO";"NO";"NO";"80129 MANCHA ORIENTAL";"0";"266270";"63.33";"Regadío";"Quintanar del Rey";"CUENCA";19/06/2024;;
"ES080C2230";"COMUNIDAD DE REGANTES LOS TURIANOS";"G02563278";"JUCAR";"NO";"SI";"NO";"NO";"NO";"NO";;"0";"288000";"72.99";"Regadío";"Tarazona de la Mancha";"ALBACETE";19/06/2024;;
"ES080C2231";"COMUNIDAD DE REGANTES LOS YESARES";"G02581163";"JUCAR";"NO";"SI";"NO";"NO";"NO";"NO";;"0";"189600";"47.38";"Regadío";"Albacete";"ALBACETE";19/06/2024;;
"ES080C2232";"COMUNIDAD DE REGANTES MARCELINA 6 E HIJOS";"G02562148";"JUCAR";"NO";"SI";"NO";"NO";"NO";"NO";;"0";"40800";"7.62";"Regadío";"Albacete";"ALBACETE";19/06/2024;;
"ES080C2233";"COMUNIDAD DE REGANTES MARIA TOBOSO E HIJOS";"G02560910";"JUCAR";"NO";"SI";"NO";"NO";"NO";"NO";;"0";"309000";"112.15";"Regadío";;"ALBACETE";19/06/2024;;
"ES080C2234";"COMUNIDAD DE REGANTES MOLINA MARTINEZ E HIJOS";"G02583789";"JUCAR";"NO";"SI";"NO";"NO";"NO";"NO";;"0";"145800";"28.99";"Regadío";"Albacete";"ALBACETE";19/06/2024;;
"ES080C2235";"COMUNIDAD DE REGANTES MOLINA SANCHEZ";"G02581114";"JUCAR";"NO";"SI";"NO";"NO";"NO";"NO";;"0";"244800";"49.29";"Regadío";"Albacete";"ALBACETE";19/06/2024;;
"ES080C2236";"COMUNIDAD DE REGANTES MOLINO";"G16327793";"JUCAR";"NO";"SI";"NO";"NO";"NO";"NO";;"0";"37700";"9.38";"Regadío";"Quintanar del Rey";"CUENCA";19/06/2024;;
"ES080C2236";"COMUNIDAD DE REGANTES MOLINO";"G16327793";"JUCAR";"NO";"SI";"NO";"NO";"NO";"NO";;"0";"37700";"9.38";"Ganadería";"Quintanar del Rey";"CUENCA";19/06/2024;;
"ES080C2237";"COMUNIDAD DE REGANTES MONTE ALTO";"G16317547";"JUCAR";"NO";"SI";"NO";"NO";"NO";"NO";;"0";"72000";"15.9";"Regadío";"Albacete";"ALBACETE";19/06/2024;;
"ES080C2238";"COMUNIDAD DE REGANTES MONTE ALTO DE LA RODA";"G02582948";"JUCAR";"NO";"SI";"NO";"NO";"NO";"NO";;"0";"158700";"51.16";"Regadío";;"ALBACETE";19/06/2024;;
"ES080C2239";"COMUNIDAD DE REGANTES POZO CAÑADA";"G06829881";"JUCAR";"NO";"SI";"NO";"NO";"NO";"NO";"80129 MANCHA ORIENTAL";"0";"5039100";"866.2";"Uso destinado a otros abastecimientos fuera de los núcleos urbanos";"Pozo Cañada";"ALBACETE";19/06/2024;;
"ES080C2239";"COMUNIDAD DE REGANTES POZO CAÑADA";"G06829881";"JUCAR";"NO";"SI";"NO";"NO";"NO";"NO";"80129 MANCHA ORIENTAL";"0";"5039100";"866.2";"Regadío";"Pozo Cañada";"ALBACETE";19/06/2024;;
"ES080C2239";"COMUNIDAD DE REGANTES POZO CAÑADA";"G06829881";"JUCAR";"NO";"SI";"NO";"NO";"NO";"NO";"80129 MANCHA ORIENTAL";"0";"5039100";"866.2";"Ganadería";"Pozo Cañada";"ALBACETE";19/06/2024;;
"ES080C2240";"COMUNIDAD DE REGANTES PROSPER GALIANO";"G44745032";"JUCAR";"NO";"SI";"NO";"NO";"NO";"NO";;"0";"1681130";"399.14";"Regadío";;"ALBACETE";19/06/2024;;
"ES080C2240";"COMUNIDAD DE REGANTES PROSPER GALIANO";"G44745032";"JUCAR";"NO";"SI";"NO";"NO";"NO";"NO";;"0";"1681130";"399.14";"Industrias productoras de bienes de consumo";;"ALBACETE";19/06/2024;;
"ES080C2241";"COMUNIDAD DE REGANTES RACÓ DEL PI";"G98762305";"JUCAR";"NO";"SI";"NO";"NO";"NO";"NO";"80153 MARCHUQUERA - FALCONERA";"0";"21292.6";"6.13";"Regadío";;;19/06/2024;;
"ES080C2242";"COMUNIDAD DE REGANTES REGADIOS DE MADRIGUERAS";"G44800985";"JUCAR";"NO";"SI";"NO";"NO";"NO";"NO";"80129 MANCHA ORIENTAL";"0";"3579765";"638.36";"Uso destinado a otros abastecimientos fuera de los núcleos urbanos";"Madrigueras";"ALBACETE";19/06/2024;;
"ES080C2242";"COMUNIDAD DE REGANTES REGADIOS DE MADRIGUERAS";"G44800985";"JUCAR";"NO";"SI";"NO";"NO";"NO";"NO";"80129 MANCHA ORIENTAL";"0";"3579765";"638.36";"Regadío";"Madrigueras";"ALBACETE";19/06/2024;;
"ES080C2242";"COMUNIDAD DE REGANTES REGADIOS DE MADRIGUERAS";"G44800985";"JUCAR";"NO";"SI";"NO";"NO";"NO";"NO";"80129 MANCHA ORIENTAL";"0";"3579765";"638.36";"OTROS USOS";"Madrigueras";"ALBACETE";19/06/2024;;
"ES080C2243";"COMUNIDAD DE REGANTES SAN ANDRES";"G02583243";"JUCAR";"NO";"SI";"NO";"NO";"NO";"NO";"29.04 - Neógeno-Cuaternario detrítico - 1";"0";"350700";"60.31";"Regadío";"Mahora";"ALBACETE";19/06/2024;;
"ES080C2244";"COMUNIDAD DE REGANTES SAN GREGORIO DEL MIRON";"G02588473";"JUCAR";"NO";"SI";"NO";"NO";"NO";"NO";"29.04 - Neógeno-Cuaternario detrítico - 1";"0";"85200";"20.19";"Regadío";"Mahora";"ALBACETE";19/06/2024;;
"ES080C2245";"COMUNIDAD DE REGANTES SAN PEDRO MARTIR";"G02613388";"JUCAR";"NO";"SI";"NO";"NO";"NO";"NO";;"0";"969300";"169.81";"Regadío";"Pozo Cañada";"ALBACETE";19/06/2024;;
"ES080C2246";"COMUNIDAD DE REGANTES TENDERO SIMARRO";"G02560845";"JUCAR";"NO";"SI";"NO";"NO";"NO";"NO";;"0";"254000";"87.65";"Regadío";;;19/06/2024;;
"ES080C2247";"COMUNIDAD DE REGANTES VENTA MINA";"G98838451";"JUCAR";"SI";"NO";"NO";"NO";"NO";"NO";;"0";"6360";"1.01";"Regadío";;;19/06/2024;;
"ES080C2248";"COMUNIDAD DE REGANTES VILLALOLA";"G02562205";"JUCAR";"NO";"SI";"NO";"NO";"NO";"NO";;"0";"523600";"109.87";"Regadío";"Albacete";"ALBACETE";19/06/2024;;
"ES080C2249";"COMUNIDAD DE REGANTES VILLENA INIESTA";"G02562239";"JUCAR";"NO";"SI";"NO";"NO";"NO";"NO";;"0";"1724300";"338.19";"Regadío";"Albacete";"ALBACETE";19/06/2024;;
"ES080C2250";"COMUNIDAD DE REGANTES ZANZA";"G02605988";"JUCAR";"NO";"SI";"NO";"NO";"NO";"NO";;"0";"331500";"106.04";"Regadío";"Tarazona de la Mancha";"ALBACETE";19/06/2024;;
"ES080C2251";"COMUNIDAD DE REGANTES AGUASOL";"G98922776";"JUCAR";"NO";"SI";"NO";"NO";"NO";"NO";"80149 SIERRA DE LAS AGUJAS";"0";"24530";"3.09";"Regadío";;;19/06/2024;;
"ES080C2252";"MANCOMUNIDAD DE REGANTES DE CHILLARON DE CUENCA";"G16029290";"JUCAR";"SI";"NO";"NO";"NO";"NO";"NO";"CHILLARON, RIO; JABAGA, RIO; NAVALON, RIO; VAL, ARROYO DEL; VALUENGO, ARROYO";"0";"426500";"72.5";"Regadío";"Chillarón de Cuenca";"CUENCA";19/06/2024;;
"ES080C2253";"S. CIVIL AGRUPACIÓN DE REGANTES MOTOR ROMEU";"G46238572";"JUCAR";"NO";"SI";"NO";"NO";"NO";"NO";"25.01 - Plana de Valencia (Norte y Sur)";"0";"62660";"24.25";"Regadío";;;19/06/2024;;
"ES080C2254";"S. CIVIL AGRUPACION DE REGANTES PLA DEL BOU";"G46295168";"JUCAR";"NO";"SI";"NO";"NO";"NO";"NO";"21.01 - Sagunto";"0";"391000";"85.84";"Regadío";;;19/06/2024;;
"ES080C2255";"S. CIVIL COMUNIDAD DE REGANTES DEL POZO DE LOS SANTOS DE LA PIEDRA DE RAFELBUÑOL";"J46321899";"JUCAR";"NO";"SI";"NO";"NO";"NO";"NO";"25.01 - Plana de Valencia (Norte y Sur); Sin Clasificar";"0";"865000";"108.3";"Regadío";;;19/06/2024;;
"ES080C2256";"S. CIVIL COMUNIDAD DE REGANTES MOTOR DEL SINDICAT";"G96667852";"JUCAR";"NO";"SI";"NO";"NO";"NO";"NO";"38.01 - Plana de Gandía-Denia";"0";"405000";"75.89";"Regadío";;;19/06/2024;;
"ES080C2257";"S. CIVIL COMUNIDAD DE REGANTES POU MARE DE DEU DEL MIRACLE";"G46321907";"JUCAR";"NO";"SI";"NO";"NO";"NO";"NO";"21.01 - Sagunto";"0";"370400";"98.45";"Regadío";;;19/06/2024;;
"ES080C2258";"S. CIVIL COMUNIDAD DE REGANTES POZO DEL PLA DE LES AVENES - LIRIA";"G96479365";"JUCAR";"NO";"SI";"NO";"NO";"NO";"NO";"22.01 - Liria-Casinos";"0";"718176";"88";"Regadío";;;19/06/2024;;
"ES080C2259";"S. CIVIL COMUNIDAD DE REGANTES POZO SAN ROQUE";"G46933818";"JUCAR";"NO";"SI";"NO";"NO";"NO";"NO";"22.01 - Liria-Casinos";"0";"2337936";"375";"Uso destinado a otros abastecimientos fuera de los núcleos urbanos";;;19/06/2024;;
"ES080C2259";"S. CIVIL COMUNIDAD DE REGANTES POZO SAN ROQUE";"G46933818";"JUCAR";"NO";"SI";"NO";"NO";"NO";"NO";"22.01 - Liria-Casinos";"0";"2337936";"375";"Regadío";;;19/06/2024;;
"ES080C2260";"S. CIVIL COMUNIDAD REGANTES MOTOR NOSTRE";"J97782056";"JUCAR";"NO";"SI";"NO";"NO";"NO";"NO";"38.01 - Plana de Gandía-Denia";"0";"260000";"31.85";"Regadío";;;19/06/2024;;
"ES080C2261";"S. CIVIL DE REGANTES DEL POZO DEL TEULAR";"J46944856";"JUCAR";"NO";"SI";"NO";"NO";"NO";"NO";"38.01 - Plana de Gandía-Denia";"0";"46480";"8.3";"Regadío";;;19/06/2024;;
"ES080C2262";"S. CIVIL DE REGANTES POZO ELS XILS";"J46251237";"JUCAR";"NO";"SI";"NO";"NO";"NO";"NO";"23.04 - Buñol-Cheste";"0";"3085875";"640.3";"Regadío";;;19/06/2024;;
"ES080C2263";"S. CIVIL PARTICULAR AGRUPACION DE REGANTES DE SAN SOFI";"G97056063";"JUCAR";"NO";"SI";"NO";"NO";"NO";"NO";"31.01 - Jurásico-Cretácico Sierra de las Agujas";"0";"779";"1.89";"Regadío";;;19/06/2024;;
"ES080C2264";"S. CIVIL PARTICULAR AGRUPACION DE REGANTES POZO CANTALOT";"G96217344";"JUCAR";"NO";"SI";"NO";"NO";"NO";"NO";;"0";"310300";"36.41";"Regadío";;;19/06/2024;;
"ES080C2265";"S. CIVIL PARTICULAR AGRUPACION DE REGANTES POZO EL CABEÇOLET";"G46323515";"JUCAR";"NO";"SI";"NO";"NO";"NO";"NO";"21.01 - Sagunto";"0";"405627";"70.11";"Regadío";;;19/06/2024;;
"ES080C2266";"S. CIVIL PARTICULAR COMUNIDAD DE REGANTES POZO MASIA DE GUILLOT";"G46315628";"JUCAR";"NO";"SI";"NO";"NO";"NO";"NO";"21.01 - Sagunto";"0";"269025";"42";"Regadío";;;19/06/2024;;
"ES080C2267";"S. CIVIL PARTICULAR REGANTES FUENTE DE CHERVERA";"G97699581";"JUCAR";"NO";"SI";"NO";"NO";"NO";"NO";"27.02 - Ave";"0";"13500";"3.91";"Regadío";;;19/06/2024;;
"ES080C2268";"S. CIVIL PARTICULAR REGANTES MOTOR POZO DEL CAMBRO";"G46315594";"JUCAR";"NO";"SI";"NO";"NO";"NO";"NO";"38.01 - Plana de Gandía-Denia";"0";"370000";"41.6";"Regadío";;;19/06/2024;;
"ES080C2269";"S. CIVIL REGANTES ALUMBRAMIENTO DE AGUAS SANTOS PATRONOS";"G46165361";"JUCAR";"NO";"SI";"NO";"NO";"NO";"NO";"25.01 - Plana de Valencia (Norte y Sur)";"0";"939000";"177.44";"Regadío";;;19/06/2024;;
"ES080C2270";"S. CIVIL REGANTES DEL PONTAZGO";"J12742896";"JUCAR";"NO";"SI";"NO";"NO";"NO";"NO";"21.01 - Sagunto";"0";"74020";"17.37";"Regadío";;;19/06/2024;;
"ES080C2271";"S. CIVIL REGANTES EL PROGRESO SAN JAVIER DE BETERA";"G46181392";"JUCAR";"NO";"SI";"NO";"NO";"NO";"NO";"22.01 - Liria-Casinos";"0";"693800";"116.31";"Regadío";;;19/06/2024;;
"ES080C2272";"S. CIVIL REGANTES IBERIA";"G46164901";"JUCAR";"NO";"SI";"NO";"NO";"NO";"NO";"25.01 - Plana de Valencia (Norte y Sur)";"0";"151200";"67.71";"Regadío";;;19/06/2024;;
"ES080C2273";"S. CIVIL REGANTES LA PROVIDENCIA Y SAN PEDRO DE TORRENT";"G46165296";"JUCAR";"NO";"SI";"NO";"NO";"NO";"NO";"25.01 - Plana de Valencia (Norte y Sur)";"0";"117000";"20.79";"Regadío";;;19/06/2024;;
"ES080C2274";"S. CIVIL REGANTES LOS BLAZQUEZ";"J46177143";"JUCAR";"NO";"SI";"NO";"NO";"NO";"NO";"23.04 - Buñol-Cheste";"0";"306920";"53.13";"Uso destinado al abastecimiento de núcleos urbanos";;;19/06/2024;;
"ES080C2274";"S. CIVIL REGANTES LOS BLAZQUEZ";"J46177143";"JUCAR";"NO";"SI";"NO";"NO";"NO";"NO";"23.04 - Buñol-Cheste";"0";"306920";"53.13";"Regadío";;;19/06/2024;;
"ES080C2275";"S. CIVIL REGANTES MOTOR DE MARTI";"G46946463";"JUCAR";"NO";"SI";"NO";"NO";"NO";"NO";"38.01 - Plana de Gandía-Denia";"0";"115000";"18.5";"Regadío";;;19/06/2024;;
"ES080C2276";"S. CIVIL REGANTES MOTOR VIERNES SANTO";"E46160586";"JUCAR";"NO";"SI";"NO";"NO";"NO";"NO";"25.01 - Plana de Valencia (Norte y Sur)";"0";"1400000";"250";"Regadío";;;19/06/2024;;
"ES080C2277";"S. CIVIL REGANTES PARTIDA DE FRANS DE DENIA";"G03129830";"JUCAR";"NO";"SI";"NO";"NO";"NO";"NO";"38.01 - Plana de Gandía-Denia";"0";"624275";"85";"Regadío";;;19/06/2024;;
"ES080C2278";"S. CIVIL REGANTES POU DE YELTO";"G46306015";"JUCAR";"NO";"SI";"NO";"NO";"NO";"NO";"20.06 - Algar-Cuart; 20.07 - Sierra de Espadán 8 de 8; 20.08 - Estivella";"0";"1500000";"220.3";"Regadío";;;19/06/2024;;
"ES080C2279";"S. CIVIL REGANTES POU DEL PI HERMOSO";"G96352331";"JUCAR";"NO";"SI";"NO";"NO";"NO";"NO";"25.01 - Plana de Valencia (Norte y Sur)";"0";"150000";"84";"Regadío";;;19/06/2024;;
"ES080C2280";"S. CIVIL REGANTES POU LA LLOBERA";"G96996178";"JUCAR";"NO";"SI";"NO";"NO";"NO";"NO";"38.01 - Plana de Gandía-Denia";"0";"90000";"10";"Regadío";;;19/06/2024;;
"ES080C2281";"S. CIVIL REGANTES POZO MAS DE LA VILA";"G46838546";"JUCAR";"NO";"SI";"NO";"NO";"NO";"NO";"22.01 - Liria-Casinos";"0";"720000";"145";"Regadío";;;19/06/2024;;
"ES080C2282";"S. CIVIL REGANTES POZO SAN AGUSTIN";"G46162236";"JUCAR";"NO";"SI";"NO";"NO";"NO";"NO";"25.01 - Plana de Valencia (Norte y Sur)";"0";"186282";"24.34";"Regadío";;;19/06/2024;;
"ES080C2283";"S. CIVIL REGANTES POZO SAN LUCAS DE CHIVA";"G46157897";"JUCAR";"NO";"SI";"NO";"NO";"NO";"NO";"25.01 - Plana de Valencia (Norte y Sur)";"0";"588965";"106.6";"Regadío";;;19/06/2024;;
"ES080C2284";"S. CIVIL REGANTES POZO SAN SALVADOR DE ALDAIA";"G46103768";"JUCAR";"NO";"SI";"NO";"NO";"NO";"NO";"25.01 - Plana de Valencia (Norte y Sur)";"0";"1176000";"210";"Regadío";;;19/06/2024;;
"ES080C2285";"S. CIVIL REGANTES POZO VIRGEN DE LOS REMEDIOS DE PICASSENT";"G46318770";"JUCAR";"NO";"SI";"NO";"NO";"NO";"NO";"25.01 - Plana de Valencia (Norte y Sur)";"0";"336720";"56.12";"Regadío";;;19/06/2024;;
"ES080C2286";"S. CIVIL REGANTES POZO Y MOTOR DE SAN FERNANDO";"G46173266";"JUCAR";"NO";"SI";"NO";"NO";"NO";"NO";"25.01 - Plana de Valencia (Norte y Sur)";"0";"240000";"107.66";"Regadío";;;19/06/2024;;
"ES080C2287";"S. CIVIL REGANTES RIO GRANDE";"G46321881";"JUCAR";"NO";"SI";"NO";"NO";"NO";"NO";"25.01 - Plana de Valencia (Norte y Sur)";"0";"829250";"155";"Regadío";;;19/06/2024;;
"ES080C2288";"S. CIVIL REGANTES SANTA RITA DE CASIA";"G46163739";"JUCAR";"NO";"SI";"NO";"NO";"NO";"NO";"25.01 - Plana de Valencia (Norte y Sur)";"0";"155000";"18.1";"Regadío";;;19/06/2024;;
"ES080C2289";"S. CIVIL REGANTES VENTA CABRERA";"J96603196";"JUCAR";"NO";"SI";"NO";"NO";"NO";"NO";"23.04 - Buñol-Cheste";"0";"451700";"81.19";"Regadío";;;19/06/2024;;
"ES080C2290";"S. COOP. REGANTES MARJAL-CHIPOS";"F46033346";"JUCAR";"NO";"SI";"NO";"NO";"NO";"NO";"28.04 - Cuevas Negras; 28.10 - Detrítico de Navarrés-Estubeny";"0";"765600";"114.7";"Regadío";;;19/06/2024;;
"ES080C2291";"S.A.T. Nº 3.047 REGANTES DE VERNISA";"F46157046";"JUCAR";"NO";"SI";"NO";"NO";"NO";"NO";"28.11 - Canals";"0";"540000";"142";"Regadío";;;19/06/2024;;
"ES080C2292";"S.A.T. Nº 316 REGANTES LA VEGA DE SAN ANTONIO";"F97091581";"JUCAR";"NO";"SI";"NO";"NO";"NO";"NO";"24.01 - Plana de Utiel-Requena";"0";"764100";"1698";"Regadío";;;19/06/2024;;
"ES080C2293";"S.A.T. Nº 4.333 REGANTES MOTOR MODERNO";"F46196341";"JUCAR";"NO";"SI";"NO";"NO";"NO";"NO";"25.01 - Plana de Valencia (Norte y Sur)";"0";"84000";"44.08";"Regadío";;;19/06/2024;;
"ES080C2294";"S.C DE REGANTES POZO MOTOR LA FOYA";"G46176467";"JUCAR";"NO";"SI";"NO";"NO";"NO";"NO";"25.01 - Plana de Valencia (Norte y Sur)";"0";"700000";"125";"Regadío";;;19/06/2024;;
"ES080C2295";"S.C. AGRUPACIÓN DE REGANTES POZO BRUCAR";"G46308466";"JUCAR";"NO";"SI";"NO";"NO";"NO";"NO";;"0";"297445";"101";"Regadío";;;19/06/2024;;
"ES080C2296";"S.C. AGRUPACIÓN DE REGANTES POZO SAN ROQUE";"G46308490";"JUCAR";"NO";"SI";"NO";"NO";"NO";"NO";"25.01 - Plana de Valencia (Norte y Sur)";"0";"1001";"16";"Regadío";;;19/06/2024;;
"ES080C2297";"SOCIEDAD DE REGANTES LA RETORESA";"J46311841";"JUCAR";"NO";"SI";"NO";"NO";"NO";"NO";"20.06 - Algar-Cuart";"0";"525000";"108";"Regadío";;;19/06/2024;;
