"Denominación / Razón social";"Dirección";"Municipio";"Provincia";"CP";"Teléfono";Fecha de baja
"TOLVASA";"CARRETERA DE CUENCA, 6";"024";"02";"96746";;
"PIENSOS LA FOCA, S.A.";"PASEO DE ALMERIA 59, 1º";"013";"04";"04002";"950300012";
"BARTOLOME PARRA ZURANO, S.A.";"C/ SALTADOR Nº 32";"053";"04";"04600";"950470701";
"PIENSOS GARLA, S.A.";"CTRA. NAL. 340 KM 556 557";"053";"04";"04600";"950470503";
"GRANJA VÁZQUEZ, S.A.";"Carretera Málaga, Km. 73";"003";"04";;"950300116";
"BELMONSE, S.A.";"C/ GRANADA Nº1";"075";"04";"04640";"950465150";
"GRANTOSA, S.A.";"PASEO DE SAN ROQUE, Nº 31";"019";"05";"05001";"920228084";
"GESTION PORCINA ABULENSE SA";"Paseo de San Roque 29";"019";"05";"05003";;
"PIG AND MEAT S.A.";"CRTA ALBUJÓN KM 3. POZO ESTRECHO";"016";"30";"30594";;
"PINSOS GRAU";"AVDA,  PLA,27";"108";"08";"08185";"938439060";
"SANCO, SA";"PS. PUDA 12";"015";"17";"17820";"972581011";
"PINSOS COMPOSTOS VICTORIA";"EIX ONZE DE SETEMBRE, 24";"298";"08";"08500";"938832112";
"SADA P.A. CATALUNYA, SA.";"AV. INDUSTRIA PAC. 203-A P. EL SEGRE";"120";"25";"08272";"977543233";09/07/2018
"PINSOS SANT ANTONI";"CTRA. MANLLEU, KM 1,400";"298";"08";"08500";"938860188";
"GENERAL PECUÀRIA, SA (GEPESA) PINSOS MONTSENY";"CTRA. SANT HIPOLIT, 14";"298";"08";"08500";"938862211";
"PIENSOS BAUCELLS, SA";"CTRA.BARCELONA,88";"283";"08";"08551";"938871504";01/03/2018
"CATALANA DE PINSOS, SA";"CRTA. SANT FRUITOS BERGA S/N";"144";"08";"08611";"938250350";
"PINSOS CASADESÚS";"C/ MAJOR, 77";"254";"08";"08511";"938568028";22/03/2018
"ESCORXADOR D~AUS TORRENT I FILLS SA";"POLÍGON INDUSTRIAL PLA D~EN BOET, C/SERRA I MORET 14";"121";"08";"08302";"937577554";
"MUESA, S.A AGROPECUARIA";"CRTA. ULLDECONA-LA SENIA KM 7";"156";"43";"43550";"977720436";02/05/2018
"PRODUCCIONS AGROPECUARIES FABRA, SA";"CTRA NUEVA ESTACION DE FERRERIAS, S/N";"155";"43";"43500";;22/03/2018
"GEPORK SERVICIOS GENETICOS PORCINOS SA";"EL MACIÀ";"116";"08";"08510";"938500411";13/11/2017
"PINSOS PICART, SA";"C/SANT NONET 2";"234";"08";"08458";"938450121";
"PINSOS GRAU, SA";"AV. DEL PLA, 27";"108";"08";"08185";"938439060";
"AGRÍCOLA Y GANADERA PIBAR, S.A.";"CTRA. N-152A KM 70,3";"100";"08";"08503";"938861944";
"PINALLET SA";"BARRI SEGALERS, 4";"047";"08";"08261";"938692436";
"COTILEDON  S.A.";"C/ Cerbuna nº 22";"110";"22";"22422";"974412038";
"PROMOCIONES VETERINARIAS, SA (PROVETSA)";"C/ MATARÓ, 1 (P.I. SOT DELS PARDALS)";"298";"08";"08500";"938860433";
"AVIAGEN, S.A.U.";"QUINTANA S/N";"023";"08";"08410";"938656595";
"PASCUAL DE ARANDA S.A.";"CTRA DE SEGOVIA S/N";"018";"09";"09400";"947509210";
"CALIDAD PASCUAL SAU";"CRTRA. PALENCIA S/N";"018";"09";"09400";;04/08/2023
"AGROCINEGETICA DE PERDICES ALTUBE S.A.";"FINCA LAS CALDERAS S/N";"180";"09";"09227";"947161267";
"GEN 2000, S.A.";"CTRA. CASTROJERIZ, Nº 11";"456";"09";"09226";"947161078";
"DEGAPORSA";"C/ CARMEN SALLÉS, Nº 2 - 1º";"059";"09";"09006";"947244565";
"PRODUCTOS FLORIDA";"C/ POLA MADRIFAL S/N";"040";"12";"12540";;
"CEGASA -COMPAÑÍA ESPAÑOLA DE GANADERÍA, S.A.-";"Cl.Hospital,46";"042";"12";"12513";"964409000";
"FRIMANCHA INDUSTRIAS CARNICAS, S.A.";"CRTA MADRID-CADIZ KM, 200";"087";"13";"13300";"650400129";
"INCUSUR AVICOLA S.A.";"CTRA. CORDOBILLA KM 3,5";"056";"14";"95760";"14500";
"AVICOLA PEREZ MACIÑEIRA SA";"POLIGONO A GRELA  BENS";"030";"15";"15008";"981294330";05/12/2022
"GENERAL GANADERA GALLEGA";"FINCA O CAMPO SANTAIA, CURTIS";"032";"15";"15310";"981789810";31/12/2019
"GRUPO SANPORK S.A.";"C/GRAN VÍA, 6";"079";"28";"28013";"634332384";
"NUTREX, SA";"APARTAT DE CORREUS, 48";"015";"17";"17820";"972571100";
"FRISELVA SA";"CTRA. NACIONAL II, KM 706,5";"150";"17";"17457";"972478250";
"TERRA AVANT, S.A";"CRTA. OSSOR, MAS AULINA";"008";"17";"17160";"972420401";
"INPRA, S.A";"NTRA. SRA. DEL COLLELL, 16";"015";"17";"17820";"972581011";
"SAT SUÍS (SA. TRANSFORMADORA SUÍS)";"POLIGON IND. PONT XETMAR, A 6-10";"056";"17";"17844";"972594101";17/11/2017
"RAMADERA FLUVIÀ, S.A.";"CTRA PARETS S/N";"016";"17";"17483";"972560062";
"JOTES, SA";"C/CARME, 2";"056";"17";"17844";"972594003";02/05/2018
"RAMSALT, SA";"C/SANT ROMÀ, 1";"155";"17";"17190";"972232695";
"PINSOS FIGUERES, SA";"RONDA MONESTIR";"015";"17";"17820";"626025835";
"PINSO I BESTIAR, SA (PIBESA)";"CTRA. DE VERGES, S/N";"085";"17";"17143";"972768009";21/03/2018
"MIQUEL AVICOLA S.A";"Veinat de la República, 26";"123";"17";"17843";"972581011";
"MUNDIPORC, SL";"CAN GUILANA DE GALLINERS";"218";"17";"17468";"972560389";01/03/2018
"SELECCIÓN BATALLÉ, SA";"AV. DELS SEGADORS, S/N";"148";"17";"17421";"972856363";
"NUTRIBO, SA";"CTRA. RIPOLL-FRANÇA KM 7,4";"167";"17";"17860";"972720221";
"INDÚSTRIES DERIVADES DEL PORC, SA";"CTRA, ERMADÀS, S/N";"075";"17";"17476";;14/05/2018
"PAYAN HNOS.";"CAMINO TORRECILLAS, POL. LA PAZ";"127";"18";"18200";"958404880";
"AGRÍCOLA ARENAS, S.A.";"CL ERAS BAJAS - P. METRO. Y TECN";"072";"18";;"958510694";
"ARENAS GUERRERO S.A.";"CTRA. SANTA FE-ATARFE (P.HTAS BAJAS S/N)";"175";"18";"95851";"18320";
"AVICU, S.A.";"C/ ZARAGOZA, 55";"130";"19";;"19005";
"GRANJA PORTA S.A.";"CTRA. BARBASTRO, S/N.  22191";"195";"22";"22191";"974223706";
"AGROSA";"CTRA BINACED KM,1";"061";"22";"22500";"974429087";
"TORRE JERONIMO S.A.";"CTRA MONZON-ALBALATE";"158";"22";"22400";;
"HNOS SERAL RAPUN S.A.";"C/ RAMON Y CAJAL,54";"125";"22";"22006";"974222815";
"BINAGA S.A.";"CTRA TAMARITE";"061";"22";"22500";"974428545";
"HNOS. MORANCHO ESPAÑOL, S.A.";"MANUEL DE FALLA, 4";"025";"22";"22540";"974425042";
"PROGASA";"PASEO LAS CLARAS,1";"048";"22";"22300";"974310216";
"UNION GANADERA ARAGONESA, S.A.";"CTRA. TAMARITE- ALMACELLAS, KM. 10,95";"025";"22";"22540";;
"CINCAPORC, S.A.";"CAMINO GIRABA, S/N";"112";"22";"22520";"974471716";
"AGROPESA";"C/ AZANUY,7";"061";"22";"22500";"974429591";
"AGROPECUARIA PLOU PARADA S.A.";"C/ SAN QUILEZ,14";"061";"22";"22500";;
"PIENSOS COSTA SA";"CTRA. NACIONAL II, KM 437";"112";"22";"22520";"974471100";
"PIENSOS ALTORRICON S.A.";"C/ FCO DE GOYA,19";"025";"22";"22540";"974425655";
"INTEGRACIONES LA LITERA S.A.";"C / RAMON Y CAJAL,1";"225";"22";"22550";"974425263";
"BENACA, S.A.";"JOAQUÍN PANO Nº9, 2º";"158";"22";"22400";"974401813";
"AGROPECUARIA DEL PIRINEO S.A.";"CTRA. DE ZARAGOZA S/N, KM. 68,5";"125";"22";"22002";"974210617";
"MEAT CENTER IBERICA, S. A.";"CTRA. TARRAGONA SAN SEBASTIAN KM 119.3";"025";"22";"22540";"974425490";
"AGROALIMENTARIA PORCINA S. A.";"C/ ZARAGOZA,5 BAJOS- EDIFICIO CESAR AUGUSTA.";"061";"22";"22500";"974431457";
"GANADOS TRAVE 2004 S.A.";"C/ Independencia 20";"061";"22";"22500";;
"COPINSA";"C/ ALMACELLAS S/N";"025";"22";"22540";"974425522";
"ARS ALENDI, S.A.";"AUTOVÍA A23, KM. 328";"119";"22";"22281";"974250970";
"COMERCIAL OBLANCA S.A";"POL.INDC/Nº3-PARCELA6-9";"105";"24";"24321";"987223799";24/10/2022
"PIENSOS DEL SEGRE, SA";"ESCOLES, S/N";"040";"25";"25600";"977840127";
"PIENSOS A.R.B. S.A";"C/JAUME II 3 ALTELL OF.B";"120";"25";"25001";"973202147";
"VALL COMPANYS, SA";"POL. IND. ""EL SEGRE"",  PARC 604-605";"120";"25";"25191";"973201154";
"SAGRA";"CTRA. N. II, KM. 484";"137";"25";"25230";"973600300";22/03/2018
"PIENSOS GATNAU, SA";"FERRER I BUSQUETS, 102";"137";"25";"25230";;22/03/2018
"PIENSOS DERTOSA, SA";"AMPOSTA, S/N";"014";"43";"43500";"973600183";22/03/2018
"GANADOS BARÓ, SA";"C/SANT CRIST, 61 1 R";"040";"25";"25600";"973445436";
"GANADOS GILI, SA";"CTRA. A-2, km 447";"210";"25";"25181";"973797450";
"RAMPEIRA, SA";"CTRA.ARTESA-TREMP KM 51";"234";"25";"25654";"973650050";
"PICBER, SA";"C/ PRÍNCEP DE VIANA, 5-7";"120";"25";"25004";"973244590";
"CEREALS TORREMORELL, SA";"CTRA. D'ALBESA, KM 1";"015";"25";"25130";"973426224";
"RAMADERA DEL SEGRE, SA";"AV. EDUARD MALUQUER, 14-16";"034";"25";"25730";"973402300";
"ESTEVE CANAL SA";"AV. CATALUNYA, 7";"171";"25";"25500";"609303450";
"PIENSOS BALAGUE";"CAMI DE LLEIDA S/N";"052";"25";"25142";"934182347";27/11/2017
"CARNES BINEFAR S.A.";"C/ AZANUY,7";"061";"22";"22500";"974429591";
"GANADOS LERIDA, SA";"BARÓ D'EROLES, 8 BAIXOS";"120";"25";"25008";"973221279";22/03/2018
"PONDEX S.A.";"CTRA. NACIONAL 240, KM. 76";"119";"25";"25430";"973151212";
"GESCASER";"C/CARME, 8";"019";"25";"25100";"973740695";
"BARÓ GERMANS, SA";"C/SANT CRIST, 61 1 R";"040";"25";"25600";"973445436";
"CORP. EUROPECUARIA 98, S.A.";"Crta COMARCAL-1313, km 21";"240";"25";"25680";"973432299";09/07/2018
"CORPORACIÓ ALIMENTÀRIA GUISSONA, SA";"TRASPALAU, 8";"110";"25";"25210";"973550000";
"SADA P.A. CATALUÑA S.A";"POLG EL SEGRE PARCELA 403";   ;"25";"25191";;
"NARTAL PONENT";"CARRER BISBE BERNAUS, 3, PLT, 2 1";"034";"25";"25730";"609766351";
"CASASBLANCAS AGRO , S. A.";"CALLE FINCA CASASBLANCAS, S/N";"048";"26";"26291";"941338001";
"PRODUMIX, S.A.";"CNO. VIEJO DE ALBERITE, 41";"089";"26";"26006";"941287030";
"GRANJA RAMIL, S.A.";"RAMIL, S.A.";"028";"27";;"982200542";
"EXPLOTACIÓN AGROPECUARIA DE VILANE";;"003";"27";"27570";"646020189";
"BASCONES DEL AGUA S.A.";"QUINTANILLA DEL AGUA";"901";"09";"09347";"947174561";
"DEGESA";"C/ CARMEN SALLÉS. Nº 2-1º";"059";"09";"09006";"947244565";
"GENERAL GANADERA DE CENTRO, S.A.";"C/PADRE CLARET, 16 BAJO";"079";"28";;;
"HYPOR ESPAÑA GP,SA.";"JL BUGALLAL MARCHESI, 7,  BAJO DRCHA.";"030";"15";"15008";"981169192";
"GIREPORC SA";"CALLE TOCADERO, S/N";"031";"40";"40190";;
"U.P.B. ESPAÑA, SA";"CTRA.VIVER KM 5,3";"308";"08";"08673";"938390410";22/03/2018
"ARQUILLO AGRÍCOLA Y GANADERA, S.A.";"C/ SANTA ANA, 4";"032";"29";;"952722200";
"MAYORAZGO AGRÍCOLA Y GANADERA, S.A.";"C/ SANTA ANA, 4";"032";"29";;"952722200";
"MATADERO INDUSTRIAL DE AVES LÓPEZ, S.A.";"C/. JAMAICA, Nº 3";"005";"28";"28806";"918827509";
"ARQUILLOS AGRÍCOLA Y GANADERO";"C/ SANTA ANA 4";"032";"29";"29320";;
"SADA P.A. CASTILLA-GALICIA S.A.";"CASTRO RIBEIRAS DE LEA";"010";"27";"27260";"982311001";
"AVIMOSA";;"89 ";"28";;;
"Jamón Salamanca SA";"PS de la Castellana 132-1";"079";"28";"28046";;
"GANADERÍA Y PIENSOS ANDALUCES, S.A.";"C/ SANTA ANA, 4";"032";"29";;"952722200";
"CARSUR S.A.";"C/ ERAS DE S. JOSE, 21 LA TORRECILLA";"024";"30";"30817";"968466058";02/05/2019
"LO NAVARRO";"FINCA LO NAVARRO";"030";"30";;"968858289";02/05/2019
"COPINSA";"CTRA. GRANADA";"024";"30";"30800";"968442511";02/05/2019
"AVILESA";"PLAZA SANTA ISABEL, 7";"030";"30";"30004";"968587714";
"PORCISAN S.A.";"C/ EMILIANO SAIZAR, 7";"901";"30";"30140";"968864344";
"CEFU S.A.";"LA COSTERA S/N";"008";"30";"30849";"968630802";
"JUAN JIMENEZ GARCIA S.A.";"CTRA. PULGARA, 299";"024";"30";"30800";"968468896";
"DALLAND HYBRID ESPAÑA S.A.";"C/ ACISCLO DIAZ 13,4º";"030";"30";"30005";"968686126";
"BIBIANO Y CIA. S.A.";"CTRA. DEL ALBUJON. POZO ESTRECHO";"016";"30";"30594";"968556413";02/05/2019
"AGROPECUARIA CASAS NUEVAS S.A.";"C/ VILLA CONESA, 61 FUENTE ALAMO";"021";"30";"30320";"968597017";
"GRANJA VILLANUEVA S.A.";"CARRETERA DE MARCILLA S/N";"038";"31";"31140";"948364000";28/02/2022
"UVESA";"CARRETERA DE ZARAGOZA KM 96";"232";"31";"31500";"948848388";
"GRANJA LOS ALECOS S.A.";"CARRETERA DE ZARAGOZA KM 24";"045";"31";"31395";"948-720037";
"GRANJA DOS HERMANAS S.A.";"CARRETERA DE MADOZ S/N";"025";"31";"31868";"948500205";28/02/2022
"EXPLOTACIÓN AGROPECUARIA LA SARDA S.A.";"CARRETERA DE PEÑA KM 4";;;"31400";"948-870395";
"GRANJA LA SERNA S.A.";"CARRETERA DE LARRAGA KM 14";"167";"31";"31150";"948340170";23/03/2022
"CALVO PORCINO S.A.";"C/MALO MUNILLA 8";"249";"31";"31514";"948-867010";
"CARNICAS PAMPLONA S.A.";"CTRA. DE ZARAGOZA, KM. 24";"045";"31";"31395";"948720037";
"LARRAIZA S.A.";"C/ LA GRANJA S/N";"011";"31";"31290";"948488997";23/03/2022
"AGROPECUARIA OBANOS S.A.";"CTRA MARCILLA-CILLAFRANCA KM 2,8";"254";"31";"31330";"948-757101";
"GRUPO SADA P.A., S.A.";"RONDA DEL PONIENTE, Nº 9";"903";"28";"28760";;
"AVICOLA DE GALICIA S.A. (GRUPO DOUX)";"BARRAGANS, 22";"038";"36";;"986833100";
"NUTRIMENTOS DEL DEZA S.A. (NUDESA)";"SAN FIZ – MARGARIDE - SILLEDA";"052";"36";"36540";"986581200";
"NUCAMSA";"A ROCHA- DOZÓN";"016";"36";"36516";"986783477";18/11/2025
"AVICOLA TRATANTE, S.A.";"SIXTO S/N DOZON";"016";"36";"36518";"986780461";01/11/2023
"EXPLOTACIONES PORCINAS DIAZ S.A. (EXPORDI S.A.)";"PASAJE DE VALENCIA DE LA ENCOMIENDA ";"335";"37";"37799";"923361448";
"EXPLOTACIÓN PORCINA LA CHANETA, SA";"CL FILIBERTO VILLALOBOS 61";"156";"37";"37770";;24/07/2014
"PROINSERGA, S.A.";"C/ ALMIRA, 28";"194";"40";"40001";"921425111";
"COMERCIAL PECUARIA SEGOVIANA, S.A.";"C/ CONDE DE SEPÚLVEDA, 24";"195";"40";"40300";"921540061";07/07/2022
"GANADOS MINGUELA, S.A.";"C/ MARIA DE MOLINA, 3, 2º IZDA.";"063";"40";"40200";"921143394";
"PROPORSEG";"C/ EZEQUIEL GONZALEZ, 24 2ºH";"194";"40";"40002";"921441773";02/10/2023
"JOSE LUIS SANTOS GARCIA, S.A.";"C/ IGLESIA, 5";"063";"40";"40241";"921168079";28/04/2026
"TOMAS GUERRERO S.A.";"C/ ARAHAL, S/N";"065";"41";;"41530";
"AGROPECUARIA GARCIA LAFUENTE, S.A.";"C/ ANTONIO MACHADO, 5";"020";"42";"42200";"975300207";
"GRANJA AVICOLA LLORENÇ, S.A";"CRTA. HOSTAL S/N";"074";"43";"43712";"977677231";
"AGUSTI ROIG, S.A";"PARTIDA SAN BERNABÉ, S/N";"155";"43";"43590";"902507187";
"AVIGAN TERRALTA, S.A";"CRTA. VALENCIA T-331, PK 20,436";"155";"43";"43517";"977474361";
"GRANJA CRUSVI, SA";"C/ PLANAS DEL ROQUÍS, 110";"129";"43";"43330";"977326085";
"PROLEC SA";"PLAÇA LLIBERTAT, 8  8è 2a";"123";"43";"43201";"977120353";
"LERIDANA PIENSOS S.A.";"CTRA. VALL D'ARÁN KM. 5,6";"120";"25";"25196";"973233743";
"PAVO Y DERIVADOS, S.A.";"CTRA. TV-3443, KM. 3,80  (APARTAT DE CORREUS 101)";"014";"43";"43870";"977706361";
"AGROPECUARIA TERRA ALTA, SA (AGROTESA)";"AV. CATALUNYA, 21";"064";"43";"43780";"977420081";21/11/2017
"AGROPECUARIA ALT CAMP SA";"CTRA. DE MONTBLANC, 34";"161";"43";"43800";"977612156";
"PIENSOS PROCASA, S.A. ";"CTRA. CAMBRILS, KM. 6,2";"123";"43";"43206";"977752040";
"CLOSA HERMANOS, SA";"SANTA EULALIA, 25";"123";"43";"43204";"977340633";02/05/2018
"GRANJA GIBERT, S.A";"PARTIDA REGUERAL S/N (APARTAT 133)";"038";"43";"43850";"977360104";
"AGROPECUARIA MONTSERRAT SA";"RAMON CASTEJON 5 1";"120";"25";"25004";"973232157";
"PRODUCTES AVÍCOLES GRANJA GAIÀ, S.A.";"CAMI MAS LLAGOSTERA S/N";"126";"43";"43762";"977655133";
"GANADERIA DELTA, SA (GADESA)";"CTRA.MONTBLANC, S/N";"161";"43";"43800";"977612156";
"MATEU ESCODA CB";"AVDA. REUS, 26";"167";"43";"43311";"609286298";
"VIRGEN DE LA FUENTE S.A.";"EMPEDRADA S/N";"179";"44";"44586";;
"GAPIBA S.A.";"POL.IND.VENTA DEL BARRO, S/N";"191";"44";"44510";"978821602";
"PORTESA";"POLÍGONO LA PAZ";"216";"44";"44003";;
"GANADO PORCINO DE SELECCIÓN, S.A.";"CTRA. CABEZAMESADA, KM. 12,200";"054";"45";"45880";"617880363";
"JOSE LUIS REDONDO S.A.";"CTRA. COBEJA, KM.1";"128";"45";"92555";"45290";
"NUTRAVE S.A";"Ctra. Comarcal CM 4003";"019";"45";"45593";;
"SADA P.A. VALENCIA S.A";"C/ PARTIDA DELS GERMANELL, S/N";"207";"46";"46138";;
"AGRUPACIÓN PECUARIA, S.A.";"C/ BELGICA, 2 PUERTA 41";"250";"46";"46163";;
"GRANJA ESTEPER, S.A.";"URBANIZACIÓN CRUZ DE GRACIA,39";"135";"46";"46110";"963631408";
"CRUSPER, S.A";"Camino de Moncada, 382";"250";"46";"46016";"963623700";
"PRODUCCIONES AGROPECUARIAS DEL TURIA,S.A.";"C/EL CID, 5";"163";"46";"46560";"961401393";
"PROAVAL, S.A.";"P.I. LES MASES - AVDA. LES ERES, S/Nº";"218";"46";"46725";"962801111";
"HUEVOS ALTO TURIA, S.L.";"PARTIDA LA NAVAZA S/N";"247";"46";"46177";"961635057";
"AVICOLA LLOMBAY, S.A.";"PARTIDA BORNAIG, S/N";"156";"46";"46195";"962550514";
"HIBRAMER. S.A.";"CTRA. SEGOVIA, KM. 4,5";"007";"47";"47012";"983206000";
"PROGATECSA";"CAMINO VEJO DE SIMANCAS, KM. 4";"161";"47";"47008";"983223966";
"ISCAR ALIMENTACION ANIMAL, S.A.";"CTRA. CUELLAR-OLMEDO, KM. 19";"075";"47";"47420";"983611915";
"EXPLOTACIONES AVICOLA GARCIA PUENTE S.A.";"Ctra.Madrid-Gijon Km 149,200";"104";"47";"47410";"983623141";
"ARAGONESA DE PIENSOS S.A  (ARPISA)";"CTRA. LOGROÑO,KM.12,7";"272";"50";"50180";"976792279";
"LLOGRASA S.A.";"C/ RONDA, S/N";"068";"50";"50280";"976607340";
"Jagasa- Jalón Ganadera S.L.";"J. Pablo Bonet, 6";"297";"50";"50006";"976372061";
"TRACESA (TRÁFICO DE CERDOS S.A.)";"C/ CAMACHO, Nº 3, 50540";"055";"50";"50540";"976867130";
"COMERCIAL GANADERA ARAGONESA, S.A.";"CL. JUAN PABLO BONET, 7";"297";"50";"50006";"976372061";
"GRAPISA";"C/LAS HERAS Nº 6";"209";"50";"50298";;
"CUARTESA";"CTRA. LOGROÑO,KM.9,200";"272";"50";"50180";"976770513";19/11/2013
"TUROLENSE GANADERA S.A.";"AVDA. ACADEMIA GENERAL MILITAR, TORRE 255";"297";"50";"50015";"976518953";
"PORCINO ARAGON S.A.";"AVDA. ACAD.GRAL.MILI.";"297";"50";"50015";;
"LOCEMALOJO S.A.";"C/NIEVES LAMANA, 2-4";"053";"50";"50641";"976652206";
"PILUE, S.A.";"Pº MURO, 26, 1º DCHA.";"095";"50";"50600";"976661181";
"ANTONIO MORENO SINUES, S.A.";"Camino las palomas, 53";"297";"50";"50059";"976575479";
"HERMANOS ESCANILLA, S.A.    ";"AVDA. MOVERA, 173";"297";"50";"50194";"976586075";
"ACOPOR S.A.";"Pº DEL MURO, 26, 1º DCHA., 50600";"095";"50";"50600";"976661181";
"PIENSOS A-90 S.A.";"CTRA. MADRID, KM.272";"025";"50";"50100";"976812306";28/04/2011
"SAN GIL 2000, S.A.";"Pº MURO, 26, 1º DCHA.";"095";"50";"50600";"976661181";
"LOS CUATRO, S.A.";"CTRA. LECIÑENA,KM.1,6";"235";"50";"50840";"976684200";
"FRUCESAR S.A.";"C/NIEVES LAMANA, 2-4";"053";"50";"50641";"976652206";
"Frucesar S.A.";"Plza. España, 7";"053";"50";"50641";"976652206";
"ACTIVIDADES PORCINAS S.A.";"Avda. Academia Militar, nº 52";"297";"50";"50015";;
"CERTECOR S.A.";"C/SAN JUAN DE LA PEÑA, 194";"272";"50";"50180";"976770513";
"AGRONSELLA";"CTRA. UNDUES DE LERDA";"268";"50";"50689";"676974311";23/03/2022
"SUBIRANAS OLIVERAS, SA";"C/ MARQUÈS DE PALMEROLA, 116";"215";"08";"08512";"938570049";
"SADA ANDALUCIA ";"POLG. LA RED PARCELA 45";"004";"41";"95586";"41479";
"GRANJA PUJADAS SA";"AVDA DEL PLÀ, 27";"108";"08";"08185";"938439060";16/11/2017
"NUTE, SA";"CTRA. TORA";"207";"25";"25280";"973481161";22/05/2018
"RAMADERA D'ANOIA-SEGARRA, S.A.";"PL. LA CREU, S/N";"223";"25";"25750";"973473011";
"AGROPECUARIA FIGOLS, SA.";"PG. INDÚSTRIA, 28";"022";"08";"08600";"938210371";16/05/2018
"CALDES PORC, SA";"CTRA. DE SENTMENAT A CALDES, KM. 34";"267";"08";"08181";"938653518";
"RAMSE, SA";"AV. ONZE DE SETEMBRE, 21";"110";"25";"25210";"973500596";
"VILARTA S.A.";"CTRA. C-17, KM 65'5";"100";"08";"08503";"938892686";
"J.J.  CAPDEVILA SA";"CASA CAPDEVILA (VILADORDIS)";"113";"08";"08240";"696961133";
"GANADERÍA LES VALLS SA";"GRANJA HOM. BARRI LES VALLS S/N";"181";"08";"08430";"938496815";
"AGROPECUARIA DEL LLUÇANES, SA";"CAN SOLER, S/N";"151";"08";"08519";"938880308";02/05/2018
"COMERCIAL SALVI, SA";"AVDA JOSEP FONTCOBERTA, 104 B, BAIXOS 2ª";"033";"08";"08140";"938653518";
"INVERALIMENT,S.A";"NTRA. SRA. DEL COLLELL 16";"015";"17";"17820";"972581011";
"AGROCESA";"AVDA. MURILLO, Nº 2-BAJO";"018";"09";"09400";"947546106";
"GENES DIFUSIÓN, SA (AIMDIFFUSION)";"Polígon Industrial La Nora; c/ Pallars Sobirà, s/n";"012";"25";"25135";"669688835";02/05/2018
"OSONA VALLES CARNS, S.A";"C/Costa i Deu, nº 113";"187";"08";"08205";"937106550";
"SEGHERS GENETICS & N.IBERICA, SA";"AV.SANT ESTEVE, 4-6 1 3";"096";"08";"08400";"938600050";27/02/2018
"P.I.C ESPAÑA S.A";"AVDA. RAGULL, 80, 2º";"205";"08";"08190";"9835890360";14/05/2018
"DIBAQ-DIPROTEQ";"CTRA. NAVALMANZANO-FUENTEPELAYO";"086";"40";"40260";"921574286";
"NANTA, S.A.";"C/ TRASESTACIÓN, 1º";"175";"47";"47320";"983520304";
"INVERSIONES ADAJA, S.A.";"CTRA. OLMEDO-MATA, KM. 11,3";"074";"47";"47238";"608720080";
"GANADOS CARNES Y DERIVADOS";"CTRA. LOGROÑO,KM.9,200";"272";"50";"50180";"976770600";
"RACIONES NATURALES, S.A.";"POLÍGONO GANADERO, Villarquemado";"216";"44";;"978867336";
"INGA FOOD, S.A.";"C/ BALEARES S/N- CASETAS";"297";"50";"50620";"961499440";
"CASTILEON 2000 S.A";"Avda. Castilla y León, nº 8 2º entreplanta";"080";"34";"34880";"979852003";
"SADA p.a. PRODUCCIONES GANADERAS, S.A.";"Ronda de Poniente, 9";"903";"28";"28760";"961701866";
"ALMARGEÑA DE INTEGRACIÓN, S.A.";"Avda. del Saucejo, 111";"010";"29";;;
"AGUSTÍN TARONCHER E HIJOS";"C/ JOAN MARTORELL, 3, BAJO";"147";"46";"46160";"962793408";
"CARNICAS PECO SA";"C/ CARNISSERS, 4 (POLÍGONO MASÍA DEL JUEZ)";"244";"46";"46900";;
"INTEGRACIONES GANADERAS VALENCIA, S.A.";"AVDA AUSIAS MARCH, 73 6º";"250";"46";"46080";"963338411";
"INTEGRACIONES AVICOLAS VALENCIANAS SA";"CARRETERA LAS NOGUERAS KM 3,800";"249";"46";"46300";"962170728";
"NASAS FAMYL, S.L.";"CTRA. PETRES - ALBALAT S/N";"220";"46";"46500";"616947175";
"ECO AVICOLA, S.A";"POL. IND. EL OLIVERAL-CALLE E - NAVE 5
";"214";"46";"46394";"633444911";
"OZAETA PRODUCCIÓN SL";"CALLE CASTILLO DE QUEJANA, NUM 11";"059";"01";"01007";"945143938";
"ICPOR CASTILLA LA MANCHA S.L";"AV. PABLO IGLESIAS 9, LOCAL C";"203";"16";"16400";"969342811";
"CRIA RESPONSABLE, SL";"C/MASDEVALL, 21";"015";"17";"17820";"972580100";
"LASEUPORC SL  ";"AV. MARIA ANZIZU, 72";"034";"25";"25739";"608139377";
"GRUPO PORCINO VERGACRUZ S.L.U.";"VIRTUDES, 8";"034";"02";"02249";"671410348";
"GANADOS CAÑIZAR DEL OLIVAR, S.L.     ";"CL. HORNO, 2C";"063";"44";"44707";"974420539";
"RECRIAS FLORENCIAS, S.L.";"CTRA UTIEL, 6";"232";"46";"46320";"962315063";
"GANADOS CAMPOS VIDAL, S.L.   ";"AVDA. LA FERIA, 7";"059";"44";"44140";"620958650";
"GRANJA AVICOLA MORA, S.L.";"C/GENERAL PRIMO DE RIVERA, 5";"049";"03";"03360";"966779122";
"GRANJA AVICOLA LOLI, S.L.";"CAMINO DE ENMEDIO, 7";"058";"03";"03350";"965360346";
"AVECOX, S.L";"Pasaje San Isidro";"058";"03";"03550";"966750571";
"AVES Y HUEVOS EL DESVIO, C.B.";"CTRA NACIONAL 340, KM, 31";"058";"03";"03350";"966750561";
"GRANJA EL SALERO, S.L.";"CANONIGO V. COSTA, 5";"101";"03";"03750";"965760872";
"GRANJA AVICOLA CANDIDO, S.L.";"CAMINO DE LA SIERRA S/N";"111";"03";"03370";"966755222";
"FRANCISCO SAEZ. S.L.";"CAMINO LAS CASICAS";"006";"04";"04800";"950431041";
"COMERCIAL GANADERA VELEZANA, S.L.";"C/BELLADONA,1";"099";"04";;"950412367";
"PECUARIA DEL SURESTE, S.L.";"C/ SALTADOR Nº 32";"053";"04";"04600";"950470701";
"GANADOS HERMANOS GARCIA S.L.";"AVDA. LOS ANTONES, 47";"075";"04";"04640";;
"COMERCIAL GANADERA PULPILEÑA S.L.";"AVDA, ANTONES, 30";"075";"04";"04640";;
"LA GAMA AGROPECUARIA, S.L.";"CTR. LA ESTACIÓN Nº 41";"053";"04";"04600";"950470503";
"MARSYMAN S.L. EXPL. GANA.";"AVDA. ANDALUCIA 128";"075";"04";"04640";;
"AGROPECUARIA GUADIATO S.L.";"MAESTRO PADILLA, 28";"075";"04";"04640";"950464328";
"AGROPECUARIA LOS VIVILLOS S.L.";"PARAJE LA HOYA";"075";"04";"04640";;
"AGROPECUARIA MAYRA, S.L";"CAMINO VIEJO DE LORCA CTJ. DENTISTA";"053";"04";"04600";"950470503";
"LA FUENSANTA AGROPECUARIA";"BDA. LAS NORIAS S/N";"053";"04";"04600";"950470503";
"FILO-PORC S.L";"CTRA. N. 340 KM 556-57";"053";"04";"04600";"950470503";
"EXPL. FRAN-GA, S.L.";"CTRA. ESTACIÓN, 4";"053";"04";"04600";"950470503";
"PIG LIVESTOCK UNION SL";"C/ ROSES, S/N";"226";"17";"17469";"973233743";
"AVILAVES GREDOS, S.L.";"POLIGONO LAS HERENCIAS PARCELA 42-43";"019";"05";"05005";;
"NOEL-AYATS MONTSENY, SL";"MAS CALOT-SANTA LLOGAIA DEL TERRI";"056";"17";"17845";"686953536";
"OBAGUETS, S.L.";"CASA GASSET, S/N";"034";"25";"25739";"645868332";
"MIGALOR 72 S.L.";"CAMINO CARTAGENA, B-67. TERCIA";"024";"30";"30815";"659684041";
"EL CIERZO GANADERA";"CL. LOS ENEBROS, 74 - 2º";"216";"44";"44002";"619648654";
"ALMUPOR S.L.";"C/ DOÑA CLARA CASTELLANOS, NÚMERO 42, CASA 2";"225";"50";"50270";;
"PIENSOS SANKY, SL";"CTRA. PERAFITA, KM 14~700";"199";"08";"08519";"938861944";
"ESCORXADOR AUS TORRENT I FILLS SA";"POLÍGON INDUSTRIAL PLA EN BOET, C/SERRA I MORET 14";"121";"08";"08302";"937577554";
"GRANJAS TERRAGRISA, SL";"PASSATGE LA GLEVA - CAMÍ BURRISSOLA";"117";"08";"08508";"938125642";
"TRANSBAR S.L.";"CTRA. N152A  KM 70,300";"100";"08";"08503";"938861944";
"PINSOS MOLINET,SL.";"CTRA. NAVÀS-PRATS LLUÇANES, KM 1.5";"090";"08";"08672";"938390016";
"PINEDA BOVI S.L.";"C/ RAFAEL GAY DE MONTELLA NÚM. 2 INTERIOR";"298";"08";"08500";"931577247";
"EXPLOT.AGRICOLES I RAMADERES, SL";"AV.DIAGONAL, 612 6 9";"019";"08";"08021";"973586200";
"JOSEP PUIGDOLLERS I FAMÍLIA SL";"FINCA EL MACIÀ";"116";"08";"08510";"938500411";15/11/2017
"PINSOS CASAS S.L.";"CAMÍ DE CARDONA, 8";"132";"08";"08612";"938246011";
"RBS, SL";"CTRA. DE PRATS DE LLUÇANES, KM 57.5";"012";"08";"08279";"938387061";
"LERVISAN. S.L.";"CTRA. SANTA INÉS, Nº 9";"442";"09";"09390";"686984862";
"QUERIBER, S.L.";"UR. CIUDAD JARDIN, 4";"194";"09";"09340";;
"PASCUAL AGROPECUARIO SLU";"CTRA. DE PALENCIA S/N";"018";"09";"09400";;
"GANADERÍA AGOLADA SOCIEDAD LIMITADA";"LUGAR ESPERANTE S/N";"020";"36";"36514";"619990155";
"HUEVOS ALFA, S.L";"C/ GERMANES FERRER I CANTÓ, Nº 3";"176";"46";"46193";"691233289";
"VERAVIC, SL";"CANDALEA, S/N";"068";"10";"10430";;
"GANADOS LORCA SUR 22 S.L.";"ALBERQUILLA II, 15";"024";"30";"30817";"685994430";
"MONPIG 2022, S.L.  ";"C/ CANTONIGROS 10";"298";"08";"08500";"938893000";
"GANADERIA BEJOTA S.L.";"AVDA. ESTACIÓN, 10";"158";"06";"06300";;
"AVES INAVICO S.L";"C/ ROSALEDA S/N";"024";"11";"11690";"956130714";
"Granja Gavial, S.L";"Ctra. Sagunto-burgos, Km. 27,200";"104";"12";"12400";;
"PIENSOS VIGORAN S.L. ";"C/ HOSPITAL, 46";"042";"12";"12513";"964409000";
"CASA ROC, S.L.  ";"Pta. Forcall s/n";"080";"12";"12300";"964160169";
"PORCELLET S.L.";"C/ RAMON Y CAJAL 25";"121";"12";"12330";;
"AVICOLA SALES, S.L.";"POLIGONO INDUSTRIAL MERCADO DE ABASTOS NAVES 13 Y 14";"040";"12";"12004";"964730429";
"LA OMBRÍA, SL.";"PZ. MASADA, S/N";"130";"12";"12124";"667745920";
"AVICOLA VICENT, S.L.";"FRANCISCO PIZARRO, 8";"027";"12";"12580";"964473433";
"CASTELLONENSE DE GANADOS, S.L.";"BLASC D~ALAGÓ, 15";"080";"12";"12300";"964160081";
"AGROGANADERA SANZ, SL";"AV. MAR, 49";"117";"12";"12596";;
"AGRICOLA GANADERA SAN JORGE";"Ptda. Foradades S/N";"099";"12";"12320";;
"PORCINO BORDON S.L.";"C/ HERRERA, 9";"044";"44";"44563";"964178421";
"COSERGA DELS PORTS SL";"VIRGEN DE VALLIBANA, 1";"080";"12";"12300";"964160339";
"EXPLOTACIÓN PORCINA LA BALMA S.L";"C/ Miguel Fleta, 48";"013";"44";"44600";"629522354";
"BORRIOL AVICOLA, S.L.";"DR. PORTOLES, 6";"031";"12";"12190";"964321369";
"PORCIMIR SL";"C/ LA VIRGEN, 11";"038";"12";"12159";"646114194";
"MASIA NOLLE, S.L.";"Cl. Virgen de Vallibana, 1";"080";"12";"12300";;
"HUEVOS BELARTE, S.L.";"PLZ. GENERAL ROSELL, 10";"140";"12";"12460";"964141153";
"INTEGREPORC, S.L";"Paseo Morella, 38";"040";"12";"12004";"609024364";
"CINEGETICA SIERRA NEGRA, S.L.U.";"PLAZA PEIRO ESCALA, 1";"129";"12";"12150";"964440123";
"CINEGETICA LA TORRE, S.L.";"CONCEPCION ARENAL, 2-B, 3ºD";"902";"12";"12002";"607721696";
"SUPER TERUEL, S.L.";"Cl. Miguel Fleta, 47";"013";"44";"44600";"616484512";
"FENOPORK, S.L.";"C/ SANTOS MARTIRES, 38";"029";"12";"12181";"964339907";
"GANADOS SELECTOS MORELLA, S.L";"Cl. Hospital, 46";"042";"12";"12513";"964409000";
"RILOBEN 11 R.G. S.L.";"Masía Agustín";"083";"12";"12312";"964178532";
"BLASCO DOMINGO SL";"C/ MURO, 40";"141";"12";"12311";"689093000";
"IBERICOS VALLEHERMOSO S.L.";"CRTA LA SOLA A VILLANUEVA DE LOS INFANTES";"079";"13";"13248";"609718596";
"PAVOSOL S.L.";"AVDA. MARQUEZ DE LA VEGA DE ARMIJO, 26";"042";"14";"95765";"14550";
"GRANJAS BERNAL S.L";"LARIN-ARTEIXO";"005";"15";"15144";"981228142";31/12/2005
"CREMOVA SL";"FORNELOS 37";"082";"15";"15886";"981809020";
"POLLOS ALBARIZA, S.L.";"ALBARIZA 3 BARRO";"057";"15";"15210";"981820825";05/12/2022
"EXPORCIME S.L.";"SAN SALVADOR.MELIDE";"046";"15";"15800";"908580589";
"POULET ROYAL S.L.";"PARQUE EMPRESARIAL MELIDE";"046";"15";"15008";"981252531";
"EXPORGONDO SL";"OS LOUROS VIONS";"001";"15";"15318";"649412482";31/12/2019
"PORCYCAR GARCIA E HIJOS S.L.S.L";"PAIOSACO 13";"041";"15";"15145";"981605848";31/12/2005
"PIGARCRE SL";"CAMPO DA FEIRA 13, PAIOSACO";"041";"15";"15145";"981605022";
"GRANJAS DE PORCINO GARDA SL";"LUGAR FONTE VARELA, OZA";"019";"15";"15107";"626934896";
"COMERCIO DE PORCOS SL";"COMPOSTELA-SAN SALVADOR DE ABEANCOS";"046";"15";"15800";"607989700";
"GRUPO ALTO PASO, S.L.";"C/GRAL SANJURJO, 270-7ºA.";"030";"15";"15006";"607-941196";
"RIVADULLA, S.L.";"SETE  26
SAN MAMEDE DE RIVADULLA";"089";"15";"15880";"981512039";
"GANADOS VARELA Y VARELA SL";"RUA ALCALDE RON VARELA Nº 5";"046";"15";"15800";"670980311";
"HERMANOS VIADEL RUIZ, S.L.";"C/Cº DEL PICO S/N";"202";"16";"16320";"96936307";
"DERIVADOS AGRICOLAS E INDUSTRIALES S.L. (D.A.I.SL)";"MAS SALVATELLA";"071";"17";"17833";"972201815";02/05/2018
"EXPLOTACIONS CUFA, SL";;"030";"17";"17761";"972505986";
"PORGAS 2010, SL";"MAS MOLINÉ";"044";"17";"17244";"6972460837";02/05/2018
"GANADOS PE-SO-AN, SL";"C/SANT GREGORI, 6";"079";"17";"17007";"972203225";27/02/2018
"CARMIL, SL";"EIVISSA, 21";"002";"17";"17007";"616994852";23/01/2018
"MAS QUINTANA, SL";"URB. PUIG FONTPUDOSA, 1";"015";"17";"17820";"972571551";
"CORCAMP SL";;"036";"17";"17530";"616469955";
"CARNICAS CERDANYA SL";"C/ ESTACIO, 24";"141";"17";"17520";"639719522";
"NATURAL PORC, SL";"CAN GUILANA DE GALLINERS";"218";"17";"17468";"972551666";27/02/2018
"GRANGES BUADAS, SL";"CAN VILA, 64";"157";"17";"17457";"646976346";
"GRANJA LES OLIVES, SL";"C/ FELIP L'ARDIT, 2 B";"132";"17";"17491";"972538482";
"NATULRALCRIA, S.L";"C/ MASDEVALL S/N; APARTAT CORREUS 48";"015";"17";"17820";"972580100";
"GERFAM RUBIROLA, SL";"MAS VILALLONGA, BÚSTIA 78";"150";"17";"17457";"972478158";
"EMBOTITS BOADA PORCEL, SL";"C/ SANT NARCÍS, 10";"233";"17";"17183";"972473335";09/07/2018
"BELLACOMA, SL";"C/SANTA EUGÈNIA, 64 1 2";"079";"17";"17005";"972496185";13/12/2017
"AGRORUI, SL";"C/ PONT DE MOLINS, KM. 2";"030";"17";"17761";"972501716";27/11/2017
"AGROTANIC, SL";"URB. PUIG DE LA FONT PUDOSA, 1";"015";"17";"17820";"972571551";
"CAN FUXART, SL";"AFORES M. FUXART - BARRI DE SANT CLIMENT";"007";"17";"17170";"646229478";
"CAL AMAT, SL";"MAS AMAT S/N";"002";"17";"17181";"616994852";23/01/2018
"BLAY TAMARIT, SL";"CTRA. FONTANILLES S/N";"081";"17";"17257";"972761679";
"LIDEROU S.L";"VEINAT DE DOSQUERS";"098";"17";"17851";"972581011";
"PRODUCTES ARTESANS PERE RIGAU, SL";"C/ MAJOR, 22";"155";"17";"17190";"972231169";14/03/2018
"COMERCIAL AVICOLA EMPORDA S.L";"PARATGE DE LES HORTES S/N";"204";"17";"17140";"972761475";02/05/2018
"JOAN PUIG POCH, S.L.";"C/ ARRABAL, 6";"126";"17";"17133";"972769015";27/02/2018
"RENDIPORC, SL";"CAN SAGNARI";"175";"17";"17831";;14/05/2018
"COM RAMADERA PLA DE L'ESTANY";"C.MOSSEN CINTO, 21";"015";"17";"17820";"972574951";02/05/2018
"RECRIES GIRONINES S.L";"C/ MARTÍ BRUGUERA 31";"025";"17";"17462";"667457616";
"AGROPECUARIA JUIGUES, SL";"MAS PLA/VILAMARI";"218";"17";"17468";"972560177";02/05/2018
"DERISAL 2000, SL";"C/ M. MERCE MARÇAL, 17";"155";"17";"17190";"617323059";
"SOLUTERM DEL TER SL";"BONASTRUC DE PORTA 29 2P";"079";"17";"17461";"607180293";
"OUFIL OVOPRODUCTES S.L";"CR REMEI, 15";"044";"17";"17244";"972460180";22/02/2018
"RAMADERIA AYATS, S.L.";"MAS CALOT S/N, RAVÓS DEL TERRI";"056";"17";"17845";"686953536";
"JAUMELEVA, SL";"CTRA. PARETS, S/N";"016";"17";"17483";"972560062";
"NATUR-PORC,SL";"VEÏNAT SANGOSTA,38";"044";"17";"17244";"972460837";
"POLLASTRES JUSCAFRESA, S.L";"MAS CAPELL";"056";"17";"17844";"629394601";27/02/2018
"GINPIG SERVICE SL";"GRANJA LES SERRES S/N";"172";"17";"17153";"872987216";
"NATURAL CRIA S.L";"CR MASDEVALL";"015";"17";"17820";"972580100";
"RAMADERIA ROCA, SL";"URB.CASELLES D'AVALL, 49";"137";"17";"17834";"972574636";09/07/2018
"AGRO BREDA, SL";"C/ SANT ISCLE, 39";"027";"17";"17400";;14/05/2018
"NOVA COLLVI S.L.U.";"AVDA. CAN COTARRA, S/N";"089";"17";"17240";"972831011";02/05/2018
"AGROPORC 412, SL";"AV. JOSEP FLORES, 21";"186";"17";"17840";"658800422";
"PINSOS DURANOC, S.L.";"CR. DE LA CANYA – MOLI DE NOC";"114";"17";"17800";"680419432";
"RABIONET I GUBERN, SL";"GIRONA, 7";"083";"17";"17450";"972864308";23/11/2017
"EXPLOTACIONS ARTIGAS, SL";"CTRA. CAMÓS - MAS GINEBREDA";"035";"17";"17834";"972570894";
"AGRO AYATS SL";"C/ CABANELLES, 5";"088";"17";"17745";"972553645";14/05/2018
"RAMADERA MONTPEDRÓS, SL";"CTRA. DE FONTANILLES, S/N";"081";"17";"17257";"972761679";
"AVIGENIL S.L.";"CTRA. DE BENALUA, 23";"167";"18";;"18519";28/03/2012
"AVICOLA JIMPER S.L.";"C/ LEPANTO Nº6 2ºB";"089";"18";"18500";"958690390";
"GANADERA AGUSTIN ZARCO S.L";"CL Martinez de la Rosa 18";"087";"18";"18002"; ;
"GANANDOS SIERRA NEVADA S.L";"CALLE PARAISO Nº 34";"127";"18";;"64919930";
"LUMAGORRI S.L.";"ZABALEGI ALDEA SN";"026";"20";"20214";;
"AUDE FABARA, SL";"C/BATEA 7";"102";"50";"50793";;
"GRANJAS AGUILAR SL";"C/AGUSTINA DE ARAGÓN, 72";"025";"22";"22540";;
"HNOS BURGASE";"C/ UNICA SN. LIESA C.P.:22122";"222";"22";"22120";"974260489";
"GANADOS AGUSTIN S.L.";"C/ TERUEL,16";"061";"22";"22500";;
"GRANJA COLL S.L.";"C/ RAMON Y CAJAL,8 22422";"110";"22";"22422";"974412041";
"GANADOS COSME S.L.";"C/PASCUAL ALBALATE, Nº 28";"208";"50";"50750";;
"MARCIAL LLUSA S.L.";"AVDA SARIÑENA,2";"112";"22";"22520";"974470679";
"GANADOS PERALTA SL.";"C/ ALCORAZ Nº 1.";"125";"22";"22002";"974214140";
"CESAREO BUETAS SL";"LA IGLESIA";"168";"22";"22337";"974507055";
"GANADOS GRACIA S.L.";"C/ RAMON Y CAJAL,1";"225";"22";"22550";"974420003";
"GANADOS CUELLO S.L.";"TORRE LOS FRAILES";"225";"22";"22550";;
"HNOS ECHART";"NUEVA,20";"074";"22";"22450";"974550021";
"RAMON LUMBIERRES S.L.";"C/ Ramón y Cajal nº 10";"025";"22";"22540";"629733762";
"PUBILL DE TOLVA SC";"UNICA";"229";"22";"22585";"974543594";
"MAZANA PIENSOS COMPUESTOS S.L.U.";"TRA. VALLE DE ARAN";"080";"22";"22480";"974540505";
"AGROPECUARIA BERNADÓ, S.L.";"PLAZA  ESPAÑA, Nº 8  1º";"061";"22";"22099";;
"AGROPECUARIA SANTAS MASAS, S.L.";"C/UNICA - SANTAS MASAS";"087";"22";"22587";"974544608";
"SANMARTIN AGROGAN S.L.";"AVDA. SAN VICENTE PAUL,5-1º-1ª";"225";"22";"22552";"974420772";
"AGRONICER, S.L.";"C/VICENTE PINIÉS, 21";"053";"22";"22580";"696417499";
"MATERFRA S.L.";"Partida El Plano, 22135 Pueyo de Fañanas";"015";"22";;"974340166";
"SOVIGAL,SL.";"PASEO ARAGON,27";"025";"22";"22540";"974425174";
"GANADOS TORRE SEGURA S.L.";"CTRA. ALMACELLAS S/N";"025";"22";"22540";"974425225";
"IMPORT EXPORT EUROGANADEROS SL";"PARTIDA CHUVERA S/N ";"061";"22";"22500";;
"GANADOS MARTÍN S.L.";"C/ SALAMERO, 1º, 2ºA 22430 GRAUS";"117";"22";;"974540190";
"GANADOS SALA S.L.";"CAMINO CUQUET, POLIG. 5, PARC 55-60";"025";"22";"22540";"974425159";
"GANADOS BIPORTA S.L.";"C/ VIRGEN DEL ROMERAL 11";"061";"22";"22500";"974429072";
"GANADOS BIPORTA S.L.";"C/ VIRGEN DEL ROMERAL 11";"061";"22";"22500";"974429072";
"PORCINO DEL SERRABLO S.L.";"C/UNICA S/N";"199";"22";"22600";"974496908";
"AGROGANADERA DEL FLUMEN, S.L.";"C/ SOL 1";"049";"22";"22255";;
"TERARROMI, S.L";" APARTADO DE CORREOS  158";"061";"22";"22500";"9744280158";
"ALMUNIA GANADERA S.L.";"C/SEGALAR,5";"061";"22";"22500";;
"AGROGANADERA GERMAN, S. L.";"TORRE BINEFAR";"009";"22";"22558";"974420539";
"EXPLONAFA S.L.";"C/ SAGANTA S/N";"075";"22";"22570";"974433057";
"ROSER CAUPAPE S.L.";"FINCA EL CASERIO APTDO CORREOS,8";"112";"22";"22520";"974471950";
"EXPLOTACIONES GANADERAS VALDEMORO SLU";"C/AFUERAS S/N";"236";"22";"22555";;
"AGAPORC ALTORRICON, S.L.";"C/AGUSTINA DE ARAGON nº 37";"025";"22";"22540";;
"OSCAPORK S.L.";"CAMILA GRACIA, 4";"125";"22";"22001";"974231668";
"COMERCIAL BINEFARENSE DE PORCINO,S. L.";"FINCA LAS PUEBLAS";"099";"22";"22535";"974428540";
"BINACARNES, S.L.";"CTRA. TAMARITE S/N";"061";"22";"22500";"974428545";
"Agroganadera Noguero, S.L. ";" C/Agustina de Aragón, 11";"025";"22";"22540";"974425168";
"CAYFER CINCA, S.L.";"CAMINO DE OLRIOLS, S/N";"061";"22";"22500";"974468415";
"Ganadería Rifol, S.L.";"Avda, Zaragoza, 27";"083";"22";"22222";"657957456";
"BAVARIAN PIETRAIN SPAIN S.L";"C/ ALCORAZ, 1 , 1R. 1A.";"125";"22";"22002";"635325021";
"GANALFO, SL";"C/ÚNICA S/N, CISCAR";"053";"22";"22589";"974543513";
"AGUILAR EXPLOTACIONES AGRO GANADERAS S.L.";"C/ AGUSTINA DE ARAGÓN, 72 BAJOS";"025";"22";"22540";"621252198";
"AGROPIG BERGUEDÀ, SL ";"ZONA INDUSTRIAL, S/N";"132";"08";"08612";"624410874";
"INTEGRATPORC 2025 SL";"C/ LLEIDA 2";"113";"25";"25260";"621128865";
"PORVILSAT S.L.";"CTRA. DE LA CAROLINA S/N";"094";"23";"23220";"953630907 ";
"NATURAL AVES S.L.";"CTRA. DE LINARES S/N, APTO. 237";"092";"23";"23400";"953751918";
"GRANJAS PAREJA, S.L.";"C/ REAL, 49";"034";"23";"23610";;20/05/2004
"INDUSTRIA AVICOLA SUREÑA";"C/ LINARES S/N";"093";"23";"23150";;
"AVICOLA SUREÑA SL";"Calle Eje, 1-9 NV, MERCAMADRID";"079";"28";"28005";"953796000";
"PIENSOS JIMENEZ, S.L.";"C/ VILLATORRES 6 (POLIGONO LOS OLIVARES)";"050";"23";"23009";"953322216";27/12/2024
"EXPL. GANADERAS ANDALUZAS S.L.";"LA MOHINA";"034";"23";"23610";"953120955";
"GESPOR PAREJA S.L.";"MAJANARES";"060";"23";"23600";"953120111";03/08/2017
"HERMANOS OBLANCA S.L.";"CARRETERA DE CABOALLES KM 2,8";"142";"24";"24191";"987846815";
"HUEVOS LEON S.L.";"CARRERA DEL VALLE S/N. NAVATEJERA";"222";"24";"24012";"987285398";
"Comercial Alvaro Prieto S.L";"Pol Ind.37.Camponayara";"034";"24";"24410";"987463519";
"IBERICA DE MULTIPLICACION AVIAR, S.L.";"POLÍGONO INDUSTRIAL (CALLE-3, PARCELA G-9)";"105";"24";"24231";;
"CRAVE-OBLANCA";"Pol. Ind. Onzonilla";"105";"24";"24321";"987223799";
"CAPRARIA CARNES DE VACUNO, SL";"CALLE SAN ANTONIO, 20- IRUELA";"172";"24";"24741";;
"MAIALINO SL";"MAS TORREMAGRA ";"111";"08";"08519";"678755585";
"YAK PINSOS COMPOSTOS, SL";"AFORES, S/N";"192";"25";"25270";"973556114";
"S.A.T OLIOLA S.L.";"CAMI D´AGRAMUNT S/N";"150";"25";"25749";"973460122";
"PUIGPI 2025, SL";"CARRER MONTSEC, 6";"250";"25";"25735";"647840283";
"GRANJA CODINET, SL";"PARTIDA SANT PERE CODINET";"185";"25";"25796";"609756572";
"RAMADERIES DEL DONDARA, SL";"AV. GUISSONA, 52 BX-10";"072";"25";"25200";"973532791";
"SESACOR SL";"SANTA ANNA, 5";"907";"25";"25211";"661556366";
"PREMIER PIGS, SL";"C/VICENT MAS, S/N";"181";"25";"25318";"973251097";
"PIGLETS, S.L.";"CTRA. CERVERA, KM. 19";"003";"25";"25310";"973391016";
"BALLESTÉ  PAU, SL";"AV. VILANOVA, 63";"029";"25";"25140";"973290593";
"PIENSOS BERGUA S.L.";"CTRA. N II KM 458";"120";"25";"25191";"973261743";17/11/2017
"SUMIPORC";"C/NORD,5";"137";"25";"25230";"973600429";23/11/2017
"TRANSMAPORC SL";"PRINCIPE DE VIANA,57  4-2";"120";"25";"25004";"973221010";
"LERIGRUP";"PLAÇA ESPANYA, 14";"120";"25";"25001";"873212649";15/04/2018
"TORRES I MIRO, S.L.";"SANT LLUIS, 36";"40 ";"25";"25600";"973443000";
"PIEGI, SL";"AFORES";"027";"25";"25320";"973308031";17/11/2017
"TOMAS CIRERA SL.";"CTRA. TREMP, 54";"034";"25";"25730";"973400515";
"GRANGES VILASANA, SL";"AFORES";"252";"25";"25245";"973712306";13/12/2017
"FOMEVA ESPAÑA,  SL";"PASSEIG DE RONDA, 93 ALT.2";"120";"25";"25006";"973274018";14/05/2018
"DRAUDE SL";"Finca Tossal de la Nora";"254";"25";"25690";"639370420";
"TRANSGENÉ, SL";"AV.CATALUNYA, 28";"168";"25";"25143";"606311122";
"AGROTRANSPORT SL";"C/ PRINCIPE DE VIANA, 57, 4º-2º";"120";"25";"25004";"973221010";
"GANADOS ARAGON-CATALUÑA S.L";"C/ NUESTRA SEÑORA DEL CARMEN, 3-2º 1ª";"120";"25";"25001";"973212509";
"AGROVILANOVA";"CTRA. C-13, KM 18";"254";"25";"25690";"973190595";
"IGRAMSA S.L.";"C/ MONTSEC, 6 -";"250";"25";"25735";"973415171";
"SORVIPORC, SL";"C/ CLOS, 25";"003";"25";"25310";"973390289";
"Ramón Garriga S.L";"Avda Lleida s/n";"050";"25";"25250";"973321299";
"RAMADERIES SALADO, SL";"AV.CATALUNYA,4";"113";"25";"25260";"973580013";02/05/2018
"BON PORC, SL";"AV.GARRIGUES, 84";"120";"25";"25001";;14/05/2018
"GANADOS MORANCHO SL";"C/ SANT PERE CLAVER, 22 ";"120";"25";"25005";"973224473";
"AGROPECUÀRIA LLINAS";"C/ MOSSEN NICOLAU, 15";"217";"25";"25300";"973310504";14/05/2018
"AGUSTI, S.L AGRICOLA Y RAMADERA";"PARTIDA GRALLES S/N BASSANOVA";"021";"25";"25126";"973771133";
"FAR AGROP MUNTANE";"C/ MAJOR";"217";"25";"25360";"973311532";21/11/2017
"GANADOS L.M., S.L.";"C/ MAYOR, 59";"120";"25";"25100";"974425204";
"Explolifel, SL";"C/ La Plaza";"194";"25";"25216";"973524101";
"GRENLAC SL";"CAMINO ARBECA S/N";"135";"25";"25242";;30/11/2017
"EXPLOLIFEL, SL";"C/ LA PLAÇA S/N";"194";"25";"25216";"973524101";
"FIGUERAS AGRICOLAS, S.L";"AVGDA. CATALUNYA 67";"050";"25";"25250";"973320121";
"RAMADERIA ESPONA, SL";"AV. LA GENERALITAT";"134";"25";"25139";"973180206";
"TORREFORT S.L.";"TRAVESSERA DE PONENT, 4";"113";"25";"25260";"667642624";
"RAMGERPIG, SL";"CTRA. DE SANT LLORENÇ";"207";"25";"25280";"627487909";
"MACAL RAMADERA";"PARTIDA MARIMUNT, 23";"120";"25";"25196";"973248737";12/12/2017
"RAMADERIA PEDRÓS, SL";"C/ LA FONT, 10";"113";"25";"25261";"973580419";15/12/2017
"ROVOSPA S.L";"C/ PLANS I CABANOTES S/N

";"172";"25";"25740";"973294108";
"SERGI ARMENGOL S.L.";"C/ BATEDORS, 6";"003";"25";"25310";"973390377";
"NOOYEN CATALUNYA S.L";"Crta. Cervera km 19";"003";"25";"25310";;
"PUIG-PORC, S.L.";"Ctra. de Montsonís, 13";"034";"25";"25730";"630074527";
"CERCLE TANCAT, SL";"MAS SANT SEBASTIÀ";"119";"25";"25430";"609245278";
"RAMADERIES RAMSEGO SL";"C/ANGEL GUIMERÀ, 46";"158";"25";"25243";"973711506";
"LA ROURERA, SL";"AV. EDUARD MALUQUER, 9";"034";"25";"25739";"973400098";
"ALIMENTACION VACUNA,SL.";"AVDA. LLEIDA, S/N. (APARTAT 13)";"050";"25";"25520";"973322081";
"AVICOLA BATALLA, SL";"AV. AGUSTI ROS, 32";"003";"25";"25310";"973390335";16/11/2017
"CULLERÉ-TORNÉ SL";"URB. TORRE PINTOR;  C/ NOGUERA, 5";"137";"25";"25230";"606518358";
"AIXUPLÀ SL";"C/ DR. AGUSTÍ 17";"019";"25";"25100";"973741321";13/12/2017
"PEX PORC S.L.";"C/ Nacional II, Km 390,5
";"059";"50";"50177";;
"ESTISANER S.L.";"PL. ARTIGUES, 1";"172";"25";"25740";"973460127";
"PORC ART LLEIDA, SL";"PTDA.MATACANYES, S/N";"204";"25";"25183";"973780294";16/03/2018
"EXPLOTACIÓ AGROPECUÀRIA LA VALLETA, SL";"TRAVESSARA DEL SINDICAT, 4";"210";"25";"25181";"973797390";
"AGROPECUARIA PLA AGUILAR, SL";"MONTROIG";"911";"25";"25212";"973554030";21/11/2017
"GERPITA, SL";"C/ JESÚS SANTACREU, 18";"034";"25";"25730";"973400472";
"OPCIPORC, S.L.";"CTRA. CERVERA, KM. 19";"003";"25";"25310";;
"SORVIL INVERSIONS S.L.";"C/ CLOS, 25";"003";"25";"25310";"973390289";
"RAMADERA BOIX";"CTRA D~OLIOLA S/N FINCA BOIX";"150";"25";"25749";"627404082";
"RAMADERIES COLL, SL";"C/MACIA  VILADOT, 16";"113";"25";"25260";"973580359";29/03/2018
"PEX ARAGÓN";"C/ TOLLANTO, 3 50171 BUJARALOZ";"059";"50";"50171";"659 865 85";
"ANTONI TÀCIES, SL";"ST. ROC, 15";"217";"25";"25300";"973310719";
"RAMADERA RAMON SL";"CTRA DE LES PUELLES, 19";"003";"25";"25310";"973390742";
"GRANJA JOVÉ, CB";"C/ MAJOR, 28";"119";"25";"25430";"973150677";16/05/2018
"UNIÓ PORCINA REMOLINS";"C/ FRAGA, 58";"011";"25";"25180";"973791206";16/11/2017
"ILEROSCAPORC,  SL";"CL JOSEP BENET, 4";"072";"25";"25200";"639831233";
"Solsona Serret, SL";"C/ Joan Maragall, s/n";"248";"25";"25264";"973324275";
"PAL DE PALLER SL";"C/ BELLVÍS, 3";"240";"25";"25680";"973432181";
"RAMADERIES EROLES S.L.";"C/ SANTA MARIA, 10";"070";"25";"25334";"650494260";
"RAMADERIES GARRABOU SL";"COSTA DE LA CREU 1";"907";"25";"25211";"658877263";
"HOLIPORCI, SL";"CTRA.CERVERA, KM.19";"003";"25";"25310";"699084367";16/03/2018
"LAVRIJSEN AGROPECUARIA CATALANA, S.L.";"CRTA. CERVERA,  19.";"003";"25";"25310";"973000001";09/07/2018
"AGROPECUARIA DE FORADADA S.L.";"C/ CARRETERA, Nº 10";"094";"25";"25737";"973400074";
"RAMADERA TOJOLA, SL";"CTRA. CERVERA, 19";"003";"25";"25310";"973390905";29/03/2018
"PORCOSPAIN, SL";"CTRA. CERVERA KM. 19";"003";"25";"25310";"973390835";29/03/2018
"RAMACAT 2000, SL";"C/ PERE CABRERA, 16 3A";"120";"25";"25001";"973210159";
"RAMADERIES BELLMUNT, SL";"C/ MAJOR, 3";"052";"25";"25142";"973565691";23/11/2017
"SIMON PORCI, SL";"PARTIDA MONT";"115";"25";"25656";"973664250";28/11/2017
"RAMADERIES MIQUELÓ, SL";"AV. JUNEDA, 14";"180";"25";"25420";"973143599";
"LA DEVESA RAMADERA SL";"CASA GASSET, S/N";"034";"25";"25738";"973400071";
"AGROPECUARIA ARDIACA MORLO, S.L.";"CL. SANT PASCUAL BAILON 33 BJ";"120";"25";"25195";"973235388";
"CAMIBERT 2000, SL";"C/ PLA DEL MOLÍ, 36";"119";"25";"25430";"973170009";
"GANADOS ARAGON CATALUÑA, S. L.";"C/ NTRA. SRA. DEL CARMEN, 3, 2º,1ª";   ;"25";"25001";"973213082";
"IGNACIO RAMADERA, SL";"C/OSCA,  95";"120";"25";"25198";"973223746";16/03/2018
"CECOPOR, CL";"JAUME II NUM 3 ALTELL B";"120";"25";"25001";"973202147";
"RAMADERIES JAUME RIBERA, SL";"C/ ROMANÍ, 13";"050";"25";"25250";"667558869";
"GANADERA SANT JORDI, S.L.";"C/ NORTE, 5";"137";"25";"25230";;23/11/2017
"GENETIC FARMING S.L.";"C/ BISBECOL";"113";"25";"25260";"973580766";16/03/2018
"GLOBALPORC SL";"ALCARRÀS";"011";"25";"25180";"973790487";
"CATARÓ, SL";"C/ MACIÀ VILADOT, 29";"113";"25";"25260";"677410239";
"RAMADERA D'HOSTAFRANCS";"CARRETERA, 2";"911";"25";"25212";"973520179";16/03/2018
"SALA CARLÓ ";"C/ ENRIC GRANADOS NÚM. 3, 4ª 2º";"192";"25";"25270";"973556096";
"LA SAIRA S.L";"C/ Mayor 149";"019";"25";"25100";"636990561";
"VILATORNE SL";"MARIÀ ANZIZU";"034";"25";"25730";"639237751";16/03/2018
"RIUVARBEL SL";"C/ SANT PELEGRÍ, 109 BAIXOS";"217";"25";"25300";"973221544";
"SAURA GASSET SL";"CASA GASSET S/N";"034";"25";"25738";"973400071";
"ARNOCOM,SLU.";"C/ ALGUAIRE, 4,1º,2ª";"019";"25";"25100";"600467964";
"RAMADERA MARC COLL, SL";"AV. MARIA ANZIZU, 72";"034";"25";"25730";"663307396";
"AGROPECUARIA INGLA, SL";"C/ DE BAIX, S/N";"034";"25";"25739";"679681347";
"RAMADERIA VILVES S.L.";"C/ MARE DE DÉU DEL PLA, 4, 2C";"034";"25";"25730";"687500457";
"FINQUES MONTCLAR, SL";"CARRE BARONS DE MONTCLAR, 17";"003";"25";"25310";"973221544";
"SAPIPORC S.L";"C/ Verge de Salgar nº 38 1ª";"034";"25";"25730";"6599005248";
"AGROPECUARIA LES SOGUES SL  ";"CARRER RAVAL DE LA CREU, 27";"254";"25";"25690";"679470400";
"AGRICOLA GANADERA BANCALL SL.";"C/ Carraso I Formiguera, 1-2 N";"217";"25";"25300";;
"GRIALPORC, SL";"CARRER SITGES, 14";"034";"25";"25730";"686635726";
"AGRIMENT SPAIN SL";"Cl. Sant Pelegri, 109 Baixos";"217";"25";"25300";;
"RAMADERIA MOR SL";"LA BASELLA, 16";"118";"25";"25165";"973128026";
"BORRÀS RAMADERS, SL";"C/ PLA, 3";"015";"25";"25130";"973426059";
"CAMARASA POTRONY SL";"AP CORREUS, 58";"172";"25";"25740";;
"PINSOS URSA, SL";"CARRETERA DE BALAGUER, S/N";"027";"25";"25320";"648204742";
"AGROGANADERIA JOMAR SL";"C/NORD, 5";"240";"25";"25680";"619811541";
"GUARDIA GASSO, SL";"CARRER TORRE LA GUARDIA  SAN MARC DE BAT";"034";"25";"25730";"609320634";
"GEMAT MEIÀ SL";"C/CATALUNYA, 7";"250";"25";"25735";"686405539";
"EXPLOTACIONS RIERA, SL";"AVDA. MARIA ANZIZU, 72";"034";"25";"25730";"608139377";
"GRUPO PREMIER PIGS SL";"MASIA VICENT MAS S/N";"181";"25";"25318";"973982450";
"INVERSORA LEISTON, S.L.";"C/ MAJOR, 22";"240";"25";"25680";"606338719";
"CEREALPIG, S.L.";"Plaça Catalunya, 1";"021";"25";"25126";"632295637";16/11/2017
"BARO CODINA, SL";"CASA GABERNET , 0";"042";"25";"25747";;22/05/2018
"ESMARPIG, SL";"MASIA BON JOSEP";"165";"25";"25790";"690694320";
"ADEINNOVA AVÍCOLA SL";;"204";"25";"25730";"973040011";
"AGROPECUARIA PIGSAR, SL";"CARRER BARONS, 17";"003";"25";"25317";"616382163";
"CAL BONJOSEP, SL";"BARRI DEL ROSER 7";"165";"25";"25790";"000000000";
"AGRORAMADERA GASET S.L.U.";"JOSEP PLA 1, 2º 2ª";"192";"25";"25270";"650448039";
"ALVIMA PORCINO , S. L.";"AVENIDA DE HARO, NUM 16, BAJ";"138";"26";"26250";"941342745";
"PIENSOS MUGA S.L.";"POLIGONO INDUSTRIAL LAS LABRADAS S/N";"232";"31";"31500";"948820335";23/03/2022
"GANADOS MACUTO SL";"CAMINO NEGUERUELA Nº 9";"024";"26";"26257";"629857029";
"I.G. SAN CRISTÓBAL, S.L.";"C/ABAJO, 20";"092";"26";"26315";"941369146";
"GANADOS GAMBRIALES S.L.";"CLOTILDE SERRANO, 17";"008";"26";"26559";"687400457";
"BLAN CEBOLLERO, S.L";"C/ MADRID 18 4 PTA A";"048";"22";"22300";"636506006";
"GRANXAS O GALO DE LUGO, S.L.";"URIZ, S/N";"011";"27";;"982313090";05/12/2022
"CAPONCITO S.R.L";"RUA ACIBRO 42 A. POL. INDUSTRIAL. VILALBA. LUGO";"065";"27";"27800";"609639260";
"AVILUGO SL";"RUA ACIBRO 42-A. POL.INDUSTRIAL-VILALBA- LUGO";"065";"27";"27800";"609639260";
"MATADERO DE AVES SUAVI, S.L.";"B.º FAZAI S/N-CASAS DA VIÑA";"028";"27";;"982220245";
"PITO GALEGO SL";"Fazay-Carballido-Lugo";"028";"27";"27146";"982223012";05/12/2022
"HERMANOS ARIZA TORRALBO, S.L.";"CARRETERA DE VADOFRESNO, S/N";"024";"14";"14913";"957598423";
"MADRIGAL QUINTANA";"C/ SAN FRANCISCO 22";"089";"29";"29327";;
"AGROPOR, S.L.";"FINCA LA MOLINETA";"038";"30";"30565";"968626711";
"PIENSOS FRANDI S.L.";"C/ SAN FRANCISCO, 72";"033";"30";"30890";"968460412";02/05/2019
"CONCENTRADOS Y PIENSOS S.L.";"CTRA. GRANADA KM 2,5";"024";"30";"30817";"968442511";02/05/2019
"HERMANOS LUCAS S.L.";"PUENTE DE LA PIA";"024";"30";"30800";;02/05/2019
"PIGAPESA";"CAMINO HERREROS Nº 5";"030";"30";"30169";;
"PROCAVI, S.L.";"CTRA. COMARCAL 339, 23,6";"060";"41";"41620";"955847879";
"PIGASUR, S.L.";"PUENTE DE LA PIA, S/N";"024";"30";"30800";"968468187";
"GANAD0S  MI ANDRES S.L.";"PARTIDOR DE LOS MORALES, 14";"024";"30";"30800";"968468981";02/05/2019
"PROGAPOR XXV, SL";"CTRA. PULGARA, 299. DIP. DE PULGARA";"024";"30";"30800";"968468896";
"AVICOLA HERMANOS CRISTINO, S.L.";"GARCIA AREVALO Nº 7";"017";"30";"30420";"968740313";
"NEGOCIOS GANADEROS Y PECUARIOS SL";"APARTADO DE CORREOS, Nº 43";"033";"30";"30890";"639626959";02/05/2019
"CASTILLO DE LARACHE S.L.";"AVDA. MURCIA, Nº 50";"030";"30";"30110";"968626711";02/05/2019
"EUROPAVO, S.L.";"PLAZA SANTA ISABEL, 2";"030";"30";"30004";;
"BIBIANO Y CIA. S.A.";"CTRA. DEL ALBUJON. POZO ESTRECHO";"016";"30";"30594";"968556413";02/05/2019
"PIENSOS CARTAGENA S.L.";"FINCA LA MARIPOSA, S/N  -LOS DOLORES-";"016";"30";"30310";"968330204";
"AVIPIC";"C/ ANTONIO INGLÉS, 5";"021";"30";"30320";;02/05/2019
"AGROURBANA CARTHAGO, S.L.";"FINCA LOS ROSES, S/N - LA APARECIDA";"016";"30";"30395";;
"EXPLOTACIONES FRANCES, S.L.";"C/ VILLA CONESA  Nº 61";"021";"30";"30320";;
"AGM PORK, S.L.";"C/ MANUEL DE FALLA, 8";"021";"30";"30320";"629678464";
"AVICOLA SANTA BARBARA, SL";"CRTA. CARTAGENA-MAZARRÓN, KM 11";"016";"30";"30396";"968163072";
"GRANJA LOS ALECOS, SL";"CTRA PAMPLONA-ZARAGOZA KM 24";"045";"31";"31395";"948720037";
"AGROPECUARIA SAN FERMIN, SL";"CTRA DE ZARAGOZA Km 37";"227";"31";"31300";"948700900";23/03/2022
"AN AVÍCOLA MÉLIDA SL";"Pol. Bajo Aragón - C/Desvío s/nº";"164";"31";"31382";"948299405";
"EXPLO. AGROPECUARIA LA SARDA, S.L.";"CTRA. DE PEÑA KM 4";"216";"31";"31400";"948720037";23/03/2022
"AVICOLA ESQUIROZ SL";"AVDA EULZA Nº19 - 3º Izda";"901";"31";"31010";;
"BIURRUN, SL";"Pol. Ind. Morea Sur Ampliación C/B nave 14";"905";"31";"31191";"948360146";
"GRANJA ALAIZ SL";"C/ PAULINO CABALLERO, 50";"201";"31";;"948237170";23/03/2022
"GANADOS GOGORZA SL";"PINTOR ASARTA, 7-6º D";"201";"31";"31007";"948175444";23/03/2022
"AGROPECUARIA GRANADA S.L.";"CARRETERA DE LA ESTACIÓN S/N";"014";"31";"31281";"948395030";23/03/2022
"GRANJA LA CANTERA S L";"C/ JIMENEZ DE RADA 28";"064";"31";"31515";"948836167";
"GRANJA BELASCOAIN, S.L.";;"052";"31";"31174";"948329201";
"GANADOS JIMENEZ CAMBRA S L";"ALBURQUERQUE, 10";"064";"31";"31515";"948836123";
"AGOTZAINA SL";"AGOTZAINA SL";"027";"31";"31839";"626553025";
"GANADOS BARBERENA, SL";"C/SAN SIMÓN, 34 - LIZASO";"236";"31";"31799";"948305348";
"ARDIBERRI SL";"C/ VIRGEN DE CODES Nº 18 - 4º B";"201";"31";"31011";"658780206";23/03/2022
"LERIN AGROPECUARIA SL";"PG B.ZALAIN, S/N";"250";"31";"31780";"948625016";
"AGROPECUARIA DEL PATO SL";"CALLE YANGUAS Y MIRANDA 29 9 C ";"201";"31";"31003";"609956063";
;;"054";"32";;;
"INDUSTRIAS CARNICAS CALEIRO SL";"CTRA . DE TORDESILLAS, S/N";"053";"49";"49530";;
"INAGA - INTEGRACIONES AGROPECUARIAS GALLEGAS";"AV. LUIS ESPADA 63";"085";"32";"32600";"660983818";
;;;"36";;;
"GANADOS BRAÑA, S.L.";"C/RIBERA, 19
POLIGONO INDUSTRIAL RIAÑO 1
";"031";"33";"33920";;
"AVICOLA OTRES, S.L.";"BARRANTES, S/N";"046";"36";;;
"LOURIÑA, S.L. ";"POMBAL, S/N - LOUREDO";"033";"36";;"986331214";05/12/2022
"GRANJA LOS ROSALES, S.L. ";"RAÑADA, 3";"050";"36";;"986658195";05/12/2022
"AVICOLA TRATANTE, S.L.";"ANTONIA FERRIN 9 3 A";"024";"36";"36500";"699924649";
"AVICOLAS DEL SALNES, S.L.";"CARBALLAL, 19-SAIAR";"005";"36";"36060";"986535192";05/12/2022
"AVICOLA ALPES, S.L. ";"CARRETERA DE CODESEDA-CAÑO SIFON, 6";"017";"36";;"986570894";05/12/2022
"SOUTO REY S.L.";"C/ JOSE ANTONIO, 65";"052";"36";"36540";"986581130";
"SELEPOR S.L.";"C/ JOSE ANTONIO, 65";"052";"36";"36540";"986581130";08/08/2008
"AVIPOR SILLEDA S.L.";"CTRA DE LA ESTACION 24-26";"052";"36";"36540";"986580375";05/10/2005
"MEIJOMIN S.L.";;"052";"36";"36540";"658932720";
"AVICOLA FERRER, S.L.";"MILLERADA-GALLEIRO, 165BVILAR DE INFESTA";"045";"36";"36800";"986400292";05/12/2022
"LUIS DOMINGO HERNANDEZ E HIJOS SL";"CALLE HUEBRA, 9, POLIGONO IND I-2";"156";"37";"37770";;
"EMBUTIDOS FILI S.L.";"CALLE GUARDIA CIVIL, NUM.66";"171";"37";"37730";"676471048";
"CANPIPORK SL";"POLIGONO AGROALIMENTARIO PARCELA 18";"156";"37";"37770";;
"CEDEPOR CASTILLA S.L.";"CL LAZARILLO DE TORMES, 39-45 ESC. DCHA 4º E";"274";"37";"37005";;
"GARCIA PRIM, SL";"CTRA. GUIJUELO, 32";"174";"37";"37310";;
"EXPLOTACION GANADERA LA ERMITA, SL";"PLAZA DE ESPAÑA,8
(CAMPILLO DE SALVATIERRA)";"156";"37";"37778";;
"F. HERNANDEZ JIMENEZ E HIJOS, SL";"PG AGROALIMENTARIO (SIERRA TONDA 15)";"156";"37";"37770";;
"IBERICOGEN SL";"C/ GRAN VÍA 45";"274";"37";"37001";"626721291";
"IBERICOS DE ARAUZO 2004 SL";"C/ LARGA 33";"382";"37";"37408";;
"GANADERIA CASASECA 2010, S.L.U.";"CALLE BERMEJEROS, NÚMERO 25, PLANTA 3, PUERTA B";"274";"37";"37002";;
"IZCAPORK SL";"CTRA DE ZAMORA KM 310";"323";"37";"37799";"923158087";
"IBERICOS JOSE PUERTO SLU";"CALLE VALLADOLID, NUM 9
POLIGONO IND CASTELLANOS MORISCOS";"092";"37";"37439";;
"RIESCO DE MARIA SL";"PLAZA CAMPILLO, NUM. 2 PLANTA 3, PUERTA A";"274";"37";"37002";"659798914";
"COMERCIAL PECUARIA SEGOVIANA, SL";"CAMINO MORALEJA, 5";"057";"40";"40480";;
"INNOPORC SL";"CALLE CIPRES, NUM. 210";"216";"40";"40140";;
"SOCIEDAD AGROALIMENTARIA TEJARES HERMANOS CHICO, S";"BARRIO DE TEJARES, S/N";"091";"40";"40314";;
"ACOMPOR PIGS, S.L.";"POLIGONO LOS ARENALES";"219";"40";"40213";"921150565";
"JOSE LUIS SANTOS GARCIA, SL";"C/ FOTOGRAFO RAFAEL Nº 1";"063";"40";"40200";;
"RODRIGUEZ SACRISTAN SL";"CL. SANTA CLARA, 15";"063";"40";"40200";;
"GENERAL GANADERA DEL NORTE, S.L.";"FINCA EL ABAL-VIZOÑO-ABEGONDO";"001";"15";"15318";"689545737";
"GANADEROS ESCOLASTICOS EL CAMPILLO SL";"C/ LA IGLESIA, 7 (CHATÚN)";"063";"40";"40241";;
"GANADOS MUÑOZ IGLESIAS, SL";"CM SAN CRISTOBAL";"219";"40";"40213";;
"TABLADILLO SELECCION SL";"PARAJE DE LOS BARREROS, PARCELA 19 POLIGONO 1";"185";"40";"40122";;
"AGROPECUARIA EL SOL S.L";"CALLE ESTRELLA, 23, ";"083";"41";"41880";"955999900";
"AGASUR S.L.";"AVENIDA DOCTOR FLEMING, 1,";"039";"41";"41400";"954830259";
"GRANJA EL ALMENDRAL S.L.U.";"CL CIRCUNVALACIÓN DEL REAL";"024";"41";"41410";;
"GRANJA EL NIÑO CACHETE SL";"CALLE ROSARIO, 213";"102";"41";"41520";"625508330";
"SIERRA DEL PIMPOLLAR S.L.";"FINCA EL PIMPOLLAR S/N";"080";"41";"41250";"923215528";
"ANTONIO NAVARRO E HIJOS S.L";"OBISPO SALVADOR BARRERA Nº 21";"060";"41";"41620";"653997070";
"EXPLOTACIONES CADENAS S.L.";"C/ REAL 74";"102";"41";"41520";"954140932";
"EXPLOTACIONES AGRÍCOLAS Y GANADERAS LA CAMPIÑA S.L";"AVD DOCTOR FLEMING Nº 1 ECIJA ( SEVILLA)";"039";"41";"41400";"659620331";
"GANADERA DEL SURESTE S.L.";"C/ REAL 74";"102";"41";"41520";;
"AGROPECUARIA CADENILLA S.L.";"C/ LINDES, S/N";"060";"42";"42181";"975390348";
"GANADOS CINTORA S.L.";"Avda. de Olvega s/n";"004";"42";"42100";;
"EXPLOTACIONES RUBIO LASHERAS S.L.";"Plaza San Miguel, nº 32";"004";"42";"42100";"659943609";07/10/2008
"MOBAPOR, S.L.";"C/ AVILA, Nº 1";"134";"42";"42110";"976645158";
"COMPUESTOS RUBIO LASHERAS S.L.";"CR DEVANOS 3";"004";"42";"42100";;
"ICPOR SORIA, S.L";"Avda. Valladolid, 105";"173";"42";"42005";"975233621 ";
"SINOVA PORK, SOCIEDAD LIMITADA";"AVDA. DE VALLADOLID, 105";"173";"42";"42005";;
"GARTRANS 71 S.L.U.";"CAMINO CARTAGENA, 65";"024";"30";"30815";;
"AVIGAN TERRALTA SL";"CARRETERA VINALLOP T-331 KM. 20, 436 0";"155";"43";"43500";"977474361";
"GANADERIA LA SEGARRA DE GAIA, SL";"FINCA SERRADALT (AFORES)";"005";"43";"43460";;02/05/2018
"PRODUCCIONES AVICOLAS DE VILALLONGA DEL CAMP, S.L.";;;"12";;;
"PIENSOS BORRAS, SL";"CTRA. DE MORA S/N";"064";"43";"43780";"977420081";
"CIUPORC - 2. S.L.";"C/ RACO 7";"099";"43";"43370";"977819331";16/01/2018
"JOSEP RUANO JUNCOSA, S.L";"CR DOCTOR DOMENECH  4 BAIXOS";"123";"43";"43203";"977322727";
"COARI SL";"RAVAL MARTÍ FOLGUERA, 33 1R., 1A.";"123";"43";"43202";"977360104";
"GRANJA PAGES,S.L";"PTADA. ROQUIS, S/N";"129";"43";"43201";"977319200";09/06/2017
"AVICOLA RECAL S.L";"ESCOLES 1";"078";"43";"43878";"977718444";02/05/2018
"GRANJA MARTORELL, S.L";"PL LLIBERTAT, 8 2on 2a";"123";"43";"43201";"977317010";
"ALIMENTACIO TECNIFEED SL";"CAMI DE L~ ALEIXAR, 48, 6-2";"123";"43";"43202";;
"COMERCIAL RAMADERA BAIX CAMP, SL";"C/SANT SEBASTIA, 3";"123";"43";"43204";"977344185";
"COMERCIALITZACIÓ AVÍCOLA SUBIRATS, SL";"C/ BARCELONA, 217
";"155";"43";"43500";"977449353";
"DE AARDBORST SPAIN, SL";"CARRETERA MAS DE BARBERANS KM 23 (APARTAT DE CORREUS 95)";"133";"43";"43520";"649408367";
"AVICOLA DE LA SELVA DEL CAMP S.L";"CRTA REUS A MONTBLANC KM 5,7";"145";"43";"43470";"977845715";
"PORDECONA, SL";"C/HISTORIADOR DESPUIG, 36";"155";"43";"43500";;02/05/2018
"AGROPECUARIA RIBERAPORC, SL";"C7 LA CREU, 2";"084";"43";"43747";"609821960";01/03/2018
"GANADERIES TAGO, SL";"PLAÇA SANT FRANCESC, 1 BIS";"123";"43";"43202";"977312962";28/11/2017
"PIENSOS MDM, S.L.";"CAMINO SANTA BÁRBARA, 2-4";"145";"44";"44564";"978849915";
"INCODOL, S.L.";"AVDA. ARAGÓN, 41, 1, 1º A";"013";"44";"44600";"978834296";
"PRODUCCIONES AGROPECUARIAS AVIALPE, S.L.";"CTRA. VALÈNCIA T-331, KM 20~4";"155";"43";"43500";"977474361";
"PRODUCCIONES CAMPERAS,S.L";"Barcelona,217";"155";"43";"43500";"649454928";
"AVÍCOLA SUCER SL";"C/ BARCELONA";"155";"43";"43500";"977449353";28/11/2017
"GRANJA LOS GOLLIZNOS, S.L.";"Ctra. Torralba, s/n";"056";"44";"44350";;
"GRANJA EL TOSCAL, S.L.";"CTRA. ESTACIÓN, S/N";"056";"44";"44350";"978862153";
"AGROMASINA, S.L.";"C/ GIL, 3 
44141 MIRAMBEL";"149";"44";"44141";"978848115";
"JOSE LUIS PARICIO, S.L.";"CL. SAN BERNARDO, 2";"068";"44";"44630";"616151901";
"J. MATEO PASCUAL, S.L.";"CL. EL PUENTE, 2";"151";"44";"44556";"616484520";
"AGABA S.L";"CTRA. ZARAGOZA, 130";"013";"44";"44600";"978832219";
"PRODUCTOS CARNICOS FERLOM, S.L.";"PZA. JOAQUÍN COSTA, 4-2º";"013";"44";"44600";"978870026";
"JOSE LUIS Y PASCUAL PARICIO PALLARES, S.L.";"CL. SAN BERNARDO, 21";"068";"44";"44630";"978877008";
"EXPLOT.AGROPECUARIAS DOLZ-ADELL, S.L-EXADA";"CL. COLLADO, S/N";"147";"44";"44621";;
"AGROPECUARIAS TARTER S.L";"CTRA. CALANDA, S/N";"145";"44";"44564";"978848000";
"INT.PORCINAS S.L";"CL. PORTILLO, 9";"014";"44";"44550";"629737074";
"SILOS VAL DE ZAFAN, S.L.";"Cl. Molino Aceitero, 8";"191";"44";"44510";"978821602";
"SIMAGRA S.L";"AVDA. CATALUÑA, 50";"049";"44";"44610";"978851430";
"DAMPER S.L.";"CL. LOS MOLINOS, 1";"056";"44";"44350";"978862080";
"VACUNOS BAJO ARAGON. S.L.";"CTRA. HÍJAR, 14";"191";"44";"44510";"978826490";
"OVICABO, SLU";"CTRA. CATELSERAS, KM. 2,5";"013";"44";"44600";"669414050";
"CEBADEROS PORCINOS DE LLEDO, S.L.";"CL. CUESTA, 28";"141";"44";"44624";"978891919";
"AGROGANADERA BAJO MARTI, S.L.";"Pol. LA VENTA DEL BARRO";"191";"44";"44510";"978821602";
"EXPLOTACIONES AGROPECUARIAS LORCEL, S.L.";"Cl. Nevera, 11";"080";"44";"44640";"978846336";
"DOLMARPORC";"MASÍA VILLARROYA, S/N";"149";"44";"44141";"964178276";
"GRANJA NUESTRA SRA. DE LA ASUNCION";"Cl. La Rambla, 2";"115";"44";"44168";"978776086";
"AGROPECUARIA ALCORISA, S.L.";"Pol. Ganad.Alcorisa, 26 - Parc.60";"014";"44";"44550";;
"TERRAIBERICA DESARROLLOS S.L.";"CENTRO EMPRESARIAL GALILEO LOS ENEBORS, Nº 74, 2ª PLANTA";"216";"44";"44002";"978623077";
"INDOLA 2000, S.L.";"CL. COLLADO, S/N";"147";"44";"44621";"978834296";
"TOZIN DEL XILOCA, S.L.";"CL. LA BALSA, 7";"047";"44";"44330";"699443917";
"PORLEJMON, S.L.";"Cl. Mayor, 3";"107";"44";"44579";;
"GARTE GANADERA, S.L.";"Cl. El Carmen, s/n";"111";"44";"44711";"608739268";
"GRANJA COLLETS, S.L.";"Cl. Rosario, 17";"179";"44";"44586";"978896628";
"PORGISA II, S.L.";"c/ Partida Umbrías, s/n";"035";"44";"44220";;
"GRANJAS GUCO, S.L.U.";"CL. TARRAGONA, 1";"246";"44";"44580";"978850062";
"DINOPORC, S.L.";"CL. BAJA, 4";"179";"44";"44586";"610782314";
"VILLALLOZA, S.L.";"CL. LOS ENEBROS, 74 - 2º";"216";"44";"44002";"660922614";
"GANADOS SOLER MONFORT, S.L.";"CL. MALVA, 3";"149";"44";"44141";"964178255";
"AGUSTIN LAPESA, S.L.";"Cl. Peñuela, 11";"033";"44";"44320";"978733278";
"PORCINO TASTAVINS, S.L.";"C/TERUEL,48";"179";"44";"44586";"978896806";
"SUEÑOS DE CAMBIO, S.L.";"Cl. B, 84 - 3  Poligono La Paz";"216";"44";"44195";;
"PORCINO ALQUEZAR S.L.";"C/ CIUDAD DEPORTIVA 14";"013";"44";"44600";;
"LOVIPOR, S.L.";"CTRA. TORREVELILLA, 2";"080";"44";"44640";"639654845";
"TERPIG RL 17, S.L.";"CL. SAN ROQUE, S/N";"149";"44";"44141";"630787132";
"GANADOS PEÑARROJA, S.L.";"CALLE BENIGAFULL, 52, 2ºC";"126";"12";"12600";"633256020";
"CAMAR AGROALIMENTARIA, S.L.";"CONDE DE CEDILLO S/N";"047";"45";"92555";"45214";
"EXPLOACIONES AGROPECUARIAS CRISGER S.L.";"AVDA SALVADOR ALLENDE, ENTREPLANTA, 3";"165";"45";"45600";;
"PIENSOS COMPUESTOS ROBLEDO S.L";"CARRETARA NACIONAL 5 KM 122";"165";"45";"45600";"925805333";
"PIENSOS EL PILAR, SL";"LAGUNILLA 7";"019";"45";"45593";"629023138";
"TELLO INTEGRACIONES PORCINAS S.L.";"CTRA NAVALPINO KM 27,800";"174";"45";"45163";;
"INTEGRACIONES MANCHEGAS, S.L.";"CTRA. TO7424V, KM. 0,500";"137";"45";"45690";;
"PROYECTOS ROTUR-3 S.L";"AVDA. PRINCIPE 51";   ;"45";"45600";;
"GRANJA PORK II, S.L.";"CTRA. SERRANILLOS, S/N";"201";"45";"45220";"925520626";
"AVICOLA VALDECARABANOS S.L";"C/TOLEDO 8";"078";"45";"45750";;
"INTEGRACIONES LA ENCINILLA S.L.";"CTRA TOLEDO KM 2,500";"137";"45";"45690";;
"GANADERA ROZAE S.L.";"C/ ANCHA 20";"137";"45";"45690";"925860247";
"GRANJAS DULCESOL, S.L.";"AVINGUDA DE ALACANT 134";"131";"46";"46700";;
"LAURIA S.L. ";"CTRA. DE MADRID, 65";"249";"46";"46300";"962170281";
"HUEVOS EFE, S.L.";"AVDA. CONSTITUCIÓN, 77";"107";"46";"46821";"962220506";
"HUEVOS GUILLEN SL";"C/ JUAN DE LA CIERVA, 27 PARQUE TECNOLOGICO. WELLNESS, 2 BAJO";"190";"46";"46980";"961549390";
"DOLZ ESPAÑA, S.L";"C/ CORRETGERS, Nº 1";"029";"46";"46680";;
"PIENSOS DEL JUCAR, S.L.";"C/ BELGICA, 2-42";"250";"46";"46021";"963623700";
"AVICOLA HIDALGO SL";"AV REINA VICTORIA, NUM 28";"010";"28";"28439";;
"SADA PA CENTRO S.L.";"CAMINO SAN ADRIAN S/N";"186";"47";"47001";"979780605";
"CARNICAS QUINTANILLA SL";;;"39";;;
"UTREROS 2000 SL";"PG ESPARRAGAL PARCELA 51";"155";"47";"47155";;
"IBERICO LA ARMEDILLA SL";"CR QUINTANILLA 10";"054";"47";"47313";;
"HERMI GESTION SL";"AVDA LOS ALAMOS, NUM. 50 PORTAL P";"052";"47";"47193";"983403028";
"MARCOPOLO COMERCIO, S.L.";"CTRA. SEGOVIA, Km 19,5";"007";"47";"47162";;
"ZOE EL RAYO SL";"CALLE MAYOR, 4, PLANTA BAJA.";"109";"47";"47812";;
"VERSTOVO-ES SL";"APARTADO DE CORREOS Nº80";"175";"47";"47320";;
"AVES LA NEVERA, SL";"RECTOR LUCENA 20-28 ESC. DCHA. 2º C  (37002 SALAMANCA)";"232";"46";"46320";"605985345";
"AGROPECUARIA HERMANOS BARRERO S.L.";"C/ MAYOR, Nº 66";"206";"49";"49610";"980648200";
"CIRO CASAS E HIJOS SL";"C/ CLAVEL, Nº 4";"127";"49";"49190";"980570366";
"ANRAL, SL";"AVDA. TRES CRUCES, 2";"275";"49";"49002";;
"AVICOLA GALOCHA, SL";"POLIGONO INDUSTRIAL DE SAN CRISTÓBAL, FINCA LAS ESPERAS";"187";"49";"49690";;
"INTEGRACION AVICOLA DE BENAVENTE SL";"CALLE FINCA LAS ESPERAS, S/N";"187";"49";"49690";;13/07/2018
"IBERALVAREZ SL";"CL FUENTESECAS 19";"107";"49";"49832";"980696030";
"DOUX AVÍCOLA, S. A.";"AVDA. ALCALDE CABALLERO, 18";"297";"50";"97647";" 50014";
"AGROPECUARIA HERMASA S.L.";"Pº MURO, 26, 1º DCHA";"095";"50";"50600";"976661181";
"JAGASA -JALÓN GANADERA S.L.";"J.PABLO BONET,6";"297";"50";"50006";"976372061";
"CUARTE, S. L.";"CTRA. LOGROÑO,KM.9,200";"272";"50";"50180";"976770513";
"PRODUCCIONES PECUARIAS S.L.";"CTRA. DE RIVAS, KM. 1,5";"095";"50";"50600";;
"EXPLOTACIONES BAJO ARAGON SL..";"CAMINO CAPELLAN S/N";"074";"50";"50700";"976630673";
"PLATORRE S.L.";"PORTILLO, 39";"008";"50";"50630";;
"GRANJAS MATEO S.L.";"PLZA. ARAGÓN,12";"053";"50";"50641";"976652272";
"LA SIERRA GANADERA S.L.";"C/ CARRENUEVALOS S/N";"125";"50";"50236";"976848066";
"GRANJA BAILÓN, S. L.";"Ctra. Alpartir Km 1,8";"025";"50";"50100";"976600782";
"GRANJA REMON S.L.";"Pº DE LA RAMBLA, 11";"230";"50";"50670";"976675523";
"AGROPE. BADIA CAMPANALES S.L.";"BATEA, 28";"102";"50";"50793";"976635037";
"COECAR";"BARCA, 43";"119";"50";"50786";;
"CAMPING PORC S.L";"CL. NIEVES LAMANA, 2-4";"053";"50";"50641";"976652206";
"CAMPANALES BALAGUER AGRÍCOLA, S.L.";"C/Escuelas Nº 7";"102";"50";"50793";"636636575";
"P.G. ARAGON";"VADO, 13";"261";"50";"50512";;
"GALLINAT E HIJOS S.L.";"C/VIRGEN DEL PILAR, 12";"102";"50";"50793";"976635121";
"GANADOS HERVAL";"Cº MILINO DEL REY, S/N";;"50";"50620";;
"GANADOS SAN RICARDO S.L.";"C/ DON JAIME I, 32, 3º";"297";"50";"50001";"605996894";
"EBROPOR S.L.";"CTRA. ZARAGOZA, KM.27,6 50630";"008";"50";"50630";;
"INTEGRADOR.G. VALLE DEL EBRO S.L.";"VALLE DE ORDESA, 33";"235";"50";"50840";"976684211";
"GANADERIA SALILLAS S L";"CARRERA DE CABALLOS 62";"008";"50";"50630";;
"CODORNICES VILLAGRASA, S.L.";"CRTRA. NACIONAL II, KM 389";"059";"50";"50177";"976173275";
"GANADOS CUARTERO S.L.";"CONDE ARANDA, 31";"053";"50";"50641";"976652380";
"SAPAPORC";"C/ CALVO SOTELO, 22";"235";"50";"50840";"976185884";
"PUENTE OLIVOS, S.L.";"CL. COSTA, 9-1º";"297";"50";"50001";;
"ARADEPOR s.l.";"C/ Tollanco, s/n";"059";"50";"50177";"679429782";
"VACUNO ZARAGOZA SL";"LA BARCA, 43";"119";"50";"50786";;
"ALBORGE ARGASAN S.L.L.";"C/ MAYOR, Nº 3";"012";"50";"50781";;
"GRANJA ESCAMUR S.L.";"C/ San José, nº 10";"206";"50";"50161";"653971371";
"GANADOS ALTO MIRA S.L.";"CLAVEL, 5";"252";"50";"50660";"687992932";
"BERKMORTEL ESPAÑA S.L.";"C/ Doctor Cerrada, nº 14, rdv. 2ª, 3ºA";"297";"50";"50005";;
"GANADOS ANDREA, S.L.";"PASEO LAGOS DE ALBA, 9-1ºB";"297";"50";"50011";"666240107";
"CUAPEL S.A.";"NIEVES LAMANA 2,6";"053";"50";"50641";"976652206";
"DISORA, S.L.";"POLG. VALDEFERRIN - OFICINA 4";"095";"50";"50600";"9766777234";
"FRANCISCO PUEYO S.L.";"C/ SAN BARTOLOMÉ, 4- 50700-CASPE";"074";"50";"50700";"976630268";
"INIPOR";"CTRA. LOGROÑO, KM.27.6, C.P.50630";"008";"50";"50630";"976616250";
"PORCSASO S.L.";"C/ NIEVES LAMANA, 2-4, 50641";"053";"50";"50641";"976652206";
"EURODISTRIBUCIONES 2003 S.L.";"PLAZA DE LOS SITIOS, Nº 1 DPDO. 4ºA";"297";"50";"50001";;
"CALIDAD GANADERA INZAR S.L.";"C/ POETA LUIS CERNUDA, S/N, 50018-ZARAGOZA";"297";"50";"50018";"976737100";
"GRANJA AVICOLA AVICAMP, S.L.";"POL. SANTA ANA, 6";"076";"03";"03140";"965728260";
"INVERSIONES BAEZA 2001, S. L.";"C/ FONT DEL ARCH, 25";"119";"03";"03550";"670550601";
"ALCOZAP DISTRIBUCIONES, S.L.";"CAÑADA DEL FENOLLAR, PARCELA A-286";"014";"03";"03699";"965663302";
"GRANJA AVICOLA AVIQUES, S.L.";"CARRETERA DEL HONDON, Nº 8, 3º C";"005";"03";"03340";"965486206";
"VALMORINGA, SL.";"C/ LO CHEPERUT, 23";"014";"03";"03113";"646153415";
"GANADOS EL CHIQUILLO, SL";"CAMINO DE ENMEDIO, 51";"099";"03";"03300";"606667619";
"IBERAVICOLA S.L";"CARRETERA DE LA SIERRA, KM. 2";"058";"03";"03350";"676997727";
"NUTREX PORCÍ 2009 SL";"C/ MASDEVALL S/N";"015";"17";"17820";"972580100";
"AGROSERRATEIX S.L.U.";"C/ MARINA, 53";"044";"17";"17244";"972463034";
"RAMADERIA AGATER, SL.";"AV. GIRONA, 4";"056";"17";"17844";"686953536";
"VILRAM S.L.U.";"RDA. MONESTIR, 129 (POL. IND. LA FARGA)";"015";"17";"17820";"972768009";
"ORIGEN RURAL, S.L.";"C/ PRININEUS S/N, NAU 9";"049";"17";"17460";"972493294";
"PINSOS TUÈBOLS, SL";"DOS DE MAIG, 14";"030";"17";"17761";"972505985";
"RAMADERIA OLIVERAS SL";"CTRA. MEDINYÀ A CORNELLÀ DE TERRI, KM 4, NÚM. 8";"056";"17";"17844";"629647748";
"RAMADERA WELFARE, SL ";"MAS CALOT, 1 - SANTA LLOGAIA DEL TERRI";"056";"17";"17845";"686953536";
"J I J SENDRA, SL";"C/JOVELLANOS, 17
";"123";"43";"43201";"977331417";
"SUCCESSORS DE PAVICAMP, SL";"CAMÍ DE VALLS 91";"123";"43";"43204";"977302614";
"RAMADERIES CAL TICU, SLU  ";"CASA CAL TICU";"137";"43";"43713";"611461097";17/03/2025
"GRANJA LOS LLANOS 2023, SL";"N-II, KM706.5";"150";"17";"17457";"636688453";
"PORMASCOP, S.L.";"POLÍGONO INDUSTRIAL LA PAZ, CL. IRÚN, PARCELA 179";"216";"44";"44195";"630264123";
"MURUCUC SL";"MAS MURUCUC";"100";"08";"08503";"938860446";
"EXPLOTACIONS RAMADERES ALBERT S.L.";"C/ SANT NONET,  2";"234";"08";"08458";"938450121";
"EXPLOTACIONS RAMADERES SOLA, SL";"CAMÍ REAL EL POLVORÍ, S/N";"100";"08";"08503";"938860833";15/11/2017
"GRANGES MOLIST SL";"MAS  TOI";"901";"08";"08569";"609018029";
"QUALIPORC, SL";"EIX ONZE DE SETEMBRE, 22-24";"298";"08";"08500";"938832112";27/11/2017
"AGRICOLA PALOU S.L.";"CARRER GERMANA VICTORIA, NÚM. 33";"283";"08";"08551";"6893142596";
"RAFOLS PUJOL AGROPECUARI, S.L";"LES SALINES, 55";"305";"08";"08720";"938902383";24/11/2017
"GRANGES MONT-RAL, SL";"CTRA. N152A. KM. 70,300";"100";"08";"08503";"938861944";
"LA COROMINA GURB S.L.";"LA COROMINA";"100";"08";"08519";"678489877";
"AGROPECUARIA COLLELL SL";"MAS CARAMATXEL";"100";"08";"08503";"636791730";
"PIG-VIC,  SL";"AV. CARLES ESTEVE DE RICH, 3";"085";"17";"17143";"972768136";27/11/2017
"COVESA";"CTRA OLOT, 101";"112";"08";"08560";"938512102";13/02/2018
"Piglets, SL";"Ctra. Cervera, Km. 19";"003";"25";"25310";"973390905";
"JOSEP PLANAS SL";"LA ROQUETA - GARGALLÀ";"132";"08";"08612";"938246113";
"AVIBAGES, SL";"CR GORI 45-47";"218";"08";"08250";"938726833";
"MURUGULL RAMADERA SL";"AVINGUDA MAS GALI, 4 ";"100";"08";"08519";"8863194";
"EXPLOTACIONS RÀFOLS, SL";"Pol. Ind. La Masia, nau 1;  c/ Mitger";"206";"08";"08798";"938970780";
"GRANS DEL LLUÇANÈS SL";"CTRA. SANTA EULÀLIA DE PUIG ORIOL KM 7";"225";"08";"08515";"938129011";
"MANUEL PUIG CABANES, SL.";"CTRA. GIRONELLA, 13";"149";"08";"08516";"938880032";
"RAMADERIA PAYETAS, SL";"CAN MARTÍ DEL COLL S/N";"106";"08";"08450";"609703799";
"GRANJA ROVELLÓ, S.L.";"MAS ROVELLÓ";"112";"08";"08560";"938510776";09/07/2018
"JOSEP FONT PUIG SL";"C/ SERRAT DEL PERIC, 24";"171";"08";"08513";"938508242";
"CAL PERE VILA, SL";"C/ BALMES, 13";"212";"08";"08274";"619830177";
"ADE RAMADERS S.L.";"C/P.I. Font de la Ventaiola 1, parcel.la 2 nau 4";"141";"08";"08670";"938392267";
"URBÀ-RURAL, SL  ";"RAFAEL GAY DE MONTELLÀ, INTERIOR 2";"298";"08";"08500";"931577247";
"POQUÍ AGRÍCOLA I RAMADERA SL";"MAS POQUÍ
";"112";"08";"08560";"679331928";
"HIBRIDS CARDONA SL";"BARRI COMA, 11";"047";"08";"08261";"609385190";14/02/2018
"GRANJA SANKY, S.L.";"CRTA. N 152 KM, 70, 300";"100";"08";"08503";"938861944";
"RAMADERIA MUNDO SL";"CASA MUNDO";"100";"08";"08519";"621188216";
"GRANJA TOR, SL";"PLA DE CAL BIEL S/N";"175";"08";"08692";"654537005";
"CAL VISÓ SL";"CAL VISÓ";"175";"08";"08692";"606508431";
"BITRAMADERA S.L.";"PLAÇA PAÏSOS CATALANS, 4";"117";"08";"08508";"938502191";
"GERMANS HOM, SL.";"APDO. CORREOS, 30";"181";"08";"08430";"938496815";
"GRANJA LES BOULES, SL";"MAS LES BOULES";"111";"08";"08519";"938854165";
"NOVIPORCI, SL";"CTRA.VALENCIA, S/N";"155";"43";"43517";"606408177";23/11/2017
"GRANJA DANIEL, SL";"RAVAL, 3";"012";"08";"08279";"660404815";
"DRAL OSONA SL.";"MIQUEL MARTI I POL, 4";"298";"08";"08500";"659493411";27/11/2017
"SEMEN CARDONA, SL";"BARRI SEGALERS, S/N";"047";"08";"08261";"938691992";
"PLA DE VILARO SL";"C/ PARE GALLISSÀ, 13 5è, 1ª";"199";"08";"08500";"938895399";
"SOLER RAMADERS,SL";"C PUIG 55";"215";"08";"08512";"938570123";14/11/2017
"GRANGES ROVIRA SL.";"MAS ROVIRA";"272";"08";"08588";"938550278";
"AVÍCOLA FRAUCA SL";"C. ISIDRE VILARÓ, 6";"031";"08";"08280";"615562969";
"AUMATELL RAMADERS SL";"MAS MASFERRER (BÚSTIA 10)";"117";"08";"08508";"938570775";
"CALDESVET, SL";"AVDA. JOSEP FONTCUBERTA, 104, ESC. B, BX 2";"033";"08";"08140";"938653188";
"CANALS DE CASTELL FOLLIT SL";"CL ESCORRALS, 3";"060";"08";"08281";"938693008";
"RAMADERIA ELS OLIVERS SL";"AGROCAT- CRTA DE MANRESA A BERGA KM 2.8";"213";"08";"08272";;02/05/2018
"INTEGRACIONES AGROPECUARIAS, SL";"C/SICILIA, 335 7 2";"019";"08";"08025";;02/05/2018
"CALABUIG AGROPECUARIA, SL";"C. CASA CALABUIG DE GARGALLA";"132";"08";"08612";"608093207";
"EXPLOTACIONS RAMADERAS JAN, S.L.";"CAN JAN - BÚSTIA 4";"116";"08";"08510";;
"JANE BERTRAN, SL.";"CTRA C-55 A SOLSONA KM 64,5";"047";"08";"08261";"938691227";
"MIR RAMADERA SL";"C/ JOAN PERPINYA, 8";"283";"08";"08551";"938870434";
"CAN GUITARRA RAMADERA SL";"CAN GUITARRA. Ctra. Vic-Manlleu km 3";"100";"08";"08503";"938864213";
"CABANA COMA RAMADERS SL";"MAS CABANAS";"117";"08";"08508";"938570068";
"TORELLÓ GESTIÓ SL";"C/ RAFAEL GAY DE MONTELLÀ, 2, INT";"298";"08";"08500";"931577247";
"GRANJA MONTANER SL";"MOSSEN RIBA PONT, 77";"151";"08";"08518";"649752174";
"GRANJA LA CASANOVA SL";"MAS LA CASANOVA S/N";"117";"08";"08519";"938570490";
"SENGLAR FORTESA, SL";"CASA NOVA S/N";"189";"08";"08281";"657612724";
"AGROPECUARIA BRUGUERA BONFILL, SL";"C/ FERRAN ALSINA, 28";"183";"08";"08510";"931311774";
"SARDA 2000 SL";"MAS SARDÀ S/N";"018";"08";"08660";"639361858";
"VALLIN BLANCO SL UNIPERSONAL";"ST LLORENÇ DESMUNS, PB 22 AP. CORREUS 351";"298";"08";"08500";"938893214";
"COMERCIAL RAMADERA DE L~EIX, S.L.";"C/ JOAN CODINA VIVET, 24";"112";"08";"08560";"937421330";
"CASPEBOR IBERICA SCU";"PLAZA DE LA PAERIA, Nº 10";"120";"25";"25007";"973221544";16/03/2018
"SAPERA-MIQUEL, SL";"CASA MORROS";"189";"08";"08281";"938698584";
"GRANJA FELIU SL";"CTRA. C-53 KM 137,5
";"047";"25";"25337";"639350862";
"EXPLOTACIONS AGRICOLES I RAMADERES, SL";"AV. DIAGONAL, 612 6ª 9ª";"019";"08";"08021";"973586200";
"RAMADERIA SANT ANDREU, SL";"CARRER DE LES FLORS, 10  4T.2A.";"298";"08";"08500";"681397476";
"PORCÍCOLA MAS BLANC S.L.";"C/ del Pi s/n
Apartado de correos 57";"234";"08";"08458";;
"RAMADERA PLA BALLESTER, SL";"GRANJA ESTRADA";"201";"08";"08589";"670876272";
"GRANJA TORRE D'EN ROCA, SL";"MAS TORRE D'EN ROCA; Ctra.  de Sallent a Balsareny, km 1'5";"191";"08";"08650";"938371043";
"RECRIES AVICOLES MATA, S.L";"C/ FONTALLADA, 15  (SANT PERE MOLANTA)";"145";"08";"08734";"938920101";
"VIÑALS SOLER, SL";"POL. IND. EL CROS, 20";"009";"08";"08310";"937416980";
"MULTIPROMOTORA OSONA SL";"C/ CARITAT, 30, ENT 2A";"113";"08";"08240";;13/12/2017
"RAMADERIA 2005 SL";"C/ SANTO DOMINGO  28";"033";"08";"08140";"938665623";
"RAMADERIA SANTA MARIA DE BESORA SL";"AV. SANT LLORENÇ, 16";"218";"08";"08504";"938860188";
"JO.MA RAMADERS 78 SL";"C/ DOCTOR FLEMING 41";"215";"08";"08512";"659995773";
"EMPRESA INTEGRADORA DE PORCINO";"CTRA BERGA Nº13. ";"141";"08";"08670";;
"ROTLLADA RAMADERS SL";"CANIGÓ S/N";"265";"08";"08571";;23/11/2017
"PAZO VILANE S.L.";"VILANE 3";"003";"27";"27570";"982379268";
"VILA XIXONS SL";"C/ ARQUITECTE GAUDÍ, 133";"010";"08";"08271";"636477733";
"RAMADERA BALAGUER, SL";"CASA BALAGUER";"132";"08";"08612";"607935037";
"MAYCOD 2016 SL";"C/ GIRONA, 39
";"037";"08";"08506";"679360602";
"SEGAL GESTIÓ RAMADERA SL";"C/ BATEDORS, 6";"003";"25";"25310";"973390377";27/11/2017
"NEDIVER AXIOM SL";"LLOC MASIA RITA, S/N";"024";"43";"43719";"977168465";
"AGROPECUÀRIA RODA,SL";"AVDA JOSEP FLORES,21";"186";"17";"17840";"972170212";24/11/2017
"GRANJAS ECOLÓGICAS, SL";"C/ GURRI, 2";"269";"08";"08553";"938888180";
"SERVEIS TURÍSTICS LES CABANYES SLU";"MASIA ELS SALZES, S/N";"233";"08";"08572";"937827086";
"VILATAMÀ,SL";"CTRA SANT BARTOMEU DEL GRAU KM 6,5";"100";"08";"08503";"938892110";
"RAM PLANA DE VIC";"C/ BISBE MORGADES N. 4";"298";"08";"08500";"938852213";
"RAMADERIA BOIRA BAIXA, SL  ";"C/ BALMES 77, BXS.1ª";"117";"08";"08519";"636867438";
"EXPLOTACIONS RAMADERES ESTRADA, SL";"MAS ESTRADA- AP 67";"112";"08";"08560";"629734787";
"RAMADERIA ORRA FONT SL";"CTRA. DE RODA KM 3,5 - CASES DE SANT FRANCESC, 1";"298";"08";"08500";"607073762";
"PINSOS BAULENAS SL";"C/ NOU, 25";"283";"08";"08551";"629392852";
"ANDRIMNER GENETICA APLICADA, SLU";"C/ CALVET, 30 - 32 P 3 PTA. 2";"019";"08";"08750";"933939754";
"RAMADERA SAGA SLU";"CASA GASSET";"034";"25";"25739";"973400071";
"HERMANOS PÉREZ GONZÁLEZ 2021";"C/ MANUEL DE LA VEGA, 28";"090";"41";"41650";;
"PORCIGAR 82 S.L.";"C/ SARDOY, 22B";"030";"30";"30003";;
"NOVAPORC GRUPO ALIMENTARIO SL.";"C/ CENTRAL, 13. ESPINARDO";"030";"30";"30100";"626238975";
"OBLANCA AVICOLA, SL";"CALLE PARCELA G 9, NUM 3";"105";"24";"24231";;
"BEGAPOR GALICIA SL";"C/ ARGENTINA N1 B4";"019";"15";"15100";"626934896";
"GRANXAS PONTEDONA SL";"VILAVERDE-CORISTANCO";"029";"15";"15147";"981713369";
"INTEGRACIONES HERMANOS CRISTINO S.L.";"ISAAC PERAL, 8";"017";"30";"30430";"667580988";
"AGROPECUARIA 2011 SL";"PG MOREA SUR C/. B - NAVE 14";"905";"31";"31191";"948360106";27/02/2022
"PORCINTER SL";"TEJERÍAS 88";"032";"31";"31513";"636371568";
"JG GLOBAL LIVESTOCK TRADE SL";"POL.IND. LAS NAVAS, PARCELAS 2.5-2.6";"064";"31";"31515";"948836123";23/03/2022
"SUYNVEST INTEGRACIONES S.L.";"CALLE PINTOR ASENJO Nº 6,9B";"201";"31";"31006";"609185834";
"GRANJA LOS PLATEROS S.L";"C/SANTA CECILIA Nº1";"225";"31";"31219";"646157820";
"DENES PIG SL";"POL. IND. MOREA SUR AMPLIACIÓN C/ B NAVE 14 ";"905";"31";"31191";"948360104";
"CANET FARM, S.L.";"AUSIAS MARCH, 4, 3º, 3ª";"183";"46";"46850";"601011948";
"VACUARTESA SLU";"AV EDUARD MALUQUER 9";"034";"25";"25739";"608943556";13/01/2026
"PIENSOS LA PLATA S.L.";"PARAJE LA PLATA, 455 A. BZ U35";"033";"30";"30891";"968436485";
"GANADOS BERNARDINO CARRASCO, S.L.";"C/ POETA PABLO NERUDA, 2";"033";"30";"30890";;
"ALCON CARRILLO Y RUIZ, S.L.";"C/ RETIRO Nº 11";"033";"30";"30890";;02/05/2019
"TOJILOR S.L";"CTRA SERRANILLOS S/N";"201";"45";"45220";;
"GANADERIA Y FABRICACION, S.L.";"C/ CAMINO CARTAGENA 65";"024";"30";"30815";;02/05/2019
"PIENSOS GALINDO S.L.";"DP. TERCIA-PTE CHURRA AC 366";"024";"30";"30800";"671338642";
"ALIA GANADERA SL";"CAMINO EL DUENDE";"024";"30";"30816";;
"GANADOS ELÍAS S.L.";"C/ MIRÓ Nº 1";"901";"30";"30140";"655945402";
"PIENSOS PALMERA S.L.";"CAMINO RAMBLA , 18";"024";"30";"30813";"618653052";02/05/2019
"NUEVO FUTURO GANADERO S.L.";"CAMINO CARTAGENA 65";"024";"30";"30815";;02/05/2019
"PIGAINSA S.L.";"CAMINO DE RAMBLA, Nº 18 CARRETERA DE ÁGUILAS";"024";"30";"30813";"618653061";
"AGG GANADOS S.L.";"TIENDA NUEVA S/N";"024";"30";"30817";"646960247";
"GARLORFRA S.L.U.";"C/PEREZ CASAS, 10 BAJO";"024";"30";"30800";"659684041";
"IBERNOGA SLU";"BARRANCO LA VENTA, 2";"033";"30";"30890";"620233066";
"SIG PORCINO, S.L.";"C/ DR. ANTONIO VALCARRERES, Nº 12, 1º";"297";"50";"50004";"619815293";
"ANDRES LOPEZ SANCHEZ, S.L.";"C/ LA RIOJA, 17";"79 ";"28";"28042";;
"EUROAVES PRODUCCIONES AVICOLAS S.L.";"C/ SOLEDAD, 7";"91 ";"28";"28830";;
"MINGOMORO S.L";"C/  Fermín González, nº 29";"079";"28";"28009";;
"CARPISA FOODS CIUDAD RODRIGO SL";"CTRA BURGOS-LISBOA, KM. 327";"107";"37";"37500";;
"TOPIGS NORSVIN ESPAÑA, S.L.U.";"C/. PLAYA DE LAS AMÉRICAS, Nº 2, B7";"127";"28";"28290";"667423160";
"ALIMENTARIA XXI S.L.";"C/MOLINA DE SEGURA, Nº 5";"030";"30";"30007";"968271370";
"SERFICAR ALIMENTACIÓN S.L.";"CTRA VILLAVERDE A VALLECAS KM. 6,8MERCAMADRID";"079";"28";"28053";;23/03/2022
"AVISERRANO S.L.";"CTRA. DE TOCINA KM 2.2
APDO. DE CORREOS Nº 30";"102";"41";"41520";;
"TEBASA INVERSIONES S.L.";"CALLE MIGUEL DE CERVANTES, 1, 1º";"039";"41";"41400";"954820259";
"IMAQ PORCINO SLU";"CALLE ARQUITECTURA Nº 3. PLANTA 11 PUERTA 1";"091";"41";"41015";"629310556";
"GESTIÓN DE PRODUCCIÓN PORCINA S.L.";"AV. DOCTOR VILLA DIAZ Nº 22";"024";"41";"41410";"954196015";
"FRANCISCO ZAMBRANO S.L";"CARRETERA ALCALÁ DE GUADAÍRA – CARMONA, KM 16,5.";"024";"41";"41410";"955741616";
"GRANJA TORREPARDA S.L.U.";"AVDA. DOCTOR VILLA DIAZ, 22";"024";"41";"41410";"657899681";
"BAURUBISUR, S.L.";"MANUEL DE FALLA,14";"037";"41";"41657";"659933284";
"INTEGRACIONES MAQUEDA S.L.";;"024";"41";"41410";;
"CEBADEROS INTEGRADOS DEL SUR, S.L.";"Avenida del Comercio, M 3.3, P.2";"102";"41";"41520";;
"AGRI-GEST INVERSIONES";"C/ ALBERQUILLA, 23";"090";"41";"41650";"95555555";
"INTEGRACIONES SILLEDA SL";"SANTA EULALIA, 18, 3º B";"052";"36";"36540";"986581130";
"DISTRIBUCIÓN DE BEBIDAS Y ALIMENTOS DEL BARBANZA";"POL. IND SETE PIAS-A GRENLA -17,P2";"006";"36";"36630";"986531919";05/12/2022
"ROSALES GRUPO AVÍCOLA SRL";"POLÍGONO INDUSTRIAL CHAN DA PONTE, PARCELA 37";"050";"36";"36450";"986658195";
"GRANJA FORTUNA, S.L.";"C/ SAN FRANCISCO DE BORJA, 30";"248";"46";"46389";"962526863";
"GRANJA AVICOLA EL JESUS, S.L.";"PZA. CONSTITUCION, 3";"039";"46";"46820";"962922183";
"GANADOS VAREA, S.L.";"C/ RAMÓN VILLANUEVA, 57";"247";"46";"46177";"961635073";
"GANADOS SAN PEDRO, S.L.";"C/ PARTIDA MANETA,5";"247";"46";"46177";"961635073";
"EXPLOTACIONES AVICOLAS LA GRANJA SL";"C/ FRANCISCO CISCAR, 1-3ª";"186";"46";"46200";"659902818";
"GRANJA MARTINEZ, S.L.";"LA VENTA, 52";"147";"46";"46160";"962780275";
"MOMPO BURCHES, S.L.";"VICENTE BOIX, 10";"145";"46";"46800";"962235557";
"Enrique Ortega e Hijos, S.L.";"C/ Guadalquivir, 38";"250";"46";"46026";"963765385";
"GRANJA AVICOLA EL PLANET, S.L.";"SAN JOAQUIN,  4";"210";"46";"46843";"962813385";
"GANADOS E INTEGRACIONES PASCUAL ORTEGA, S.L.";"AVDA DE ALICANTE, S/N";"230";"46";"46460";"961217240";
"EXPLOTACIONES AVICOLAS HNOS. LLORIA, S.L.";"MATEO LLORIA, 2";"232";"46";"46320";"962315098";
"SAN JUAN ASES, S.L.";"PZA. GENERAL DOLZ, 9";"017";"46";"46600";"669881300";
"GRANJA UTIEL, S.L.";"CASTELLON, 4";"249";"46";"46300";"670608609";
"PHG SELECCIÓN, S.L.";"C/ CAMPO DE ARRIBA, 192";"036";"46";"46178";"962101105";
"AVESTRUCES EL RINCON, S.L.";"POL. IND. EL OLIVERAL C/L NAVE 15";"214";"46";"46190";"963963885";
"AVÍCOLA ESPLUGUES SL";"C/ DR GOMEZ FERRER, 19";"031";"46";"46230";"667700810";
"INTEGRACIONES PORCINAS LEVANTINAS, S.L.";"C/ DOCTOR FLEMING, 6";"249";"46";"46300";"962171388";
"GUIZAGUI LAS MESTRAS SL";"CARRETERA DE GESTALGAR, S/N";"109";"46";"46380";"962510080";
"HUEVOS GUILLEN, S.L.";"C/ JUAN DE LA CIERVA, 27 PARQUE TECNOLÓGICO EDIF. WELLNESS, 2 BAJO";"190";"46";"46980";"961549390";
"AVICOLA HERMANOS CERVERA, S.L.";"AVD. SAN ANTONIO, 35-1º";"156";"46";"46195";"962990700";
"AGROPECUARIA FRIVALL";"C/EL CID, 5";"163";"46";"46560";"916477573";
"EXPLOTACIONES GANADERAS LA JEDREA, S.L.";"C/ CANAL XUQUER - TURIA, 3";"102";"46";"46930";"963792820";
"PROGAVAL S.L";"Partida del Bornaig s/n";"156";"46";"46195";"962553006";
"AVICOLA LAS VIÑAS, S.L.U.";"CAÑADA DEL PEDREGAL, S/N";"232";"46";"46320";"962315063";
"PROGAVAL PORK,SL";"PARTIDA BORNAIG ,S/N";"156";"46";"46195";;
"NATUL PECUARIA, S.L.";"AVDA. ESPIOCA-VIA AUGUSTA, 87";"230";"46";"46460";"961217368";
"ENTRENIDOS 22, SL.";"CTRA. UTIEL  Nº 6";"232";"46";"46320";"679175561";
"INVERSIONES IRPACAN 2010 SL";"C/ ERNESTO CHE GUEVARA, Nº 18";"241";"46";"46920";"649957373";
"GRANJA SAN TIMOTEO, S.L.";"CTRA. GESTALGAR, KM. 1";"133";"46";"46380";"962510080";
"AVIPRALT, S.L.";"PARAJE OLLA QUEMADA S/N";"129";"46";"46314";"962139080";
"INICIATIVAS AGRICOLAS AGER, S.L.";"C/ ERNESTO CHE GUEVARA, 18 BAJO";"169";"46";"46920";"963394170";
"EXPLOTACIONES AVICOLAS VALENCIANAS, S.L";;"194";"46";"46220";"663830170";
"HUEVOS MONTERDE, S.L.U.";"CAMINO DEL PEDREGAL S/N";"232";"46";"46320";"962315063";
"FAMILY CASH, S.L.";"AUSIAS MARCH, 4, PTA 3";"183";"46";"46850";"601011948";
"GRANJA LA CONSTANCIA SL";"PARTIDA DE LA COMA S/N";"194";"46";"46220";"659902818";
"AVINATUR SUR PRODUCCIONES AVICOLAS S.L.";"CTRA BENALUA Nº23";"167";"18";"18519";;
"GRUPAVE BENISANO";"PDA. BORNAIG";"067";"46";"46195";;19/07/2016
"AGROPECUARIA SANCHEZ LOPEZ";"CTRA MADRID-VALENCIA
KM 270
";"249";"46";"46300";"962710281";
"NATURALSA S.L.";"CAMINO DE ALIAGUILLA KM 3";"232";"46";"46320";"656816864";
"AVICOLA VIDAL SATORRES, SL";"C/ CABALLEROS, 111";"060";"46";"46540";"961782701";
"SINARCAS AVICOLA, S.L";"AVDA. VIRGEN DE TEJEDA, Nº 123";"232";"46";"46320";"686937867";
"BOS NOSTRUM, S.L.";"APARTADO DE CORREOS 82";"109";"46";"46380";"689688125";
"PRODUCCIONES AVICOLAS GIL, S.L";"RONDA DE BARRABLET, Nº 19";"017";"46";"46600";"962404107";
"GANADOS HERMANOS RIERA, S.L.";"CRTRA.DE BARCELONA, Nº 84";"260";"46";"46015";"656947799";
"DILAPORC S.L.";"C/San Jorge, Nº 1, 1ºC";"297";"50";"50001";;
"HERMANOS BORAO BAQUERO S.L.";"CL. EPILA, Nº 3";"118";"50";"50650";;
"Agropecuaria Lisangar";"Ctra. de Atea, Km. 5";"195";"50";"50366";;
"AGROPECUARIA DE ALBALATILLO S.L.";"Apdo. Correos 109";"074";"50";"50700";;
"LECHOCRÍA S.L.";"Pol. Monte Blanco, C/ Tozal de Guara s/n";"118";"50";"50650";"976866214";
"HIJOS DE JOAQUIN MATEO AROSTEGUI, S.L.";"Cl. Francisco Vitoria, 25 - Esc. Drcha. 1º B";"297";"50";;;
"GRANJAS CARNIPORC S.L.";"PASEO Mª AGUSTÍN, Nº 25";"297";"50";"50004";;
"PORCINO BIOLÓGICO DE ARAGÓN, S.L.";"C/ ESTUDIOS, 16-2º DCHA";"297";"50";"50001";"680419431";
"Vall del Espartell, S.L.";"C/Judería Nº 1";"102";"50";"50793";;
"Integraciones porcinas Bajo Aragón 2009";"Plana Pilón, s/n";"074";"50";"50700";;
"PORKMASTER, S.L.";"Avda. Cesareo Alierta, 17 - 8º Pta. D";"297";"50";"50008";"629742474";
"Villagrasa Integración de Porcinos Selectos, S.L.";"C/ Norte, 12.";"059";"50";"50177";;
"RED GANADERA CASPE, SL";"MAELLA, SN";"074";"50";"50700";"687468604";
"INGAPORC";"CTRA. MAELLA, S/N";"074";"50";"50300";;
"CRIANZAS ARAGONESAS SL";"POL. INDUSTRIAL MONTE BLANCO, C/ TOZAL DE GUARA S/N";"118";"50";"50650";"976866204";
"EXPLOTACIONES PORCINAS ARAGONESAS, S.L.";"CL. ÉPILA, 3 (COLONIA SAN ANTONIO)";"118";"50";"50650";"976866204";
"TERLAND ARAGON GANADERA, S.L.";"CL. MADRE SACRAMENTO, 11 - 1";"297";"50";"50004";"622838685";
"EFIGAN 2018 SL";"CRTRA. DE MAELLA, S/N";"074";"50";"50700";;
"JOAQUIN LLOP RAFALES Y CIA";"AVDA. ORECANO S/N";"189";"50";"50794";"976636131";04/02/2008
"GRANJA EL CHOP, C.B.";"PDA. RIQUER ALTO, 41";"009";"03";"03802";"965524071";
"MAS DE CARBO, C.B.";"Mas de Carbo, s/n";"112";"12";"12312";"964763114";
"GRANJA BOVERALS, C.B.";"PTDA. BOVERALS S/N";"138";"12";"12500";"964452714";
"LES FOSETES, S.C.P.";"PZA. MAYOR, 19";"061";"12";"12310";;
"EXPLOTACIÓN GUIMAR, C.B.";"CL. SAN JULIÁN, 40";"080";"12";"12300";;
"PORCINOS MOYA, C.B";"C/  IBAÑEZ MARTIN Nº 1";"117";"16";"16330";"639140794";
"GERMANS OLIVER, CB";"C/LES PEDRERES, 5";"015";"17";"17820";"972580257";09/07/2018
"MUJAL FREIXES CB";"CASA MUJAL S/N";"167";"25";"25287";"973473351";
"SARRIES BOSCH CB";"MAS D'EN PORTA";"907";"25";"25210";"973550665";28/11/2017
"RAMTEC, SA";"C/MAJOR,  100 BAIXOS";"072";"25";"25200";;29/03/2018
"PAGAN SAURA HERMANOS C.B.";"C/  SANTA TERESA, S/N";"021";"30";"30334";;
"EXPLOTACION GANADERA EL CURRO C.B.";"CASAS DEL TORRAO, LAS PALAS";"021";"30";"30334";"636528875";
"EXPLOTACION  GANADERA AIBAR S.A.";"C FUEROS 9";"009";"31";"31460";"948870685";23/03/2022
"PERE CAPDEVILA ABELLO, CB";"MAS CORREO, 96 DISTRICTE 4 CTRA.CONSTANTI";"123";"43";"43206";"977754436";01/12/2017
"GANADOS DASI, C.B.";"C/ SAN MIGUEL, 9";"070";"46";"46117";"961600255";
"GRANJA OÑATE";"CL. CALVO SOTELO, 22";"288";"50";"50830";"976180039";
"HERMANOS ADAN DOMINGUEZ,CB";"CAMACHO, 17";"055";"50";"50540";"976868017";
"GRANJA AVICOLA LOS ANGELES, C.B.";"LA DEHESA DE PINO HERMOSO, 33";"099";"03";"03312";"965301008";
"GRANJA LOS NARCISOS, C.B.";"C/ TERUEL, 12 RAIGUERO DE PONIENTE";"099";"03";"03311";"966741713";
"HIJOS DE JOSEFA CARREÑO GARCIA, C.B.";"CLARA CAMPOAMOR, 35 P. 1ª";"066";"03";"03600";"966967782";
"VILA XIXONS CB";"FRANCESC MACIÀ, 23";"191";"08";"08650";;
"GRANJA TERRABONA, C.B.";"ESPARTERO,15";"060";"46";"46450";"962112040";
"PIENSOS PEÑALVERT Y POLO, C.B.";"C/ CAMPO DE ARRIBA, 183";"036";"46";"46178";"962101082";
"EMBUTIDOS VALDEGANGA S.C.L.";"C/ RAMON Y CAJAL, 42";"075";"02";"02150";"609738034";
"COOPERATIVA CINEGETICA DE ALPERA";"POLIGONO GANADERO, 16";"010";"02";"60901";"2610";
"GRUPO SERRELLA COOP.V.";"AVDA. DIPUTACIÓN S/N";"035";"03";"03810";"637433697";
"AGRUPAPORCINA S.C.A.";"LOS PINOS";"075";"04";"04640";"950464328";
"COOPERATIVA PLANA DE VIC";"VISVE MORGADES, 4";"298";"08";"08500";"938852213";
"AGROPECUARIA CATALANA, SCCL";"CTRA. DE MANRESA A BERGA, KM 2,8";"213";"08";"08272";"938761186";
"SAT SANTA ANNA NUM 1603";"c/ Santa Ana de Claret";"213";"08";"08272";"938788640";
"GRANJA L'HEURA SL";"CAMI VELL DE RIPOLLET";"260";"08";"08130";"627935235";29/03/2018
"SDAD COOP AVICOLA Y GANADERA DE BURGOS";"CTRA MADRID-IRUN, KM 233, S/N";"059";"09";"09001";;
"S.A.T. 7549 EXPL. PORC. GONZALEZ";"AVDA. DE CASTILLA Nº 72";"018";"09";"09400";"947502749";
"COOPERATIVA AGRÍCOLA BENASALENSE COOP V";"C/ LLAURADORS, SN";"026";"12";"12160";"696960918";
"COOPERATIVA SANT ANOTONI ABAD";"Poligono Industrial Les Casetes, s/n";"080";"12";"12300";"608048468";
"CASTELL-GARCIA COOP. VALENCIANA";"AVDA. CONSTITUCION, 36.";"100";"12";"12100";"615253213";
"SOCARRA COOP. V.";"SAN BLAS, 7";"098";"12";"12186";"639837636";
"PORCAVES 2011 COOP V";"CAROLINAS, 2";"029";"12";"12181";"635384079";
"SAT VALLEHERMOSO";"FINCA VALLEHERMOSO";"010";"13";"13248";"639218312";28/12/2023
"COPORC SCG";"VINXEIRA PEQUENA 21
CELAS DE PEIRO CULLEREDO 15189";"031";"15";"15891";"679330809";
"SELECCIÓN BATALLE, SA";"AV. DELS SEGADORS S/N";"148";"17";"17421";"972856363";
"LA MASSANA, SCCL";"C/MAJOR, 162";"155";"17";"17190";"972233828";23/03/2018
"SAT MOLINÉ NÚM.5700";"MAS MOLINÉ";"044";"17";"17244";"972460837";02/05/2018
"SAT FLUVIÀ NÚM 864-CAT";"PLAÇA MAJOR, 12";"016";"17";"17483";"972575032";
"SAT CAN OLIVA NUM 964";"CAN OLIVA, S/N";"233";"17";"17185";"972597112";14/05/2018
"PECUARIUS, SCCL";"MAS LES PECES";"174";"17";"17831";"607529838";
"SOCIEDAD COOPERATIVA DE PIENSOS DE TAMARITE";"CAMINO DE ALGAYON S/N";"225";"22";"22550";"974420270";
"S.C.L. AGROPECUARIA DEL SOBRARBE";"C/ AFUERAS, S/N";"907";"22";"22330";;
"S.A.T. ASGI Nº8398";"C/ ALTA 6";"023";"22";"22255";;
"Ganadera Rifol, S.L.";"Avda Zaragoza, 27";"083";"22";"22222";;
"LINYOLA AGROPECUARIA I SECCIÓ DE CREDIT, S.C.C.L.";"C/ Lleida,nº 7";"122";"25";"25240";;
"CAMP I SECCIÓ DE CRÈDIT SANT ISIDRE, SCCL";"AV.ONZE DE SETEMBRE, 162";"047";"25";"25337";"973586175";
"COOP.CASTELLSERÀ";"AFORES, S/N";"070";"25";"25334";"973610047";30/11/2017
"COOP. DEL CAMP D'IVARS D'URGELL I SC, SCCL";"PLAÇA BISBE COLL, 9";"113";"25";"25260";"973580000";
"COPAGA, S COOPERATIVA";"P.I.EL SEGRE, P 203-A AV.INDUSTRIA";"120";"25";"25080";"973201200";14/05/2018
"AGROPECUÀRIA DE GUISSONA, SCL";"TRASPALAU, 8";"110";"25";"25210";"973550100";
"COPALME";"CTRA.VALL D'ARAN KM. 223";"021";"25";"25126";"973770105";23/11/2017
"COOPERATIVA ARTESA";"AV.EDUARD MALUQUER, 9";"034";"25";"25730";"973400098";
"COTECNICA SCCL";"Ctra. N II KM 494.5";"050";"25";"25250";"973337142";
"SAT. NUM. 4205 GRANJA GODALL";"PLA DE GODALL (AP.4 SOLSONA)";"151";"25";"25286";"973480316";24/11/2017
"SAT 5749 CODORNICES URGEL";"CRA TARRAGONA KM 73";"119";"25";"25430";"973150252";
"SAT 923 CAT LA COLOMINA";"PLAÇA DELA CREU, 4";"234";"25";"25620";"973650337";29/11/2017
"AGRICOLA RAMADERA COAGRA, SCCL";"FÈLIX DE LOS RIOS, 35";"021";"25";"25126";"649726083";
"AGROOLIVARERA SAN COSME Y SAN DAMIAN S.C.A.";"AVDA. DE EL SAUCEJO S/N";"010";"29";;;
"SOCIEDAD COOPERATIVA PIENSOS LOMAS DE LA CRUZ";"DIPUTACION EL PARETON. ";"039";"30";"30858";"968484002";
"S.A.T. Nº960 SAN FERMIN";"CARRETERA DE ZARAGOZA KM 37";"227";"31";"31300";"948-700900";
"A.N.S. COOP";"CAMPO DE TAJONAR S/N";"023";"31";"31192";"948-299406";
"S.A.T. URRA";"C/APALAZ Nº3";"260";"31";"31292";"677562184";23/03/2022
"S.A.T. 6226 ZAKARDI";"CTRA. DE ALDATZ, KM. 1";"144";"31";"31878";"948504394";
"SAT Nº 408 AYARATE";"C/SANTA MARINA, 17";"143";"31";"31270";"948543763";
"PIENSOS SAIOA, S.L.";"POL.INDUSTRIAL ELORDI, 31797";"236";"31";"31797";"948306656";23/03/2022
"SAT Nº 682 NA Agropecuaria Andia";"C/ San Bartolomé";"260";"31";"31292";"948541022";23/03/2022
"COOPERATIVAS ORENSANAS S.C.L - COREN";"C/JUAN XXIII, 33 32003 OURENSE";"054";"32";"32003";"988372100";
"AVIGAN";"A FREIXA S/N";"042";"36";;"986640750";05/10/2005
"EMBUTIDOS LALINENSE SAT";"AGRUCHAVE 16, LALIN";"024";"36";"36500";"986787171";13/11/2025
"COGAL, S.C.G .";"Alceme s/n-Rodeiro";"047";"36";"36530";"986790100";
"PROPORSI";"C/OLEIROS 37 SILLEDA";"052";"36";"36540";"986580541";
"CUNIGALICIA SOCIEDAD COOPERATIVA GALEGA";"Recinto Ferial s/n";"052";"36";"36540";"986592021";
"PECOGASA S COOP";"PS ESTACION 6 BJ IZD";"246";"37";"37300";"923542058";
"PICO MAMBRU SOC. COOP.";"C/ CASTILLO 16";"103";"37";"37750";;
"LAS ENSANCHAS, SAT";"C/ VICENTE MATESANZ, 8";"040";"40";"40320";"921520749";
"CARRATUREGANO";"C/ VEGA ALTA";"140";"40";"40331";"921520883";
"SAT 322 HNOS. CHICO";"CTRA. SALAS, KM 1,7";"018";"09";"09400";"947500731";12/07/2023
"COPISO";"AVDA. DE VALLADOLID, 105";"173";"42";"42005";"975233621";
"S.A.T. 1099 - RIBAZO GORDO";"PLZA. DE SAN JUAN, 12";"004";"42";"42100";"976647448";
"S.A.T. 1043 LAS VIÑAS";"C/REAL, S/N";"134";"42";"42108";"976646899";
"S.A.T. 1,446 - LAS PARRAS";"CAMINO DE LA MIÑOSA, S/N";"068";"42";"42217";"975300750";
"AGROPECUÀRIA COPERAL I SECCIÓ DE CRÈDIT, S.C.C.L";"Ctra. Igualada, 94";"139";"43";"43420";"977880703";
"GRANJA EL PILAR DE L'ALDEA, SAT 4184";"CTRA VALENCIA, S/N";"904";"43";"43896";"977450024";13/06/2020
"PROD. AGRIC. I AVIC. EL PILAR SAT 1186 CAT";"CRTA, VALENCIA KM 1088";"904";"43";"43896";"977450191";30/07/2018
"SAT SANT GALLARD";"Carretera de Montblanc, 40";"139";"43";"43420";"659991268";
"S.A.T. JYA SANS";"C/Masia Rita S/N";"024";"43";"43719";"977168465";
"GUCO Sociedad Cooperativa";"CTRA. BECEITE, KM. 2,3";"246";"44";"44580";"978850062";
"CEJI S.COOP.";"POL. AGROALIMENTARIO- 44200 CALAMOCHA";"050";"44";"44200";"978730350";
"ALVIMAR";"AGUSTINA DE ARAGÓN, 3";"216";"44";"44002";"978617222";
"TOSCAL";"CTRA. ESTACIÓN, S/N";"056";"44";"44350";"978862153";
"OVIARAGÓN S.C.L.";"C/COGULLADA 65, MERCAZARAGOZA- EDIF. PASTORES";"297";"50";"50014";"976138050";
"SAT AVIBA";"CL. BARCELONA, 1";"246";"44";"44580";"978850062";
"TANPORC, S.C.";"CL.SAN JOAQUÍN, 3";"077";"44";"44651";"978000000";
"TIERRAPORC";"POLIGONO LA PAZ, CALLE M, 179";"216";"44";"44003";"978610065";
"COAVRE";"AVDA. ESPIOCA, 88";"230";"46";"46460";"961212150";
"COCERVA";"Ctra.Moncada a Náquera km 6";"178";"46";"46118";"961601451";
"SAT GAVIGA Nº 4530";"C/ Iglesias, 74";"021";"46";"46960";"961501338";
"SAT EL RAFOL";"C/ Libertad,19";"094";"46";"46470";"961270021";
"AVICOLA GIRBES, SAT 6938";"APARTADO DE CORREOS, 70";"029";"46";"46680";"962420514";
"S.A.T. 7572 HNOS SALON";"POLÍGONO LA RELAMINA, S/N";"232";"46";"46320";"962315132";
"SAT 7819 LOS MANZANOS";"C/ PARTIDA ALASQUET S/N";"011";"46";"46260";"962441068";
"SOC. COOP. VIDECA";"C/ CENTRO, Nº 1";"220";"47";"47850";"983721069";
"SOC. COOP. S. ANTONIO";"AVDA FEDERICO SILVA 64";"021";"49";"49600";;
"COBADU, SDAD. COOP. LTDA.";"CTRA. MORALEJA DEL VINO";"125";"49";"49150";"980571980";
"CALPORC SOCIEDAD COOPERATIVA";"POLIGONO LOS NEGRILLOS, S/N";"021";"49";"49600";"980633143";01/02/2011
"NUTRICION TEO CALPORC SDAD COOP";"CAMINO TORRIZALES S/N";"021";"49";"49600";"980636010";
"COOP.DEL CAMPO SAN MIGUEL";"ABARQUILLO S/N";"252";"50";"50660";"976855487";
"Arento Grupo Cooperativo Agroalimentario de Aragón";"Ctra. Cogullada, 65-Mercazaragoza-
Centro de negocios, c/ A suc. 4";"297";"50";"50014";"976293878";
"COOPERATIVA VIRGEN DEL ROSARIO";"C/ GRAL.FRANCO, 18";"235";"50";"50840";"976684211";
"SAT HERMASA";"Pº DEL MURO,26";"095";"50";"50600";"976661181";
"EXPLOTACIONES PORCINAS BARBOLES SAT 1151";"C/SAN FRANCISCO,  12";"043";"50";"50297";"976868017";
"SAT Nº 631 LA PARRA";"C/ MAYOR, 3- 50683";"035";"50";"50683";"948439302";
"PORCINCO SCL";"P.VALDEFERRÍN,S/N";"095";"50";"50600";"976661480";
"COOPERATIVA GANADERA DE CASPE";"CTRA. DE MAELLA, S/N";"074";"50";"50700";"976632132";
"S.A.T. 6314 RIENDA";"C/ LUIS BUÑUEL, 54";"035";"50";"50683";"948439304";
"GANADERA DE MONEGROS S.C.L.";"C/ Tollanco s/n";"059";"50";"50177";"976173340";
"SAVEPOR";"C/ CLAVEL, Nº 9";"252";"50";"50660";"976855940";
"S.C.GANADERA LOS MAÑICOS";"DR. IRANZO 90,DPDO.1ºB";"297";"50";"50002";"976201459";
"GRANJAS INGRAPOR S.L.";"PLAZA ESPAÑA,11";"252";"50";"50660";"976859067";
"SAT Nº 58,ARA ALTO MIRA";"CLAVEL, 5";"252";"50";"50660";"976855515";01/04/2025
"SAT PUNTI ALAVAU";"C/ BISBE STRAUCH, 10  ";"298";"08";"08500";"619702615";
"S.A.T. LA COROMINA 990 CAT";"MAS LA COROMINA, S/N";"100";"08";"08503";"938892110";
"SAT COLL DE SANT PONÇ, Nº 1077 CAT";"CTRA. C-16 KM 59";"191";"08";"08650";"938370371";
"RAMADERS MUNTANYA DEL BERGADA S.C";"CR FRANCESC MACIA, 12 1er 1ra";"022";"08";"08600";"938220092";
"LOS REMEDIOS-PICASAT, SCA.";"AVENIDA MANUEL DE FALLA S/N";"024";"11";"11690";"956130083";
"PORCINO  LA PLATA S. COOP.";"PARAJE LA PLATA - BUZON U-35";"033";"30";"30891";"968959050";
"ALIMER S. COOP.";"CAMINO VILLAESPESA - APARTADO DE CORREOS,  217";"024";"30";"30815";"968460812";
"S. COOP. AND. GUADALQUIVIR AVÍCOLA  GUADAVI";"Virgen del Águila, 8. Bajo";"091";"41";;"954281392";
"CHIMOLA S C V L";"C/ TRULLAS Nº 34";"060";"46";"46450";"609241690";
"AVICOLA LA COSTERA COOP. VALENCIANA";"ACADEMICO MARAVALL, 9";"017";"46";"46800";"962275203";
"GRANJA LA PEIRA COOP. VALENCIANA";"LA PEIRA S/N";"060";"46";"46450";"961794256";
"ASOCIACION PROVINCIAL DE APICULTORES DE ALBACETE";"HERREROS, 14 BAJO";"003";"02";"96721";"2001";
"ASOCIACION DE PEQUEÑOS APICULTORES DE ALBACETE";"C/ MUELLE, 13";"003";"02";"96760";"2001";
"ASOCIACION PROVINCIAL DE APICULTORES DE C. REAL";"PRIM, 12";"087";"13";"92633";"13300";
"ASOCIACION APICOLA MONTESUR";"CONCEPCION ARENAL, 46";"038";"13";"92671";"13412";
"ASOCIACION DE APICULTORES EL MADRO?O Y EL ROMERO";"CRISTO, 34";"002";"13";"92673";"13410";
"ASOCIACIÓN PROVINCIAL DE APICULTORES DE CUENCA";"C/ JOSE DE VILLAVICIOSA, 6-8 BAJO";"078";"16";"96923";"16001";
"PECUARIUS, SCCL";"CAN SAGNARI";"174";"17";"17831";;
"ASOCIACION DE APICULTORES DE LA ALCARRIA Y DEMAS..";"PLAZA PABLO IGLESIAS, 2";"130";"19";"94922";"19001";
"ASOCIACION PROV. DE APICULTORES DE GUADALAJARA";"FRANCISCO ARITIO, 108";"130";"19";"94920";"19004";
"MONTANUY PALLAROL S.G.";"AVDA TAMARITE,14";"009";"22";"22558";;
"HNOS. ANAYA S.C.";"C/ AFUERAS S/N";"009";"22";"22558";"974421772";
"AGAPORC S.C.";"C/ AGUSTINA DE ARAGON,57";"025";"22";"22540";"974425078";
"AGROPECUARIA ALCAÑIZ ABADIA S.C.";"TORRE BINEFAR";"009";"22";"22558";"974420539";
"AGROPECUARIA LARROYA SC";"AVD REYES CATÓLICOS, 14 FRAGA C.P.; 22122";"112";"22";"22122";"974345091";
"AGROPECUARIA PORTA LANAU S.C.";"C/ ROMERAL ,3";"061";"22";"22500";;
"GANADOS ESCUDER S.C.";"C/ COVADONGA,10";"061";"22";"22500";;
"RAMON LUMBIERRES S.C.";"C/ RAMÓN Y CAJAL,10";"025";"22";"22540";"974425149";
"GANADOS SANMARTIN S.C.";"AVDA. SAN VICENTE DE PAUL, 5";"225";"22";"22550";"974420772";
"ABAD PELEGAY S.C.";"SANTO DOMINGO, 26";"021";"22";"22270";"974250060";
"COOP.BELLCAIRE";"AV.11 DE SETEMBRE, 162";"047";"25";"25337";"973586175";
"FRANCESC TARRAGONA, SCP";"C/ANSELM CLAVE, 7";"122";"25";"25240";"973575631";
"AGROPECUÀRIA SANT SALVADOR";"MASIES DE MELIÓ";"192";"25";"25271";"973556132";
"CAMI GIBERT, SCP";"PLA MOLI, S/N";"119";"25";"25430";"973151245";
"HERMANOS BOSCH, SCP";"C/LLEIDA, 8";"048";"25";"25220";"973560567";
"NIUBÓ DIONISIO E HIJOS";"C/RAVAL 8 DE MAIG, 40";"168";"25";"25143";"973716128";
"SANGRÀ, SCP";"C/SANT MIQUEL, 65";"252";"25";"25245";"973710617";
"CAU BARRUFET SCP";"C/ PORTAL, 1";"180";"25";"25240";"973142605";
"F.MONTALBO I D.SANS SCP";"C/PAU CASALS, 8";"029";"25";"25140";"973160204";
"EXPLOTACIÓN GARRIGA, SCP";"C/CAMI DE TÀRRGEGA";"041";"25";"25262";"973580464";
"LES GARRIGUES, SCP";"PRAT DE LA RIBA, 198";"119";"25";"25430";"973151054";
"SERCA-GARRÍ, SCP";"C/ANGEL GUIMERÀ, 46";"158";"25";"25243";"973601896";
"EXPLOTACION AGRICOLA";"CAMI DE VENCILLO";"230";"25";"25141";"973717040";
"GRANJA DOMENJÓ, SCP";"C/LLIBERTAT, 17";"122";"25";"25240";"973575465";
"FALIP FALIP,  SCP";"LES ERES, S/N (PORTELL)";"194";"25";"25215";"973524154";
"EXPLOTACIONS VILANOVA SCP";"C/ MAJOR, 22";"250";"25";"25735";;
"GRANJA JOAR S.C.";"C/ SANTA CECILIO Nº 1";"225";"31";"31219";"948545111";
"GRANJA MARTORELL, SCP";"C/MONTJUÏC, 16";"131";"43";"43883";"977260080";
"RAMADERA TOSALLS, S.C.P";"Pza. Sant Francesc, 1 bis";"123";"43";"43201";"629312733";
"CARCELLER, S.C.";"CL. UMPIANO MEDINA, 11";"088";"44";;"964185500";
"GANADOS MEDINA BALAGUER, S.C.";"CL. RAMÓN Y CAJAL, 23";"051";"44";"44570";"978847114";
"EXPLOTACIONES AGROPECUARIAS YOLI, S.C.";"AVDA. CONSTITUCIÓN, 8";"265";"44";"44591";"978823032";
"GANADOS PADILLA, S.C.";"CL. MOSÉN VICENTE, 7";"051";"44";"44570";"978846481";
"A.D.S. APICOLA DE TOLEDO";"ENCINAS, 7";"165";"45";"92581";"45600";
"PISALGA";"C/ GRAL.FRANCO, 14";"235";"50";"50840";"976684058";
"LATORRE, S. C.";"C/BATEA, Nº 28";"102";"50";"50793";;
"ONF, LOS PINOS";"C/ GALOPONTE, 59";"235";"50";"50840";"976684089";
"RIVAS ESCRIBANO S.C.";"AVDA. SANCHO ABARCA, 72, 50660";"252";"50";"50660";;
"LACAMBRA MARTINEZ S.C.";"DAMAS, 26";"008";"50";"50630";;
"HNOS. SOLANAS ALLUE S.C.";"C/ SAN SEBASTIÁN,33";"235";"50";"50840";"976684587";
"TABERNERO GIL, S.C.";"C/ DIPUTACIÓN PROVINCIAL, 9";"094";"50";"50360";"976800746";
"LOGO S.C.";"NUESTRA SEÑORA DEL PUIG, 23";"132";"50";"50692";;
"PEBAR A.I.E.(PECUARIAS BAJO ARAGON)";"PLANO PILÓN S/N";"074";"50";"50700";"976634043";
"GANADOS LISA, S.C.";"C/ RAMÓN Y CAJAL, 5, 50637";"223";"50";"50637";;
"AGROPECUARIA LA BERNE";"FDO. EL CATÓLICO,4";"095";"50";"50600";"976661576";
"GRANJA TOMÀS, SCP";"AFORES, S/N";"176";"08";"08281";"938698984";
"GRANJA VILARROIG, C.B.";"CUADRA DEL JEFE, 4";"040";"12";"12004";"964212706";
"GANADOS SANTA LUCIA, S.C.";"MASIA SANTA LUCIA, S/N";"038";"12";"12159";"680735804";
"AGRÍCOLA CELADES, S.C.P.";"MASIA BANCALAS, S/N";"105";"12";"12164";;
"Jimenez Goicoa Carlos";"Avda de Aragón Nº 20";"216";"31";"31400";"948870556";
"MANUEL LAMAS Y OTRO SC";"CANCELA DE AREAS 3, MALPICA DE BERGANTIÑOS";"043";"15";"15113";"676096158";
"NARCISO PI Y COMPAÑIA, S.C.";"CTRA TORROELLA, 2";"191";"17";"17133";"972758875";
"JOSEP I JOSEP Mª OLIVERAS, SC";"MAS LA ROCA - RAVÓS DEL TERRI";"056";"17";"17844";"629647748";
"AGROPECUARIA BALLARIN SC";"C/ LA RONDA, 22";"048";"22";"22300";;
"GANADOS BORDERAS,SCP.";"C/ AFUERAS S/N. - Senegüé";"199";"22";"22666";"608530080";
"AGROPECUARIA SOLA GRAU, SCP.";"CTRA. SANT JORDI, 10";"120";"25";"25113";"618719014";
"EMPRESA MARQUILLES S.C.P";"C/ JOAQUIM DONATO, 45";"249";"25";"25749";"696963436";
"MAS SANGRA SCP";"AFORES SN";"114";"25";"25216";"615617518";29/03/2018
"DUOCASTELLA SCP";"CASA XACO";"085";"25";"25214";"973524183";
"EXPLOTACIONS VILANOVA SCP";"PLAÇA DE CAPS, 2 (GÀRZOLA)";"250";"25";"25736";"973415011";
"CAL QUITERIO SCP";"MASIA QUITERIO S/N";"062";"25";"25613";"620968912";
"ANDUEZA EGUILLOR M ANGELES Y ARMENDARIZ SALVADOR";"CARRETERA MUEZ";"260";"31";"31176";"948542034";
"SC LANA MARQUINEZ JOAQUIN Y SAN MARTIN IJURCO MIRA";"C/ SANTA CECILIA, 1";"225";"31";"31219";"948545111";
"SC SAEZ DE JAUREGUI PEREZ-EULATE DONATO JAVIER Y P";"CL LA BLANCA 6";"143";"31";"31270";"948543837";23/03/2022
"GRANJA LANAIBA, S.C.";"C/ORIENTE, 7";"225";"31";"31219";"659543191";23/03/2022
"EXPLOTACIONES PORCINAS ACHAKAN";"ACHACÁN- RODEIRO";"047";"36";"36538";"986790111";
"ECODEZA, S.C";"VISTUIDE";"047";"36";"36530";"986790238";
"GRANJA MARTORELL, SCP";"C/MONTJUÏC, 16";"131";"43";"43883";"977260080";22/05/2018
"Nicolás Ros Busón, S.C.";"C/Caspe, 6";"102";"50";"50793";;
"VILLAGRASA GANADERA S.C.";"C/ SANTA MARÍA, Nº 9";"059";"50";"50177";;
"ANDREA, S.C.";"PASEO LAGOS DE ALBA. 9, 1º B";"297";"50";"50011";"666240107";
"GRANJA MOLIST SCP";"MANSO TOY";"254";"08";"08511";"938511987";
"J. AYMERICH SOCIETAT CIVIL PARTICULAR";"CASA PALLAROLS (SANT PERE DESVIM)";"297";"08";"08289";"659947356";
"FONT COMAS SCP";"MAS LA GOULA S/N APARTAT CORREUS NÚM. 97";"285";"08";"08570";"607880521";
"FRANQUIM, SCP";"CAN BAIXERAS, ANTIC CAMI DE TARADELL B708";"298";"08";"08500";"938852557";
"CAMPS MAS, SCP";"MAS LLAFRENCA, S/N";"280";"08";"08511";"938506158";
"MONTCABRER SCP";"MONTCABRER";"258";"08";"08273";;31/07/2018
"VIDAL-CERVÓS, S.C.P.";"CTRA. SANTPEDOR, KM 2 -EL POAL- CASA BARQUETS";"113";"08";"08242";"938736805";
"PALOMERA SCP";"CAL PALOMERA";"225";"08";"08515";"687900825";
"RAMADERIA EL CAMPARRÀS, SCP";"MAS EL CAMPARRÀS";"117";"08";"08509";"629956447";
"TERRICABRAS, SCP";"MAS TERRICABRAS";"151";"08";"08518";"938880447";
"MATEU DEL CLOT";"CASA MATEU DEL CLOT";"229";"08";"08263";;30/11/2017
"D&A, SCP";"C/ MARQUESOS DE PALMEROLA, 60, 2N";"215";"08";"08512";"630388500";
"TORRACLOT, SCP";"PASSEIG D~ESPORT, 11";"132";"08";"08612";"938246095";
"CLOT DEL GRANER SCP";"C/ FRANCESC MACIÀ, 10-12";"192";"08";"08251";"649337844";
"ROMERO GARCÍA S.C.";"Urb. El Huerto,nº 18";"090";"41";;;
"AGROGANADERA ALBERQUILLA S.C.";"C/ FRAY ANTONIO, 62";"090";"41";"41650";"955824334";
"Francesc Tribo Dalmau";"Plaza Catalunya, 5";"158";"25";"25243";"973602770";
"SAT SANTA ANNA 1603 NUM 213 CAT";"PL. BONVEHI, S/N  POL. IND. PLA DE SANTA ANNA";"213";"08";"08272";"938788640";
"VIGA N 973 SAT";"CTRA. DE BERGA, 4";"047";"08";"08261";"938692436";
"SAT CASAS";"CAMÍ DE CARDONA, 8";"132";"08";"08612";"608947399";
"SAT LA BRUGUERA, N5197";"C/ PUIG, 37";"215";"08";"08512";"938502294";
"VILATORTELLA . S.A.T.";"MAS CARBONELL";"100";"08";"08519";"938833474";
"URNA SAT N 14";"CL SANCHO RAMIREZ 3 - 5-E";"201";"31";"31008";;23/03/2022
"GANAVISA S.A.";"C/Arrabal nº 73";"061";"22";"22500";"974430538";
"SAT 5749 CODORNICES URGELL";" Ctra. Nacional 240, km 75 / C/ La Font, 44";"119";"25";"25430";"973150150";
"SAT HERVI 652 CAT";"PARTIDA BASSANOVA S/N";"021";"25";"25126";;
"SAMPAIO SAT 1140 XUGA";"ALEN 9 ANSEAN";"024";"36";"36519";"986792518";08/08/2008
"SAT GRANJA EL PILAR DE L'ALDEA NÚM. 400";"CTRA CRTA. VALENCIA, S/N";"904";"43";"43896";"609324047";
"SAT 2183";"Camino de la Venta, s/n";"158";"44";"44415";"978804205";
"SAT 6330 EL RAFOL";"C/ LIBERTAD, 19";"094";"46";"46470";"609470406";
"SAT PENTA 7128";"CTRA VALENCIA, Nº 27";"070";"46";"46117";"629619852";
"PECUARIAS DEL BAJO ARAGÓN A.I.E.";"PARTIDA PLANA PILÓN S/N";"074";"50";"50700";"976632132";
"GPAGES15 SAT CAT";"CAMÍ DEL ROQUÍS, S/N";"129";"43";"43330";"977319200";
"SAT LA GONIMA";"LA GÓNIMA; Apartat de correus 25";"138";"08";"08180";"938300002";
"SAT PUNTI ALABAU";"C/BISBE STRAUCH, 10";"298";"08";"08500";"935167203";
"GRANJA FONTUCA SAT ( CAT 942)";"C/PUIG, 37";"215";"08";"08512";"938502294";
"PERARNAU, SAT";"CASA PERARNAU";"132";"08";"08612";;22/11/2017
"AIM SORIA";"CARRETERA POZOHONZO , PEÑAS DE SAN PEDRO. ";"012";"02";"2120 ";"967298005";
"CINEGETICA BONO";"SAN JOAQUIN, 55";"045";"12";"12318";"964181189";
;;;;;;
"JULIA PUERTA MELGIZO";"C/ CALVARIO 39";"247";"46";"46177";"961635264";
;;"122";"28";;;
"lucio garcia garcia";"c/ real s/n de geras de gordon";"114";"24";;;
;;"014";"39";;;
"JIMENEZ GOICOA CARLOS";"AVDA DE ARAGON Nº20";;;"31400";"948-870556";
"ANGEL GABRIEL USE HERRERO";"ERMITA, 2";"219";"50";"50171";;
"SANTIAGO GARCÍA BRUALLA";"C/PIGNATELLI, Nº 2, 1º A";"209";"50";"50298";;
"Ángel Minguez Royo";"C/Mayor, 16";"023";"50";"50133";"976837405";
"ANGEL GABRIEL USE HERRERO";"ERMITA, 2";"219";"50";"50171";;
"JOSE MANUEL LORENZO BESER";"CL. CUESTA, 6";"080";"44";"44640";"978852013";
"PELEGAY BENEDI M.J.";"PLAZA DE ESPAÑA,7";"053";"50";"50641";"976652206";
"JESÚS GASCÓN GAUDÓ";"C/ SIERRA ALCUBIERRE, 4";"235";"50";"50840";"976684604";
"MANUEL GARUZ LATORRE";"AVD. DE ARAGÓN S/N";"103";"22";"22423";"974305381";
"MAXIMO SERAL FORTUÑO";"C/ GIBRALTAR, 1. HUESCA";"125";"22";"22006";"974246692";
"JOSÉ ANTONIO BLAN PUEYO";"C/ BOLTAÑA Nº 28 4º";"048";"22";"22300";"636506006";
"VICENTE ROMERO CATALÁN";"PASEO RAMÓN Y CAJAL Nº 32 - 11 C";"125";"22";"22001";"686209598";
"LLUIS BERGUA BARRABES";"C/MAGI MORERA, 17";"120";"25";"25006";"973261743";17/11/2017
"ANTONIO JAVIER ENERI IBARBIA   ";"CALLE AGUCES S/N";"072";"22";"22624";"679837256";
"MARIA INES HERRERA BERNAD";"CL. EL SOL, 16";"021";"44";"44145";"978778189";
"MIGUEL ANGEL BLANCO HERNANDEZ";"Cl. Escuelas, s/n";"042";"44";"44314";"978863686";
"EMILIO ARANDA JULVE";"CL. FRAY FCO. PALACIOS, 112";"232";"44";"44393";"978862259";
"ESTHER VIDAL IBAÑEZ";"Avda. Feria, 7-2º";"059";"44";"44140";"964185032";
"AVICOLA GIMPER S.L.";"CARRETERA BENALUA 23";"167";"18";"18519";"958690390";
"FROILAN SALES VIDAL";"PAIS VALENCIA, 101 PTA 2";"021";"12";"12546";"964620718";
"ESTANISLAO DOMINGO CONEJOS";"Cl. El Pilar, 19";"126";"44";"44142";"964443432";
"DELLA DELLA, JUAN VICENTE";"PLAÇA ARRABAL, 9";"121";"12";"12330";"606829878";
"BENJAMIN PITARCH MATEU";"MASIA PELEGRI, SN";"122";"12";"12118";"964760101";
"VILARROIG IBAÑEZ, DAVID";"GANDIA, 20, 1º C";"040";"12";"12006";"658166608";
"JOSE MICO BARBERA";"APDO, 96";"031";"46";"46230";"961750620";
"AVES LA NEVERA, SL (JOSE RAMIREZ LLORIA)";"ROMAN OCHANDO, 18";"232";"46";"46320";"962315150";
"Enrique Ortega e hijos, S.L.";"C/ Guadalquivir, 38 PTA 1ª";"250";"46";"46026";"963765385";
"VICENTE LIZANDRA QUILES";"AVDA. DELS FURS Nº3 1º P2";"147";"46";"46160";"962029486";
"SANCHEZ FERRANDO, SALVADOR";"C/ MAYOR, 9";"045";"46";"46667";"962214315";
"JORQUES ESTEVE, OSCAR";"C/ GENERAL CIRUGEDA, 55-1ª";"170";"46";"46640";"620031227";
"BOURE GARCIA ISAAC";"C/ SANTA CECILIA, Nº 21";"073";"46";"46822";"675415557";
"RAUL SERRET VILALTA";"C/ SOL, 4";"068";"12";"12317";"628081981";
"AGUSTIN GARCIA MONGORT";"C/ VERBENA, 38";"160";"46";"46660";"962235144";
"MARIA ISABEL HENARES CUERDA";"C/ CALDERON DE LA BARCA, 32, 2º,PTA 3";"031";"46";"46230";"678811598";
"JAIME GARCIA MARTINEZ";"PINTOR SOROLLA, 20";"015";"03";"03160";"637469446";
"ENRIQUE GARCIA SEVILA";"PLAZA DE MEDITERRANEO, Nº 17, PTA. 10";"014";"03";"03010";"661427269";
"JUAN CARLOS MOLINA CUARTERO";"PILETES MASSETS-POLIG V -PDA 4 Nº 5 APDO. 159   ";"053";"03";"03420";"609640215";
"SONIA COMPANY TOMAS";"MARE DE DEU DE GRACIA, 22";"073";"03";"03811";"965511031";
"GRANJA AVICOLA VICENTE SANCHEZ";"PARTIDA CASAS DE SALA D-1";"093";"03";"03660";"639687323";
"FRANCISCO JAVIER MIRETE ALCAZAR";"CRTA. ALCANTARILLA, 262";"030";"30";"30166";"616903249";
"M.ANGELES MARTINEZ PRIOR";"CALLE SAN NICOLAS Nº3";"901";"30";"30140";;
"ISIDRO SALON CLEMENTE";"C/ ORTEGA Y GASSET, Nº3";"232";"46";"46320";"649447922";
"FERNANDO ROMEU PEREZ";"C/ AMADEO RUIZ OLMOS, Nº1";"223";"46";"46910";"629074134";
"DIAZ REVERTE DIEGO";"C/ PUENTE EL PALO, BZ.217- PULGARA";"024";"30";"30800";"968467450";02/05/2019
"ANGELES MARTINEZ NAVARRO";"LAS POSADAS";"075";"04";"04640";;
"RAFAEL QUIÑONERO GALLEGO";"LOS MANCHAOS, 7";"075";"04";"04640";;
"ANTONIO GUERRERO GUERRERO";"C/ TIENDA NUEVA, BUZON 42. TORRECILLA";;"30";"30817";"968443543";
"MANUEL BURGOS COMINO";"C/ BLAS INFANTE, 35";"010";"29";;;
"VALENTIN LOPEZ ARJONA";"C/ GRANADA, BLOQUE 5, 1ºDCHA.";"010";"29";;;
"JUAN VARGAS VILCHES";"AVDA. SETENIL, 6
";"036";"11";"11691";"610363492";
"JUAN FERNANDEZ MARTINEZ ";"C/ ALAMOS, 11";"010";"29";;;
"ANTONIO J GONZALEZ GONZALEZ";"C/ MUELLE, 46";"010";"29";;;
"ROQUE PAEZ NAVARRO";"C/ NTRA, SRA. DE LOS REMEDIOS, 39";"010";"29";;;
"JOSÉ RODRÍGUEZ ROMÁN";"C/FRAY ANTONIO MARTIN POVEZ Nº 2";"090";"41";;;
"SEBASTIÁN ROMERO GOMEZ";"C/ VEGA 20";"008";"41";"41661";"647828643";
"JUAN RAMON NAVARRO PEREZ";"JOSE GARCIA, 50";"024";"03";"03390";"670854757";
"JOSE REINA RINCON";;"058";"28";;;
"PORTO DO SOUTO, S.A (PEDRO VILA)";"PONTECESO";"068";"15";"15110";"981714253";10/10/2010
"CARLES ERRA SABATA";"LA SERRA DE LA CIRERA, CASA N 2";"111";"08";"08519";"629532051";
"ANGEL ALVAREZ DOMINGUEZ";"CHANS 57 FIOLLEDO, SALVATERRA DO MIÑO";"050";"36";"36547";"626555882";
"ELADIO LIÑARES GONZALEZ";"OUTEIRO – REFOXOS - SILLEDA";"052";"36";"36548";"986681629";08/08/2008
;;;"36";;;
"JUAN FRANCISCO VELASCO MORENO";"CALLE ELCHE, Nº 26";"116";"46";"46183";"649897495";
"JOAQUIM ROVIRA BAUCELLS";"PLAÇA MAJOR, 6";"237";"08";"08580";"659945807";
"RAMON CULELL AYNES";"CASA CABIROLS";"055";"25";"25752";"973473198";09/07/2018
"JORDI CLUSELLA ULLASTRES";"C/ FRANCESC MACIÀ, 10-12";"192";"08";"08251";;
"JOSEP MARIA COMAS CANAL";"CASA LA POBLA";"167";"25";"25287";"973299371";01/03/2018
"JOSEP Mª GARCIA TRASSERRA";"BDA EL POAL "" CAL ESTEVE""";"113";"08";"08240";"938772456";
"RAMON CLOSA";"REUS";"123";"43";"43200";;02/05/2018
"PERE CAPDEVILA PÀMIES";"AV. CONSTANTÍ, 42";"123";"43";"43206";"977754436";
"Pere Canadell Juan";"Can Masonet
Pujals Dels Pagesos";"056";"17";"17844";"972593109";
"MA.ANGELS COMPANY NOGUER";"C/VERDAGUER, 10";"056";"17";"17844";"972571253";01/03/2018
"ESTEVE ARTIGAS PAGÈS";"CTRA.DE CAMÓS, S/N";"035";"17";"17834";"972570894";
"JAUME BATLLE BUSQUETS";"MAS PLA/ VILAMARI";"218";"17";"17468";"972560177";21/03/2018
"MATAMALA OLIVERAS, JOSE";"CAN TET";"233";"17";"17183";"972473059";21/03/2018
"XAVIER TEIXIDOR ANGLADA";"C/VERDAGUER, 10";"056";"17";"17844";"669460961";01/03/2018
"MIQUEL SALLERAS PRATS";"C/ FONDACH,11";"030";"17";"17761";"972505985";
"FAUSTÍ CASADEMONT CLOTAS";"CAMÍ VELL DE SANT PERE, 17";"047";"17";"17486";"609581651";
"JOAQUIM SALLERAS TUÈBOLS";"C/ FONDACH, 11";"030";"17";"17761";"972505985";14/12/2017
"JOSEP MARIA CAPALLERA ARNAU";"TERRES BLANQUES";"088";"17";"17745";"609980376";
"ALBERT";"CARRER ANTIGA ADUANA, 2";"141";"17";"17520";"972881510";
"PIJUAN VALL JOSEP M.";"PLAÇA MAJOR";"021";"25";"25331";"973570204";22/03/2018
"RAMON PUIG CAMPS";"EL LLOR";"904";"25";"25212";"973554181";22/03/2018
"SERGI ARMENGOL";"BATEDORS, 6";"003";"25";"25310";"973390811";
"PEDRO TOBEÑA GARCIA";"C/ BARASONA, 13";"061";"22";"22500";"974428491";
"RAMON CODINA ZALDO";"C. BASSAL 3";"191";"25";"25753";"649436708";
"JOAQUIN CLOP CHOY";"PARTIDA MONCADA, 30";"120";"25";"25196";"973236428";14/05/2018
"BARTOLOME ALDABO PEREZ";"SAN JORGE, 2";"025";"22";"22540";"974425113";
"BARTOLOME ALDABO PEREZ";"C/ SAN JORGE, 2";"025";"22";"22540";"974425113";
"UTGES, JOSEP";"ERES, 74";"070";"25";"25334";"973610122";01/03/2018
"BERENGUERES, PERE";"C/ DOMINGO CARDENAL, 25";"096";"25";"25332";"973570041";15/11/2017
"VILLARO VILELLA ISIDRE";"CTRA. DE GUISSONA, S/N";"191";"25";"25753";"973476151";22/03/2018
"Joan Graells Morera";"Guarda-Si-Venes";"110";"25";"25210";"973550158";
"GUIXE, JOSEP";"PLA SECLA, 6";"181";"25";"25318";"973390993";09/07/2018
"ALMUZARA PIQUER,JOSE";"c/ UNICA - Ciscar";"053";"22";"22589";"974543513";
"FRANCISCO BORRAS ESPAÑOL";"C7 PLA";"015";"25";"25130";"973426059";
"JOSE MIGUEL SERRET SOROLLA";"C/ ARAGON, 7 -1º";"179";"44";"44586";"978896761";
"MARIA JOSE COMPTE DELLA";"RAMON Y CAJAL, 10";"040";"12";"12330";"635619761";
"JOSEP CANAL MARCH";"CASA BON JOSEP";"165";"25";"25790";"973470334";
"FCO. JAVIER SESPLUGUES NUÑEZ";"C/MAYOR, Nº 11";"016";"22";"22560";;
"RAMON TORRA ALET";"CASA MASSET, S/N";"150";"25";"25749";"661043335";
"ISIDRE SALAT MARSAL";"LA TORRE-AFORES S/N";"085";"25";"25214";"973556280";16/11/2017
"Esteve Amorós, Manel";"Cami Vell";"003";"25";"25310";"973390304";
"TERCERO SERRANO, JOSE DANIEL";"C/REINA SOFIA 40";"010";"02";"02690";"678616017";
"MANUEL RAMON MONSERRAT SALES";"SOL DE VILA, 53";"045";"12";"12318";"964181184";
"BORONAT SOLBES, ISMAEL";"C/ CLARA DELS POBRETS, 7";"048";"03";"03510";"722184775";
"CASTILLO SERRANO, JUAN MANUEL";"AVDA DEPORTISTA MIRIAM BLASCO 14, ESC 9 7º DCHA";"014";"03";"03540";"696660505";
"PEREZ SAURA, ROBERTO";"CAMINO DE BENIEL, KM. 1, Nº 11";"099";"03";"03300";"699230101";
"José Joaquin Pérez González";"C/ Manuel de la Vega,nº 28";"090";"41";;;
"SERGIO PÉREZ GONZÁLEZ";"ALBERQUILLA, 40";"090";"41";"41650";"665555293";
"SAVINOR (Sociedade avicola do norte SA)";"Alejandro Sesmeros, 4-4ºB";"038";"36";"36005";"+351229865250";05/12/2022
"ANA B.";"AVDA ALCARRIA ";"005";"28";"28805";;
"JAVIER RIVAS CURRAS";"CTRA DE LA ESTACION";"052";"36";"36540";"686480034";08/08/2008
"MARIA LOURDES LOPEZ TEL";"C/ TORRENTE, 4 3º - 9ª";"104";"12";"12400";"606781606";
"MARIA JOSE MARTIN CIFRE";"C/ ROMA, 51";"258";"46";"46171";"646779690";
"ESTEBAN CANO, RAUL";"1º DE MAYO, 14-2º";"102";"46";"46930";"609684028";
"MARCOS LOPEZ, FULGENCIO";"PDA. TORRELLANO BAJO POLIG. 1 Nº 2";"065";"03";"03201";"606026242";
"ALFARO MORENO, JAVIER";"C/ NORTE, Nº 16";"176";"46";"46193";"691233289";
"Mª JESUS MUÑOZ HERNANDEZ";"GTA.PUENTE DE SEGOVIA, 3,  13A";"165";"45";"28011";"666453618";
"JAVIER SILLERAS MASIP";"PLAZA MUSICO ALBENIZ, 8";"250";"46";"46010";"962979199";
"MIGUEL SALAS LOPEZ";"CLAVEL, 5";"252";"50";"50660";"976855515";
"FRANCISCO JAVIER MOLINER GAUDES";"CL. ESCUELAS, 8";"265";"44";"44591";"659163248";
"ABADIA PEREZ, CARLOS";"C/SANTA TERESA, Nº 6";"230";"50";"50670";"976675569";
"ALBERTO GIL MATA";"Cl. Iglesia, 10";"145";"44";"44564";"625572188";
"ALMUPOR S.L.";"Calle Doña Clara Castellanos, número 42, casa 2, 50.270";"225";"50";"50270";;
"JOSE LUIS LORENZO SENANTE";"C/ Nevera, 13";"080";"44";"44640";"978852482";
"VICTOR ESPADA CARBO";"Pza. Oliva Gasque, 9";"051";"44";"44570";"647561872";
"SANTACREU MONSONET, JOSE MANUEL";"C/ CALVARIO,40";"158";"22";"22400";"974401375";
"CONSTANCIA ZAERA BUJ";"AVDA. ARAGÓN, 5";"059";"44";"44140";;
"JOSÉ MANUEL JULIÁN HUGUET";"CL. ERAS, 18";"059";"44";;;18/04/2008
"CARMEN VALLES MOLINER";"MASIA PUCHOLS ALTOS";"105";"12";"12164";"964706605";
"JOAQUIN BONO QUEROL";"SAN LUIS, Nº3";"045";"12";"12318";"964181189";
"Mª ISABEL ALBERT BELLES";"HOSTAL DE AGUSTINO, S/N";"105";"12";"12164";"964706755";
"ESTELLER MONROIG, JOSE VICENTE";"RAMON Y CAJAL, 10";"121";"12";"12330";"635619761";
"JUAN MIQUEL BADENES";"CASTELL, 33";"150";"46";"46838";"605664211";
"JOSÉ MANUEL MORENO LANCE";"C/ MAESTRO SERRANO, 26";"247";"46";"46177";"961635068";
"TELLO ALVAREZ, SALVADOR";"CNO. FUENTE EL SAZ, 10";"247";"46";"46177";"615293360";
"MARIA TERESA COLUBI";"LA MONEDA, 2";"150";"46";"46838";"962294440";
"JOSE ANTONIO FERRANDIZ CARBONELL";"PARTIDA INMEDIACIONES, A-11";"122";"03";"03690";"687773721";
"MARIA AMPARO SEGURA MIRA";"PARAJE CAMPET C-23";"093";"03";"03660";"965600636";
"ANTONIO PEREZ LIDON";"CARRETERA DE BENIEL, KM 1, Nº 11";"099";"03";"03300";"965301735";
"MIGUEL JESUS SERRANO REOLID";"C/ ALAMOS Nº20";"010";"29";"29330";;
"Fco José Verdugo González";"C/ Juan Carrasco,nº 4";"090";"41";;;
"ROGELIO CODESIDO LOPEZ";"BURRES ARZUA";"006";"15";"15819";"981500502";
"LUIS VIDAL VILA";"LIÑARES - PRADO";"024";"36";"36500";"986794126";08/08/2008
"JESUS MEIJOMIN GONZALEZ";"C/ JOSE ANTONIO, 65";"052";"36";"36540";"610528775";08/08/2008
"JOSEP MARIA MAYANS CASAS";"C/ GIRONA, 39";"037";"08";"08506";"659065574";
"JOSEP VILA BAULENAS";"MAS COROMINAS";"280";"08";"08511";"659139256";
"FRANCESC SOLA COMAS";"MAS TORREMAGRA";"111";"08";"08519";"938854221";
"RAMON M. PUJOL PAGEROLS";"CASA BECHS";"308";"08";"08679";"938204979";
"ESTEVE ARTIGAS GOU";"PUIG DE LA PUDA, 1";"015";"17";"17820";"972571551";
"RIUS, XAVIER";"LLIBERTAT, 30";"225";"25";"25331";"973570283";03/01/2018
"JOSEP M.BENEIT FONTANELLES";"PLAÇA MAJOR (LA MORANA)";"907";"25";"25212";"973550574";15/12/2017
"PAU VILÀ POLA";"AFORES S/N";"085";"25";"25214";"699919503";13/12/2017
"SEGURA GRAELLS, JOSEP";"CR AFORES";"072";"25";"25200";"973532471";08/04/2024
"FLORIDO XURIGUERA PIULATS";"ASSUMPCIÓ, 1";"103";"25";"25218";"636060085";13/12/2017
"ANTONI MONTANE CARDONA";"CARRER MAJOR, 22";"114";"25";"25216";"973524162";16/11/2017
"RAMON PORTA RIBERA";"CARRETERA DE CERVERA A HOSTAFRANCS, S/N";"072";"25";"25200";;22/03/2018
"RAMON PUIG CISTERÓ";"RAMBLA SEGADORS 114";"110";"25";"25210";"619783770";
"MARIA ÀNGELS GRAELLS QUEROL";"PASSEIG COLOM, 7";"114";"25";"25216";"973524266";12/12/2017
"XAVIER RECASENS SOLÉ";"CARRER SOLSONA, 8";"072";"25";"25200";"678782986";15/12/2017
"RAMONA SOLÀ TORRES";"LA TORRE";"114";"25";"25216";"615617518";12/12/2017
"JOSEP PAU BARÓ POTRONY";"CASA GABERNET";"042";"25";"25747";;22/05/2018
"JOSEP BARCONS JOUNOU";"CASA FOLCH";"129";"25";"25281";"630473729";
"JOAN MANEL GIRALT CECILIA";"C/ FRANCESC MACIÀ, 1, 1ER-4A.";"031";"08";"08280";"679362870";
"IVAN GEN MARTINEZ";"RÚA MARIÑA, 2, 1ºC, BETANZOS";"009";"15";"15300";"648512075";
"ANTONIA ABARRACIN GUILLEME";"C/ CRUZ DE EUGENIO, 15";"247";"46";"46177";"961635326";
"Mª VICENTA ILLUECA TARAZONA";"C/LA PURISIMA, 16";"247";"46";"46177";"961635447";
