"Código entidad habilitada";"Nombre/Razón social";"Provincia";"Comunidad Autónoma";"Teléfono";"Email";"Habilitación SU";"Habilitación REA";"Habilitación CUE";Fecha de alta;Fecha de modificación;Fecha de baja
"0102000010100000000050000";"BANCO SANTANDER S.A.";;;"675976621";"ripozas@gruposantander.es";"SI";"NO";"NO";19/06/2024;;
"0102000010200000000050000";"UNICAJA BANCO S.A.";;;"608709866";"fvilches@unicaja.es";"SI";"NO";"NO";19/06/2024;;
"0102000010300000000050000";"BBVA";;;"629055705";"fernando.silva@bbva.com";"SI";"NO";"NO";19/06/2024;;
"0102000010600000000050000";"CAJASUR BANCO S.A.U.";;;"957214249";"francisco-de-la.torre@cajasur.es";"SI";"NO";"NO";19/06/2024;;
"0102000010800000000050000";"CAIXABANK S.A.";;;"690682330";"ajmartinez@caixabank.com";"SI";"NO";"NO";19/06/2024;;
"0102000011200000000080000";"AEOFRUSE";;;"659058090";"furquiza@sat-arboreto.com";"SI";"NO";"NO";19/06/2024;;
"0102000011300000000080000";"ALCALA SIERRA DE FRAILES O.P.R.";;;"953582458";"admin@opralcala.com";"SI";"NO";"NO";19/06/2024;;
"0102000011400000000080000";"APROL SIERRA DE SEGURA";;;"953458020";"aprol@swin.net";"SI";"NO";"NO";19/06/2024;;
"0102000011500000000080000";"OLEOXA ACEITES DE JAEN S.C.A.";;;"953523878";"oleoxa@oleoxa.com";"SI";"NO";"NO";19/06/2024;;
"0102000011700000000080000";"OLEOMAÑAN S.A.T.";;;"650975359";"oleicola@manan.es";"SI";"NO";"NO";19/06/2024;;
"0102000011800000000080000";"SAN AMADOR S.C.A.";;;"953550057";"amadorsca@gmail.com";"SI";"NO";"NO";19/06/2024;;
"0102000011900000000080000";"ACEITES SAN BENITO S.C.A.";;;"953545505";"opr@aceitesanbenito.com";"SI";"NO";"NO";19/06/2024;;
"0102000012000000000080000";"SURAGRO S.C.A. 2º GRADO";;;"670579000";"rafael@suragro.com";"SI";"NO";"NO";19/06/2024;;
"0102000012300000000080000";"FEDEPROL JAEN";;;"628239477";"jero.fedeprol@tuaceitedejaen.com";"SI";"NO";"NO";19/06/2024;;
"0102000012400000000080000";"ENTRE RIOS  S.C.A. 2º GRADO";;;"722453533";"scaentrerios@gmail.com";"SI";"NO";"NO";19/06/2024;;
"0102000012600000000080000";"FEDERACION DE ARROCEROS DE SEVILLA";;;"954777116";"eduardo.vera@federaciondearroceros.es";"SI";"NO";"NO";19/06/2024;;
"0102000012700000000080000";"SAN ANTONIO S.A.T.";;;"954835417";"sanantonio@satsanantonio.es";"SI";"NO";"NO";19/06/2024;;
"0102000012800000000080000";"ASOCIACION VALOR ECOLOGICO - CAAE";;;"659697967";"pac@ecovalia.org";"SI";"NO";"NO";19/06/2024;;
"0102000012900000000050000";"CAJA RURAL CAÑETE TORRES NTRA.SRA. CAMPO";;;"683426642";"maria.cdltorres@cajarural.com";"SI";"NO";"NO";19/06/2024;;
"0102000013000000000050000";"CAJAMAR CAJA RURAL";;;"609045809";"esther@cajamar.com";"SI";"NO";"NO";19/06/2024;;
"0102000013200000000050000";"CAJA RURAL DE GRANADA";;;"958242457";"mlarrabal@crgranada.com";"SI";"NO";"NO";19/06/2024;;
"0102000013300000000050000";"CAJA RURAL JAEN, BARCELONA Y MADRID S.C.C.";;;"953355430";"saa.jaen@cajarural.com";"SI";"NO";"NO";19/06/2024;;
"0102000013400000000050000";"CAJA RURAL NTRA. MADRE DEL SOL";"Córdoba";"Andalucía";"682595589";"madresol@cajarural.com";"SI";"NO";"NO";19/06/2024;10/07/2026;
"0102000013500000000050000";"CAJA RURAL DEL SUR";;;"679561108";"dhormigo@crsur.es";"SI";"NO";"NO";19/06/2024;;
"0102000013600000000050000";"CAJA RURAL DE UTRERA S.C.A.C.";;;"954862233";"anavarro.3020@cajarural.com";"SI";"NO";"NO";19/06/2024;;
"0102000013800000000080000";"ADEHECO";;;"959126391";"info@adeheco.com";"SI";"NO";"NO";19/06/2024;;
"0102000013900000000080000";"AGAMA BAJO GUADALQUIVIR";;;"626074678";"oficina@agamabajoguadalquivir.es";"SI";"NO";"NO";19/06/2024;;
"0102000014100000000082300";"APROLIVA JAEN";"Jaén";"Andalucía";"953242808";"yolanda@aprolivajaen.com";"SI";"NO";"NO";19/06/2024;10/07/2026;
"0102000014200000000081800";"APROLIVA GRANADA";"Granada";"Andalucía";"958292162";"chari@aprolivagranada.com";"SI";"NO";"NO";19/06/2024;10/07/2026;
"0102000014300000000080000";"AREDA";;;"953740503";"areda@areda.eu";"SI";"NO";"NO";19/06/2024;;
"0102000014400000000080000";"CEREALES ASTIGI";;;"673690821";"jlbolance@cerealesastigi.com";"SI";"NO";"NO";19/06/2024;;
"0102000014500000000080000";"ADF SIERRA MORENA DE JAÉN";;;"606158727";"javier@delazaro.com";"SI";"NO";"NO";19/06/2024;12/08/2024;
"0102000014600000000080000";"GESTION Y COMERCIALIZACION FRESH S.L.";;;"619748678";"gecofresh@hotmail.com";"SI";"NO";"NO";19/06/2024;;
"0102000014700000000080000";"TECNOAYUDASPAC SL";;;"678709622";"tecnodoc@ayudaspac.com";"SI";"NO";"NO";19/06/2024;;
"0102000015000000000080000";"ADSG SIERRA NORTE";;;"613107499";"adsg@adsgsierranorte.com";"SI";"NO";"NO";19/06/2024;;
"0102000015200000000080000";"ASOCIACION DE COOPERATIVAS DE GRANADA";;;"958522616";"asociacion@faecagranada.es";"SI";"NO";"NO";19/06/2024;;
"0102000020000000000080000";"COOP. AGRO-ALIMENT. DE ANDALUCIA";;;"678779774";"direccion@agroalimentarias-andalucia.coop";"SI";"NO";"NO";19/06/2024;;
"0102000030000000000080000";"UPA";;;"954648221";"sgeneral@andalucia.upa.es";"SI";"NO";"NO";19/06/2024;;
"0102000040000000000080000";"COAG";;;"954539229";"coagandalucia@coagandalucia.com";"SI";"NO";"NO";19/06/2024;;
"0102000050000000000080000";"ASAJA";;;"954215289";"info@asaja-andalucia.es";"SI";"NO";"NO";19/06/2024;;
"01020001000000220600000000080000";"ALHONDIGA LA UNION, SA";"Almería";"Andalucía";"950580800";"ejodar@launioncorp.es";"NO";"SI";"SI";03/03/2025;10/07/2026;
"01020001000000220700000000080000";"BODEGAS PAEZ MORILLA SA";"Cádiz";"Andalucía";"956181717";"r.ramirez@paezmorilla.com";"NO";"SI";"SI";03/03/2025;10/07/2026;
"01020001000000220800000000080000";"MASIA CISCAR SOCIEDAD ANONIMA";"Huelva";"Andalucía";"676004881";"prevencion@masiaciscar.es";"NO";"SI";"SI";03/03/2025;10/07/2026;
"01020001000000220900000000080000";"SOCIETE VITICOLE DE ESPAÑA SA";"Ciudad Real";;"651852161";"societeviticole@gmail.com";"NO";"SI";"SI";03/03/2025;03/03/2025;
"01020001000000221000000000080000";"VIVEROS MEDIPALM SA";"Almería";"Andalucía";"950529407";"exportacion@medipalm.com";"NO";"SI";"SI";03/03/2025;10/07/2026;
"01020001000000221100000000080000";"AGROALIMENTARIA DEL SUR, S.A";"Zaragoza";;"976469459";"fherrando@frutaria.com";"NO";"SI";"SI";03/03/2025;03/03/2025;
"01020001000000221200000000080000";"CO2 CARBON, S.A.";"Cádiz";"Andalucía";;"agtl.05@proton.me";"NO";"SI";"SI";03/03/2025;10/07/2026;
"01020001000000221300000000080000";"CENTRO INNOVACION TROPS SAU";"Málaga";"Andalucía";;"mjalarcon@trops.es";"NO";"SI";"SI";03/03/2025;10/07/2026;
"01020001000000221400000000080000";"METROPISTA SA";"Madrid";;;"metropista@metropista.com";"NO";"SI";"SI";03/03/2025;03/03/2025;
"01020001000000221500000000080000";"FLAMENCORAF SOCIEDAD DE RESPONSABILIDAD LIMITADA";"Almería";"Andalucía";;"direccion@toyoasesores.com";"NO";"SI";"SI";03/03/2025;10/07/2026;
"01020001000000221600000000080000";"CANNADREAM SOCIEDAD LIMITADA";"Granada";"Andalucía";;"ingenieria@cannadream.es";"NO";"SI";"SI";03/03/2025;10/07/2026;
"01020001000000221700000000080000";"TEMIÑO LAQUESIS GESTION SL";"Burgos";;"947262590";"carmenmartinez@laquesis.es";"NO";"SI";"SI";03/03/2025;03/03/2025;
"01020001000000221800000000080000";"FRES ALFONSO SL";"Huelva";"Andalucía";"635023796";"manuel@asesoresgallardo.com";"NO";"SI";"SI";03/03/2025;10/07/2026;
"01020001000000221900000000080000";"REFOYCONS 2020 SL";"Málaga";"Andalucía";"673099887";"refoycons2020@gmail.com";"NO";"SI";"SI";03/03/2025;10/07/2026;
"01020001000000222000000000080000";"CORTIJO CACIN 2020 SOCIEDAD LIMITADA";"Granada";"Andalucía";"958536125";"solanadelmolino@gmail.com";"NO";"SI";"SI";03/03/2025;10/07/2026;
"01020001000000222100000000080000";"SOLANA DEL MOLINO SOCIEDAD LIMITADA";"Granada";"Andalucía";;"solanadelmolino@gmail.com";"NO";"SI";"SI";03/03/2025;10/07/2026;
"01020001000000222200000000080000";"ECO AGRO SUR SOCIEDAD LIMITADA";"Sevilla";"Andalucía";"617162660";"jgonzalez@justsol.net";"NO";"SI";"SI";03/03/2025;10/07/2026;
"01020001000000222300000000080000";"ASESORIA CARTAYGEST SL UNIPERSONAL";"Huelva";"Andalucía";"959385273";"asesoriacartaygest@gmail.com";"NO";"SI";"SI";03/03/2025;10/07/2026;
"01020001000000222400000000080000";"ORGANICO AGRICULTURA ANDALUCIA SL";"Málaga";"Andalucía";;"salomonkadosh@yahoo.es";"NO";"SI";"SI";03/03/2025;10/07/2026;
"01020001000000222500000000080000";"BIODIVERSIA TEJADILLA SOCIEDAD LIMITADA";"Córdoba";"Andalucía";"957480597";"rcrespo@tepro.es";"NO";"SI";"SI";03/03/2025;10/07/2026;
"01020001000000222600000000080000";"AL ANDALUS CBD COSTA DEL SOL 2020 SL";"Málaga";"Andalucía";"645617352";"fermarasesores@gmail.com";"NO";"SI";"SI";03/03/2025;10/07/2026;
"01020001000000222700000000080000";"ANDALUSIAN CANNABISIAN CBD SOCIEDAD LIMITADA";"Sevilla";"Andalucía";"642352666";"direccion@cannabisiancbd.com";"NO";"SI";"SI";03/03/2025;10/07/2026;
"01020001000000222800000000080000";"PENROUS GESTION SL";"Murcia";;"868048551";"info@penrous.com";"NO";"SI";"SI";03/03/2025;03/03/2025;
"01020001000000222900000000080000";"GLOBALTECHAGRO SL";"Murcia";;;"info@globaltechagro.com";"NO";"SI";"SI";03/03/2025;03/03/2025;
"01020001000000223000000000080000";"RIBLANC, ASESORIA JURIDICA AGRICOLA, S.L.";"Murcia";;;"eca@riblanc.es";"NO";"SI";"SI";03/03/2025;03/03/2025;
"01020001000000223100000000080000";"PARAFRUTS SL";"Almería";"Andalucía";"950341716";"reafa@parafruts.es";"NO";"SI";"SI";03/03/2025;10/07/2026;
"01020001000000223200000000080000";"HERMANOS ESCOBAR REYES SOCIEDAD LIMITADA";"Almería";"Andalucía";"950587208";"escobarreyes@escobarreyes.com";"NO";"SI";"SI";03/03/2025;10/07/2026;
"01020001000000223300000000080000";"FISCOEJIDO SOCIEDAD LIMITADA";"Almería";"Andalucía";"950484411";"correo@fiscoejido.es";"NO";"SI";"SI";03/03/2025;10/07/2026;
"01020001000000223400000000080000";"EXPLOTACIONES RIO DE AGUAS SOCIEDAD LIMITADA";"Murcia";;"696640899";"explotaciones@tfama.com";"NO";"SI";"SI";03/03/2025;03/03/2025;
"01020001000000223500000000080000";"OLUMAFI SL";"Almería";"Andalucía";"958703845";"davidgestoriayeste@gmail.com";"NO";"SI";"SI";03/03/2025;10/07/2026;
"01020001000000223600000000080000";"MAYES EXPORTACION SOCIEDAD LIMITADA";"Almería";"Andalucía";;"elenaaguado@mayesexportacion.com";"NO";"SI";"SI";03/03/2025;10/07/2026;
"01020001000000223700000000080000";"CUALIN QUALITY SL";"Almería";"Andalucía";"607685100";"plopeza@cualinquality.com";"NO";"SI";"SI";03/03/2025;10/07/2026;
"01020001000000223800000000080000";"NASANDAT S L";"Almería";"Andalucía";"670257673";"jmlopezcara@gmail.com";"NO";"SI";"SI";03/03/2025;10/07/2026;
"01020001000000223900000000080000";"FRESAFLOR, S.L.";"Almería";"Andalucía";"950555592";"contabilidad@vlasfresas.com";"NO";"SI";"SI";03/03/2025;10/07/2026;
"01020001000000224000000000080000";"ALMERIA GESTORIA ARCOS SL";"Almería";"Andalucía";"950489000";"diegoantonio@gestoria-arcos.com";"NO";"SI";"SI";03/03/2025;10/07/2026;
"01020001000000224100000000080000";"UCLES Y UCLES GESTORIA SLP";"Almería";"Andalucía";;"gestion@gestoriaucles.com";"NO";"SI";"SI";03/03/2025;10/07/2026;
"01020001000000224200000000080000";"HORTIBALANEGRA SL";"Almería";"Andalucía";;"fisco-daber@fiscodaber.net";"NO";"SI";"SI";03/03/2025;10/07/2026;
"01020001000000224300000000080000";"POSADAS Y DOMENECH SOCIEDAD LIMITADA";"Almería";"Andalucía";;"administracion@posadasydomenech.com";"NO";"SI";"SI";03/03/2025;10/07/2026;
"01020001000000224400000000080000";"GESTORIA MARQUEZ SOCIEDAD DE RESPONSABILIDAD LIMITADA";"Almería";"Andalucía";"950233700";"gestmarquez@yahoo.es";"NO";"SI";"SI";03/03/2025;10/07/2026;
"01020001000000224500000000080000";"PROYECTA INGENIO SL";"Almería";"Andalucía";"950621395";"fguillen@proyectaingenio.com";"NO";"SI";"SI";03/03/2025;10/07/2026;
"01020001000000224600000000080000";"HORTOFRUTICOLA LAS NORIAS SL";"Almería";"Andalucía";;"aherrada@lasnorias.com";"NO";"SI";"SI";03/03/2025;10/07/2026;
"01020001000000224700000000080000";"AGROSERVICIOS PEREZ PARRA SOCIEDAD LIMITADA";"Almería";"Andalucía";;"agroserviciosperezparra@gmail.com";"NO";"SI";"SI";03/03/2025;10/07/2026;
"01020001000000224800000000080000";"VIVERO NATURPLANT ALMERIA SOCIEDAD LIMITADA";"Almería";"Andalucía";"635621021";"asesoriaruizanaisabel@gmail.com";"NO";"SI";"SI";03/03/2025;10/07/2026;
"01020001000000224900000000080000";"GESTORIA-ABOGADOS SEGURA RUBIO, SLP";"Almería";"Andalucía";;"david@gmediterraneo.es";"NO";"SI";"SI";03/03/2025;10/07/2026;
"01020001000000225000000000080000";"RECICLAJES MUÑOZ SL";"Almería";"Andalucía";;"info@reciclajesmunoz.com";"NO";"SI";"SI";03/03/2025;10/07/2026;
"01020001000000225100000000080000";"ECOFRUITS ALMERIA SOCIEDAD LIMITADA";"Almería";"Andalucía";;"gestion@ecofruitsalmeria.com";"NO";"SI";"SI";03/03/2025;10/07/2026;
"01020001000000225200000000080000";"AGRICOLA BLANSAEZ 2014 SL";"Almería";"Andalucía";"950089453";"fnmtfisica@gmail.com";"NO";"SI";"SI";03/03/2025;10/07/2026;
"01020001000000225300000000080000";"GESTORIA VALLE DEL ALMANZORA SOCIEDAD LIMITADA PROFESIONAL";"Almería";"Andalucía";"950430706";"administracion@gestoriavalledelalmanzora.es";"NO";"SI";"SI";03/03/2025;10/07/2026;
"01020001000000225400000000080000";"ALMAGRO Y TORRES SL";"Almería";"Andalucía";"618375242";"jjfernandez@almagronature.com";"NO";"SI";"SI";03/03/2025;10/07/2026;
"01020001000000225500000000080000";"AGRO PEREZ TORRES SOCIEDAD LIMITADA";"Almería";"Andalucía";;"angelesoliva@asesoriaulisea.es";"NO";"SI";"SI";03/03/2025;10/07/2026;
"01020001000000225600000000080000";"JUSAO AGRICOLA SOCIEDAD LIMITADA";"Almería";"Andalucía";"663057272";"manuelsanlo1@gmail.com";"NO";"SI";"SI";03/03/2025;10/07/2026;
"01020001000000225700000000080000";"SOUTH GROWERS SL";"Almería";"Andalucía";;"ismaxxw@gmail.com";"NO";"SI";"SI";03/03/2025;10/07/2026;
"01020001000000225800000000080000";"AGRICOLAS SANCHEZ LOPEZ 2015 SOCIEDAD DE RESPONSABILIDAD LIMITADA";"Almería";"Andalucía";"647503577";"josesanchez.zurgena@yahoo.es";"NO";"SI";"SI";03/03/2025;10/07/2026;
"01020001000000225900000000080000";"VIVEROS EL TORIL SOCIEDAD LIMITADA";"Almería";"Andalucía";"950555592";"contabilidad@vlasfresas.com";"NO";"SI";"SI";10/07/2026;10/07/2026;
"01020001000000226000000000080000";"CULTIVOS BARBERO SL";"Almería";"Andalucía";"950146066";"cultivosbarbero@outlook.es";"NO";"SI";"SI";03/03/2025;10/07/2026;
"01020001000000226100000000080000";"VIVEROS VILLEMAR SOCIEDAD LIMITADA";"Almería";"Andalucía";"654555911";"franvillemar@gmail.com";"NO";"SI";"SI";03/03/2025;10/07/2026;
"01020001000000226200000000080000";"NIJAR PRODUCTION SL";"Almería";"Andalucía";"678997608";"nijarproduction@gmail.com";"NO";"SI";"SI";03/03/2025;10/07/2026;
"01020001000000226300000000080000";"GRUPO DISFRUTA EXPORT SL";"Almería";"Andalucía";"673552059";"calidad@disfrutaexport.com";"NO";"SI";"SI";03/03/2025;10/07/2026;
"01020001000000226400000000080000";"AGRICOLA VALLE DEL ALMANZORA SOCIEDAD LIMITADA";"Almería";"Andalucía";"950120371";"avalmanzora@yahoo.es";"NO";"SI";"SI";03/03/2025;10/07/2026;
"01020001000000226500000000080000";"CBD PRODUCING SOCIEDAD LIMITADA";"Granada";"Andalucía";"623267554";"cbdproducing@cbdproducing.com";"NO";"SI";"SI";03/03/2025;10/07/2026;
"01020001000000226600000000080000";"JUNOBARSAN, S.L.";"Almería";"Andalucía";"678600350";"juanynoa15@gmail.com";"NO";"SI";"SI";03/03/2025;10/07/2026;
"01020001000000226700000000080000";"DURAN LIÑAN E HIJOS S.L.";"Badajoz";;"924804252";"info@gestoriaduran.com";"NO";"SI";"SI";03/03/2025;03/03/2025;
"01020001000000226800000000080000";"GARCIA REVIRIEGO SL";"Badajoz";;;"gestoriagarciarev@gmail.com";"NO";"SI";"SI";03/03/2025;03/03/2025;
"01020001000000226900000000080000";"EXTRAGES DURAN MUÑOZ S.L.";"Badajoz";;"924804252";"info@gestoriaduran.com";"NO";"SI";"SI";03/03/2025;03/03/2025;
"01020001000000227000000000080000";"GESTORIA ANDRINO S.L.P.";"Badajoz";;"924229087";"yolanda@gestoriaandrino.com";"NO";"SI";"SI";03/03/2025;03/03/2025;
"01020001000000227100000000080000";"GEAPOLIS CONSULTING S.L.";"Badajoz";;"924221964";"mariadegracia@habilitados.com";"NO";"SI";"SI";03/03/2025;03/03/2025;
"01020001000000227200000000080000";"HUERTA DE FAIN SL";"Cádiz";"Andalucía";"609519516";"diego_guerra_gonzalez@hotmail.com";"NO";"SI";"SI";03/03/2025;10/07/2026;
"01020001000000227300000000080000";"TIMICHA AGRO SOCIEDAD LIMITADA";"Almería";"Andalucía";"600249395";"asesorialeiza@gmail.com";"NO";"SI";"SI";03/03/2025;10/07/2026;
"01020001000000227400000000080000";"GESTORIA NIMER, S.L.";"Murcia";;"968100522";"info@gestoriamercader.com";"NO";"SI";"SI";03/03/2025;03/03/2025;
"01020001000000227500000000080000";"FRUIT THE HOT, S.L.";"Sevilla";"Andalucía";"654420088";"claracorona@gestoriacorona.com";"NO";"SI";"SI";03/03/2025;10/07/2026;
"01020001000000227600000000080000";"SOLUCIONES Y GESTIONES AGROGANADERAS GUADIATO SL";"Córdoba";"Andalucía";"634391745";"administracion@gestionesagroganaderasguadiato.es";"NO";"SI";"SI";03/03/2025;10/07/2026;
"01020001000000227700000000080000";"CAMPOS DE OCCIDENTE, S.L.";"Zaragoza";;"976469459";"fherrando@frutaria.com";"NO";"SI";"SI";03/03/2025;03/03/2025;
"01020001000000227800000000080000";"MULTISERVICIOS MONTILLA SL";"Córdoba";"Andalucía";"661929934";"limpiamax_m@hotmail.com";"NO";"SI";"SI";03/03/2025;10/07/2026;
"01020001000000227900000000080000";"SURESTE AGRO NATURAL SOCIEDAD LIMITADA";"Almería";"Andalucía";"618375242";"jjfernandez@almagronature.com";"NO";"SI";"SI";03/03/2025;10/07/2026;
"01020001000000228000000000080000";"REGENERASUR SL";"Cádiz";"Andalucía";;"rafael@consultaria.es";"NO";"SI";"SI";03/03/2025;10/07/2026;
"01020001000000228100000000080000";"AGRICOLA RODRIGAL SL";"Cádiz";"Andalucía";;"info@agrioclarodrigal.com";"NO";"SI";"SI";03/03/2025;10/07/2026;
"01020001000000228200000000080000";"BOLICHES ASESORES SL";"Cádiz";"Andalucía";"660904328";"bolichesregistro@gmail.com";"NO";"SI";"SI";03/03/2025;10/07/2026;
"01020001000000228300000000080000";"EXPLOTACIONES LA VENTILLA SL";"Cádiz";"Andalucía";"678921615";"cristina@garrucho.com";"NO";"SI";"SI";03/03/2025;10/07/2026;
"01020001000000228400000000080000";"ASESORES ACACIA SL";"Cádiz";"Andalucía";"685465956";"info@asesoresacacia.com";"NO";"SI";"SI";03/03/2025;10/07/2026;
"01020001000000228500000000080000";"PROYECTA ADVISORS, S.L.";"Almería";"Andalucía";"672007521";"iteaf@esproyecta.com";"NO";"SI";"SI";03/03/2025;10/07/2026;
"01020001000000228600000000080000";"NUPEGALO, S.L. (EN CONSTITUCION)";"Córdoba";"Andalucía";"630885516";"nupegalosl@gmail.com";"NO";"SI";"SI";03/03/2025;10/07/2026;
"01020001000000228700000000080000";"CARRASCAL AGRARIA, S.L.";"Córdoba";"Andalucía";"957644461";"mayenasl@telefonica.net";"NO";"SI";"SI";03/03/2025;10/07/2026;
"01020001000000228800000000080000";"ASESORIA PINILLOS DEL PINO SL";"Córdoba";"Andalucía";"957002940";"lolacarreteroc@gmail.com";"NO";"SI";"SI";03/03/2025;10/07/2026;
"01020001000000228900000000080000";"AGRICULTURA TECNICA MAILLO SL";"Córdoba";"Andalucía";"608659310";"agritecma@hotmail.com";"NO";"SI";"SI";03/03/2025;10/07/2026;
"01020001000000229000000000080000";"MALAPIE SL";"Córdoba";"Andalucía";;"tramites@gesthispania.com";"NO";"SI";"SI";03/03/2025;10/07/2026;
"01020001000000229100000000080000";"CONSTRUCCIONES RAFAEL JIMENEZ GARCIA Y HNOS SLL";"Córdoba";"Andalucía";"957300117";"mlgarridogalvez@yahoo.es";"NO";"SI";"SI";03/03/2025;10/07/2026;
"01020001000000229200000000080000";"GESTION INTEGRAL AGRARIA SL";"Córdoba";"Andalucía";"957602106";"info@gabineteagricola.com";"NO";"SI";"SI";03/03/2025;10/07/2026;
"01020001000000229300000000080000";"CODICE 2002 SL";"Córdoba";"Andalucía";"957231525";"slopez@codice2002.es";"NO";"SI";"SI";03/03/2025;10/07/2026;
"01020001000000229400000000080000";"ARP IDEA XXI SL";"Córdoba";"Andalucía";;"arpidea23@gmail.com";"NO";"SI";"SI";03/03/2025;10/07/2026;
"01020001000000229500000000080000";"Trabajos Agrícolas José Antonio Arce S.L.";"Córdoba";"Andalucía";;"gestoriafigueredoadra@gmail.com";"NO";"SI";"SI";03/03/2025;10/07/2026;
"01020001000000229600000000080000";"GANIVEL OBRAS Y SERVICIOS SL";"Córdoba";"Andalucía";"67331881";"administracion@ganivel.es";"NO";"SI";"SI";03/03/2025;10/07/2026;
"01020001000000229700000000080000";"PRIETO COBOS SL";"Córdoba";"Andalucía";"957311199";"dgtmontalban@gmail.com";"NO";"SI";"SI";03/03/2025;10/07/2026;
"01020001000000229800000000080000";"ALPEPLANT EL EJIDO SL";"Almería";"Andalucía";"664370590";"administracion@loteplant.com";"NO";"SI";"SI";03/03/2025;10/07/2026;
"01020001000000229900000000080000";"ECOLONOMIA SL UNIPERSONAL";"Huelva";"Andalucía";;"cmpalos@gmail.com";"NO";"SI";"SI";03/03/2025;10/07/2026;
"01020001000000230000000000080000";"FRUTAS EL PORTON SL";"Granada";"Andalucía";"670855580";"manueljesus@frutaselporton.es";"NO";"SI";"SI";03/03/2025;10/07/2026;
"01020001000000230100000000080000";"REYES RIVERO SL";"Granada";"Andalucía";"958508704";"info@reyesrivero.es";"NO";"SI";"SI";03/03/2025;10/07/2026;
"01020001000000230200000000080000";"AGRICOLA BOJARES S.L";"Granada";"Andalucía";"663697130";"j.romero.martinez@hotmail.com";"NO";"SI";"SI";03/03/2025;10/07/2026;
"01020001000000230300000000080000";"AGRICOLA HNOS MOLINA ALBARRAL S.L";"Granada";"Andalucía";"663697130";"j.romero.martinez@hotmail.com";"NO";"SI";"SI";03/03/2025;10/07/2026;
"01020001000000230400000000080000";"GESTORIA ADMINISTRATIVA MESAS PORCEL SOCIEDAD LIMITADA PROFESIONAL";"Granada";"Andalucía";"958860929";"antonio@gestoriamesas.es";"NO";"SI";"SI";03/03/2025;10/07/2026;
"01020001000000230500000000080000";"HACIENDA FLORIDA SL";"Granada";"Andalucía";"646872516";"bailon_castro@hotmail.com";"NO";"SI";"SI";03/03/2025;10/07/2026;
"01020001000000230600000000080000";"ANDALUZA DE ACTIVIDADES Y SERVICIOS DE CONSULTORIA SL";"Granada";"Andalucía";"958535538";"info@andaluzadeactividades.es";"NO";"SI";"SI";03/03/2025;10/07/2026;
"01020001000000230700000000080000";"OFICINA DE GESTIONES BAZA SLL";"Granada";"Andalucía";"958700657";"gestoria@ofigesba.es";"NO";"SI";"SI";03/03/2025;10/07/2026;
"01020001000000230800000000080000";"FRUTOS LOS PISAOS SL";"Granada";"Andalucía";"958069116";"maria@lospisaos.es";"NO";"SI";"SI";03/03/2025;10/07/2026;
"01020001000000230900000000080000";"CONSULTORES VILLEGAS Y ASOCIADOS SLL";"Granada";"Andalucía";"671935520";"info2@consultoresvillegas.com";"NO";"SI";"SI";03/03/2025;10/07/2026;
"01020001000000231000000000080000";"GESTORIA M RODRIGUEZ MUÑOZ SOCIEDAD LIMITADA";"Granada";"Andalucía";;"jorgemesa@gestoriarodriguezmunoz.com";"NO";"SI";"SI";03/03/2025;10/07/2026;
"01020001000000231100000000080000";"MADRE OLIVA SOCIEDAD LIMITADA";"Granada";"Andalucía";;"madreoliva@hotmail.com";"NO";"SI";"SI";03/03/2025;10/07/2026;
"01020001000000231200000000080000";"ORNAMENTALES VAHU SL";"Granada";"Andalucía";"607339846";"ornamentalesvahu@hotmail.com";"NO";"SI";"SI";03/03/2025;10/07/2026;
"01020001000000231300000000080000";"GESTORIA MESAS Y MARTINEZ SOCIEDAD LIMITADA PROFESIONAL";"Granada";"Andalucía";"958712362";"areavehiculos@gestoriamesasymartinez.es";"NO";"SI";"SI";03/03/2025;10/07/2026;
"01020001000000231400000000080000";"ASESORIA SAN SEBASTIAN PADUL, S.L.";"Granada";"Andalucía";"958790287";"asesoriasansebastian@hotmail.com";"NO";"SI";"SI";03/03/2025;10/07/2026;
"01020001000000231500000000080000";"QUERCUSUR SL";"Granada";"Andalucía";"666823133";"molderodavid@gmail.com";"NO";"SI";"SI";03/03/2025;10/07/2026;
"01020001000000231600000000080000";"TRAMIGRA GESTORIA Y ASESORIA JURIDICA SLP";"Granada";"Andalucía";"958003316";"notificaciones@dmhgestoria.com";"NO";"SI";"SI";03/03/2025;10/07/2026;
"01020001000000231700000000080000";"AROMATICAS DEL ZALABI SOCIEDAD LIMITADA";"Granada";"Andalucía";"676903017";"rafa.fdez.guerrero@gmail.com";"NO";"SI";"SI";03/03/2025;10/07/2026;
"01020001000000231800000000080000";"SERVICIOS AGRICOLAS EL CORTIJUELO SL";"Granada";"Andalucía";"953088141";"gestoriamarchalpozo@gmail.com";"NO";"SI";"SI";03/03/2025;10/07/2026;
"01020001000000231900000000080000";"FRUTIBERIA AGRICOLA SL";"Sevilla";"Andalucía";"954623544";"caceresespejo@gestoressevilla.com";"NO";"SI";"SI";03/03/2025;10/07/2026;
"01020001000000232000000000080000";"FRESPEREZ SL";"Huelva";"Andalucía";"959530444";"fresperez@hotmail.com";"NO";"SI";"SI";03/03/2025;10/07/2026;
"01020001000000232100000000080000";"FRUTAS BOSQUES SL";"Huelva";"Andalucía";"959372603";"david.guerra@remolinoberries.com";"NO";"SI";"SI";03/03/2025;10/07/2026;
"01020001000000232200000000080000";"FRESFERNANDEZ SL";"Huelva";"Andalucía";;"asesoria@grufesa.com";"NO";"SI";"SI";03/03/2025;10/07/2026;
"01020001000000232300000000080000";"FRES MOLINERO SL";"Huelva";"Andalucía";"636595349";"info@fresmolinero.com";"NO";"SI";"SI";03/03/2025;10/07/2026;
"01020001000000232400000000080000";"EXPLOTACIONES MALOY SL";"Huelva";"Andalucía";"658864436";"explomaloyrg@gmail.com";"NO";"SI";"SI";03/03/2025;10/07/2026;
"01020001000000232500000000080000";"AGRICOLA LOS PARRALES SL";"Huelva";"Andalucía";"678178724";"traficoytransportescsa@gmail.com";"NO";"SI";"SI";03/03/2025;10/07/2026;
"01020001000000232600000000080000";"AGRO BERRIES, SL";"Huelva";"Andalucía";;"administracion@agroberries.es";"NO";"SI";"SI";03/03/2025;10/07/2026;
"01020001000000232700000000080000";"FRES MARTINEZ SL";"Huelva";"Andalucía";"959372335";"menaranjod@grufesa.com";"NO";"SI";"SI";03/03/2025;10/07/2026;
"01020001000000232800000000080000";"HNOS VP TRACTORES SAN JUAN SL";"Huelva";"Andalucía";"959657078";"tractoresanjuan@hotmail.com";"NO";"SI";"SI";03/03/2025;10/07/2026;
"01020001000000232900000000080000";"GESTORIA GB HUELVA SL";"Huelva";"Andalucía";"959541750";"info@gestoriagbhuelva.com";"NO";"SI";"SI";03/03/2025;10/07/2026;
"01020001000000233000000000080000";"NOVALIS CONSULTORÍA Y COMERCIO, S.L.";"Sevilla";"Andalucía";;"info@novaliscc.com";"NO";"SI";"SI";03/03/2025;10/07/2026;
"01020001000000233100000000080000";"CONSULTORES COSTALUZ SL";"Huelva";"Andalucía";"959394453";"consultorescostaluz@gmail.com";"NO";"SI";"SI";03/03/2025;10/07/2026;
"01020001000000233200000000080000";"FRAN Y LOLO SL";"Huelva";"Andalucía";;"franylolobarroso@gmail.com";"NO";"SI";"SI";03/03/2025;10/07/2026;
"01020001000000233300000000080000";"NEWTRAC MAQUINARIA AGRICOLA SL";"Huelva";"Andalucía";;"manzanilla@globalgrupo.es";"NO";"SI";"SI";03/03/2025;10/07/2026;
"01020001000000233400000000080000";"AGRICOLA Y FORESTAL FERSAN, SOCIEDAD LIMITADA";"Huelva";"Andalucía";;"gestoria@artillerito.com";"NO";"SI";"SI";03/03/2025;10/07/2026;
"01020001000000233500000000080000";"INEXA AGRARIA SL UNIPERSONAL";"Huelva";"Andalucía";"959343956";"asesoriajuizsarrias@gmail.com";"NO";"SI";"SI";03/03/2025;10/07/2026;
"01020001000000233600000000080000";"FRUTAS SANTA ISABEL SL";"Huelva";"Andalucía";"661678097";"calidad@franylolo.com";"NO";"SI";"SI";03/03/2025;10/07/2026;
"01020001000000233700000000080000";"PILON E HIJOS SL";"Huelva";"Andalucía";"959500725";"administracion2@elpilonar.es";"NO";"SI";"SI";03/03/2025;10/07/2026;
"01020001000000233800000000080000";"ALMO BERRY, SOCIEDAD LIMITADA";"Huelva";"Andalucía";;"mariacopadogarcia@gmail.com";"NO";"SI";"SI";03/03/2025;10/07/2026;
"01020001000000233900000000080000";"DIAZ FORESTAL BIOMASA SL UNIPERSONAL";"Huelva";"Andalucía";"652605415";"didiro67@hotmail.com";"NO";"SI";"SI";03/03/2025;10/07/2026;
"01020001000000234000000000080000";"MAS AGROQUALITY, SOCIEDAD LIMITADA";"Huelva";"Andalucía";"651553826";"masagroq@gmail.com";"NO";"SI";"SI";03/03/2025;10/07/2026;
"01020001000000234100000000080000";"FRES JAKA SL UNIPERSONAL";"Huelva";"Andalucía";"676485188";"jagglongo@gmail.com";"NO";"SI";"SI";03/03/2025;10/07/2026;
"01020001000000234200000000080000";"CITRICOS GOMAR SL UNIPERSONAL";"Huelva";"Andalucía";"635023796";"manuel@asesoresgallardo.com";"NO";"SI";"SI";03/03/2025;10/07/2026;
"01020001000000234300000000080000";"GEFILASE DE JAEN SOCIEDAD LIMITADA";"Jaén";"Andalucía";;"juanmanuelmendez@gefilase.com";"NO";"SI";"SI";03/03/2025;10/07/2026;
"01020001000000234400000000080000";"AGRICOLA EL GALEOTE";"Jaén";"Andalucía";"678770574";"inma.gesmoreno@gmail.com";"NO";"SI";"SI";03/03/2025;10/07/2026;
"01020001000000234500000000080000";"GESTORIA PEREZ MORENO ALCALA SOCIEDAD LIMITADA PROFESIONAL";"Jaén";"Andalucía";;"jaime@gestoriaperezmoreno.es";"NO";"SI";"SI";03/03/2025;10/07/2026;
"01020001000000234600000000080000";"GESTORIA ADMINISTRATIVA OGAYAR SOCIEDAD LIMITADA PROFESIONAL";"Jaén";"Andalucía";"953272010";"baogayar@gestores.net";"NO";"SI";"SI";03/03/2025;10/07/2026;
"01020001000000234700000000080000";"FAMILIA CORRAL SL";"Jaén";"Andalucía";"953088141";"gestoriamarchalpozo@gmail.com";"NO";"SI";"SI";03/03/2025;10/07/2026;
"01020001000000234800000000080000";"ACEITES TEMPRANOS DEL SUR SOCIEDAD LIMITADA";"Jaén";"Andalucía";"638057540";"marecanena@gmail.com";"NO";"SI";"SI";03/03/2025;10/07/2026;
"01020001000000234900000000080000";"AGROFORESTRA MEDIOAMBIENTAL SOCIEDAD LIMITADA";"Jaén";"Andalucía";"678639250";"javigarcia1982@gmail.com";"NO";"SI";"SI";03/03/2025;10/07/2026;
"01020001000000235000000000080000";"HIJOS DE GABINO-PACO SOCIEDAD LIMITADA";"Jaén";"Andalucía";"953452127";"hijosdegabinopaco@gmail.com";"NO";"SI";"SI";03/03/2025;10/07/2026;
"01020001000000235100000000080000";"LA RUEDA CASA BAJA S.L.";"Jaén";"Andalucía";"953048999";"manolomarti@gestoriasmarti.com";"NO";"SI";"SI";03/03/2025;10/07/2026;
"01020001000000235200000000080000";"MORIANA ASESORES SOCIEDAD LIMITADA";"Jaén";"Andalucía";"953294073";"moriana@gestoriamoriana.com";"NO";"SI";"SI";03/03/2025;10/07/2026;
"01020001000000235300000000080000";"BELENTRANS ANDUJAR 2019 SOCIEDAD LIMITADA";"Jaén";"Andalucía";"953503797";"transbelencita@hotmail.com";"NO";"SI";"SI";03/03/2025;10/07/2026;
"01020001000000235400000000080000";"AGROGESTJAEN SL";"Jaén";"Andalucía";"953088141";"gestoriamarchalpozo@gmail.com";"NO";"SI";"SI";03/03/2025;10/07/2026;
"01020001000000235500000000080000";"OLEOFUTURO SL";"Jaén";"Andalucía";"607632334";"antonio.estevez@nutesca.com";"NO";"SI";"SI";03/03/2025;10/07/2026;
"01020001000000235600000000080000";"INVERSIONES Y DESARROLLOS DE UNIDADES DE NEGOCIO SL";"Málaga";"Andalucía";"952179848";"administracion@iduninversiones.com";"NO";"SI";"SI";03/03/2025;10/07/2026;
"01020001000000235700000000080000";"BROKAW ESPAÑA, SL";"Málaga";"Andalucía";"952030362";"info@brokaw.es";"NO";"SI";"SI";03/03/2025;10/07/2026;
"01020001000000235800000000080000";"GESTORIA BUSTILLO SLP";"Málaga";"Andalucía";"952040345";"miguelangel@gbustillo.es";"NO";"SI";"SI";03/03/2025;10/07/2026;
"01020001000000235900000000080000";"GONZALEZ Y VAZQUEZ ASESORES SLP";"Málaga";"Andalucía";"664664728";"gestoria@gyvasesores.es";"NO";"SI";"SI";03/03/2025;10/07/2026;
"01020001000000236100000000080000";"INMOBILIARIA CRISA SL";"Murcia";;"670303295";"jfvistalegre@gmail.com";"NO";"SI";"SI";03/03/2025;03/03/2025;
"01020001000000236200000000080000";"AGRICOLA GABARRON GARCIA SL";"Murcia";;"654544386";"aframar29@gmail.com";"NO";"SI";"SI";03/03/2025;03/03/2025;
"01020001000000236300000000080000";"AGROTERRA 98 SL";"Murcia";;"968447339";"laboral@agroterra98.es";"NO";"SI";"SI";03/03/2025;03/03/2025;
"01020001000000236400000000080000";"VENTAFRESH SL";"Murcia";;"968972390";"contabilidad@ventafresh.es";"NO";"SI";"SI";03/03/2025;03/03/2025;
"01020001000000236500000000080000";"GESTORIA. J. RAMIREZ";"Murcia";;"649487003";"facturacion@gestoriajramirez.com";"NO";"SI";"SI";03/03/2025;03/03/2025;
"01020001000000236600000000080000";"LA ATALAYA 1272 SL";"Sevilla";"Andalucía";;"tramites@gesthispania.com";"NO";"SI";"SI";03/03/2025;10/07/2026;
"01020001000000236700000000080000";"ALMONAZAR SL";"Sevilla";"Andalucía";;"curro@almonazarsl.com";"NO";"SI";"SI";03/03/2025;10/07/2026;
"01020001000000236800000000080000";"MARSAGA SL";"Sevilla";"Andalucía";"954779200";"a.escacena@andyor.com";"NO";"SI";"SI";03/03/2025;10/07/2026;
"01020001000000236900000000080000";"LEON MARQUEZ SL";"Sevilla";"Andalucía";;"leonmarquezsl@gmail.com";"NO";"SI";"SI";03/03/2025;10/07/2026;
"01020001000000237000000000080000";"EXPLOTACION AGRICOLA FUENTE DEL PEZ SL";"Sevilla";"Andalucía";;"jmromeroes@yahoo.es";"NO";"SI";"SI";03/03/2025;10/07/2026;
"01020001000000237100000000080000";"ASESORIA PRIETO SL";"Sevilla";"Andalucía";"954860495";"info@asesoriaprieto.net";"NO";"SI";"SI";03/03/2025;10/07/2026;
"01020001000000237200000000080000";"PROAGRI SL";"Sevilla";"Andalucía";;"administracion@lucasramos.es";"NO";"SI";"SI";03/03/2025;10/07/2026;
"01020001000000237300000000080000";"ASESORIA HERMANOS ROLDAN SL";"Sevilla";"Andalucía";;"hermanosroldan@hotmail.com";"NO";"SI";"SI";03/03/2025;10/07/2026;
"01020001000000237400000000080000";"MARIA JOSE MENDIZABAL MARTINEZ SL";"Sevilla";"Andalucía";"687964477";"mendizabalmartinez@gestoressevilla.com";"NO";"SI";"SI";03/03/2025;10/07/2026;
"01020001000000237500000000080000";"FERNANDO Y MIGUEL SL";"Sevilla";"Andalucía";;"soporte@hervas.com";"NO";"SI";"SI";03/03/2025;10/07/2026;
"01020001000000237600000000080000";"EXPLOTACIONES RUSTICAS CONTRERAS";"Sevilla";"Andalucía";"686989776";"joseluis.prieto@me.com";"NO";"SI";"SI";03/03/2025;10/07/2026;
"01020001000000237700000000080000";"ACOSURLAB 2020 SOCIEDAD DE RESPONSABILIDAD LIMITADA";"Granada";"Andalucía";"680819331";"acosurlab@gmail.com";"NO";"SI";"SI";03/03/2025;10/07/2026;
"01020001000000237800000000080000";"INTERAGRICOLA ARENALES SL";"Madrid";;"607490602";"iaasl@escoriaza.net";"NO";"SI";"SI";03/03/2025;03/03/2025;
"01020001000000237900000000080000";"AGRICOLA BIOGAOBE SOCIEDAD LIMITADA";"Almería";"Andalucía";"637781027";"agricolabiogaobe@gmail.com";"NO";"SI";"SI";03/03/2025;10/07/2026;
"01020001000000238000000000080000";"VIVEROS ANGEL GARCIA SOCIEDAD LIMITADA";"Granada";"Andalucía";;"info@viverosangelgarcia.com";"NO";"SI";"SI";03/03/2025;10/07/2026;
"01020001000000238100000000080000";"EXPLOTACIONES PABLOFRUIT SL";"Huelva";"Andalucía";"959878502";"trafico@dejaime.com";"NO";"SI";"SI";03/03/2025;10/07/2026;
"01020001000000238200000000080000";"BIOCANNAMED SLU";"Málaga";"Andalucía";"689906194";"biocannamed@hotmail.com";"NO";"SI";"SI";03/03/2025;10/07/2026;
"01020001000000238300000000080000";"AGRIMARBA 2 SLU";"Huelva";"Andalucía";;"emartin@agrimarba.com";"NO";"SI";"SI";03/03/2025;10/07/2026;
"01020001000000238400000000080000";"HERBIS RICO SOCIEDAD LIMITADA";"Sevilla";"Andalucía";;"hierbasquesada@gmail.com";"NO";"SI";"SI";03/03/2025;10/07/2026;
"01020001000000238500000000080000";"CONESBAL S. XXI SL";"Sevilla";"Andalucía";"624023277";"info@conesbal.com";"NO";"SI";"SI";03/03/2025;10/07/2026;
"01020001000000238600000000080000";"AGRICOLA ATALAYA 2020 SL";"Cádiz";"Andalucía";"687985750";"pilarlgrota@gmail.com";"NO";"SI";"SI";03/03/2025;10/07/2026;
"01020001000000238700000000080000";"SISTEMAS DE ASESORAMIENTO Y GESTION SL";"Alicante/Alacant";;"965921194";"tramitaciones@decoches.net";"NO";"SI";"SI";03/03/2025;03/03/2025;
"01020001000000238800000000080000";"GRUPO ASESORAT SERPRO SL";"Córdoba";"Andalucía";"661227862";"p.montenegro@grupoasesorat.com";"NO";"SI";"SI";03/03/2025;10/07/2026;
"01020001000000238900000000080000";"AGRI FACTA SL";"Córdoba";"Andalucía";"678610720";"acarbonellp@outlook.es";"NO";"SI";"SI";03/03/2025;10/07/2026;
"01020001000000239000000000080000";"AGRO COLONIAS LUNA SL";"Córdoba";"Andalucía";"957301202";"cluna@agrocoloniasluna.com";"NO";"SI";"SI";03/03/2025;10/07/2026;
"01020001000000239100000000080000";"GRUPO EMPRESARIAL GESCOR SL";"Córdoba";"Andalucía";"609601803";"asesoriagescor@gmail.com";"NO";"SI";"SI";03/03/2025;10/07/2026;
"01020001000000239200000000080000";"FRES VALLEJUELO SL UNIPERSONAL";"Huelva";"Andalucía";"959372335";"menaranjod@grufesa.com";"NO";"SI";"SI";03/03/2025;10/07/2026;
"01020001000000239300000000080000";"BIO CAPITAN SOCIEDAD LIMITADA";"Almería";"Andalucía";"950366055";"gestion@asesoriaunicom.es";"NO";"SI";"SI";03/03/2025;10/07/2026;
"01020001000000239400000000080000";"CULTIVOS FRESCOS DE ALMERIA SOCIEDAD LIMITADA";"Almería";"Andalucía";"618375242";"jjfernandez@almagronature.com";"NO";"SI";"SI";03/03/2025;10/07/2026;
"01020001000000239500000000080000";"RASER 80 95 SL";"Barcelona";;"627401111";"rzafra@codima-sa.com";"NO";"SI";"SI";03/03/2025;03/03/2025;
"01020001000000239600000000080000";"BEDSTE TIDER SL";"Almería";"Andalucía";"950309003";"gestion@iberveg.com";"NO";"SI";"SI";03/03/2025;10/07/2026;
"01020001000000239700000000080000";"OMAR NIETO BOUTIQUE LEGAL SLP";"Barcelona";;"934676778";"investigacion@omarnieto.com";"NO";"SI";"SI";03/03/2025;03/03/2025;
"01020001000000239800000000080000";"AGRICOLA GOMEZ CARDEÑA, SL";"Sevilla";"Andalucía";;"tsuarez@bmfasociados.com";"NO";"SI";"SI";03/03/2025;10/07/2026;
"01020001000000239900000000080000";"NATURE GROW DIRECT SOCIEDAD LIMITADA";"Almería";"Andalucía";"618375242";"jjfernandez@almagronature.com";"NO";"SI";"SI";03/03/2025;10/07/2026;
"01020001000000240000000000080000";"GESTORIA ALGARATE SOCIEDAD LIMITADA PROFESIONAL";"Huesca";;;"tramites@gestoriaalgarate.com";"NO";"SI";"SI";03/03/2025;03/03/2025;
"01020001000000240100000000080000";"FUENAGRO, SL";"Granada";"Andalucía";"619864710";"fuenagro@gmail.com";"NO";"SI";"SI";03/03/2025;10/07/2026;
"01020001000000240200000000080000";"CULTIVOS ALJARAFE SOCIEDAD LIMITADA";"Sevilla";"Andalucía";"696170732";"cultivosaljarafe@gmail.com";"NO";"SI";"SI";03/03/2025;10/07/2026;
"01020001000000240300000000080000";"CAMPO SAN MARTIN SOCIEDAD LIMITADA";"Almería";"Andalucía";;"rrhh@mmsoluciona.es";"NO";"SI";"SI";03/03/2025;10/07/2026;
"01020001000000240400000000080000";"RECOSOL SOLINO SANCHEZ SL";"Cádiz";"Andalucía";"635014115";"gestoriagomez18@gmail.com";"NO";"SI";"SI";03/03/2025;10/07/2026;
"01020001000000240500000000080000";"HORACIO ASESORES SLP";"Cádiz";"Andalucía";"956810790";"claudio@horacioasesores.es";"NO";"SI";"SI";03/03/2025;10/07/2026;
"01020001000000240600000000080000";"HNOS PALACIOS FLOR CORTADA SL";"Cádiz";"Andalucía";"673498263";"floreshermanospalacios@outlook.com";"NO";"SI";"SI";03/03/2025;10/07/2026;
"01020001000000240700000000080000";"GODGRACE CULTIVOS ORGANICOS SL";"Cádiz";"Andalucía";"655494400";"wilhelmmayer@hotmail.com";"NO";"SI";"SI";03/03/2025;10/07/2026;
"01020001000000240800000000080000";"GREENLIGHT BIOSCIENCES ESPAÑA, S.L";"Sevilla";"Andalucía";"630581605";"arodrigueztello@greenlightbio.com";"NO";"SI";"SI";03/03/2025;10/07/2026;
"01020001000000240900000000080000";"VARA Y PULGAR ASESORES VITICOLAS SL";"Cádiz";"Andalucía";"649804527";"info@varaypulgar.es";"NO";"SI";"SI";03/03/2025;10/07/2026;
"01020001000000241000000000080000";"QVA SERVICIOS INTEGRALES";"Madrid";;"603477072";"gpinedo@qultivacapital.com";"NO";"SI";"SI";03/03/2025;03/03/2025;
"01020001000000241100000000080000";"AGRO ALMERIA 2022 SOCIEDAD LIMITADA";"Almería";"Andalucía";;"pmoreno@asesoriacallejon.com";"NO";"SI";"SI";03/03/2025;10/07/2026;
"01020001000000241200000000080000";"VIVEROS DIVINA PASTORA SOCIEDAD LIMITADA";"Jaén";"Andalucía";"953505848";"info@viverosdp.com";"NO";"SI";"SI";03/03/2025;10/07/2026;
"01020001000000241300000000080000";"FERNANDEZ BREIS GESTORIA ADMINISTRATIVA SLP";"Murcia";;"968800733";"breis@gestoriabreis.es";"NO";"SI";"SI";03/03/2025;03/03/2025;
"01020001000000241400000000080000";"ORGANIZACION DE PRODUCTORES LOOIJE, SL";"Murcia";;;"angel@mjodarasesores.com";"NO";"SI";"SI";03/03/2025;03/03/2025;
"01020001000000241500000000080000";"HORTALIZAS LEBOR BAJO 2012, SOCIEDAD LIMITADA";"Murcia";;"968270495";"ascen@adjasesores.es";"NO";"SI";"SI";03/03/2025;03/03/2025;
"01020001000000241600000000080000";"GARUNTER EXPLOTACIONES AGRICOLAS, S.L.";"Murcia";;"654375510";"david@agrosaez.es";"NO";"SI";"SI";03/03/2025;03/03/2025;
"01020001000000241700000000080000";"PROVIMAD DE VERIFICACIONES REGISTRALES SL";"Madrid";;"913770647";"rfernandez@provimad.com";"NO";"SI";"SI";03/03/2025;03/03/2025;
"01020001000000241800000000080000";"AGRICOLA MANZANO SL";"Sevilla";"Andalucía";"679420477";"agricolamanzano@hotmail.com";"NO";"SI";"SI";03/03/2025;10/07/2026;
"01020001000000241900000000080000";"GESTORIA LIROLA SLP";"Madrid";;"627551656";"documentaciones@gestorialirola.com";"NO";"SI";"SI";03/03/2025;03/03/2025;
"01020001000000242000000000080000";"MANUEL";"Sevilla";"Andalucía";;"tramites@gesthispania.com";"NO";"SI";"SI";03/03/2025;10/07/2026;
"01020001000000242100000000080000";"Campos de Avedillo SL";"Madrid";;"629761557";"jyanguas@gmail.com";"NO";"SI";"SI";03/03/2025;03/03/2025;
"01020001000000242200000000080000";"THE LOST BANDOLEROS,S.L.";"Madrid";;"913236000";"cjimenez@vasalto.com";"NO";"SI";"SI";03/03/2025;03/03/2025;
"01020001000000242300000000080000";"INGENIERIA JOVIMAR SL";"Granada";"Andalucía";"958695231";"info@jovimarasesores.com";"NO";"SI";"SI";03/03/2025;10/07/2026;
"01020001000000242400000000080000";"GESTION DE CALIDAD ALIMENTARIA MADRID SL";"Madrid";;"659961053";"eibconsultores@yahoo.es";"NO";"SI";"SI";03/03/2025;03/03/2025;
"01020001000000242500000000080000";"PATRIMONIO KODA,S.L";"Madrid";;;"chelo@asesoriaelena.es";"NO";"SI";"SI";03/03/2025;03/03/2025;
"01020001000000242600000000080000";"VALDERROMEROSO ALQUILERES SL";"Madrid";;"615671002";"laboral@asproyen.es";"NO";"SI";"SI";03/03/2025;03/03/2025;
"01020001000000242700000000080000";"HOTEL FINCA CORTESIN S.L.U.";"Málaga";"Andalucía";"952937800";"proveedores@hotelcortesin.com";"NO";"SI";"SI";03/03/2025;10/07/2026;
"01020001000000242800000000080000";"FONTANAR DE QUINTOS RURAL BUSINESS SL";"Madrid";;;"jmperez@oteros.es";"NO";"SI";"SI";03/03/2025;03/03/2025;
"01020001000000242900000000080000";"MUÑOZ LOPEZ CRISTOBAL E HIJO SLNE";"Sevilla";"Andalucía";"659657136";"chirly89@gmail.com";"NO";"SI";"SI";03/03/2025;10/07/2026;
"01020001000000243000000000080000";"FORRAJES Y PAJAS LOS VENTEROS SOCIEDAD LIMITADA";"Sevilla";"Andalucía";;"venteroslacampana@gmail.com";"NO";"SI";"SI";03/03/2025;10/07/2026;
"01020001000000243100000000080000";"BIENVENIDA ASESORES SLP";"Sevilla";"Andalucía";;"bienvenidaasesores.manuel@gmail.com";"NO";"SI";"SI";03/03/2025;10/07/2026;
"01020001000000243200000000080000";"AGROINSPECCIONES ANDALUZAS SOCIEDAD LIMITADA";"Sevilla";"Andalucía";"619381356";"agroinspeccionesandaluzas@gmail.com";"NO";"SI";"SI";03/03/2025;10/07/2026;
"01020001000000243300000000080000";"GRUPO JURIDICO LARA SLP";"Sevilla";"Andalucía";"954120605";"chari.saenz@grupojuridicolara.com";"NO";"SI";"SI";03/03/2025;10/07/2026;
"01020001000000243400000000080000";"ITEAF SEVILLA,SL";"Sevilla";"Andalucía";"605024838";"astego@iteafsevilla.com";"NO";"SI";"SI";03/03/2025;10/07/2026;
"01020001000000243500000000080000";"RENECO TECHNICA AGRICOLA SOCIEDAD LIMITADA";"Sevilla";"Andalucía";"699883396";"lolamolino@gmail.com";"NO";"SI";"SI";03/03/2025;10/07/2026;
"01020001000000243600000000080000";"COMPRAVENTAS RAPOSO SOCIEDAD LIMITADA";"Sevilla";"Andalucía";;"compraventasraposo@gmail.com";"NO";"SI";"SI";03/03/2025;10/07/2026;
"01020001000000243700000000080000";"HERMANOS YBARRA GAMERO-CIVICO S.L.";"Sevilla";"Andalucía";"954425462";"luisybarraehijos@cascajera.es";"NO";"SI";"SI";03/03/2025;10/07/2026;
"01020001000000243800000000080000";"LAMPI C Y M SOCIEDAD LIMITADA";"Sevilla";"Andalucía";"629784013";"juan.uzal@gmail.com";"NO";"SI";"SI";03/03/2025;10/07/2026;
"01020001000000243900000000080000";"GALIANO GESTORIA ADMINISTRATIVA SOCIEDAD LIMITADA PROFESIONAL";"Sevilla";"Andalucía";"954577558";"vehiculo2@gestoriagaliano.es";"NO";"SI";"SI";03/03/2025;10/07/2026;
"01020001000000244000000000080000";"PROLEGAL ASESORES S.L.";"Sevilla";"Andalucía";"954156514";"m_barrera@prolegalasesores.com";"NO";"SI";"SI";03/03/2025;10/07/2026;
"01020001000000244100000000080000";"GESTISUR M GESTORES SL";"Sevilla";"Andalucía";"955979040";"mgestores@gmail.com";"NO";"SI";"SI";03/03/2025;10/07/2026;
"01020001000000244200000000080000";"MORONERA DE INVERSIONES S.L.U";"Sevilla";"Andalucía";"954850813";"lalosilescampo@gmail.com";"NO";"SI";"SI";03/03/2025;10/07/2026;
"01020001000000244300000000080000";"ARCOS GESTION Y TRAMITACION SL";"Sevilla";"Andalucía";"660904328";"agtregistro1@gmail.com";"NO";"SI";"SI";03/03/2025;10/07/2026;
"01020001000000244400000000080000";"EXPLOTACION GANADERA LOS RASILLOS SL";"Sevilla";"Andalucía";;"bolichesarcos@bolichesasesores.net";"NO";"SI";"SI";03/03/2025;10/07/2026;
"01020001000000244500000000080000";"FERMIN TORRES SOCIEDAD LIMITADA";"Sevilla";"Andalucía";"629656554";"gerente@fermintorres-sl.com";"NO";"SI";"SI";03/03/2025;10/07/2026;
"01020001000000244600000000080000";"AGROVISTAHERMOSA SOCIEDAD LIMITADA";"Sevilla";"Andalucía";;"tsuarez@bmfasociados.com";"NO";"SI";"SI";03/03/2025;10/07/2026;
"01020001000000244700000000080000";"AGROGEST AXARQUIA SL";"Málaga";"Andalucía";;"agrogestaxarquia@gmail.com";"NO";"SI";"SI";03/03/2025;10/07/2026;
"01020001000000244800000000080000";"GESTORIA JORGE ALCANTARA SLP";"Málaga";"Andalucía";"952341393";"alejandro@gestoriaalcantara.es";"NO";"SI";"SI";03/03/2025;10/07/2026;
"01020001000000244900000000080000";"JARDINES VILLALBA SL";"Málaga";"Andalucía";;"info@jardinesvillalba.com";"NO";"SI";"SI";03/03/2025;10/07/2026;
"01020001000000245000000000080000";"CUENCA Y GARCIA-MEZCUA SLP";"Málaga";"Andalucía";;"mariangeles@cuencaygarcia.com";"NO";"SI";"SI";03/03/2025;10/07/2026;
"01020001000000245100000000080000";"CORCHOS RURALES BENARRABA SL";"Málaga";"Andalucía";;"corchosrurales@gmail.com";"NO";"SI";"SI";03/03/2025;10/07/2026;
"01020001000000245200000000080000";"FINCA LA DONAIRA SL";"Málaga";"Andalucía";;"tramites@gestoriapulido.es";"NO";"SI";"SI";03/03/2025;10/07/2026;
"01020001000000245300000000080000";"PIMPINELLA ANSUM SL";"Sevilla";"Andalucía";"658707877";"pimpinellaansum@gmail.com";"NO";"SI";"SI";03/03/2025;10/07/2026;
"01020001000000245400000000080000";"RECA AVEIG INGENIERIA Y CONSTRUCCION SL";"Málaga";"Andalucía";;"av@asesoriavillasclaras.e.telefonica.net";"NO";"SI";"SI";03/03/2025;10/07/2026;
"01020001000000245500000000080000";"BENITEZ PATILLA SL";"Málaga";"Andalucía";;"jcacosta@asesoresaj.es";"NO";"SI";"SI";03/03/2025;10/07/2026;
"01020001000000245600000000080000";"AGRICOLA PANASUR SL";"Málaga";"Andalucía";"636218967";"as.fiscal@ruizabad.com";"NO";"SI";"SI";03/03/2025;10/07/2026;
"01020001000000245700000000080000";"MEDICANNA FARM SL";"Málaga";"Andalucía";"722153575";"tracey@medicannagroup.com";"NO";"SI";"SI";03/03/2025;10/07/2026;
"01020001000000245800000000080000";"RICO TOME & PATRICIA PILAR SL";"Málaga";"Andalucía";"951550808";"asesores@gmasesores.org";"NO";"SI";"SI";03/03/2025;10/07/2026;
"01020001000000245900000000080000";"Super Hemp CBD S.L.";"Málaga";"Andalucía";;"abraham@biohemp25.com";"NO";"SI";"SI";03/03/2025;10/07/2026;
"01020001000000246000000000080000";"RUSTIMAC INGENIERIA SL";"Málaga";"Andalucía";"610665856";"nmaciasso@gmail.com";"NO";"SI";"SI";03/03/2025;10/07/2026;
"01020001000000246100000000080000";"DIRECT GROW SL";"Almería";"Andalucía";"618375242";"jjfernandez@almagronature.com";"NO";"SI";"SI";03/03/2025;10/07/2026;
"01020001000000246200000000080000";"BIO DIRECT NATURE SL";"Almería";"Andalucía";"618375242";"jjfernandez@almagronature.com";"NO";"SI";"SI";03/03/2025;10/07/2026;
"01020001000000246300000000080000";"LEGADOS I TRES GESTION DE HERENCIAS SOCIEDAD LIMITADA PROFESIONAL";"Valencia/València";;"961192919";"josesoriano@gestiondeherencias.com";"NO";"SI";"SI";03/03/2025;03/03/2025;
"01020001000000246400000000080000";"AGRICULTURA Y GANADERIA CUBILES ROLDAN";"Cádiz";"Andalucía";"610057221";"cubileslascolumnas@hotmail.com";"NO";"SI";"SI";03/03/2025;10/07/2026;
"01020001000000246500000000080000";"LOPEZ MELLADO CB";"Almería";"Andalucía";"687450301";"antonioloye@gmail.com";"NO";"SI";"SI";03/03/2025;10/07/2026;
"01020001000000246600000000080000";"ACRISOL COMUNIDAD DE BIENES";"Almería";"Andalucía";"622700769";"antoniogarciaacrisol@gmail.com";"NO";"SI";"SI";03/03/2025;10/07/2026;
"01020001000000246700000000080000";"CHARO Y JESUS CB";"Málaga";"Andalucía";"629662819";"jesus@automaticosavila.com";"NO";"SI";"SI";03/03/2025;10/07/2026;
"01020001000000246800000000080000";"HERMANOS PEREZ MORENTE CB";"Jaén";"Andalucía";"953088141";"gestoriamarchalpozo@gmail.com";"NO";"SI";"SI";03/03/2025;10/07/2026;
"01020001000000246900000000080000";"26196530J PERFECTO COBLER (R: E09860107)";"Jaén";"Andalucía";"660055855";"perfectokobler@gmail.com";"NO";"SI";"SI";03/03/2025;10/07/2026;
"01020001000000247000000000080000";"TORRES ROMERO T. C. DE EXPLOTACION AGRARIA";"Granada";"Andalucía";"691713558";"torresextremera@gmail.com";"NO";"SI";"SI";03/03/2025;10/07/2026;
"01020001000000247100000000080000";"LA ALDEA, CB";"Córdoba";"Andalucía";"957540157";"auroragamizruizamores@gmail.com";"NO";"SI";"SI";03/03/2025;10/07/2026;
"01020001000000247200000000080000";"HERMANOS BLANCO ROJAS";"Córdoba";"Andalucía";;"vallejarote@hotmail.com";"NO";"SI";"SI";03/03/2025;10/07/2026;
"01020001000000247300000000080000";"34002910D FRANCISCO PABLO LOPEZ (R: E14711295)";"Córdoba";"Andalucía";"606982906";"seguros@reinayfuentes.com";"NO";"SI";"SI";03/03/2025;10/07/2026;
"01020001000000247400000000080000";"HERMANOS GAVILAN LEON CB";"Córdoba";"Andalucía";;"hermanos.gavilan.leon@gmail.com";"NO";"SI";"SI";03/03/2025;10/07/2026;
"01020001000000247500000000080000";"NAVARRETE CB";"Córdoba";"Andalucía";;"toldosjimenez@hotmail.com";"NO";"SI";"SI";03/03/2025;10/07/2026;
"01020001000000247600000000080000";"HERMANOS RAMÍREZ REINA C.B";"Córdoba";"Andalucía";"680216567";"angelaporterobellido@gmail.com";"NO";"SI";"SI";03/03/2025;10/07/2026;
"01020001000000247700000000080000";"30421453C MANUEL LOPEZ (R: E14990428)";"Córdoba";"Andalucía";"616663596";"manuel_oni@hotmail.com";"NO";"SI";"SI";03/03/2025;10/07/2026;
"01020001000000247800000000080000";"LOS MOCHUELOS CB";"Granada";"Andalucía";"958209142";"vehiculos@gestoriarodriguezmunoz.com";"NO";"SI";"SI";03/03/2025;10/07/2026;
"01020001000000247900000000080000";"MARTIN ACOSTA CB";"Granada";"Andalucía";"669878674";"opfh@granadalapalma.com";"NO";"SI";"SI";03/03/2025;10/07/2026;
"01020001000000248000000000080000";"LA GRANJA CB";"Granada";"Andalucía";;"asiangonzalez@hotmail.com";"NO";"SI";"SI";03/03/2025;10/07/2026;
"01020001000000248100000000080000";"ECOVILA ESPJ";"Granada";"Andalucía";"625677914";"jpcamacho@hotmail.es";"NO";"SI";"SI";03/03/2025;10/07/2026;
"01020001000000248200000000080000";"52531251X GUILLERMO LOPEZ (R: E23413560)";"Jaén";"Andalucía";"679152177";"mudarralopez@yahoo.com";"NO";"SI";"SI";03/03/2025;10/07/2026;
"01020001000000248300000000080000";"HERMANOS GOMEZ-LOPEZ Y GOMEZ-ALDAZ CB";"Jaén";"Andalucía";;"jerogofer@gmail.com";"NO";"SI";"SI";03/03/2025;10/07/2026;
"01020001000000248400000000080000";"VIVEROS DIVINA PASTORA CB";"Jaén";"Andalucía";;"info@viverosdp.com";"NO";"SI";"SI";03/03/2025;10/07/2026;
"01020001000000248500000000080000";"HROS DE BLAS ARANDA GONZALEZ CB";"Jaén";"Andalucía";"696408854";"pariasgonzalez@yahoo.es";"NO";"SI";"SI";03/03/2025;10/07/2026;
"01020001000000248600000000080000";"AGENCIA GERMAN, CB";"Lugo";;"982202120";"german@gestores.net";"NO";"SI";"SI";03/03/2025;03/03/2025;
"01020001000000248700000000080000";"44234387M RAFAEL CUMBRERAS (R: E42722918)";"Huelva";"Andalucía";"959372335";"asesoria@grufesa.com";"NO";"SI";"SI";03/03/2025;10/07/2026;
"01020001000000248800000000080000";"CORTIJO LA CUBERA O.E.S.P.J..";"Madrid";;"638001702";"molinaromeropilarp@gmail.com";"NO";"SI";"SI";03/03/2025;03/03/2025;
"01020001000000248900000000080000";"TAGARROSO CB";"Córdoba";"Andalucía";;"nalo@nalo.es";"NO";"SI";"SI";03/03/2025;10/07/2026;
"01020001000000249000000000080000";"HERMANOS CRESPO ZURITA C.B.";"Córdoba";"Andalucía";;"saico_sl@telefonica.net";"NO";"SI";"SI";03/03/2025;10/07/2026;
"01020001000000249100000000080000";"ROCIO Y MAGDALENA BLANCO CB";"Córdoba";"Andalucía";"957480598";"jlsegado@tepro.es";"NO";"SI";"SI";03/03/2025;10/07/2026;
"01020001000000249200000000080000";"EXPLOTACIÓN AGRARIA FRAILE CB";"Granada";"Andalucía";"628208699";"fiscal@globalasesores.org";"NO";"SI";"SI";03/03/2025;10/07/2026;
"01020001000000249300000000080000";"HERMANOS ALBACETE MENA ESPJ";"Jaén";"Andalucía";"617430194";"araceli@muriana.net";"NO";"SI";"SI";03/03/2025;10/07/2026;
"01020001000000249400000000080000";"MARIA LACRUZ BAÑON E HIJOS";"Madrid";;"615066621";"fgomezlacruz@gmail.com";"NO";"SI";"SI";03/03/2025;03/03/2025;
"01020001000000249500000000080000";"S.A.T.N 9490 TOMSPRING";"Alicante/Alacant";;"950292040";"contabilidad@tomateslis.com";"NO";"SI";"SI";03/03/2025;03/03/2025;
"01020001000000249600000000080000";"COOP PROVINCIAL AGRARIA Y GANADERA SAN ISIDRO SDAD COOP ANDALUZA";"Almería";"Andalucía";"950626063";"mjcoliver@casi.es";"NO";"SI";"SI";03/03/2025;10/07/2026;
"01020001000000249700000000080000";"CABASC S COOP AND";"Almería";"Andalucía";"950406100";"admon@cabasc.com";"NO";"SI";"SI";03/03/2025;10/07/2026;
"01020001000000249800000000080000";"CAMPOSOL SDAD COOP ANDALUZA";"Almería";"Andalucía";"950573131";"alirola@camposolsca.es";"NO";"SI";"SI";03/03/2025;10/07/2026;
"01020001000000249900000000080000";"SAN ISIDRO LABRADOR S COOP AND";"Almería";"Andalucía";"950581853";"yolanda@copisi.es";"NO";"SI";"SI";03/03/2025;10/07/2026;
"01020001000000250000000000080000";"EJIDOMAR S COOP AND";"Almería";"Andalucía";"950483511";"admon@ejidomar.es";"NO";"SI";"SI";03/03/2025;10/07/2026;
"01020001000000250100000000080000";"HORTAMAR S.COOP.AND.";"Almería";"Andalucía";"950338205";"dolores@hortamar.com";"NO";"SI";"SI";03/03/2025;10/07/2026;
"01020001000000250200000000080000";"Vicasol S.C.A.";"Almería";"Andalucía";"950553200";"mdgaldeano@vicasol.com";"NO";"SI";"SI";03/03/2025;10/07/2026;
"01020001000000250300000000080000";"COHORSAN S COOP AND";"Almería";"Andalucía";"950536008";"rmlopez@unicagroup.es";"NO";"SI";"SI";03/03/2025;10/07/2026;
"01020001000000250400000000080000";"SAT LAS HORTICHUELAS N 4812";"Almería";"Andalucía";;"subvenciones@hortichuelas.es";"NO";"SI";"SI";03/03/2025;10/07/2026;
"01020001000000250500000000080000";"INVER SAT";"Almería";"Andalucía";"950349011";"franciscosalmeron@satinver.com";"NO";"SI";"SI";03/03/2025;10/07/2026;
"01020001000000250600000000080000";"SAT FERVA";"Almería";"Andalucía";"950603307";"belen@ferva.com";"NO";"SI";"SI";03/03/2025;10/07/2026;
"01020001000000250700000000080000";"COMERCIALIZADORA DE PRODUCTOS HORTOFRUTI";"Almería";"Andalucía";;"muroz@coprohnijar.net";"NO";"SI";"SI";03/03/2025;10/07/2026;
"01020001000000250800000000080000";"ALBENTILLAS S.COOP. AND.";"Almería";"Andalucía";;"albentillas@gmail.com";"NO";"SI";"SI";03/03/2025;10/07/2026;
"01020001000000250900000000080000";"S.A.T. 9662 AGROIRIS";"Almería";"Andalucía";"674334108";"rvillegas@agroiris.com";"NO";"SI";"SI";03/03/2025;10/07/2026;
"01020001000000251000000000080000";"NATURSUR S.COOP.AND.";"Almería";"Andalucía";"950306000";"rtorres@natursursca.es";"NO";"SI";"SI";03/03/2025;10/07/2026;
"01020001000000251100000000080000";"ALMERIFRESH SAT";"Almería";"Andalucía";;"dpto.tecnico@almerifresh.es";"NO";"SI";"SI";03/03/2025;10/07/2026;
"01020001000000251200000000080000";"DUNAMAR S.A.T.";"Almería";"Andalucía";"950407180";"rafael@dunamar.es";"NO";"SI";"SI";03/03/2025;10/07/2026;
"01020001000000251300000000080000";"SAT COSTADULCE";"Almería";"Andalucía";"650477220";"calidad@agroaguadulce.com";"NO";"SI";"SI";03/03/2025;10/07/2026;
"01020001000000251400000000080000";"SAT COSTA EJIDO";"Almería";"Andalucía";;"joaquin@dazapalmero.com";"NO";"SI";"SI";03/03/2025;10/07/2026;
"01020001000000251500000000080000";"SAT DALIBER";"Almería";"Andalucía";"950607407";"administracion@daliber.com";"NO";"SI";"SI";03/03/2025;10/07/2026;
"01020001000000251600000000080000";"SAT NATURE CHOICE";"Almería";"Andalucía";"950607777";"opfh@naturechoice-sat.com";"NO";"SI";"SI";03/03/2025;10/07/2026;
"01020001000000251700000000080000";"MURGIVERDE,S. COOP. AND. 2º GRADO";"Almería";"Andalucía";"950489090";"isabelmm@murgiverde.com";"NO";"SI";"SI";03/03/2025;10/07/2026;
"01020001000000251800000000080000";"AFE SCA";"Almería";"Andalucía";;"afe@afealmeria.es";"NO";"SI";"SI";03/03/2025;10/07/2026;
"01020001000000251900000000080000";"BIOMER SDAD COOP ANDALUZA";"Almería";"Andalucía";;"contable@consultingroquetas.com";"NO";"SI";"SI";03/03/2025;10/07/2026;
"01020001000000252000000000080000";"COOPERATIVA AGRARIA VIRGEN DEL ROCIO S.COOP.AND.";"Cádiz";"Andalucía";;"jgarcia@vrocio.com";"NO";"SI";"SI";03/03/2025;10/07/2026;
"01020001000000252100000000080000";"COOP. VIRGEN PALOMARES";"Cádiz";"Andalucía";"956395106";"virgenpalomares1@gmail.com";"NO";"SI";"SI";03/03/2025;10/07/2026;
"01020001000000252200000000080000";"COOPERATIVA DEL CAMPO VITIVINICOLA SANLUQUEÑA SCA";"Cádiz";"Andalucía";;"admon@covisan.net";"NO";"SI";"SI";03/03/2025;10/07/2026;
"01020001000000252300000000080000";"S.C.A. DEL CAMPO S.M. DEL TESORILLO";"Cádiz";"Andalucía";"956618139";"ana@tesoricoop.com";"NO";"SI";"SI";03/03/2025;10/07/2026;
"01020001000000252400000000080000";"COOPERATIVA VITIVINICOLA ALBARIZAS DE TREBUJENA S COOP. AND";"Cádiz";"Andalucía";"621214859";"admon@vinosdealbarizas.com";"NO";"SI";"SI";03/03/2025;10/07/2026;
"01020001000000252500000000080000";"COOP AGRICOLA NTRA SEÑORA DE LAS VIRTUDES";"Cádiz";"Andalucía";;"daniel@coagrico.com";"NO";"SI";"SI";03/03/2025;10/07/2026;
"01020001000000252600000000080000";"UNION DE VITICULTORE CHICLANEROS SCA";"Cádiz";"Andalucía";"637784555";"administracion@bodegacooperativa.com";"NO";"SI";"SI";03/03/2025;10/07/2026;
"01020001000000252700000000080000";"AGROJEREZ";"Cádiz";"Andalucía";;"administracion@agrojerez.es";"NO";"SI";"SI";03/03/2025;10/07/2026;
"01020001000000252800000000080000";"COOPERATIVA AGRICOLA DE REGANTES S. COOP. AND";"Córdoba";"Andalucía";"957710551";"marta.diaz@coare1944.com";"NO";"SI";"SI";03/03/2025;10/07/2026;
"01020001000000252900000000080000";"SDAD COOP ANDALUZA OLIVARERA NTRA SRA DEL ROSARIO";"Córdoba";"Andalucía";"957678118";"antoniomr@aceitedelrosario.com";"NO";"SI";"SI";03/03/2025;10/07/2026;
"01020001000000253000000000080000";"MONTEALBO SAT LIMITADA N 5980";"Córdoba";"Andalucía";"957310461";"comercial@montealbo.com";"NO";"SI";"SI";03/03/2025;10/07/2026;
"01020001000000253100000000080000";"HORTOFRUTICOLA LAS HUERTAS SDAD COOP AND";"Córdoba";"Andalucía";"957644373";"diana@hlhuertas.com";"NO";"SI";"SI";03/03/2025;10/07/2026;
"01020001000000253200000000080000";"CAJA RURAL DE GRANADA SDAD COOP CRED";"Granada";"Andalucía";"958242457";"jsanchezmore@crgranada.com";"NO";"SI";"SI";03/03/2025;10/07/2026;
"01020001000000253300000000080000";"EL GRUPO SCA";"Granada";"Andalucía";;"jhitos@elgrupo-sca.com";"NO";"SI";"SI";03/03/2025;10/07/2026;
"01020001000000253400000000080000";"CARCHUNA LA PALMA S C A";"Granada";"Andalucía";"618878655";"gromero@granadalapalma.com";"NO";"SI";"SI";03/03/2025;10/07/2026;
"01020001000000253500000000080000";"CENTRO SUR SDAD COOP ANDALUZA";"Granada";"Andalucía";"958332020";"info@centro-sur.es";"NO";"SI";"SI";03/03/2025;10/07/2026;
"01020001000000253600000000080000";"PROCAM SCA";"Granada";"Andalucía";"958600306";"jefecampo@procamsca.com";"NO";"SI";"SI";03/03/2025;10/07/2026;
"01020001000000253700000000080000";"LOS GALLOMBARES SDAD COOP ANDALUZA";"Granada";"Andalucía";"606080070";"esp@losgallombares.es";"NO";"SI";"SI";03/03/2025;10/07/2026;
"01020001000000253800000000080000";"GRANAGENIL SCA";"Granada";"Andalucía";;"granagenil@gmail.com";"NO";"SI";"SI";03/03/2025;10/07/2026;
"01020001000000253900000000080000";"ESPARRAGOS DE MONTEFRIO SDAD COOP ANDALUZA";"Granada";"Andalucía";"958310465";"info@esparragosdemontefrio.com";"NO";"SI";"SI";03/03/2025;10/07/2026;
"01020001000000254000000000080000";"NUESTRA SEÑORA DE LA OLIVA SOCIEDAD COOPERATIVA ANDALUZA";"Huelva";"Andalucía";"959300033";"administracion@oleodiel.com";"NO";"SI";"SI";03/03/2025;10/07/2026;
"01020001000000254100000000080000";"SOCIEDAD COOOP. ANDALUZA NUESTRA SEÑORA DE LA BELLA";"Huelva";"Andalucía";"959383162";"pichardo@cobella.es";"NO";"SI";"SI";03/03/2025;10/07/2026;
"01020001000000254200000000080000";"SDAD COOP ANDALUZA CAMPO DE TEJADA";"Huelva";"Andalucía";"959423211";"narcivilla@campodetejada.es";"NO";"SI";"SI";03/03/2025;10/07/2026;
"01020001000000254300000000080000";"SDAD. COOP. ANDALUZA COSTA DE HUELVA";"Huelva";"Andalucía";"959360136";"tecnicos@coophuelva.es";"NO";"SI";"SI";03/03/2025;10/07/2026;
"01020001000000254400000000080000";"SDAD COOP ANDALUZA SANTA MARIA DE LA RAB";"Huelva";"Andalucía";"959656253";"tagricolas@cooprabida.es";"NO";"SI";"SI";03/03/2025;10/07/2026;
"01020001000000254500000000080000";"CIIO AGRARIA HORTOFRUTICOLA DE CARTAYA S.C.A";"Huelva";"Andalucía";;"mlandero-admon@cartayfres.com";"NO";"SI";"SI";03/03/2025;10/07/2026;
"01020001000000254700000000080000";"FRESA FLOR S.C.A.";"Huelva";"Andalucía";"959387505";"torrefruit@fresaflor.com";"NO";"SI";"SI";03/03/2025;10/07/2026;
"01020001000000254800000000080000";"S. COOP. AND. NARANJO RAMOS";"Huelva";"Andalucía";"629078931";"contabilidad@blanyfernandez.com";"NO";"SI";"SI";03/03/2025;10/07/2026;
"01020001000000254900000000080000";"SOCIEDAD COOPERATIVA ANDALUZA LUJOVI";"Huelva";"Andalucía";"690803487";"isabelmariagutierrezd@gmail.com";"NO";"SI";"SI";03/03/2025;10/07/2026;
"01020001000000255000000000080000";"ASESORIA MENGIBAR SCA";"Jaén";"Andalucía";"953374080";"jcampos@asesoriamengibar.com";"NO";"SI";"SI";03/03/2025;10/07/2026;
"01020001000000255100000000080000";"SDAD COOP AND SIERRA DE LA PANDERA";"Jaén";"Andalucía";"953320310";"magutibasilio@gmail.com";"NO";"SI";"SI";03/03/2025;10/07/2026;
"01020001000000255200000000080000";"SDAD COOP ANDALUZA ALJOZA";"Jaén";"Andalucía";"646344770";"asesoria@rzasesores.com";"NO";"SI";"SI";03/03/2025;10/07/2026;
"01020001000000255300000000080000";"SOC COOP AND OLIVARERA Y FRUTERA SN ISIDRO";"Málaga";"Andalucía";"952536020";"tecnico@aceiteperiana.es";"NO";"SI";"SI";03/03/2025;10/07/2026;
"01020001000000255400000000080000";"OLIVARERA SAN JOSE ARTESANO SDAD COOP ANDALUZA DE MONDRON";"Málaga";"Andalucía";"952537915";"info@aceitesmondron.com";"NO";"SI";"SI";03/03/2025;10/07/2026;
"01020001000000255500000000080000";"SDAD COOP AGRICOLA VIRGEN DE LA OLIVA";"Málaga";"Andalucía";"661713142";"gerente@virgendelaoliva.com";"NO";"SI";"SI";03/03/2025;10/07/2026;
"01020001000000255600000000080000";"OLIVARERA DEL CAMPO SANTA RITA S COOP AND";"Málaga";"Andalucía";"952750008";"info@scasantarita.com";"NO";"SI";"SI";03/03/2025;10/07/2026;
"01020001000000255700000000080000";"SDAD COOP AND DE SEGUNDO GRADO SURAGRO";"Málaga";"Andalucía";"952870592";"rafael@suragro.com";"NO";"SI";"SI";03/03/2025;10/07/2026;
"01020001000000255800000000080000";"SEMILLEROS LA PALMA SAT";"Málaga";"Andalucía";"952501689";"contabilidad@semilleroslapalma.com";"NO";"SI";"SI";03/03/2025;10/07/2026;
"01020001000000255900000000080000";"SCL DE COMERCIALIZACION AGRARIA DE TOTANA";"Murcia";;"968418114";"veronica.rojo@coato.com";"NO";"SI";"SI";03/03/2025;03/03/2025;
"01020001000000256000000000080000";"SCL DEL CAMPO DE AGUILAS";"Murcia";;"968493071";"f.operatico@coaguilas.es";"NO";"SI";"SI";03/03/2025;03/03/2025;
"01020001000000256100000000080000";"EXPOAGUILAS SOC COOP";"Murcia";;"968410680";"info@expoaguilas.com";"NO";"SI";"SI";03/03/2025;03/03/2025;
"01020001000000256200000000080000";"SCA SAN JUAN BAUTISTA";"Sevilla";"Andalucía";;"csanjuan@tecnimoron.net";"NO";"SI";"SI";03/03/2025;10/07/2026;
"01020001000000256300000000080000";"SCA NTR SRA DEL ROSARIO";"Sevilla";"Andalucía";;"sca.rosario@logiccontrol.es";"NO";"SI";"SI";03/03/2025;10/07/2026;
"01020001000000256400000000080000";"SAN SEBASTIAN S. COOP. AND.";"Sevilla";"Andalucía";;"r.cepeda@sansebas.es";"NO";"SI";"SI";03/03/2025;10/07/2026;
"01020001000000256500000000080000";"PRODUCTORS DEL CAMPO S. COOP. AND.";"Sevilla";"Andalucía";;"anarendon@productorescampo.com";"NO";"SI";"SI";03/03/2025;10/07/2026;
"01020001000000256600000000080000";"LAS MARISMAS DE LEBRIJA SDAD COOP ANDALUZA";"Sevilla";"Andalucía";;"alvaroperez@economistas.org";"NO";"SI";"SI";03/03/2025;10/07/2026;
"01020001000000256700000000080000";"LA CAMPIÑA DE LEBRIJA SOC COOP ANDALUZA";"Sevilla";"Andalucía";"606115685";"ja.zambrano@agroquivir.es";"NO";"SI";"SI";03/03/2025;10/07/2026;
"01020001000000256800000000080000";"AGRO ROSCA SCA";"Sevilla";"Andalucía";"955292007";"gestoriamateosr@gmail.com";"NO";"SI";"SI";03/03/2025;10/07/2026;
"01020001000000256900000000080000";"LA DEHESA SDAD COOP ANDALUZA";"Sevilla";"Andalucía";"955917177";"dehesalosbaldios@hotmail.com";"NO";"SI";"SI";03/03/2025;10/07/2026;
"01020001000000257000000000080000";"HORTOFRUTICULA NARANJALES DEL GUADALQUIVIR, S. COOP. AND";"Sevilla";"Andalucía";"635094521";"hngcantillana@hotmail.com";"NO";"SI";"SI";03/03/2025;10/07/2026;
"01020001000000257100000000080000";"SIERRA DEL TERRIL, SCA";"Sevilla";"Andalucía";;"subvenciones@sierradelterril.com";"NO";"SI";"SI";03/03/2025;10/07/2026;
"01020001000000257200000000080000";"LOS MANTAS S.C.A.";"Córdoba";"Andalucía";;"alvarez.morillo.gestoria@gmail.com";"NO";"SI";"SI";03/03/2025;10/07/2026;
"01020001000000257300000000080000";"NTRA. SRA. DE LOS REMEDIOS-PICASAT S.C.A.";"Cádiz";"Andalucía";"638298674";"admon@remediospicasat.com";"NO";"SI";"SI";03/03/2025;10/07/2026;
"01020001000000257400000000080000";"I LIKE FLOWERS S.COOP.AND.";"Cádiz";"Andalucía";"651304081";"sandrarodriguez.asesores@gmail.com";"NO";"SI";"SI";03/03/2025;10/07/2026;
"01020001000000257500000000080000";"M SICILIA ASESORES SDAD COOP";"Murcia";;"619639896";"bea@msicilia.com";"NO";"SI";"SI";03/03/2025;03/03/2025;
"01020001000000257600000000080000";"AGRO FABEGO S.COOP, ANDALUZA";"Sevilla";"Andalucía";"924849002";"pedro@metasa.es";"NO";"SI";"SI";03/03/2025;10/07/2026;
"01020001000000257700000000080000";"AGROQUIVIR SDAD COOP ANDALUZA DE SEGUNDO GRADO";"Sevilla";"Andalucía";;"agroquivir@agroquivir.es";"NO";"SI";"SI";03/03/2025;10/07/2026;
"01020001000000257800000000080000";"AGROJARA SCA";"Sevilla";"Andalucía";;"mercedes41650@gmail.com";"NO";"SI";"SI";03/03/2025;10/07/2026;
"01020001000000257900000000080000";"AGRO-OLIVARERA RIOGORDO S.COOP.AND";"Málaga";"Andalucía";"606156345";"administracion@olivarerariogordo.es";"NO";"SI";"SI";03/03/2025;10/07/2026;
"01020001000000258000000000080000";"RED TAPE SERVICIOS INTEGRADOS DE ASESORAMIENTO Y TRAMITACION S.COOP.AND. PROFESIONAL";"Málaga";"Andalucía";;"tramita@lagestoria.net";"NO";"SI";"SI";03/03/2025;10/07/2026;
"01020001000000258100000000080000";"ASOCIACION AGRARIA JOVENES AGRICULTORES (ASAJA)";"Alicante/Alacant";;"965123201";"jovenes@alicanteasaja.com";"NO";"SI";"SI";03/03/2025;03/03/2025;
"01020001000000258200000000080000";"COEXPHAL";"Almería";"Andalucía";"950621389";"carolina@coexphal.es";"NO";"SI";"SI";03/03/2025;10/07/2026;
"01020001000000258300000000080000";"UNION DE AGRIC Y GANAD ALMERIA UAGA-COAG";"Almería";"Andalucía";;"juridico@coagalmeria.com";"NO";"SI";"SI";03/03/2025;10/07/2026;
"01020001000000258400000000080000";"ASOC AGRARIA JOVENES AGRICULTORES DE ALMERIA";"Almería";"Andalucía";"950290956";"asaja@asajaalmeria.org";"NO";"SI";"SI";03/03/2025;10/07/2026;
"01020001000000258500000000080000";"UNION PEQUEÑOS AGRICULT Y GANAD ALMERIA";"Almería";"Andalucía";"950224630";"upaalmeria@upa.es";"NO";"SI";"SI";03/03/2025;10/07/2026;
"01020001000000258600000000080000";"UNION DE AGRICULTORES Y GANADEROS DE CADIZ DE ANDALUCIA";"Cádiz";"Andalucía";;"joseluis@coagcadiz.com";"NO";"SI";"SI";03/03/2025;10/07/2026;
"01020001000000258700000000080000";"ASOC DE AGRICULTORES Y GANADEROS DE CADIZ";"Cádiz";"Andalucía";"956307900";"gestionayudas@asajacadiz.org";"NO";"SI";"SI";03/03/2025;10/07/2026;
"01020001000000258800000000080000";"UNIÓN PEQUEÑOS AGRICULTORES CÁDIZ";"Cádiz";"Andalucía";"856112299";"upacadiz@andalucia.upa.es";"NO";"SI";"SI";03/03/2025;10/07/2026;
"01020001000000258900000000080000";"ORGANIZACION DE PRODUCTORES DE ACEITE DE OLIVA DE CORDOBA";"Córdoba";"Andalucía";"677545146";"opracol@opracolcordoba.com";"NO";"SI";"SI";03/03/2025;10/07/2026;
"01020001000000259000000000080000";"ASOC AGRARIA JOVENES AGRICULTORES";"Córdoba";"Andalucía";"957480600";"asaja@asajacordoba.es";"NO";"SI";"SI";03/03/2025;10/07/2026;
"01020001000000259100000000080000";"UNION DE PEQUEÑOS AGRICULTORES Y GANADEROS DE CORDOBA";"Córdoba";"Andalucía";"622687154";"upacabra@gmail.com";"NO";"SI";"SI";03/03/2025;10/07/2026;
"01020001000000259200000000080000";"CCRR RIO VERDE JETE Y ALMUÑECAR";"Granada";"Andalucía";"654818642";"contabilidad@antequeragestion.es";"NO";"SI";"SI";03/03/2025;10/07/2026;
"01020001000000259300000000080000";"UNION DE AGRICULTORES Y GANADERO PROVINCIA DE GRANADA";"Granada";"Andalucía";"639189470";"agronomo@coaggranada.com";"NO";"SI";"SI";03/03/2025;10/07/2026;
"01020001000000259400000000080000";"ASOC DE PRODUCTORES DE ACEITE DE OLIVA D";"Granada";"Andalucía";"958292163";"aproliva@aproliva.com";"NO";"SI";"SI";03/03/2025;10/07/2026;
"01020001000000259500000000080000";"UNION DE PEQUEÑOS AGRICULTORES Y GANADEROS DE GRANADA-UPA GRANADA";"Granada";"Andalucía";"958070527";"upagranada@hotmail.com";"NO";"SI";"SI";03/03/2025;10/07/2026;
"01020001000000259600000000080000";"ASOC PRODUCTORES ACEITE OLIVA Y PRODUCCI";"Granada";"Andalucía";;"tecnicoapioliva@gmail.com";"NO";"SI";"SI";03/03/2025;10/07/2026;
"01020001000000259700000000080000";"UNION AGRARIA Y GANADERA DE HUELVA B CDO";"Huelva";"Andalucía";"959410787";"loli@coaghuelva.com";"NO";"SI";"SI";03/03/2025;10/07/2026;
"01020001000000259800000000080000";"ASOC AGRARIA DE JOVENES AGRICULTORES DE";"Huelva";"Andalucía";"654786068";"gloria.romero@asajahuelva.es";"NO";"SI";"SI";03/03/2025;10/07/2026;
"01020001000000259900000000080000";"UPA HUELVA";"Huelva";"Andalucía";"685348385";"tecnico@upahuelva.org";"NO";"SI";"SI";03/03/2025;10/07/2026;
"01020001000000260000000000080000";"ASOCIACION AGRARIA JÓVENES AGRICULTORES DE JAÉN";"Jaén";"Andalucía";"953242828";"sgasco@asajajaen.com";"NO";"SI";"SI";03/03/2025;10/07/2026;
"01020001000000260100000000080000";"APROL SIERRA DE SEGURA";"Jaén";"Andalucía";"953458020";"administracion@aprol.es";"NO";"SI";"SI";03/03/2025;10/07/2026;
"01020001000000260200000000080000";"FEDERACION PROVINCIAL DE ASOCIACIONES DE PRODUCTORES DE ACEITE DE OLIVA";"Jaén";"Andalucía";"670476917";"agricultores@aprolivajaen.com";"NO";"SI";"SI";03/03/2025;10/07/2026;
"01020001000000260300000000080000";"UNION DE AGRICULTORES Y GANADEROS JOVENES";"Jaén";"Andalucía";;"coagjaen@coagjaen.com";"NO";"SI";"SI";03/03/2025;10/07/2026;
"01020001000000260400000000080000";"UNION DE PEQUEÑOS AGRICULTORES Y GANADEROS DE MALAGA";"Málaga";"Andalucía";"685174211";"upamalaga@upamalaga.es";"NO";"SI";"SI";03/03/2025;10/07/2026;
"01020001000000260500000000080000";"ASO. AGRARIA JOVENES AGRICULTORES";"Málaga";"Andalucía";;"lgonzalez@asajamalaga.com";"NO";"SI";"SI";03/03/2025;10/07/2026;
"01020001000000260600000000080000";"UNION AGRICULTORES Y GANADEROS DE MALAGA UAGA-COAG";"Málaga";"Andalucía";"952020644";"axarquia@coagmalaga.com";"NO";"SI";"SI";03/03/2025;10/07/2026;
"01020001000000260700000000080000";"ASOC DE AGRICULTORES Y GANADEROS DEL CAMPO DE ÁGUILAS";"Murcia";;"616064642";"asajaaguilas1@gmail.com";"NO";"SI";"SI";03/03/2025;03/03/2025;
"01020001000000260800000000080000";"UAGA SEVILLA";"Sevilla";"Andalucía";"955814244";"coaglospalacios@coagsevilla.com";"NO";"SI";"SI";03/03/2025;10/07/2026;
"01020001000000260900000000080000";"ASAJA SEVILLA";"Sevilla";"Andalucía";"954651711";"fernando.rodriguez@asajasevilla.es";"NO";"SI";"SI";03/03/2025;10/07/2026;
"01020001000000261000000000080000";"ASOCIACION UN ION D PEQUEÑOS AGRICULTORES Y GANADEROS DE SEVILLA";"Sevilla";"Andalucía";"627533433";"dtecnico@upa-sevilla.es";"NO";"SI";"SI";03/03/2025;10/07/2026;
"01020001000000261100000000080000";"ASOC PROF EMPRESARIOS AGRICOLAS INDUSTR";"Córdoba";"Andalucía";"957287876";"aesagri@gmail.com";"NO";"SI";"SI";03/03/2025;10/07/2026;
"01020001000000261200000000080000";"ASOCIACION DE AGRICULTORES NUEVAOLIVA";"Sevilla";"Andalucía";;"nuevaoliva23@gmail.com";"NO";"SI";"SI";03/03/2025;10/07/2026;
"01020001000000261300000000080000";"ASOCIACION DE AGRICULTORES Y GANADEROS DE CARAVACA DE LA CRUZ";"Murcia";;;"irenecoag@movistar.es";"NO";"SI";"SI";03/03/2025;03/03/2025;
"01020001000000261400000000080000";"ASOC. DE AGRIC. GANAD. Y MANCHONEROS DEL BAJO GUADALQUIVIR AGAMA BAJO GUADALQUIVIR";"Sevilla";"Andalucía";"955816129";"oficina@agamabajoguadalquivir.es";"NO";"SI";"SI";03/03/2025;10/07/2026;
"01020001000000261500000000080000";"ASOCIACIÓN DE REGANTES DE ANDALUCÍA";"Jaén";"Andalucía";"953740503";"areda@areda.eu";"NO";"SI";"SI";03/03/2025;10/07/2026;
"01020001000000261600000000080000";"ASOCIACION MALAGUEÑA DE APICULTORES";"Málaga";"Andalucía";;"mieldemalaga@mieldemalaga.com";"NO";"SI";"SI";03/03/2025;10/07/2026;
"01020001000000261700000000080000";"HERMANOS BLANCO TOLEDANO SCP";"Córdoba";"Andalucía";"686450712";"delgadoyfernandez2010@hotmail.com";"NO";"SI";"SI";03/03/2025;10/07/2026;
"01020001000000261800000000080000";"SUMIAGRO S.C.";"Cádiz";"Andalucía";"956712704";"jlsumiagro@gmail.com";"NO";"SI";"SI";03/03/2025;10/07/2026;
"01020001000000261900000000080000";"AGROGAL SC";"Córdoba";"Andalucía";"617493284";"bodegas@galanportero.es";"NO";"SI";"SI";03/03/2025;10/07/2026;
"01020001000000262000000000080000";"DELGADO CUEVAS SC";"Granada";"Andalucía";;"edelgue@gmail.com";"NO";"SI";"SI";03/03/2025;10/07/2026;
"01020001000000262100000000080000";"AGRICOLA LAS CRUCES S.C.";"Sevilla";"Andalucía";"601187952";"agricolalascruces24@gmail.com";"NO";"SI";"SI";03/03/2025;10/07/2026;
"01020001000000262200000000080000";"GTI AGRO SC";"Jaén";"Andalucía";"629861021";"jsofiafp92@gmail.com";"NO";"SI";"SI";03/03/2025;10/07/2026;
"01020001000000262300000000080000";"AGRICOLA FERNANDEZ CALDERON SC";"Sevilla";"Andalucía";"622771840";"afcosuna@gmail.com";"NO";"SI";"SI";03/03/2025;10/07/2026;
"01020001000000262400000000080000";"BOTPAL SC";"Sevilla";"Andalucía";;"asiangonzalez@hotmail.com";"NO";"SI";"SI";03/03/2025;10/07/2026;
"01020001000000262500000000080000";"AHIJON GONZALEZ Y AHIJON MUÑOZ SC";"Sevilla";"Andalucía";;"caceresespejo@gestoressevilla.com";"NO";"SI";"SI";03/03/2025;10/07/2026;
"01020001000000262600000000080000";"AGRICOLA LOPEZ VEGA SC";"Sevilla";"Andalucía";"677582762";"gestoria-alba-malaga@hotmail.es";"NO";"SI";"SI";03/03/2025;10/07/2026;
"01020001000000262700000000080000";"GAVERO AGRICOLA SC";"Sevilla";"Andalucía";;"certificacionapi@galpagro.com";"NO";"SI";"SI";03/03/2025;10/07/2026;
"01020001000000262800000000080000";"FERNANDEZ SANCHEZ S,C,P";"Sevilla";"Andalucía";;"canela@asesoriacanela.com";"NO";"SI";"SI";03/03/2025;10/07/2026;
"01020001000000262900000000080000";"GESTORIA JIMENEZ & JIMENEZ SC";"Sevilla";"Andalucía";"955743982";"pedrojimenez@gestoriajimenezjimenez.es";"NO";"SI";"SI";03/03/2025;10/07/2026;
"01020001000000263000000000080000";"FINCA LA UMBRIA DE SANTA MARIA SCP";"Sevilla";"Andalucía";"647729504";"elprado@infonegocio.com";"NO";"SI";"SI";03/03/2025;10/07/2026;
"01020001000000263100000000080000";"ASESORIA LABORAL HERMANOS CLAVERO SOCIEDAD CIVIL PROFESIONAL";"Málaga";"Andalucía";;"info@asesoriaclavero.com";"NO";"SI";"SI";03/03/2025;10/07/2026;
"01020001000000263200000000080000";"SIERRA-GONZALEZ ABOGADOS S.C.PROF.";"Málaga";"Andalucía";"952213350";"mariabernal@sgabogados.es";"NO";"SI";"SI";03/03/2025;10/07/2026;
"01020001000000263300000000080000";"AGRICOLA ARJONA SC";"Málaga";"Andalucía";"647501140";"franarjona@hotmail.com";"NO";"SI";"SI";03/03/2025;10/07/2026;
"01020001000000263400000000080000";"AYUNTAMIENTO DE CHICLANA DE SEGURA";"Jaén";"Andalucía";"953466300";"info@aytochiclanadesegura.es";"NO";"SI";"SI";03/03/2025;10/07/2026;
"01020001000000263500000000080000";"SAT ACRENA N 251";"Almería";"Andalucía";"950581100";"manolo@acrena.es";"NO";"SI";"SI";03/03/2025;10/07/2026;
"01020001000000263600000000080000";"SAT PALOMASOL";"Almería";"Andalucía";"950467301";"calidad@tomasol.org";"NO";"SI";"SI";03/03/2025;10/07/2026;
"01020001000000263700000000080000";"INDASOL SAT";"Almería";"Andalucía";"670695129";"indasol@indasol.es";"NO";"SI";"SI";03/03/2025;10/07/2026;
"01020001000000263800000000080000";"SAT DUNIAGRO";"Almería";"Andalucía";"950103812";"220@duniagro.com";"NO";"SI";"SI";03/03/2025;10/07/2026;
"01020001000000263900000000080000";"473681196SAT NUM 9855 PRIMAFLOR";"Almería";"Andalucía";;"sandramartinez@primaflor.com";"NO";"SI";"SI";03/03/2025;10/07/2026;
"01020001000000264000000000080000";"GREENCOBI SAT";"Almería";"Andalucía";;"info@greencobi.com";"NO";"SI";"SI";03/03/2025;10/07/2026;
"01020001000000264100000000080000";"HORTOFRUTICOLA MABE SAT";"Almería";"Andalucía";"950583300";"gsanchez@mabesat.com";"NO";"SI";"SI";03/03/2025;10/07/2026;
"01020001000000264200000000080000";"COSTA DE NIJAR SAT";"Almería";"Andalucía";"950612700";"csierra@costanijar.com";"NO";"SI";"SI";03/03/2025;10/07/2026;
"01020001000000264300000000080000";"SAT AGROLEVANTE";"Almería";"Andalucía";"950471750";"info@citricosagrolevante.com";"NO";"SI";"SI";03/03/2025;10/07/2026;
"01020001000000264400000000080000";"SAT EUROSOL";"Almería";"Andalucía";;"administracion@eurosol.es";"NO";"SI";"SI";03/03/2025;10/07/2026;
"01020001000000264500000000080000";"BIOSABOR SAT";"Almería";"Andalucía";"950700100";"etorres@biosabor.com";"NO";"SI";"SI";03/03/2025;10/07/2026;
"01020001000000264600000000080000";"BIO SOL PORTOCARRERO SAT";"Almería";"Andalucía";"950387016";"lgutierrez@biosolportocarrero.com";"NO";"SI";"SI";03/03/2025;10/07/2026;
"01020001000000264700000000080000";"NATURCHARC S.A.T.";"Almería";"Andalucía";"678424110";"calidad@naturcharc.es";"NO";"SI";"SI";03/03/2025;10/07/2026;
"01020001000000264800000000080000";"SAT PIMAR FRESH";"Almería";"Andalucía";"950260477";"administracion@asercrif.es";"NO";"SI";"SI";03/03/2025;10/07/2026;
"01020001000000264900000000080000";"FRUITS AND VEGETABLES LA ÑECA SAT";"Almería";"Andalucía";;"calidad@laneca.com";"NO";"SI";"SI";03/03/2025;10/07/2026;
"01020001000000265000000000080000";"S.A.T. NATURALIA FRESH";"Almería";"Andalucía";;"opfh@naturaliafresh.com";"NO";"SI";"SI";03/03/2025;10/07/2026;
"01020001000000265100000000080000";"AGROTROPICAL SAT";"Granada";"Andalucía";"958824589";"direccion@agrotropicalsat.es";"NO";"SI";"SI";03/03/2025;10/07/2026;
"01020001000000265200000000080000";"SUNARAN, S.A.T.";"Córdoba";"Andalucía";"722597548";"iteafsevilla.iteaf@gmail.com";"NO";"SI";"SI";03/03/2025;10/07/2026;
"01020001000000265300000000080000";"SAT CAMPOS DE GRANADA";"Granada";"Andalucía";"687433804";"raul@satcg.com";"NO";"SI";"SI";03/03/2025;10/07/2026;
"01020001000000265400000000080000";"GLOBAL BERRIES";"Huelva";"Andalucía";"648868217";"calidad@satglobalberries.com";"NO";"SI";"SI";03/03/2025;10/07/2026;
"01020001000000265500000000080000";"SAT N 2803 TROPS";"Málaga";"Andalucía";"952500700";"mjalarcon@trops.es";"NO";"SI";"SI";03/03/2025;10/07/2026;
"01020001000000265600000000080000";"AGRO FUTURO SAT";"Granada";"Andalucía";"682417668";"agrofuturosat@outlook.es";"NO";"SI";"SI";03/03/2025;10/07/2026;
"01020001000000268400000000080000";"OBVIO DE ANDALUCIA SL";"Córdoba";"Andalucía";;"agricolaturba@gmail.com";"NO";"SI";"SI";03/03/2025;10/07/2026;
"01020001000000268500000000080000";"RG TRAFIK SOCIEDAD LIMITADA PROFESIONAL";"Almería";"Andalucía";"950061818";"info@rgtrafik.es";"NO";"SI";"SI";03/03/2025;10/07/2026;
"01020001000000268600000000080000";"CERCOLIM SOCIEDAD LIMITADA";"Granada";"Andalucía";"958151510";"cercolimpi@msn.com";"NO";"SI";"SI";03/03/2025;10/07/2026;
"01020001000000268700000000080000";"COROYFER SOCIEDAD LIMITADA";"Granada";"Andalucía";"629810840";"coroyfer@coroyfer.com";"NO";"SI";"SI";03/03/2025;10/07/2026;
"01020001000000268800000000080000";"PROARMONT 2005 SOCIEDAD LIMITADA";"Jaén";"Andalucía";"628264895";"angel@maderasretafer.com";"NO";"SI";"SI";03/03/2025;10/07/2026;
"01020001000000268900000000080000";"MATEOS RUIZ CONSULTORES, SL";"Murcia";;;"alfonso@mateosruiz.es";"NO";"SI";"SI";03/03/2025;03/03/2025;
"01020001000000269000000000080000";"GESTORIA AMAYA SLP";"Málaga";"Andalucía";"952067620";"gestoriaamaya@hotmail.es";"NO";"SI";"SI";03/03/2025;10/07/2026;
"01020001000000269100000000080000";"FAMILIA COVEÑA, C.B.";"Sevilla";"Andalucía";;"ibarbadillo@tepro.es";"NO";"SI";"SI";03/03/2025;10/07/2026;
"01020001000000269200000000080000";"COOPERATIVA DEL CAMPO VIRGEN DE LA CARIDAD";"Cádiz";"Andalucía";"956381990";"admon@coovica.com";"NO";"SI";"SI";03/03/2025;10/07/2026;
"01020001000000269300000000080000";"SDAD. COOP. ANDALUZA ACEITES CAZORLA";"Jaén";"Andalucía";"687900893";"cazorla@aceitescazorla.com";"NO";"SI";"SI";03/03/2025;10/07/2026;
"01020001000000269400000000080000";"SDAD COOP ANDALUZA AGRARIA SAN ANTON";"Sevilla";"Andalucía";"954858530";"tecnico@prunaoliva.com";"NO";"SI";"SI";03/03/2025;10/07/2026;
"01020001000000269500000000080000";"BURGOS SALAVERRY SA";"Jaén";"Andalucía";"953753740";"joaquin@burgossalaverry.es";"NO";"SI";"SI";03/03/2025;10/07/2026;
"01020001000000269600000000080000";"GESTORIA REAL GESTIONES Y TRAMITACIONES SOCIEDAD LIMITADA PROFESIONAL";"Almería";"Andalucía";;"gestoriareal@realsl.es";"NO";"SI";"SI";03/03/2025;10/07/2026;
"01020001000000269700000000080000";"SELVITRAC SL";"Cádiz";"Andalucía";"686996045";"agroforestal@selvitrac.com";"NO";"SI";"SI";03/03/2025;10/07/2026;
"01020001000000269800000000080000";"FARMABLE ESPAÑA SL";"Madrid";;;"ega@farmable.tech";"NO";"SI";"SI";03/03/2025;03/03/2025;
"01020001000000269900000000080000";"TECNOAYUDASPAC SL";"Málaga";"Andalucía";"951822944";"vmorente@tecnodoc.net";"NO";"SI";"SI";03/03/2025;10/07/2026;
"01020001000000270000000000080000";"AJOS Y CEBOLLAS VALLE SL";"Córdoba";"Andalucía";"686467684";"ajosycebollasvalle@hotmail.com";"NO";"SI";"SI";03/03/2025;10/07/2026;
"01020001000000270100000000080000";"VISUALNACERT SOCIEDAD LIMITADA";"Valencia/València";;"637396959";"mamoreno@visualnacert.com";"NO";"SI";"SI";03/03/2025;03/03/2025;
"01020001000000270200000000080000";"LAS PEDRERAS EXPLOTACIÓN AGRARIA";"Cádiz";"Andalucía";"607406667";"mmarcosrisu@hotmail.com";"NO";"SI";"SI";03/03/2025;10/07/2026;
"01020001000000270300000000080000";"SAN ROQUE SDAD COOP ANDALUZA";"Granada";"Andalucía";;"sanroque@aceiteorovalle.com";"NO";"SI";"SI";03/03/2025;10/07/2026;
"01020001000000270400000000080000";"SDAD COOP ANDALUZA SAN SEBASTIAN";"Granada";"Andalucía";"636290420";"julio.raya@condebenalua.com";"NO";"SI";"SI";03/03/2025;10/07/2026;
"01020001000000270500000000080000";"SOCIEDAD COOPERATIVA ANDALUZA SAN FRANCISCO";"Jaén";"Andalucía";;"ana@asesoriamejias.es";"NO";"SI";"SI";03/03/2025;10/07/2026;
"01020001000000270600000000080000";"CULTIVA SOLUCIONES S. COOP. AND.";"Sevilla";"Andalucía";"605374085";"contacto@cultivasoluciones.es";"NO";"SI";"SI";03/03/2025;10/07/2026;
"0202000005700000000000000";"S.C.A. ""VIRGEN DE LA OLIVA"" SCL";"Zaragoza";;"976660940";"jliso@cooperativaejea.com";"SI";"SI";"SI";19/06/2024;;
"0202000006100000000000000";"GANAGRO - ASESORIA MORLAN SLU";"Huesca";;"974940000";"ganagro@asesoriamorlan.com";"SI";"SI";"SI";19/06/2024;;
"0202000006200000000000000";"COMERCIAL TECNICA VETERINARIA TUROLENSE SL";"Teruel";;"696837410";"coteve@coteve.com";"SI";"SI";"SI";19/06/2024;;
"0202000006300000000000000";"PATRIAL S.A.";"Huesca";;"974571301";"fran@asesorialaguna.es";"SI";"SI";"SI";19/06/2024;;
"0202000006500000000000000";"SABINA DESARROLLOS S.L.";"Teruel";;"609657134";"mariano@sabinadesarrollos.com";"SI";"SI";"SI";19/06/2024;;
"0202000006600000000000000";"UPA ARAGON";"Zaragoza";;"976700115";"upaaragon@upa.es";"SI";"SI";"SI";19/06/2024;;
"0202000006800000000000000";"GABETE, S.L.";"Zaragoza";;"657808430";"gabete@gabete.es";"SI";"SI";"SI";19/06/2024;;
"0202000006900000000000000";"S.C. CEREALISTA LA CUMAGA";"Zaragoza";;"638807533";"lacumaga@lacumaga.es";"SI";"SI";"SI";19/06/2024;;
"0202000007000000000000000";"CONSULTORES AMBIENTALES DE ARAGON S.L.";"Zaragoza";;"976664188";"cada@cadaingenieria.com";"SI";"SI";"SI";19/06/2024;;
"0202000007100000000000000";"CAJA RURAL DE NAVARRA SCC";"Navarra";;"948168109";"jonathan.bermejo@crnavarra.com";"SI";"SI";"SI";19/06/2024;;
"0202000007200000000000000";"AGROSTOCK S.A.";"Huesca";;"600887779";"gcasas@agrostock.es";"SI";"SI";"SI";19/06/2024;;
"0202000007500000000000000";"CAIXABANK, S.A.";"Zaragoza";;"976711300";"secretaria.imoreno@caixabank.com";"SI";"SI";"SI";19/06/2024;;
"0202000007700000000000000";"UAGA";"Zaragoza";;"976352950";"uaga@uaga-aragon.com";"SI";"SI";"SI";19/06/2024;;
"0202000007800000000000000";"S.C.A. SAN PEDRO (Gelsa)";"Zaragoza";;"976176758";"agripedro@cooperativagelsa.es";"SI";"SI";"SI";19/06/2024;;
"0202000007900000000000000";"USATA,SCL";"Huesca";;"676465474";"usatahuesca@gmail.com";"SI";"SI";"SI";19/06/2024;;
"0202000008000000000000000";"COOPERATIVA DEL CAMPO CRISTO";"Zaragoza";;"976671157";"coopcastiliscar@yahoo.es";"SI";"SI";"SI";19/06/2024;;
"0202000008100000000000000";"COOPERATIVA DEL CAMPO SAN BRAULIO";"Teruel";;"677687966";"sanbraulio@telefonica.net";"SI";"SI";"SI";19/06/2024;;
"0202000008200000000000000";"TECNOLOGIA AGRICOLA IMPORTADA, S.L.";"Huesca";;"607239091";"TECAGRIM@GMAIL.COM";"SI";"SI";"SI";19/06/2024;;
"0202000008300000000000000";"SOCIEDAD OSCENSE DE MULTISERVICIOS SL (SOMSER SL)";"Huesca";;"606382707";"somser@somser.es";"SI";"SI";"SI";19/06/2024;;
"0202000008400000000000000";"AGROSERVICIOS ARAGON SC";"Huesca";;"676756802";"antonio@agroserviciosaragon.es";"SI";"SI";"SI";19/06/2024;;
"0202000008500000000000000";"S.C. SAN CRISTOBAL DE PEÑAFLOR";"Zaragoza";;"976154071";"scristobal@aragon.coop";"SI";"SI";"SI";19/06/2024;;
"0202000008600000000000000";"S.C.A. SAN LAMBERTO";"Zaragoza";;"976472462";"agraria@coop-sanlamberto.com";"SI";"SI";"SI";19/06/2024;;
"0202000008700000000000000";"LTT CONSULTORIA AGRARIA S.L";"Huesca";;"974215183";"pac@lttasesores.es";"SI";"SI";"SI";19/06/2024;;
"0202000008800000000000000";"CRISOL DE FRUTOS SECOS SAT";"Tarragona";;"977300510";"info@crisolfs.com";"SI";"SI";"SI";19/06/2024;;
"0202000008900000000000000";"COOPERATIVA SAN SIMON Y SAN JUDAS";"Zaragoza";;"629186061";"cooperativa@sansimonysanjudas.com";"SI";"SI";"SI";19/06/2024;;
"0202000009000000000000000";"S.COOP. ARAGONESA SAN GREGORIO (ERLA)";"Zaragoza";;"620232305";"cooperlasangregorio@gmail.com";"SI";"SI";"SI";19/06/2024;;
"0202000009100000000000000";"FITOAGRO SCAL";"Huesca";;"974473744";"fitoagro584@gmail.com";"SI";"SI";"SI";19/06/2024;;
"0202000009300000000000000";"S.A.T. Nº 9.349 FORGA";"Zaragoza";;"976614094";"laura@forga.es";"SI";"SI";"SI";19/06/2024;;
"0202000009700000000000000";"S.C.A. SAN MIGUEL DE TAUSTE";"Zaragoza";;"976859210";"gemamorales@cooperativasanmiguel.net";"SI";"SI";"SI";19/06/2024;;
"0202000009800000000000000";"COOP. DEL CAMPO SAN ANTONIO REMOLINOS";"Zaragoza";;"669463147";"coopremo@hotmail.com";"SI";"SI";"SI";19/06/2024;;
"0202000009900000000000000";"S.C.A. ""SAN MIGUEL DE FUENTES DE EBRO""";"Zaragoza";;"976160111";"coop@sanmiguelfuentes.com";"SI";"SI";"SI";19/06/2024;;
"0202000010000000000000000";"S.C.A. SAN ISIDRO ONTINAR";"Zaragoza";;"976693142";"cooperativa@ontinar.es";"SI";"SI";"SI";19/06/2024;;
"0202000010100000000000000";"CAJA RURAL DE TERUEL";"Teruel";;"978617103";"agroruralteruel_crteruel@cajarural.com";"SI";"SI";"SI";19/06/2024;;
"0202000010200000000000000";"SOC COOP. ARAGONESA GALLICUM";"Zaragoza";;"976680262";"clz@coopzuera.com";"SI";"SI";"SI";19/06/2024;;
"0202000010300000000000000";"S.C.A. NUESTRA SEÑORA DEL ROSARIO";"Zaragoza";;"629727333";"jvicente@coopbiota.com";"SI";"SI";"SI";19/06/2024;;
"0202000010400000000000000";"S.C.L. DEL MEZQUIN";"Teruel";;"978852003";"cmezquin@jalonet.net";"SI";"SI";"SI";19/06/2024;;
"0202000010500000000000000";"S.C.L. EL PUEYO";"Zaragoza";;"976589740";"coopelpueyo@gmail.com";"SI";"SI";"SI";19/06/2024;;
"0202000010700000000000000";"S.C. SAN MARCOS BINACETENSE LIMITADA";"Huesca";;"974427136";"noemi@csanmarcos.com";"SI";"SI";"SI";19/06/2024;;
"0202000010800000000000000";"CEREALES TERUEL S.COOP.";"Teruel";;"978618038";"aria@cerealesteruel.com";"SI";"SI";"SI";19/06/2024;;
"0202000010900000000000000";"COOPERATIVA AGRARIA SAN JOSE DE PERDIGUERA";"Zaragoza";;"976168946";"campojose@aragon.coop";"SI";"SI";"SI";19/06/2024;;
"0202000011000000000000000";"S. COOP. AGRARIA ""SAN SEBASTIAN""";"Zaragoza";;"976686028";"CoopSierradeLuna@arento.es";"SI";"SI";"SI";19/06/2024;;
"0202000011100000000000000";"C.COOP. VIRGEN DE LA CORONA";"Huesca";;"974250000";"oficinas@covico.es";"SI";"SI";"SI";19/06/2024;;
"0202000011200000000000000";"ASOCIACION AGRARIA DE JOVENES AGRICULTORES";"Teruel";;"978609805";"carmengalran@gmail.com";"SI";"SI";"SI";19/06/2024;;
"0202000011300000000000000";"S.C.A. SAN CLEMENTE";"Zaragoza";;"652958251";"administracion@coopsanclemente.com";"SI";"SI";"SI";19/06/2024;;
"0202000011400000000000000";"S.C.A. SAN ISIDRO (LECIÑENA)";"Zaragoza";;"620994996";"lecisanisidro@aragon.coop";"SI";"SI";"SI";19/06/2024;;
"0202000011600000000000000";"GESTORIA ARCOIRIS DEL BAJO ARAGON S.L.";"Teruel";;"978834831";"rosa.miralles@grupoarcoiris.com";"SI";"SI";"SI";19/06/2024;;
"0202000011700000000000000";"BANCO IBERCAJA";"Zaragoza";;"976767512";"dtaragonnegocioagroalimentario@ibercaja.es";"SI";"SI";"SI";19/06/2024;;
"0202000011800000000000000";"S.C.A. SAN JOSE";"Zaragoza";;"699419976";"bramia@coop-sanjose.com";"SI";"SI";"SI";19/06/2024;;
"0202000011900000000000000";"S.C.A. SAN ATILANO";"Zaragoza";;"976640081";"juan@sanatilano.es";"SI";"SI";"SI";19/06/2024;;
"0202000012000000000000000";"S.C.A. SAN MIGUEL ARCARGEL";"Zaragoza";;"976673114";"administracion@coopvalare.com";"SI";"SI";"SI";19/06/2024;;
"0202000012100000000000000";"S.C.A. SAN ANTONIO DE SASTAGO";"Zaragoza";;"976178115";"scasastago@aragon.coop";"SI";"SI";"SI";19/06/2024;;
"0202000012200000000000000";"ARAGA";"Zaragoza";;"976201088";"gestionpac@araga.org";"SI";"SI";"SI";19/06/2024;;
"0202000012300000000000000";"ASESORIA AGRARIA ROSABEL S.L.";"Zaragoza";;"976488328";"pablo@asagro.es";"SI";"SI";"SI";19/06/2024;;
"0202000012400000000000000";"S.C. DEL CAMPO NUESTRA SEÑORA DE LOS PUEYOS";"Teruel";;"978830409";"pueyos1@telefonica.net";"SI";"SI";"SI";19/06/2024;;
"0202000012500000000000000";"ASAJA HUESCA";"Huesca";;"974313242";"pac@asajahuesca.es";"SI";"SI";"SI";19/06/2024;;
"0202000012600000000000000";"COOPERATIVA AGRICOLA NTRA. SRA. PILAR";"Zaragoza";;"976198288";"cooperativanovallas@hotmail.com";"SI";"SI";"SI";19/06/2024;;
"0202000012800000000000000";"ARALL S.L.";"Lleida";;"973238285";"arall@arall.com";"SI";"SI";"SI";19/06/2024;;
"0202000012900000000000000";"S.C. VIRGEN DE SERUN";"Zaragoza";;"948888128";"jaznarez@contaxxi.es";"SI";"SI";"SI";19/06/2024;;
"0202000013000000000000000";"S.C.A. SAN MATEO (PINSORO)";"Zaragoza";;"605362066";"coopsan_mateo@aragon.coop";"SI";"SI";"SI";19/06/2024;;
"0202000013200000000000000";"CAJA RURAL DE ARAGON SCC";"Zaragoza";;"976763300";"ruben.artieda@craragon.es";"SI";"SI";"SI";19/06/2024;;
"0202000013300000000000000";"C. RURAL DE SORIA";"Soria";;"610763572";"joseluispalomar@crsoria.com";"SI";"SI";"SI";19/06/2024;;
"0202000013700000000000000";"S.C.A. SAN PEDRO (Gallur)";"Zaragoza";;"619416667";"sandra@cosanpe.es";"SI";"SI";"SI";19/06/2024;;
"0202000013800000000000000";"COOP. LOS MONEGROS DE SARIÑENA";"Huesca";;"659155854";"pilar.frances@cooperativalosmonegros.com";"SI";"SI";"SI";19/06/2024;;
"0202000013900000000000000";"INTEGE, S.A.";"Zaragoza";;"976010930";"INTEGESA@INTEGESA.ES";"SI";"SI";"SI";19/06/2024;;
"0202000014400000000000000";"ACTEL SCCL";"Lleida";;"973700800";"gestionayudas@actel.es";"SI";"SI";"SI";19/06/2024;;
"0202000014700000000000000";"CENTRO PROVINCIAL JOVENES AGRICULTORES ZARAGOZA";"Zaragoza";;"976229611";"miguel@asajazaragoza.es";"SI";"SI";"SI";19/06/2024;;
"0202000015500000000000000";"FRUTAITO SAT N.º 9904 RESP. LIMITADA";"Lleida";;"973794024";"tecnic@frutaito.com";"SI";"SI";"SI";19/06/2024;;
"0202000015700000000000000";"TERUEL GANADERA S.L";"Teruel";;"669488710";"info@ternabeef.com";"SI";"SI";"SI";19/06/2024;;
"0202000015800000000000000";"ARISTEO MARTINEZ SL";"Zaragoza";;"625492159";"ecomolino@yahoo.com";"SI";"SI";"SI";19/06/2024;;
"0202000016000000000000000";"S.C.A.A S. SALVADOR DEL MAESTRAZGO";"Teruel";;"687942189";"coopsalvadordelmaestrazgo@hotmail.com";"SI";"SI";"SI";19/06/2024;;
"0202000016800000000000000";"COOP DEL CAMPO SAN GREGORIO (PINA DE EBRO)";"Zaragoza";;"626669427";"ana@coopina.com";"SI";"SI";"SI";19/06/2024;;
"0202000016900000000000000";"ALFALFAS HNOS. MÁRQUEZ PUÉRTOLAS, S.L.";"Zaragoza";;"976653459";"olga@hermanosmarquez.com";"SI";"SI";"SI";19/06/2024;;
"0202000017200000000000000";"AGROINICIATIVA";"Lleida";;"689291235";"agroiniciativa@agroiniciativa.com";"SI";"SI";"SI";19/06/2024;;
"0202000017400000000000000";"FITOTECNIA KARDO SOCIEDAD LIMITADA";"Zaragoza";;"669357323";"gestion@fitotecniakardo.com";"SI";"SI";"SI";19/06/2024;;
"0202000017600000000000000";"SAUVIEROPAIX SL";"Lleida";;"650902351";"xsolecar@hotmail.es";"SI";"SI";"SI";19/06/2024;;
"0202000018500000000000000";"GANADOS CARNES Y DERIVADOS SA";"Zaragoza";;"618567087";"notificaciones@jorgesl.com";"SI";"SI";"SI";19/06/2024;;
"0202000019200000000000000";"AGRINOVA SOLUCIONES AGRICOLAS SL";"Huesca";;"974400136";"mario.meler@agrinova.es";"SI";"SI";"SI";19/06/2024;;
"0202000019300000000000000";"SOLUCIONES AGRÍCOLAS CULTIVATE";"Teruel";;"647697833";"PAC@AGROCULTIVATE.COM";"SI";"SI";"SI";19/06/2024;;
"0202000020500000000000000";"GRAFAL SERVICIOS AGRICOLAS SOCIEDAD LIMITADA";"Huesca";;"651985814";"grafal@grafal.es";"SI";"SI";"SI";19/06/2024;;
"0202000020900000000000000";"ESTUDIOS Y PROYECTOS SANTIAGO SANCHEZ SC";"Zaragoza";;"679302829";"santissanchez@yahoo.es";"SI";"SI";"SI";19/06/2024;;
"0202000021400000000000000";"AFF BAJO ARAGON SL";"Teruel";;"978846202";"affbajoaragon@hotmail.com";"SI";"SI";"SI";19/06/2024;;
"0202000021700000000000000";"GRANDES VINOS Y VIÑEDOS SA";"Zaragoza";;"976621261";"info@grandesvinos.com";"SI";"SI";"SI";19/06/2024;;
"0202000022000000000000000";"CARSAM ASESORES SOCIEDAD LIMITADA";"Zaragoza";;"976868636";"maripaz@carsam.es";"SI";"SI";"SI";19/06/2024;;
"0202000022200000000000000";"M. Y D. METODOS Y DESARROLLOS SLP";"Zaragoza";;"645842380";"IGNACIO@MYDGESTORIA.COM";"SI";"SI";"SI";19/06/2024;;
"0202000022400000000000000";"SDAD COOP DEL CAMPO SANTA LETICIA";"Huesca";;"974380100";"staleticia@aragon.coop";"SI";"SI";"SI";19/06/2024;;
"0202000022600000000000000";"SERVICAMPO DEL EBRO SDAD COOP";"Zaragoza";;"976771812";"atria@agroveco.com";"SI";"SI";"SI";19/06/2024;;
"0202000022700000000000000";"ASOCIACION NACIONAL DE AGRICULTORES Y GANADEROS";"Zaragoza";;"620326024";"alejandrocoll@anagan.com";"SI";"SI";"SI";19/06/2024;;
"0202000022800000000000000";"FRUITS DE PONENT SOCIEDAD COOP C LTDA";"Lleida";;"973790169";"direccio@fruitsponent.com";"SI";"SI";"SI";19/06/2024;;
"0202000023200000000000000";"SUMMER FRUIT S.COOP.ARAG.";"Huesca";;"974453915";"calidad@summerfruit.es";"SI";"SI";"SI";19/06/2024;;
"0202000023300000000000000";"A N S. COOP.";"Navarra";;"690038119";"i.alonso@grupoan.com";"NO";"SI";"SI";19/06/2024;;
"0202000023400000000000000";"ACBP DISEÑO E IMPLEMENTACION DE SOFTWARE SOCIEDAD LIMITADA";"Huesca";;"600737424";"achueca@acbp.es";"NO";"SI";"SI";19/06/2024;;
"0202000023500000000000000";"ADS DE GANADO PORCINO CASPE-CHIPRNA";"Zaragoza";;;"adsporcino@gmail.com";"SI";"SI";"SI";19/06/2024;;
"0202000023600000000000000";"A.D.S. DE GANADO PORCINO DE EJEA DE LOS CABALLEROS";"Zaragoza";;;"ads@ads2porcino.com";"SI";"SI";"SI";19/06/2024;;
"0202000023700000000000000";"ADS DE GANADO PORCINO DEL BAJO CINCA";"Huesca";;;"informatica@ribesvillagrasa.com";"SI";"SI";"SI";19/06/2024;;
"0202000023800000000000000";"ADS GANADO PORCINO ALFAJARIN-QUINTO";"Zaragoza";;;"ADS3AQ@HOTMAIL.COM";"SI";"SI";"SI";19/06/2024;;
"0202000023900000000000000";"ADS GANADO PORCINO BAJO MARTIN";"Teruel";;;"adsbajomartin@gmail.com";"SI";"SI";"SI";19/06/2024;;
"0202000024000000000000000";"ADS GANADO PORCINO 15 MATARRAÑA";"Zaragoza";;;"adsmatarranya@yahoo.es";"SI";"SI";"SI";19/06/2024;;
"0202000024100000000000000";"ADS PORCINO nº1 de TAUSTE";"Zaragoza";;;"taustecge@gmail.com";"SI";"SI";"SI";19/06/2024;;
"0202000024200000000000000";"AGRO 21 INGENIERIA SL";"Huesca";;;"conchiarazo@hotmail.com";"SI";"SI";"SI";19/06/2024;;
"0202000024300000000000000";"AGROQUÍMICOS DEL EBRO, SL";"Zaragoza";;;"sdiloy@agroquimicosebro.es";"SI";"SI";"SI";19/06/2024;;
"0202000024400000000000000";"AGROZAR 2013 SL ";"Zaragoza";;"657951638";"agrozar@agrozar.com";"NO";"NO";"SI";19/06/2024;;
"0202000024500000000000000";"AGRUP TRATAMIENTOS INTEGRADOS DE FRUTICULTORES DE EPILA";"Zaragoza";;"606511939";"atriadeepila@gmail.com";"NO";"SI";"SI";19/06/2024;;
"0202000024600000000000000";"AGRUPACION DE DEFENSA SANITARIA DE PORCINO BAJO ARAGON";"Teruel";;;"acriporte@acriporte.com";"SI";"SI";"SI";19/06/2024;;
"0202000024700000000000000";"ALMACEN DEL PUENTE HUESCA SOCIEDAD LIMITADA";"Huesca";;"606579862";"tecnicos@almacendelpuente.com";"NO";"NO";"SI";19/06/2024;;
"0202000024800000000000000";"ARAGONESA DE PURINES SL";"Huesca";;;"aragonesadepurines@gmail.com";"SI";"SI";"SI";19/06/2024;;
"0202000024900000000000000";"ARATRIA ASESORES SL";"Zaragoza";;;"administracion@aratria.com";"SI";"SI";"SI";19/06/2024;;
"0202000025000000000000000";"ARROCEROS DE HUESCA";"Huesca";;"609127852";"atriadearroz@gmail.com";"NO";"SI";"SI";19/06/2024;;
"0202000025100000000000000";"ASESORES AGROAMBIENTALES SOCIEDAD LIMITADA";"Zaragoza";;;"pablo@asagro.es";"SI";"SI";"SI";19/06/2024;;
"0202000025200000000000000";"ASESORIA AGRONOMA SOCIEDAD LIMITADA";"Huesca";;;"yferrersoldevilla@gmail.com";"SI";"SI";"SI";19/06/2024;;
"0202000025300000000000000";"ASESORIA INDUSTRIAL Y GANADERA ALONSO SL";"Zaragoza";;;"veterinaria@asiga.es";"SI";"SI";"SI";19/06/2024;;
"0202000025400000000000000";"ASESORIA Y RESULTADOS AGRÍCOLAS SL";"Zaragoza";;;"jmclemente@area-digital.es";"SI";"SI";"SI";19/06/2024;;
"0202000025500000000000000";"ASOC DEFENSA SANITARIA GANADO PORCINO DE ALTORRICON";"Huesca";;;"adsaltorricon@gmail.com";"SI";"SI";"SI";19/06/2024;;
"0202000025600000000000000";"ASOCIACION ATRIA NERTOBRIGA";"Zaragoza";;"635852578";"atrianertobriga@gmail.com";"NO";"NO";"SI";19/06/2024;;
"0202000025700000000000000";"ASOCIACION DE CRIADORES DE PORCINO DE TERUEL";"Teruel";;"636973960";"acriporte@acriporte.com";"NO";"SI";"SI";19/06/2024;;
"0202000025800000000000000";"ASOCIACION NACIONAL DE CRIADORES DE OVINO DE RASO ARAGONES";"Zaragoza";;;"adolfo@rasaaragonesa.com";"SI";"SI";"SI";19/06/2024;;
"0202000025900000000000000";"ASOLGROUP ENGINYERS SLP";"Tarragona";;;"asolgrup@asolgrup.com";"SI";"SI";"SI";19/06/2024;;
"0202000026000000000000000";"ATRIA RICLA";"Zaragoza";;"657408833";"atriariclagloria@hotmail.com";"NO";"SI";"SI";19/06/2024;;
"0202000026100000000000000";"BANCO BILBAO VIZCAYA ARGENTARIA, S.A.";"Vizcaya";;;"javier.miguel@bbva.com";"SI";"SI";"SI";19/06/2024;;
"0202000026200000000000000";"BANCO SANTANDER";"Cantabria";;;"luaruiz@gruposantander.es";"SI";"SI";"SI";19/06/2024;;
"0202000026300000000000000";"CAJAMAR CAJA RURAL SOCIEDAD COOPERATIVA DE CREDITO";"Almería";;;"esther@cajamar.com";"SI";"SI";"SI";19/06/2024;;
"0202000026400000000000000";"CAL ROGET FRUITS SL";"Lleida";;;"jordimartin@segresegur.com";"SI";"SI";"SI";19/06/2024;;
"0202000026500000000000000";"CAMPO JALON SOCIEDAD LIMITADA";"Zaragoza";;"699219849";"adrian.polo96@gmail.com";"NO";"SI";"SI";19/06/2024;;
"0202000026600000000000000";"CANRREDON SDAD COOP DE TRABAJO ASOCIADO";"Zaragoza";;;"eduescanilla@gmail.com";"SI";"SI";"SI";19/06/2024;;
"0202000026700000000000000";"CENRO SOCIEDAD COOPERATIVA";"Teruel";;"629675651";"cenrocoop@gmail.com";"NO";"SI";"SI";19/06/2024;;
"0202000026800000000000000";"CENTRO DE SERVICIOS VETERINARIOS OSCA S.L.";"Huesca";;;"gestion@csvosca.com";"SI";"SI";"SI";19/06/2024;;
"0202000026900000000000000";"DEBLANC SCPP";"Huesca";;;"deblancar@gmail.com";"SI";"SI";"SI";19/06/2024;;
"0202000027000000000000000";"DIEM EFIC Y GESTION MEDIOAMBIENTAL SL";"Zaragoza";;;"plarrotiz@diemsl.es";"SI";"SI";"SI";19/06/2024;;
"0202000027100000000000000";"DISTRIBUCIONES AGRICOLAS HERRERO SL";"Zaragoza";;"606318080";"distribuciones@agricolasherrero.com";"NO";"SI";"SI";19/06/2024;;
"0202000027200000000000000";"ENRIQUE";"Zaragoza";;"609511912";"enrique.iriondo@gmail.com";"NO";"SI";"SI";19/06/2024;;
"0202000027300000000000000";"FARMABLE ESPAÑA SL";"Madrid";;"683251829";"ega@farmable.tech";"NO";"SI";"SI";19/06/2024;;
"0202000027400000000000000";"FERTILIZANTES LA PLANTA SOCIEDAD LIMITADA";"Huesca";;;"cgibanel@fertiplan.net";"SI";"SI";"SI";19/06/2024;;
"0202000027500000000000000";"FRUTICOLA BAJO ARAGONESA SDAD COOP DE SEGUNDO GRADO";"Zaragoza";;"650974963";"atria@fruticola-bajoaragonesa.com";"NO";"SI";"SI";19/06/2024;;
"0202000027600000000000000";"FUNDACION GLOBALCAJA DESARROLLOS AGROALIMENTARIOS";"Albacete";;"659456458";"alberto.marcilla@globalcaja.es";"NO";"SI";"SI";19/06/2024;;
"0202000027700000000000000";"GES ARCOIRIS SL";"Teruel";;;"rosa.miralles@grupoarcoiris.com";"SI";"SI";"SI";19/06/2024;;
"0202000027800000000000000";"GESTION Y FERTILIZACION SL";"Huesca";;;"gestyfer@gmail.com";"SI";"SI";"SI";19/06/2024;;
"0202000027900000000000000";"GESTION Y SERVICIOS MARCO GUERRERO SOCIEDAD LIMITADA";"Zaragoza";;;"conradofgb@hotmail.es";"SI";"SI";"SI";19/06/2024;;
"0202000028000000000000000";"INAGRO CONSULTORES SOCIEDAD LIMITADA PROFESIONAL";"Huesca";;;"smoreu@inagrohuesca.com";"SI";"SI";"SI";19/06/2024;;
"0202000028100000000000000";"INFORMATICA Y PROCESOS DE GESTION SOCIEDAD LIMITADA";"Teruel";;"618286144";"info@ipgsoft.com";"NO";"SI";"SI";19/06/2024;;
"0202000028200000000000000";"INGENIERIA TECNICA GROS SL";"Lleida";;;"integro@integrosl.com";"SI";"SI";"SI";19/06/2024;;
"0202000028300000000000000";"JAVIER";"Zaragoza";;"658369540";"javierbratos@cooperativagelsa.es";"NO";"SI";"SI";19/06/2024;;
"0202000028400000000000000";"LOCATEC APLICACIONES INFORMATICAS SOCIEDAD LIMITADA";"Valencia";;"699938913";"info@locatec.es";"NO";"SI";"SI";19/06/2024;;
"0202000028500000000000000";"LOPEZ DE URIBE MARCEN Y ASOCIADOS SLP";"Zaragoza";;;"MARTA@LOPEZURIBE.COM";"SI";"SI";"SI";19/06/2024;;
"0202000028600000000000000";"MAID AGROINDUSTRIAL SL";"Zaragoza";;;"jcuartero@maidagroindustrial.com";"SI";"SI";"SI";19/06/2024;;
"0202000028700000000000000";"MEMORANDUM MULTIMEDIA SL";"Teruel";;"670234769";"SERGIO@MEMORANDUM.NET";"NO";"SI";"SI";19/06/2024;;
"0202000028800000000000000";"MULTIPROYEC SC";"Huesca";;;"multiproyec.mp@gmail.com";"SI";"SI";"SI";19/06/2024;;
"0202000028900000000000000";"NETO GESTION S.L";"Zaragoza";;;"dblanco@netogestion.es";"SI";"SI";"SI";19/06/2024;;
"0202000029000000000000000";"OSCAFERTI 2020 SL";"Huesca";;;"info@oscaferti2020.com";"SI";"SI";"SI";19/06/2024;;
"0202000029100000000000000";"OVIARAGON S COOP LTAD";"Zaragoza";;;"direccion@oviaragon.com";"SI";"SI";"SI";19/06/2024;;
"0202000029200000000000000";"PEDRO";;;"679690189";"pedrolozanol@hotmail.com";"NO";"SI";"SI";19/06/2024;;
"0202000029300000000000000";"PIENSOS GODIA SRL";"Lleida";;;"PINSOSGODIA@GMAIL.COM";"SI";"SI";"SI";19/06/2024;;
"0202000029400000000000000";"PORCINO TERUEL SA";"Teruel";;;"asobreviela@porcinoteruel.com";"SI";"SI";"SI";19/06/2024;;
"0202000029500000000000000";"RAMALLEIDA ENGINYERIA AGROAMBIENTAL SL";"Lleida";;;"ramalleida@ramalleida.com";"SI";"SI";"SI";19/06/2024;;
"0202000029600000000000000";"REGAVET INNOVACION S.L.";"Zaragoza";;;"aragon@regavet.es";"SI";"SI";"SI";19/06/2024;;
"0202000029700000000000000";"RENOVABLES E INGENIERIA DEL EBRO SL";"Zaragoza";;;"RTINGLE@HOTMAIL.ES";"SI";"SI";"SI";19/06/2024;;
"0202000029800000000000000";"S COOP. ACEITES DEL MATARRAÑA";"Teruel";;"686392565";"cooperativa@aceitesmatarranya.com";"NO";"SI";"SI";19/06/2024;;
"0202000029900000000000000";"SAIDIFRUT SCL";"Huesca";;"657825685";"saidifrut@saidifrut.com";"NO";"SI";"SI";19/06/2024;;
"0202000030000000000000000";"SAYERRE INGENIERIA SOCIEDAD LIMITADA";"Huesca";;;"DIEGO.MARIN.GIL@GMAIL.COM";"SI";"SI";"SI";19/06/2024;;
"0202000030100000000000000";"SCL AGRICOLA DE BARBASTRO ";"Huesca";;"974310386";"mariajose.sclab@gmail.com";"NO";"SI";"SI";19/06/2024;;
"0202000030200000000000000";"SDA COOP COMARCAL AGRICOLA SANT CRISTO COLUMNA";"Zaragoza";;"617308189";"tecnico@coopmallen.es";"NO";"SI";"SI";19/06/2024;;
"0202000030300000000000000";"SERSUCO S COOP SERVICIOS Y SUMINISTROS COMARCALES";"Teruel";;"636965831";"ferreteria@sersuco.com";"NO";"SI";"SI";19/06/2024;;
"0202000030400000000000000";"SERVEI DE GESTIO RAMADERA SL";"Lleida";;;"INFO@SGRSL.ES";"SI";"SI";"SI";19/06/2024;;
"0202000030500000000000000";"SERVICIOS AGRICOLAS J PEREZ S COOP";"Zaragoza";;"629328251";"administracion@serviciosagricolasjperez.es";"NO";"SI";"SI";19/06/2024;;
"0202000030600000000000000";"SOCIEDAD COOPERATIVA AGRARIA VIRGEN DE HERRERA";"Zaragoza";;;"coopvherrera@coopvherrera.com";"SI";"SI";"SI";19/06/2024;;
"0202000030700000000000000";"SOLUCIONES AGRARIAS CROPI SL";"Zaragoza";;"695518915";"javier.tejero@cropi.es";"NO";"SI";"SI";19/06/2024;;
"0202000030800000000000000";"SYNGENTA ESPAÑA SA";"Madrid";;"648436745";"alejandro.stewart@syngenta.com";"NO";"SI";"SI";19/06/2024;;
"0202000030900000000000000";"TECNARBRA S.L.";"Huesca";;;"tecnarbra@gmail.com";"SI";"SI";"SI";19/06/2024;;
"0202000031000000000000000";"TRAMIGEST SOCIEDAD LIMITADA";"Zaragoza";;;"TRAMIGEST@TRAMIGEST.COM";"SI";"SI";"SI";19/06/2024;;
"0202000031100000000000000";"VISUALNACERT SOCIEDAD LIMITADA";"Valencia";;"619972009";"siex@visualnacert.com";"NO";"NO";"SI";19/06/2024;;
"0202000031200000000000000";"XAVIER";"Zaragoza";;"663353972";"xavi@xavicamats.com";"NO";"NO";"SI";19/06/2024;;
"0202000031300000000000000";"7EDATA BUSINESS SL ";"Zaragoza";;"699998858";"jesusgerique@7edata.com";"NO";"SI";"SI";19/06/2024;;
"040100000010000002000000300000000040702";"AGENCIA COMARCAL PALMA";"Illes Balears";;"971176100";"acapalma@fogaiba.caib.es";"SI";"SI";"NO";19/06/2024;11/11/2025;
"040100000010000002000000400000000040702";"AGENCIA COMARCAL SA POBLA";"Illes Balears";;"971176100";"acasapobla@fogaiba.caib.es";"SI";"SI";"NO";19/06/2024;11/11/2025;
"040100000010000002000000500000000040702";"AGENCIA COMARCAL INCA";"Illes Balears";;"971176100";"acainca@fogaiba.caib.es";"SI";"SI";"NO";19/06/2024;11/11/2025;
"040100000010000002000000600000000040702";"AGENCIA COMARCAL MANACOR";"Illes Balears";;"971176100";"acamanacor@fogaiba.caib.es";"SI";"SI";"NO";19/06/2024;11/11/2025;
"040100000010000002000000700000000040702";"AGENCIA COMARCAL CAMPOS";"Illes Balears";;"971176100";"acacampos@fogaiba.caib.es";"SI";"SI";"NO";19/06/2024;11/11/2025;
"040100000010000002000000800000000040702";"AGENCIA COMARCAL FELANITX";"Illes Balears";;"971176100";"acafelanit@fogaiba.caib.es";"SI";"SI";"NO";19/06/2024;11/11/2025;
"0401000000100000020000009000001000000000040703";"CIME - MAO";"Illes Balears";;"971176100";"cesar.cubero@cime.es";"SI";"SI";"NO";19/06/2024;11/11/2025;
"0401000000100000020000009000001100000000040703";"CIME - CIUTADELLA";"Illes Balears";;"971176100";"ppp.agricultura@cime.es";"SI";"SI";"NO";19/06/2024;11/11/2025;
"04010000001000001200000000070701";"CONSELL INSULAR EIVISSA";"Illes Balears";;"971176100";"acaeivissa@fogaiba.caib.es";"SI";"SI";"NO";19/06/2024;11/11/2025;
"04020000014000001500000000060702";"UNIO DE PAGESOS MALLORCA";"Illes Balears";;"971464142";"mduranupm@gmail.com";"SI";"SI";"SI";19/06/2024;;
"04020000014000001600000000060702";"AGRONATURA SAT";"Illes Balears";;"619990126";"pamulet@agronatura.es";"SI";"NO";"NO";19/06/2024;13/11/2025;
"04020000014000001700000000060703";"UCABAL.Coop agroalimentaries IB";"Illes Balears";;"971725180";"lsanso@agroalimentaries.es";"SI";"SI";"SI";19/06/2024;13/04/2026;
"04020000014000001800000000060702";"ASAJA";"Illes Balears";;"971706356";"asajabalears@asajabalears.es";"SI";"SI";"SI";19/06/2024;;
"04020000014000002000000000060702";"CRISOL de Frutos secos SAT";"Illes Balears";;"606131406";"info@crisolfs.com";"SI";"NO";"NO";19/06/2024;;
"04020000014000002200000000060702";"PROD. MALLORQUINS FRUITS SECS";"Illes Balears";;"971886588";"aaristondo@grupfruitssecs.com";"SI";"NO";"NO";19/06/2024;;
"04020000014000002500000000060702";"COOPERATIVA D'ALGADIA";"Illes Balears";;"971665538";"alpirascl@gmail.com";"SI";"NO";"NO";19/06/2024;13/11/2025;
"04020000014000002600000000060702";"COOPERATIVA DE SANT JOAN";"Illes Balears";;"971526324";"coopsantjoan@gmail.com";"SI";"NO";"NO";19/06/2024;;
"04020000014000002700000000060702";"COOPERATIVA DE PORRERAS";"Illes Balears";;"971647181";"agricolaporreres@hotmail.com";"SI";"NO";"NO";19/06/2024;13/11/2025;
"04020000014000002800000000060702";"COOPERATIVA DE POLLENSA";"Illes Balears";;"971534146";"paco@cooperativapollensa.es";"SI";"SI";"SI";19/06/2024;;
"04020000014000003000000000060702";"CAJAMAR - CENTRAL";"Illes Balears";;"687541917";"psoler@cajamar.com";"SI";"NO";"NO";19/06/2024;;
"04020000014000003100000000060702";"UPA-AIA. Associaci·Intersectorial Agraria de les Illes Balears";"Illes Balears";;"971651413";"aagraria@yahoo.es";"SI";"SI";"SI";19/06/2024;;
"04020000014000003300000000060703";"FAGME. Asociacion Agricola Ganadera Menorca";"Illes Balears";;"620943796";"ibai_martinez@hotmail.com";"SI";"NO";"NO";19/06/2024;;
"04020000014000003400000000060702";"UNIO DE PAGESOS MENORCA";"Illes Balears";;"971375170";"uniopagesosmenorca@gmail.com";"SI";"NO";"NO";19/06/2024;13/11/2025;
"04020000014000003500000000060702";"AGRAME. Asoc. Emp. Expl. Agrarias";"Illes Balears";;"971352464";"agrame@empresademenorca.org";"SI";"SI";"SI";19/06/2024;;
"04020000014000003700000000060702";"Comercial Agroquimica Balear SL";"Illes Balears";;"971540277";"miquel@agroquimicabalear.com";"SI";"NO";"NO";19/06/2024;;
"04020000014000003800000000060702";"Cooperativa SCL del Camp Mallorqui";"Illes Balears";;"971622400";"gerencia@campmallorqui.es";"SI";"NO";"NO";19/06/2024;13/11/2025;
"04020000014000004200000000090702";"Isagri SL";"Illes Balears";"Illes Balears";"610273013";"jmp@isagri.com";"NO";"NO";"SI";13/11/2025;;
"04020000014000004300000000090702";"Osigris Sistemas de Informacion, S.L";"Illes Balears";"Illes Balears";"699139390";"rmella@osigris.com";"NO";"NO";"SI";13/11/2025;;
"04020000014000004400000000080702";"Coop Agricola Santa Eulalia del Rio";"Illes Balears";"Illes Balears";"663948576";"cooperativaagricolase@gmail.com";"NO";"SI";"SI";13/11/2025;;
"04020000014000004500000000080702";"Begoña";"Illes Balears";"Illes Balears";"661495258";"bego@ingebas2010.com";"NO";"SI";"SI";13/11/2025;;
"04020000014000004600000000080702";"Bruno";"Illes Balears";"Illes Balears";"683429687";"brn.rigo@gmail.com";"NO";"SI";"SI";13/11/2025;;
"04020000014000004700000000090702";"Sociedad Cooperativa Agricola San Bartolome";"Illes Balears";"Illes Balears";"627893386";"tecnic@cooperativasoller.com";"NO";"SI";"SI";13/11/2025;;
"04020000014000004800000000080701";"Nuria";"Illes Balears";"Illes Balears";"675278634";"nuturma@gmail.com";"NO";"SI";"SI";13/11/2025;;
"04020000014000004900000000080701";"José Luis";"Illes Balears";"Illes Balears";"695036756";"jose@espaciosemilla.eu";"NO";"SI";"SI";13/11/2025;;
"04020000014000005000000000090702";"Coop. Agricola I Ramadera de Menorca S.coop";"Illes Balears";"Illes Balears";"616440630";"abosch@sacooperativa.com";"NO";"NO";"SI";13/11/2025;;
"04020000014000005100000000090702";"Illacamp S.a.t.ba-20";"Illes Balears";"Illes Balears";"610465908";"tecnico@illacamp.com";"NO";"SI";"SI";13/11/2025;;
"04020000014000005200000000090702";"Sociedad Cooperativa Ltda Agricola de San Antonio Abad";"Illes Balears";"Illes Balears";"665967335";"tecnic@cooperativasantantoni.com";"NO";"NO";"SI";13/11/2025;;
"04020000014000005300000000080702";"Agroeivissa Sdad Coop";"Illes Balears";"Illes Balears";"638650573";"grupotecnico@agroibiza.com";"NO";"SI";"SI";13/11/2025;;
"04020000014000005400000000090702";"Brioagro Tech SL";"Illes Balears";"Illes Balears";"687087013";"adm@brioagro.es";"NO";"NO";"SI";13/11/2025;;
"04020000014000005500000000080702";"Terrapi World, Sociedad Limitada";"Illes Balears";"Illes Balears";"636299458";"agro@terrapi.world";"NO";"SI";"SI";13/11/2025;26/05/2026;
"04020000014000005600000000080702";"Inmaculada";"Illes Balears";"Illes Balears";"619906733";"inma.gil@grupdete.com";"NO";"SI";"NO";13/11/2025;;
"04020000014000005700000000080701";"Diego Luis";"Illes Balears";"Illes Balears";"619882793";"dilgogi@gmail.com";"NO";"SI";"SI";18/03/2026;;
"04020000058000005900000000080701";"Marcos";"Illes Balears";"Illes Balears";"609019002";"marcos@ittaibiza.com";"NO";"SI";"NO";13/04/2026;;
"040200000580000060000000000807";"Ikos Advanced S.L.";"Illes Balears";"Illes Balears";"950505150";"ikosnotes@ikosadvanced.com";"NO";"SI";"SI";15/04/2026;;
"040200000580000061000000000807";"Fermin";"Illes Balears";"Illes Balears";"629656554";"administracion@agrogestraza.com";"NO";"SI";"SI";20/04/2026;;
"04020000058000006200000000080702";"Joan";"Illes Balears";"Illes Balears";"653884048";"joan@menagrup.com";"NO";"SI";"SI";03/07/2026;;
"04020000058000006300000000080701";"Magín";"Illes Balears- EIVISSA";"Illes Balears";"699660302";"maginyago@gmail.com";"NO";"SI";"SI";10/07/2026;;
"04020000058000006600000000080701";"José";"Illes Balears-Eivissa";"Illes Balears";"634707025";"info@taisibiza.com";"NO";"SI";"SI";09/07/2026;;
"04020000058000006700000000080702";"Miquel";"Illes Balears, Mallorca";"Illes Balears";"670734522";"mfiol@iies.es";"NO";"SI";"SI";15/07/2026;;
"060200000020000017000002000000000000000";"SDGM-UPA CANTABRIA";"Cantabria";;"638979095";"sdgmupacantabria@gmail.com";"SI";"NO";"NO";19/06/2024;;
"060200000020000017000002300000000000000";"ASOC. RAZA MONCHINA";"Cantabria";;"657842882";"mfernandez010875@hotmail.com";"SI";"NO";"NO";19/06/2024;;
"060200000020000017000002400000000000000";"ASAJA CANTABRIA";"Cantabria";;"615414601";"asaja@jsder.com";"SI";"NO";"NO";19/06/2024;;
"060200000020000017000002500000000000000";"CAJA RURAL DE BURGOS";"Cantabria";;"942212900";"ebenitom_cajaviva@cajarural.com";"SI";"NO";"NO";19/06/2024;;
"060200000020000017000002600000000000000";"UGAM-COAG";"Cantabria";;"615680747";"info@ugamcoag.org";"SI";"NO";"NO";19/06/2024;;
"060200000020000017000002700000000000000";"BANCO SANTANDER";"Cantabria";;"615901009";"sruiz@gruposantander.es";"SI";"NO";"NO";19/06/2024;;
"060200000020000017000002900000000000000";"VALLES UNIDOS DEL ASON";"Cantabria";;"628251171";"info@vallesunidos.com";"SI";"NO";"NO";19/06/2024;;
"060200000020000017000003000000000000000";"CAIXABANK";"Cantabria";;"944356220";"jpbadiola@caixabank.com";"SI";"NO";"NO";19/06/2024;;
"060200000020000017000003100000000000000";"AIGAS LA UNION";"Cantabria";;"685950008";"aigaslaunion@gmail.com";"SI";"NO";"NO";19/06/2024;;
"060200000020000017000003200000000000000";"ASOC. NACIONAL CRIADOS RAZA TUDANCA";"Cantabria";;"618676327";"logarvi84@gmail.com";"SI";"NO";"NO";19/06/2024;;
"060200000020000017000003300000000000000";"ANA BELEN";"Cantabria";;"608305369";"asesoriaobeso@hotmail.com";"SI";"NO";"NO";19/06/2024;;
"060200000020000017000003700000000000000";"AGROCANTABRIA";"Cantabria";;"942312531";"agcsantander@agrocantabria.com";"SI";"NO";"NO";19/06/2024;;
"060200000020000017000004000000000000000";"EDUARDO";"Cantabria";;"615811510";"eduardodemier@gmail.com";"SI";"NO";"NO";19/06/2024;;
"060200000020000017000004200000000000000";"DAVID";"Cantabria";;"666094602";"asesoriadavidsierra@hotmail.com";"SI";"NO";"NO";19/06/2024;;
"060200000020000017000004300000000000000";"UNICAJA BANCO S.A.";"Cantabria";;"942204830";"info@liberbank.es";"SI";"NO";"NO";19/06/2024;;
"060200000020000017000004400000000000000";"MARIA LUZ";"Cantabria";;"609418899";"luzriverosanchez@gmail.com";"SI";"NO";"NO";19/06/2024;;
"0702000000700000000070000";"AGROCONSULTING GARRIDO LUNA, S.L.";"Cuenca";;"618789022";"iteaf.agroconsulting@gmail.com";"SI";"SI";"NO";19/06/2024;;
"0702000000800000000070000";"AGROTOLEDO ASESORES, S.L";"Toledo";"Castilla-La Mancha";"925239140";"ecarmena@agrotoledo.es";"SI";"SI";"NO";19/06/2024;10/07/2026;
"0702000000900000000070000";"ASOCIACION EMPRESARIOS DEL CAMPO DE ALBACETE";"Albacete";;"967600201";"asecampo@asecampo.com";"SI";"SI";"NO";19/06/2024;;
"0702000001000000000070000";"ASOCIACION AGRICOLA MOLINESA";"Guadalajara";;"949831874";"agricola.molinesa@jsanz.es";"SI";"SI";"NO";19/06/2024;;
"0702000001100000000070000";"ASOCIACION DE ASESORES DE EXPLOTACIONES AGRARIAS DE CLM (ADAEXA)";"Toledo";"Castilla-La Mancha";"637411340";"jmmaldonadoperez@gmail.com";"SI";"SI";"NO";19/06/2024;10/07/2026;
"07020000011000001200000000080200";"AB- ASOCIACIÓN DE ASESORES DE EXPLOTACIONES AGRARIAS CLM";"Albacete";;"637411340";"jmmaldonadoperez@gmail.com";"SI";"SI";"NO";19/06/2024;;
"07020000011000001300000000081300";"CR-ASOCIACIÓN DE ASESORES DE EXPLOTACIONES AGRARIAS CLM";"Ciudad Real";;"637411340";"jmmaldonadoperez@gmail.com";"SI";"SI";"NO";19/06/2024;;
"07020000011000001400000000081600";"CU-ASOCIACIÓN DE ASESORES DE EXPLOTACIONES AGRARIAS CLM";"Cuenca";;"637411340";"jmmaldonadoperez@gmail.com";"SI";"SI";"NO";19/06/2024;;
"07020000011000001500000000081900";"GU-ASOCIACIÓN DE ASESORES DE EXPLOTACIONES AGRARIAS CLM";"Guadalajara";;"637411340";"jmmaldonadoperez@gmail.com";"SI";"SI";"NO";19/06/2024;;
"07020000011000001600000000084500";"TO-ASOCIACIÓN DE ASESORES DE EXPLOTACIONES AGRARIAS CLM";"Toledo";"Castilla-La Mancha";"637411340";"jmmaldonadoperez@gmail.com";"SI";"SI";"NO";19/06/2024;10/07/2026;
"07020000017000000000700000001900";"ASOCIACIÓN DE AGRICULTORES Y GANADEROS DE GU (APAG)";"Guadalajara";;"638902595";"depagrario@grupoapag.com";"SI";"SI";"NO";19/06/2024;;
"07020000018000002200000000084500";"ASOPROVAC CLM";"Toledo";"Castilla-La Mancha";"925252786";"juan.lara@asoprovac.com";"SI";"SI";"NO";19/06/2024;10/07/2026;
"0702000004000000000050000";"BANCO SANTANDER S.A";;;"625116121";"pbergillos@gruposantander.es";"SI";"SI";"NO";19/06/2024;;
"07020000040000004100500000000200";"AB-BANCO SANTANDER S.A";"Albacete";;"625116121";"pbergillos@gruposantander.es";"SI";"SI";"NO";19/06/2024;;
"07020000040000004200500000001300";"CR-BANCO SANTANDER S.A";"Ciudad Real";;"625116121";"pbergillos@gruposantander.es";"SI";"SI";"NO";19/06/2024;;
"07020000040000004300500000001600";"CU-BANCO SANTANDER S.A";"Cuenca";;"625116121";"pbergillos@gruposantander.es";"SI";"SI";"NO";19/06/2024;;
"07020000040000004400500000001900";"GU-BANCO SANTANDER S.A";"Guadalajara";;"625116121";"pbergillos@gruposantander.es";"SI";"SI";"NO";19/06/2024;;
"07020000040000004500500000004500";"TO-BANCO SANTANDER S.A";"Toledo";"Castilla-La Mancha";"625116121";"pbergillos@gruposantander.es";"SI";"SI";"NO";19/06/2024;10/07/2026;
"0702000004700000000050000";"CAIXABANK SA";;;"618334702";"marco.garcia@caixabank.com";"SI";"SI";"NO";19/06/2024;;
"0702000005200000000050000";"EUROCAJA RURAL S.C.C";;;"925269611";"9019@eurocajarural.es";"SI";"SI";"NO";19/06/2024;;
"07020000052000015100000000064500";"TO-EUROCAJA RURAL";"Toledo";"Castilla-La Mancha";"925269611";"9019@eurocajarural.es";"SI";"SI";"NO";19/06/2024;10/07/2026;
"07020000052000015200000000060200";"AB-EUROCAJA RURAL";"Albacete";;"925269611";"9019@eurocajarural.es";"SI";"SI";"NO";19/06/2024;;
"07020000052000015300000000061300";"CR-EUROCAJA RURAL";"Ciudad Real";;"925269611";"9019@eurocajarural.es";"SI";"SI";"NO";19/06/2024;;
"07020000052000015400000000061600";"CU-EUROCAJA RURAL";"Cuenca";;"925269611";"9019@eurocajarural.es";"SI";"SI";"NO";19/06/2024;;
"07020000052000015500000000061900";"GU-EUROCAJA RURAL";"Guadalajara";;"925269611";"9019@eurocajarural.es";"SI";"SI";"NO";19/06/2024;;
"0702000005300000000050000";"CAJA RURAL DE SORIA";;;"975212840";"joseluispalomar@crsoria.com";"SI";"SI";"NO";19/06/2024;;
"0702000005400000000050000";"CAJAMAR CAJA RURAL, S. COOP. DE CREDITO";"Almería";;;"esther@cajamar.com";"SI";"SI";"NO";19/06/2024;;
"07020000054000017000500000000200";"AB-CAJAMAR CAJA RURAL, S. COOP. DE CREDITO";"Albacete";;;"esther@cajamar.com";"SI";"SI";"NO";19/06/2024;;
"07020000054000017100500000001300";"CR-CAJAMAR CAJA RURAL, S. COOP. DE CREDITO";"Ciudad Real";;;"esther@cajamar.com";"SI";"SI";"NO";19/06/2024;;
"07020000054000017200500000001600";"CU-CAJAMAR CAJA RURAL, S. COOP. DE CREDITO";"Cuenca";;;"esther@cajamar.com";"SI";"SI";"NO";19/06/2024;;
"07020000054000017300500000001900";"GU-CAJAMAR CAJA RURAL, S. COOP. DE CREDITO";"Guadalajara";;;"esther@cajamar.com";"SI";"SI";"NO";19/06/2024;;
"07020000054000017400500000004500";"TO-CAJAMAR CAJA RURAL, S. COOP. DE CREDITO";"Toledo";"Castilla-La Mancha";;"esther@cajamar.com";"SI";"SI";"NO";19/06/2024;10/07/2026;
"0702000006100000000070000";"COOPERATIVAS AGRO-ALIMENTARIAS DE CASTILLA-LA MANCHA";;;"926545200";"nvillanueva@agroalimentariasclm.coop";"SI";"SI";"NO";19/06/2024;;
"07020000061000006200000000081300";"CR-COOPERATIVAS AGRO-ALIMENTARIAS CASTILLA-LA MANCHA";"Ciudad Real";;"926545200";"nvillanueva@agroalimentariasclm.coop";"SI";"SI";"NO";19/06/2024;;
"07020000061000006300000000084500";"TO-COOPERATIVAS AGRO-ALIMENTARIAS CASTILLA-LA MANCHA";"Toledo";"Castilla-La Mancha";"926545200";"nvillanueva@agroalimentariasclm.coop";"SI";"SI";"NO";19/06/2024;10/07/2026;
"07020000061000016200000000080200";"AB-COOPERATIVAS AGRO-ALIMENTARIAS CASTILLA-LA MANCHA";"Albacete";;"926545200";"nvillanueva@agroalimentariasclm.coop";"SI";"SI";"NO";19/06/2024;;
"07020000061000016300000000081600";"CU-COOPERATIVAS AGRO-ALIMENTARIAS CASTILLA-LA MANCHA";"Cuenca";;"926545200";"nvillanueva@agroalimentariasclm.coop";"SI";"SI";"NO";19/06/2024;;
"070200000610000164000000000801900";"GU-COOPERATIVAS AGRO-ALIMENTARIAS CASTILLA-LA MANCHA";"Guadalajara";;"926545200";"nvillanueva@agroalimentariasclm.coop";"SI";"SI";"NO";19/06/2024;;
"0702000006500000000070000";"ESTUDIO DE SUPERFICIES AGRARIAS S.L";"Albacete";;"607307005";"pplazahidalgo@gmail.com";"SI";"SI";"NO";19/06/2024;;
"0702000007100000000070000";"EUROAYUDAS, SLU";"Ciudad Real";;"926217191";"ramon@euroayudas.es";"SI";"SI";"NO";19/06/2024;;
"0702000007700000000070000";"GESTION Y ADMINISTRACION DE FINCAS RUSTICAS SL";"Ciudad Real";;"926870803";"lola@gesafir.es";"SI";"SI";"NO";19/06/2024;;
"0702000008900000000070000";"MORERIA INGENIEROS SL";"Ciudad Real";;"609529547";"moreriaingenieros@gmail.com";"SI";"SI";"NO";19/06/2024;;
"0702000009100000000070000";"SERVICIOS INTEGRALES A LA CADENA AGROALIMENTARIA (SIC)";;;"926545200";"nvillanueva@agroalimentariasclm.coop";"SI";"SI";"NO";19/06/2024;;
"07020000091000016500000000080200";"AB-SERVICIOS INTEGRALES A LA CADENA AGROALIMENTARIA, SLU";"Albacete";;"926545200";"nvillanueva@agroalimentariasclm.coop";"SI";"SI";"NO";19/06/2024;;
"07020000091000016900000000084500";"TO-SERVICIOS INTEGRALES A LA CADENA AGROALIMENTARIA, SLU";"Toledo";"Castilla-La Mancha";"926545200";"nvillanueva@agroalimentariasclm.coop";"SI";"SI";"NO";19/06/2024;10/07/2026;
"07020000092000009500000000081600";"SINDICATO INDEPENDIENTE AGROPECUARIO CUENCA CLM";"Cuenca";;"969211204";"siaccoag@gmail.com";"SI";"SI";"NO";19/06/2024;;
"0702000009800000000070000";"SDAD. COOP. DE AGRICULTORES Y GANADEROS DE SOCUELLAMOS";"Ciudad Real";;"687566001";"javiscags@gmail.com";"SI";"SI";"NO";19/06/2024;;
"07020000098000023200700000001300";"CR-SDAD. COOP. DE AGRICULTORES Y GANADEROS DE SOCUELLAMOS";"Ciudad Real";;"687566001";"javiscags@gmail.com";"SI";"SI";"NO";19/06/2024;;
"0702000009900000000000000";"UNICAJA BANCO SAU";"Málaga";"Andalucía";"956297355";"fvilches@unicaja.es";"SI";"SI";"NO";19/06/2024;10/07/2026;
"07020000099000010000000000080200";"AB-UNICAJA BANCO SAU";"Albacete";;"956297355";"fvilches@unicaja.es";"SI";"SI";"NO";19/06/2024;;
"07020000099000010100000000081300";"CR-UNICAJA BANCO SAU";"Ciudad Real";;"956297355";"fvilches@unicaja.es";"SI";"SI";"NO";19/06/2024;;
"07020000099000010200000000081600";"CU-UNICAJA BANCO SAU";"Cuenca";;"956297355";"fvilches@unicaja.es";"SI";"SI";"NO";19/06/2024;;
"07020000099000010400000000084500";"TO-UNICAJA BANCO SAU";"Toledo";"Castilla-La Mancha";"956297355";"fvilches@unicaja.es";"SI";"SI";"NO";19/06/2024;10/07/2026;
"0702000010500000000070000";"UPA CLM";;;"969230060";"fmartinez@upa.es";"SI";"SI";"NO";19/06/2024;;
"07020000105000010600000000080200";"AB-UPA Y GANADEROS DE CASTILLA LA MANCHA";"Albacete";;"969230060";"fmartinez@upa.es";"SI";"SI";"NO";19/06/2024;;
"07020000105000010700000000081300";"CR-UPA Y GANADEROS DE CASTILLA LA MANCHA";"Ciudad Real";;"969230060";"fmartinez@upa.es";"SI";"SI";"NO";19/06/2024;;
"07020000105000010900000000081900";"GU-UPA Y GANADEROS DE CASTILLA LA MANCHA";"Guadalajara";;"969230060";"fmartinez@upa.es";"SI";"SI";"NO";19/06/2024;;
"07020000105000011000000000084500";"TO-UPA Y GANADEROS DE CASTILLA LA MANCHA";"Toledo";"Castilla-La Mancha";"969230060";"fmartinez@upa.es";"SI";"SI";"NO";19/06/2024;10/07/2026;
"07020000120000012500000000080200";"ASAJA ALBACETE";"Albacete";;"967212618";"jcortes@asajaalbacete.com";"SI";"SI";"NO";19/06/2024;;
"07020000120000012600000000081300";"ASAJA CIUDAD REAL";"Ciudad Real";;"926210382";"a.lamamie@asajacr.com";"SI";"SI";"NO";19/06/2024;;
"07020000120000012700000000081600";"ASAJA CUENCA";"Cuenca";;"969227777";"manolo@asajacuenca.com";"SI";"SI";"NO";19/06/2024;;
"07020000120000012900000000084500";"ASAJA TOLEDO";"Toledo";"Castilla-La Mancha";"925216200";"asajatoledo@asajatoledo.com";"SI";"SI";"NO";19/06/2024;10/07/2026;
"070200001240000000000000";"MAÑAN SOC COOP OPFH 962";"Alicante";;"965478420";"tecnicos@manan.es";"SI";"SI";"NO";19/06/2024;;
"07020000124000014000000000080200";"AB-MAÑAN SOC COOP OPFH 962";"Albacete";;"965478420";"tecnicos@manan.es";"SI";"SI";"NO";19/06/2024;;
"07020000124000014100000000081300";"CR-MAÑAN SOC COOP OPFH 962";"Ciudad Real";;"965478420";"tecnicos@manan.es";"SI";"SI";"NO";19/06/2024;;
"07020000124000014200000000081600";"CU-MAÑAN SOC COOP OPFH 962";"Cuenca";;"965478420";"tecnicos@manan.es";"SI";"SI";"NO";19/06/2024;;
"07020000124000014300000000081900";"GU-MAÑAN SOC COOP OPFH 962";"Guadalajara";;"965478420";"tecnicos@manan.es";"SI";"SI";"NO";19/06/2024;;
"07020000124000014400000000084500";"TO-MAÑAN SOC COOP OPFH 962";"Toledo";"Castilla-La Mancha";"965478420";"tecnicos@manan.es";"SI";"SI";"NO";19/06/2024;10/07/2026;
"0702000014500000000070000";"COOVIMAG";"Ciudad Real";;"618657114";"moises@coovimag.es";"SI";"SI";"NO";19/06/2024;;
"0702000015600000000050000";"CAJA RURAL DE ALBACETE, CIUDAD REAL Y CUENCA, S.C.C. (GLOBALCAJA)";"Albacete";;"969178627";"alberto.marcilla@globalcaja.es";"SI";"SI";"NO";19/06/2024;;
"07020000156000015700000000060200";"AB-GLOBALCAJA";"Albacete";;"969178627";"alberto.marcilla@globalcaja.es";"SI";"SI";"NO";19/06/2024;;
"07020000156000015800000000061300";"CR-GLOBALCAJA";"Ciudad Real";;"969178627";"alberto.marcilla@globalcaja.es";"SI";"SI";"NO";19/06/2024;;
"07020000156000015900000000061600";"CU-GLOBALCAJA";"Cuenca";;"969178627";"alberto.marcilla@globalcaja.es";"SI";"SI";"NO";19/06/2024;;
"07020000156000016000000000061900";"GU-GLOBALCAJA";"Guadalajara";;"969178627";"alberto.marcilla@globalcaja.es";"SI";"SI";"NO";19/06/2024;;
"07020000156000016100000000064500";"TO-GLOBALCAJA";"Toledo";"Castilla-La Mancha";"969178627";"alberto.marcilla@globalcaja.es";"SI";"SI";"NO";19/06/2024;10/07/2026;
"07020000251000025200000000070200";"GEIPLAG SL";"Albacete";;"625383096";"geiplag@hotmail.com";"SI";"SI";"NO";19/06/2024;;
"07020000257000025800000000070200";"PROYING INGENIERIA Y MEDIO AMBIENTE S.L.";"Albacete";;"967669310";"tecnicos@proying-ingenieria.com";"SI";"SI";"NO";19/06/2024;;
"0702000026800000000070000";"CALATRAVA INGENIEROS S.L";"Ciudad Real";;"926216202";"pedro@calatravaingenieros.com";"SI";"SI";"NO";19/06/2024;;
"0702000028700000000050000";"ASC. AGRICULTORES RED NATURA 2000 DE CASTILLA LA MANCHA";"Toledo";"Castilla-La Mancha";"621212824";"garciagarciamcruz@gmail.com";"SI";"SI";"NO";19/06/2024;10/07/2026;
"0702000029400000000071300";"TIERRA ASESORES TECNICOS SL";"Ciudad Real";;"610501584";"jaravabarrera@yahoo.es";"SI";"SI";"NO";19/06/2024;;
"0702000029500000000071600";"ASOCIACIÓN PROFESIONAL DE INGENIEROS AGRÓNOMOS DE CU";"Cuenca";;"969239783";"vcastillejo@hetica.es";"SI";"SI";"NO";19/06/2024;;
"0702000030100000000070200";"AGROAMBIENTALIA, SLU";"Albacete";;"967964260";"pac@agroambientalia.es";"SI";"SI";"NO";19/06/2024;;
"0702000030200000000070000";"VICAMA INGENIEROS SL";"Albacete";;;"vicama_ingenieros@hotmail.com";"SI";"SI";"NO";19/06/2024;;
"0702000030300000000074500";"VINUMANCHA, S.L.";"Toledo";"Castilla-La Mancha";"660012320";"lacda1980@yahoo.es";"SI";"SI";"NO";19/06/2024;10/07/2026;
"0702000030400000000070000";"GABINETE TÉCNICO AGRÍCOLA, SL";"Toledo";"Castilla-La Mancha";"925804989";"info@esagri.es";"SI";"SI";"NO";19/06/2024;10/07/2026;
"0702000030500000000070200";"FS IDEA, CONSULTORIA Y PROYECTOS, SL";"Albacete";;"967667641";"correo@fs-idea.es";"SI";"SI";"NO";19/06/2024;;
"0702000030600000000070200";"CEREALES CANDELO SL";"Albacete";;"967477562";"pilar@candelo.es";"SI";"SI";"NO";19/06/2024;;
"0702000030700000000070000";"INGEAGRARIA, SL";"Toledo";"Castilla-La Mancha";;"tecnico2@ingeagraria.es";"SI";"SI";"NO";19/06/2024;10/07/2026;
"0702000030800000000070000";"INGENIERÍA VILLOTA, SL";"Toledo";"Castilla-La Mancha";;"ingenieria@villota.es";"SI";"SI";"NO";19/06/2024;10/07/2026;
"0702000030900000000074500";"M CORTES ASOCIADOS, SL";"Toledo";"Castilla-La Mancha";"925040174";"info@mcortesasociados.com";"SI";"SI";"NO";19/06/2024;10/07/2026;
"0702000031000000000070000";"AGROAMBIENTAL BULLAQUE S.L";"Ciudad Real";;"627584927";"marcelo@agrobullaque.es";"SI";"SI";"NO";19/06/2024;;
"0702000031600000000070000";"INGENIERIA TECNICAS INFORMATICAS Y CONSULTORIA DE EMPRESAS, SA (ITICE)";;;"915512090";"jramirez@itice.es";"SI";"SI";"NO";19/06/2024;;
"07020000316000031700700000200";"AB-INGENIERIA TECNICAS INFORMATICAS Y CONSULTORIA DE EMPRESAS, SA (ITICE)";"Albacete";;"915512090";"jramirez@itice.es";"SI";"SI";"NO";19/06/2024;;
"07020000316000031800700001300";"CR-INGENIERIA TECNICAS INFORMATICAS Y CONSULTORIA DE EMPRESAS, SA (ITICE)";"Ciudad Real";;"915512090";"jramirez@itice.es";"SI";"SI";"NO";19/06/2024;;
"07020000316000031900700001600";"CU-INGENIERIA TECNICAS INFORMATICAS Y CONSULTORIA DE EMPRESAS, SA (ITICE)";"Cuenca";;"915512090";"jramirez@itice.es";"SI";"SI";"NO";19/06/2024;;
"07020000316000032000700001900";"GU-INGENIERIA TECNICAS INFORMATICAS Y CONSULTORIA DE EMPRESAS, SA (ITICE)";"Guadalajara";;"915512090";"jramirez@itice.es";"SI";"SI";"NO";19/06/2024;;
"07020000316000032100700004500";"TO-INGENIERIA TECNICAS INFORMATICAS Y CONSULTORIA DE EMPRESAS, SA (ITICE)";"Toledo";"Castilla-La Mancha";"915512090";"jramirez@itice.es";"SI";"SI";"NO";19/06/2024;10/07/2026;
"0702000032600000000070000";"SAPAL INGENIERÍA S.L.";"Cuenca";;"686045468";"raul@gruposapal.com";"SI";"SI";"NO";19/06/2024;;
"07020000327000000000819001900";"COAG INICIATIVA RURAL DE GUADALAJARA";"Guadalajara";;"949858889";"coagclm@gmail.com";"SI";"SI";"NO";19/06/2024;;
"0702000032800000000084500";"ASOCIACIÓN PROFESIONAL INDEPENDIENTE DE AGRICULTORES Y GANADEROS DE VILLACAÑAS";"Toledo";"Castilla-La Mancha";"690027757";"tecnicoaagricultores@gmail.com";"SI";"SI";"NO";19/06/2024;10/07/2026;
"0702000032900000000070000";"TODO AGRARIO SOLUCIONES, S.C.";;;"685864958";"mpilarmateos.s@gmail.com";"SI";"SI";"NO";19/06/2024;;
"0702000033000000000070000";"AGROFORESTAL MEDIOAMBIENTAL, SL";"Jaén";"Andalucía";;"agroforestramedioambientalslu@gmail.com";"SI";"SI";"NO";19/06/2024;10/07/2026;
"0702000033100000000070000";"MARMARÍA ASESORÍA, SL";"Ciudad Real";;;"arquitectura@marmaria.es";"SI";"SI";"NO";19/06/2024;;
"0702000033200000000070000";"MARTÍNEZ DESCALZO, S.L.";"Albacete";;"669240480";"juan@martinezdescalzo.com";"SI";"SI";"NO";19/06/2024;;
"0702000033500000000070000";"SOLUCIONES AGRARIAS ROMAN, SLU";"Ciudad Real";;;"cristina@solucionesagrariasroman.com";"SI";"SI";"NO";19/06/2024;;
"0702000033600000000070000";"VERAGON AGRICOLA, SL";"Ciudad Real";;;"veragonpac@gmail.com";"SI";"SI";"NO";19/06/2024;;
"0702000033700000000070000";"AGROBROX, SL";"Cuenca";;;"agrobrox@gmail.com";"SI";"SI";"NO";19/06/2024;;
"0702000033800000000070000";"ASOCIACION ECOLOGICA SIERRA DE ALCARAZ";"Albacete";;;"gestion@tierraverde.eu";"SI";"SI";"NO";19/06/2024;;
"0702000033900000000070000";"LA DEHESA ASESORAMIENTO Y SOLUCIONES AGROPECUARIAS, SL";"Ciudad Real";;;"ladehesa.info@gmail.com";"SI";"SI";"NO";19/06/2024;;
"07020000340000000000070000";"INVERSIONES HELLIN, SL";"Albacete";;;"segpedro23@gmail.com";"SI";"SI";"NO";19/06/2024;;
"0800002391600000000000000";"MARIA DEL PILAR";;;"647183553";"valcarlag@gmail.com";"SI";"NO";"NO";19/06/2024;;
"0800006336800000000000000";"JOSEFA";;;"635888628";"daguijarro@live.com";"SI";"NO";"NO";19/06/2024;;
"0800006515600000000000000";"JUAN JOSE";;;"638702233";"jj_cuadrado@yahoo.es";"SI";"NO";"NO";19/06/2024;;
"0800010312300000000000000";"BODEGAS MURIEL S.L.";;;"682315332";"juancarlos.ezquerro@murielwines.com";"SI";"NO";"NO";19/06/2024;;
"0800011032900000000000000";"GREGORIO ";;;"640229051";"gnicolass@hotmail.com";"SI";"NO";"NO";19/06/2024;;
"0800011375700000000000000";"CANDELAS";;;"914038601";"candelassanjosefraile@outlook.es";"SI";"NO";"NO";19/06/2024;;
"0800013575400000000000000";"PAULINO";;;"650907254";"laeasesores.maria@telefonica.net";"SI";"NO";"NO";19/06/2024;;
"0800013872100000000000000";"BODEGAS VETUS, SL";;;"686164855";"financiero@villacreces.com";"SI";"NO";"NO";19/06/2024;;
"0800014426800000000000000";"VINOS BLANCOS DE CASTILLA SL UNIPERSONAL";;;"639737639";"amartinez@marquesderiscal.com";"SI";"NO";"NO";19/06/2024;;
"0800018254900000000000000";"JOSE RAMON";;;"639112930";"joseramonfm@telefonica.net";"SI";"NO";"NO";19/06/2024;;
"0800022659700000000000000";"GUILLERMO";;;"666737144";"mail@mail.com";"SI";"NO";"NO";19/06/2024;;
"0800025171600000000000000";"MARIA PINAR";;;"629124384";"pimatesanz@gmail.com";"SI";"NO";"NO";19/06/2024;;
"0800025465100000000000000";"MARIA DEL CARMEN";;;"652491718";"mariacrg@hotmail.com";"SI";"NO";"NO";19/06/2024;;
"0800026090600000000000000";"MARIA JOSE";;;"607540431";"mjmartin@aragon.es";"SI";"NO";"NO";19/06/2024;;
"0800032935600000000000000";"ELVIRA";;;"628250083";"benitocasado.elvira@gmail.com";"SI";"NO";"NO";19/06/2024;;
"0800033153700000000000000";"BLASA CARMEN";;;"609239659";"cvalerocuenca@gmail.com";"SI";"NO";"NO";19/06/2024;;
"0800033153800000000000000";"JOSE";;;"651752736";"mail@mail.com";"SI";"NO";"NO";19/06/2024;;
"0800033228900000000000000";"BENJAMINA";;;"607601745";"gestionbancaria@juanarribas.es";"SI";"NO";"NO";19/06/2024;;
"0800033473600000000000000";"REMIGIO";;;"601255098";"remigio.fuentes@gmail.com";"SI";"NO";"NO";19/06/2024;;
"0800033529400000000000000";"URSULA";;;"636890063";"ursulasanzcasla@gmail.com";"SI";"NO";"NO";19/06/2024;;
"0800033781000000000000000";"LUZ";;;"605268219";"j-callejo@hotmail.es";"SI";"NO";"NO";19/06/2024;;
"0800033874200000000000000";"CONSUELO";;;"651752736";"mail@mail.com";"SI";"NO";"NO";19/06/2024;;
"0800033880000000000000000";"FRANCISCO";;;"625052316";"fmansofrutos@gmail.com";"SI";"NO";"NO";19/06/2024;;
"0800034012300000000000000";"JUSTA";;;"619919723";"segundogilsanz@gmail.com";"SI";"NO";"NO";19/06/2024;;
"0800034065300000000000000";"VICTOR";;;"618382032";"mail@mail.com";"SI";"NO";"NO";19/06/2024;;
"0800034080800000000000000";"MARIANO";;;"665706991";"almariner@gmail.com";"SI";"NO";"NO";19/06/2024;;
"0800034088300000000000000";"JUSTO JOSE";;;"600416502";"justogres@gmail.com";"SI";"NO";"NO";19/06/2024;;
"0800034189200000000000000";"PEDRO";;;"638048090";"roko872@hotmail.com";"SI";"NO";"NO";19/06/2024;;
"0800034200800000000000000";"JUAN";;;"659382141";"julucash@hotmail.com";"SI";"NO";"NO";19/06/2024;;
"0800034206300000000000000";"SIXTO";;;"660987719";"sbermejos@gmail.com";"SI";"NO";"NO";19/06/2024;;
"0800034210700000000000000";"ANDRES";;;"660046969";"andresgomezotero@hotmail.com";"SI";"NO";"NO";19/06/2024;;
"0800034270100000000000000";"BERNARDINO";;;"658450927";"bherrero@colvet.es";"SI";"NO";"NO";19/06/2024;;
"0800034316800000000000000";"CARLOS JOSE";;;"654632573";"bolsacar@hotmail.com";"SI";"NO";"NO";19/06/2024;;
"0800034324700000000000000";"ANDRES";;;"686667286";"alopez60@hotmail.es";"SI";"NO";"NO";19/06/2024;;
"0800034381400000000000000";"PEDRO ANGEL";;;"679864991";"martagnzlm@hotmail.es";"SI";"NO";"NO";19/06/2024;;
"0800034395600000000000000";"JOSE LUIS";;;"617928979";"jlbg67@gmail.com";"SI";"NO";"NO";19/06/2024;;
"0800034412700000000000000";"JOSE MANUEL";;;"699864532";"gilsanz1443@gmail.com";"SI";"NO";"NO";19/06/2024;;
"0800034418500000000000000";"ADOLFO";;;"616381063";"adolfo_carrionl@hotmail.com";"SI";"NO";"NO";19/06/2024;;
"0800034435800000000000000";"MARIA DEL ROCIO";;;"662256796";"rocioesro@hotmail.com";"SI";"NO";"NO";19/06/2024;;
"0800034440500000000000000";"JOSE ANTONIO";;;"618998442";"tkojas@yahoo.com";"SI";"NO";"NO";19/06/2024;;
"0800034448600000000000000";"JOSE LUIS";;;"626579343";"mail@mail.com";"SI";"NO";"NO";19/06/2024;;
"0800034508300000000000000";"ROBERTO";;;"609732518";"ROBORMAR1@GMAIL.COM";"SI";"NO";"NO";19/06/2024;;
"0800034518800000000000000";"VICTOR JOSE";;;"675919698";"mail@mail.com";"SI";"NO";"NO";19/06/2024;;
"0800034541700000000000000";"ALFONSO";;;"609812376";"botalhorno@gmail.com";"SI";"NO";"NO";19/06/2024;;
"0800034547600000000000000";"JOSE JULIAN";;;"652390076";"caslaygomez@gmail.com";"SI";"NO";"NO";19/06/2024;;
"0800034562500000000000000";"FERNANDO";;;"625170727";"azulia@outlook.es";"SI";"NO";"NO";19/06/2024;;
"0800034588200000000000000";"MARIO CESAR";;;"672121567";"mcmera@jccm.es";"SI";"NO";"NO";19/06/2024;;
"0800034599800000000000000";"FRANCISCO JAVIE";;;"625472164";"franciscojavierhurtado12@gmail.com";"SI";"NO";"NO";19/06/2024;;
"0800051514200000000000000";"COMENGE BODEGAS Y VIÑEDOS S.A.";;;"618193551";"beatriz@comenge.com";"SI";"NO";"NO";19/06/2024;;
"0800053491700000000000000";"RICARDO";;;"651010874";"contratosdecasas@gmail.com";"SI";"NO";"NO";19/06/2024;;
"0800053583400000000000000";"MARIA TERESA";;;"639500500";"maisenet@gmail.com";"SI";"NO";"NO";19/06/2024;;
"0800064526300000000000000";"JOSEFA";;;"675550041";"mail@mail.com";"SI";"NO";"NO";19/06/2024;;
"0800065164900000000000000";"ALEJANDRO";;;"636769593";"gestionbancaria@juanarribas.es";"SI";"NO";"NO";19/06/2024;;
"0800065283400000000000000";"JUAN ANTONIO";;;"618990004";"jarvsa@telefonica.net";"SI";"NO";"NO";19/06/2024;;
"0800065330400000000000000";"ANTOLIN";;;"609971501";"jaralamad@yahoo.es";"SI";"NO";"NO";19/06/2024;;
"0800065332200000000000000";"MARCOS JAVIER";;;"656913833";"j25041957@gmail.com";"SI";"NO";"NO";19/06/2024;;
"0800065363600000000000000";"TERESA";;;"666197103";"teresasc@yahoo.es";"SI";"NO";"NO";19/06/2024;;
"0800065470400000000000000";"MARIA DEL CARME";;;"674652578";"cccmartinj@hotmail.com";"SI";"NO";"NO";19/06/2024;;
"0800065498000000000000000";"MARIA DE LAS ME";;;"600906494";"henar721995@gmail.com";"SI";"NO";"NO";19/06/2024;;
"0800065545000000000000000";"MARIA ROSARIO";;;"686667286";"alopez60@hotmail.es";"SI";"NO";"NO";19/06/2024;;
"0800065601400000000000000";"LUIS FERNANDO";;;"635362499";"fm2503@gmail.com";"SI";"NO";"NO";19/06/2024;;
"0800065708200000000000000";"JESUS";;;"676996289";"jesuslgdl@hotmail.com";"SI";"NO";"NO";19/06/2024;;
"0800065861200000000000000";"LUIS DANIEL";;;"658218899";"mail@mail.com";"SI";"NO";"NO";19/06/2024;;
"0800076704800000000000000";"ELEUTERIA";;;"658762108";"pazhg05@gmail.com";"SI";"NO";"NO";19/06/2024;;
"0800077615500000000000000";"ARTURO";;;"607648623";"aglucasagl@gmail.com";"SI";"NO";"NO";19/06/2024;;
"0800078096300000000000000";"MANUELA";;;"699196119";"jlpeix1978@gmail.com";"SI";"NO";"NO";19/06/2024;;
"0800078190200000000000000";"MANUEL CARLOS";;;"637547769";"manuelcarlosdm@hotmail.com";"SI";"NO";"NO";19/06/2024;;
"0800078438500000000000000";"PEDRO";;;"635166808";"pesancho@telefonica.net";"SI";"NO";"NO";19/06/2024;;
"0800078570200000000000000";"FRANCISCO JOSE";;;"619421538";"fernanfr@yahoo.es";"SI";"NO";"NO";19/06/2024;;
"0800078576600000000000000";"MARIA DEL CARME";;;"650066870";"felhersan@yahoo.es";"SI";"NO";"NO";19/06/2024;;
"0800078624600000000000000";"MARIA DE LOS AN";;;"676996289";"mail@mail.com";"SI";"NO";"NO";19/06/2024;;
"0800078714000000000000000";"JOSE LUIS";;;"618769950";"ayupol@hotmail.com";"SI";"NO";"NO";19/06/2024;;
"0800078775700000000000000";"RAQUEL";;;"657350520";"raquelredero@gmail.com";"SI";"NO";"NO";19/06/2024;;
"0800079331900000000000000";"AGUSTIN";;;"662335407";"momar1603@gmail.com";"SI";"NO";"NO";19/06/2024;;
"0800079585700000000000000";"JOSE";;;"659146398";"azuhergon@gmail.com";"SI";"NO";"NO";19/06/2024;;
"0800079648800000000000000";"JUAN FRANCISCO";;;"615482762";"juanfgalan@yahoo.es";"SI";"NO";"NO";19/06/2024;;
"0800079688500000000000000";"ANA BELEN";;;"696565940";"anitaestevez1972@hotmail.com";"SI";"NO";"NO";19/06/2024;;
"0800079886900000000000000";"JESUS";;;"655477234";"jesusgaralonso@gmail.com";"SI";"NO";"NO";19/06/2024;;
"0800080260700000000000000";"ASCENSION";;;"682693975";"angel.rebollo@catastro.hacienda.gob.es";"SI";"NO";"NO";19/06/2024;;
"0800080357600000000000000";"EDUARDO";;;"620815257";"eduardo.bartolome@unespa.es";"SI";"NO";"NO";19/06/2024;;
"0800080378000000000000000";"OSCAR";;;"626621336";"oscarbartolomeb@hotmail.com";"SI";"NO";"NO";19/06/2024;;
"0800080890000000000000000";"MARIO DANIEL";;;"630329486";"abritosgalan@gmail.com";"SI";"NO";"NO";19/06/2024;;
"0800081015200000000000000";"FLORENTINO";;;"669631859";"mail@mail.com";"SI";"NO";"NO";19/06/2024;;
"0800081064400000000000000";"MARIA JESUS";;;"686822786";"sanbarju@hotmail.com";"SI";"NO";"NO";19/06/2024;;
"0800090052800000000000000";"COOP AGRICOLA SAN NICOLAS DE BARI";;;"647581202";"coosanbari@gmail.com";"SI";"NO";"NO";19/06/2024;;
"0800092517600000000000000";"JAIME";;;"600906494";"henar721995@gmail.com";"SI";"NO";"NO";19/06/2024;;
"0800092545300000000000000";"MARIA JOSE";;;"649555557";"mjbarbado@hotmail.com";"SI";"NO";"NO";19/06/2024;;
"0800092865100000000000000";"MARIA TERESA";;;"690057379";"notealteresmarytere@gmail.com";"SI";"NO";"NO";19/06/2024;;
"0800093024500000000000000";"LUIS ALBERTO";;;"620042951";"albertoizquierdoparedes@gmail.com";"SI";"NO";"NO";19/06/2024;;
"0800093036700000000000000";"MARIA PILAR";;;"627817700";"chinchesanz@hotmail.com";"SI";"NO";"NO";19/06/2024;;
"0800093065100000000000000";"DEHESA PEÑOÑORI SL UNIPERSONAL";;;"606336050";"pyartu@telefonica.net";"SI";"NO";"NO";19/06/2024;;
"0800093109700000000000000";"JOSE MANUEL";;;"657513692";"lajemoga@hotmail.com";"SI";"NO";"NO";19/06/2024;;
"0800093240000000000000000";"JESUS MARIA";;;"609742680";"jesus_santos_gutierrez@yahoo.es";"SI";"NO";"NO";19/06/2024;;
"0800093316600000000000000";"JUAN JOSE";;;"673538734";"jjbanciella@gmail.com";"SI";"NO";"NO";19/06/2024;;
"0800093332300000000000000";"RICARDO";;;"696915178";"rfuentev@hotmail.es";"SI";"NO";"NO";19/06/2024;;
"0800095284900000000000000";"AGROCASTROBARTOS.L.";;;"607871504";"angelcz@live.com";"SI";"NO";"NO";19/06/2024;;
"0800096166900000000000000";"DATIVO";;;"615543931";"jalulupa@hotmail.com";"SI";"NO";"NO";19/06/2024;;
"0800096241600000000000000";"MARIA DEL ROSAR";;;"695630021";"loalfer@yahoo.es";"SI";"NO";"NO";19/06/2024;;
"0800097149900000000000000";"MIGUEL";;;"616459022";"miguelalonsomateos@gmail.com";"SI";"NO";"NO";19/06/2024;;
"0800097211200000000000000";"MARIA MERCEDES";;;"675205614";"manuelferrerofernandez@hotmail.com";"SI";"NO";"NO";19/06/2024;;
"0800097344300000000000000";"MANUEL";;;"610033509";"manuelbermejog@telefonica.net";"SI";"NO";"NO";19/06/2024;;
"0800097394300000000000000";"MARIA ASUNCION";;;"660831883";"rfrancoc80@hotmail.com";"SI";"NO";"NO";19/06/2024;;
"0800097606800000000000000";"ISABEL DARIA";;;"659787060";"fjdelser@gmail.com";"SI";"NO";"NO";19/06/2024;;
"0800097620900000000000000";"LUIS MANUEL";;;"649785196";"ingenieriarural@yahoo.es";"SI";"NO";"NO";19/06/2024;;
"0800097689600000000000000";"ANDRES ANGEL";;;"606801179";"vallecasas@live.com";"SI";"NO";"NO";19/06/2024;;
"0800097709100000000000000";"ANTONIO";;;"630860111";"anprial@gmail.com";"SI";"NO";"NO";19/06/2024;;
"0800097753500000000000000";"MIGUEL SANTOS";;;"675940314";"miguelsantoscardoramos@hotmail.com";"SI";"NO";"NO";19/06/2024;;
"0800097802600000000000000";"PABLO";;;"696938296";"pablo.garciagarrido@asturias.org";"SI";"NO";"NO";19/06/2024;;
"0800097876000000000000000";"MIGUEL ANGEL";;;"615052776";"xigupo@msn.com";"SI";"NO";"NO";19/06/2024;;
"0800097886200000000000000";"FERNANDO";;;"625211954";"feranino@gmail.com";"SI";"NO";"NO";19/06/2024;;
"0800098046200000000000000";"MIGUEL";;;"651855205";"mnistal@hotmail.com";"SI";"NO";"NO";19/06/2024;;
"0800098055200000000000000";"ALFONSO";;;"626514100";"alfonsogc2001@yahoo.es";"SI";"NO";"NO";19/06/2024;;
"0800098105500000000000000";"JAVIER";;;"600858809";"jferg@unileon.es";"SI";"NO";"NO";19/06/2024;;
"0800098989300000000000000";"EL PORTILLEJO ESPJ";;;"625310204";"elportillejoespj@gmail.com";"SI";"NO";"NO";19/06/2024;;
"0800100058200000000000000";"ROBERTO";;;"699447553";"rcampillogarcia@yahoo.es";"SI";"NO";"NO";19/06/2024;;
"0800100816600000000000000";"JOSE";;;"661910560";"mail@mail.com";"SI";"NO";"NO";19/06/2024;;
"0800100892400000000000000";"CRISTINA";;;"635047262";"cfernandezalvarez@yahoo.es";"SI";"NO";"NO";19/06/2024;;
"0800101905600000000000000";"JUAN FERNANDO";;;"619549572";"jfigles@gmail.com";"SI";"NO";"NO";19/06/2024;;
"0800101913500000000000000";"LAUREANO";;;"648522739";"laurivega63@gmail.com";"SI";"NO";"NO";19/06/2024;;
"0800101970700000000000000";"JOSE";;;"659212388";"josfranat69@gmail.com";"SI";"NO";"NO";19/06/2024;;
"0800101994900000000000000";"EMILIO";;;"696560849";"ganadosemilio@gmail.com";"SI";"NO";"NO";19/06/2024;;
"0800101995000000000000000";"MARIA DEL CARME";;;"645968287";"maricarmenas72@gmail.com";"SI";"NO";"NO";19/06/2024;;
"0800102007700000000000000";"ANA BELEN";;;"696560849";"ganadosemilio@gmail.com";"SI";"NO";"NO";19/06/2024;;
"0800115505900000000000000";"MARCELINA";;;"667927839";"rita.alfageme@salud.madrid.org";"SI";"NO";"NO";19/06/2024;;
"0800115608200000000000000";"ANGELA";;;"615629786";"rbksh07@hotmail.com";"SI";"NO";"NO";19/06/2024;;
"0800115967100000000000000";"FRANCISCA";;;"687908251";"francisco@campodecasariego.com";"SI";"NO";"NO";19/06/2024;;
"0800116157100000000000000";"GLICERIA";;;"626969569";"mariolaymiguel@hotmail.com";"SI";"NO";"NO";19/06/2024;;
"0800116255300000000000000";"PABLO";;;"608510775";"pamigor@hotmail.com";"SI";"NO";"NO";19/06/2024;;
"0800116731700000000000000";"TEOTICA";;;"675684059";"prburon@icloud.com";"SI";"NO";"NO";19/06/2024;;
"0800116868000000000000000";"MARIA ANUNCIACI";;;"619129381";"mail@mail.com";"SI";"NO";"NO";19/06/2024;;
"0800116960800000000000000";"MARIA DEL CARME";;;"658358917";"mapinva@gmail.com";"SI";"NO";"NO";19/06/2024;;
"0800117054100000000000000";"ANGEL";;;"654646583";"mail@mail.com";"SI";"NO";"NO";19/06/2024;;
"0800117184500000000000000";"MARIA MERCEDES";;;"658358917";"mercdspv@gmail.com";"SI";"NO";"NO";19/06/2024;;
"0800117229700000000000000";"JULIA";;;"680223535";"ag1540@hotmail.com";"SI";"NO";"NO";19/06/2024;;
"0800117239900000000000000";"MARIA CARMEN";;;"676848201";"terinfuentes@gmail.com";"SI";"NO";"NO";19/06/2024;;
"0800117252100000000000000";"FERNANDO ANGEL";;;"629008339";"azing@coiim.es";"SI";"NO";"NO";19/06/2024;;
"0800117324500000000000000";"MIGUEL ANGEL";;;"644363427";"miguelandresgamazo@gmail.com";"SI";"NO";"NO";19/06/2024;;
"0800119363600000000000000";"JOSE";;;"630074477";"monforra@gmail.com";"SI";"NO";"NO";19/06/2024;;
"0800119385500000000000000";"MARIA CARMEN";;;"605677598";"mail@mail.com";"SI";"NO";"NO";19/06/2024;;
"0800119386900000000000000";"JOSE ROSENDO";;;"661278924";"josefolgado1@yahoo.es";"SI";"NO";"NO";19/06/2024;;
"0800119422100000000000000";"GREGORIO JOSE";;;"681303074";"gsjustel@gmail.com";"SI";"NO";"NO";19/06/2024;;
"0800119458800000000000000";"MARCELINO";;;"615455339";"marcerm67@gmail.com";"SI";"NO";"NO";19/06/2024;;
"0800119459400000000000000";"AMANCIO";;;"649340075";"atturiel@gmail.com";"SI";"NO";"NO";19/06/2024;;
"0800119484300000000000000";"JOSE ANTONIO";;;"638015714";"mszl@telefonica.net";"SI";"NO";"NO";19/06/2024;;
"0800119622100000000000000";"MIGUEL ANGEL";;;"699082424";"cristinasanchez.snchez@gmail.com";"SI";"NO";"NO";19/06/2024;;
"0800119626500000000000000";"JUAN CARLOS";;;"619032307";"conlorju@gmail.com";"SI";"NO";"NO";19/06/2024;;
"0800119632800000000000000";"JESUS MARIA";;;"667889663";"jerocas23@gmail.com";"SI";"NO";"NO";19/06/2024;;
"0800119737900000000000000";"ANGEL";;;"686097780";"angelcavi22@hotmail.com";"SI";"NO";"NO";19/06/2024;;
"0800119748000000000000000";"SONIA";;;"637311103";"soniaalonsodelgado@gmail.com";"SI";"NO";"NO";19/06/2024;;
"0800120286000000000000000";"MARIA PILAR";;;"655510371";"dbtrvp@gmail.com";"SI";"NO";"NO";19/06/2024;;
"0800122389600000000000000";"JOSE ANTONIO";;;"616369157";"frailealicia@yahoo.com";"SI";"NO";"NO";19/06/2024;;
"0800123043400000000000000";"MARIA CRISTINA";;;"615405988";"alejoayllon@gmail.com";"SI";"NO";"NO";19/06/2024;;
"0800123168000000000000000";"REGINO";;;"685544091";"reginogm@gmail.com";"SI";"NO";"NO";19/06/2024;;
"0800123237300000000000000";"NORBERTO";;;"609817046";"narenal@telefonica.net";"SI";"NO";"NO";19/06/2024;;
"0800123239200000000000000";"JESUS MARIA";;;"656479441";"jesusasesoria1@hotmail.com";"SI";"NO";"NO";19/06/2024;;
"0800123259300000000000000";"MARIA PALOMA";;;"618655862";"emilio62cantalapiedra@gmail.com";"SI";"NO";"NO";19/06/2024;;
"0800123336700000000000000";"JAVIER";;;"630352770";"javier.cr@telefonica.net";"SI";"NO";"NO";19/06/2024;;
"0800123351100000000000000";"FERNANDEZ MARTIN, MIGUEL ANGEL";"Valladolid";;"686799668";;"NO";"SI";"SI";19/06/2024;;
"0800123411200000000000000";"IGNACIO GABRIEL";;;"655582374";"isanzcan@gmail.com";"SI";"NO";"NO";19/06/2024;;
"0800123520800000000000000";"CARMELA MARIANA";;;"625694675";"rebheca@hotmail.com";"SI";"NO";"NO";19/06/2024;;
"0800123540500000000000000";"BERNARDINO";;;"605843116";"ruizbernardino1@gmail.com";"SI";"NO";"NO";19/06/2024;;
"0800123550200000000000000";"RAMON";;;"669450233";"rpardolopez@yahoo.es";"SI";"NO";"NO";19/06/2024;;
"0800123727000000000000000";"MARIA DEL PILAR";;;"619204783";"iarranzv@gmail.com";"SI";"NO";"NO";19/06/2024;;
"0800123772400000000000000";"JOSE MARIA";;;"699061044";"zosivillalar@hotmail.com";"SI";"NO";"NO";19/06/2024;;
"0800123894400000000000000";"DAVID";;;"657513692";"mjesus.gago2@gmail.com";"SI";"NO";"NO";19/06/2024;;
"0800124020400000000000000";"ANGEL MARIA";;;"657513692";"mail@mail.com";"SI";"NO";"NO";19/06/2024;;
"0800124067800000000000000";"MIGUEL";;;"610664282";"miguelvilladat@gmail.com";"SI";"NO";"NO";19/06/2024;;
"0800124124800000000000000";"FELIPE";;;"625567454";"ipepajares@hotmail.com";"SI";"NO";"NO";19/06/2024;;
"0800126044900000000000000";"RAQUEL GASPARA";;;"659048735";"fpuebla63@gmail.com";"SI";"NO";"NO";19/06/2024;;
"0800126372400000000000000";"ELEUTERIA";;;"649785980";"mail@mail.com";"SI";"NO";"NO";19/06/2024;;
"0800126624500000000000000";"JESUS";;;"679910222";"jeinlo134@gmail.com";"SI";"NO";"NO";19/06/2024;;
"0800126819200000000000000";"MARIANO";;;"675057465";"davidpoow@gmail.com";"SI";"NO";"NO";19/06/2024;;
"0800126832700000000000000";"PEDRO";;;"669649892";"pedroalga@gmail.com";"SI";"NO";"NO";19/06/2024;;
"0800127050300000000000000";"JOSE MARIA";;;"608412635";"anavrelea@gmail.com";"SI";"NO";"NO";19/06/2024;;
"0800127166300000000000000";"PABLO";;;"661282752";"pablomartinezmoro@gmail.com";"SI";"NO";"NO";19/06/2024;;
"0800127224500000000000000";"JOSE LUIS";;;"605984740";"sotillo_11@yahoo.es";"SI";"NO";"NO";19/06/2024;;
"0800127261700000000000000";"VALENTIN";;;"626131995";"valentin.cardenoso@gmail.com";"SI";"NO";"NO";19/06/2024;;
"0800127283200000000000000";"LUCINIO";;;"686479721";"despacho.conase@gmail.com";"SI";"NO";"NO";19/06/2024;;
"0800127350000000000000000";"ZOSIMO";;;"699061044";"zosivillalar@hotmail.com";"SI";"NO";"NO";19/06/2024;;
"0800127431600000000000000";"ANTONIO";;;"657907102";"fonycu4@gmail.com";"SI";"NO";"NO";19/06/2024;;
"0800127436600000000000000";"MARIA MONTSERRA";;;"649826224";"montsefidalgoh@hotmail.com";"SI";"NO";"NO";19/06/2024;;
"0800127479600000000000000";"ENRIQUE";;;"666957869";"enriqueaguilaraguilar@hotmail.com";"SI";"NO";"NO";19/06/2024;;
"0800127522100000000000000";"MARIA EUGENIA";;;"666957869";"eugeniamencialozano@hotmail.es";"SI";"NO";"NO";19/06/2024;;
"0800127534200000000000000";"JAIME";;;"619755273";"ranico@hotmail.com";"SI";"NO";"NO";19/06/2024;;
"0800127601000000000000000";"JOSE ELICIO";;;"686083936";"joseelicio@gmail.com";"SI";"NO";"NO";19/06/2024;;
"0800127649100000000000000";"MARIA";;;"653021862";"maricampo4@hotmail.com";"SI";"NO";"NO";19/06/2024;;
"0800127653700000000000000";"JULIA MARIA";;;"686967819";"angelluisjuarez@gmail.com";"SI";"NO";"NO";19/06/2024;;
"0800127733500000000000000";"CARLOS ENRIQUE";;;"686271905";"cperez@ubu.es";"SI";"NO";"NO";19/06/2024;;
"0800127737200000000000000";"LUIS JACINTO";;;"610715335";"iperezg75@gmail.com";"SI";"NO";"NO";19/06/2024;;
"0800127808700000000000000";"DAVID";;;"645692913";"davidcosgaya@hotmail.com";"SI";"NO";"NO";19/06/2024;;
"0800130683400000000000000";"ANTONIO";;;"606261663";"antonioricomuriel@gmail.com";"SI";"NO";"NO";19/06/2024;;
"0800130721700000000000000";"ELISEO";;;"626965107";"eliseotardajos@gmail.com";"SI";"NO";"NO";19/06/2024;;
"0800130826800000000000000";"JULIAN";;;"622503051";"julianst@telefonica.net";"SI";"NO";"NO";19/06/2024;;
"0800130847500000000000000";"MIGUEL ANGEL AL";;;"607781953";"alfonso.garcia@elecnor.es";"SI";"NO";"NO";19/06/2024;;
"0800130852100000000000000";"SEGUNDO";;;"696397874";"s.izquierdo@colvet.es";"SI";"NO";"NO";19/06/2024;;
"0800130994100000000000000";"LUIS";;;"650825105";"luismh4@gmail.com";"SI";"NO";"NO";19/06/2024;;
"0800131086300000000000000";"MARIA CONCEPCION";;;"680601653";"lmvsvn@msn.com";"SI";"NO";"NO";19/06/2024;;
"0800131179900000000000000";"LUCIA";;;"696205115";"luciadiez1973@gmail.com";"SI";"NO";"NO";19/06/2024;;
"0800131180000000000000000";"ELENA";;;"696205115";"luciadiez1973@gmail.com";"SI";"NO";"NO";19/06/2024;;
"0800131189500000000000000";"FELISA";;;"600388630";"lmvsvn@msn.com";"SI";"NO";"NO";19/06/2024;;
"0800131327100000000000000";"JOSE MARIA";;;"659485890";"josegolo21@hotmail.com";"SI";"NO";"NO";19/06/2024;;
"0800131408800000000000000";"CARLOS";;;"654087535";"carlos9@gmail.com";"SI";"NO";"NO";19/06/2024;;
"0800131439500000000000000";"ROBERTO";;;"649811083";"roberbrivi@gmail.com";"SI";"NO";"NO";19/06/2024;;
"0800131502200000000000000";"ALBERTO";;;"638840648";"alcolina@gmail.com";"SI";"NO";"NO";19/06/2024;;
"0800131548100000000000000";"NURIA";;;"696999201";"nuria.valdivielso@telefonica.net";"SI";"NO";"NO";19/06/2024;;
"0800132768100000000000000";"LUIS ANTONIO";;;"619306641";"koldobz@yahoo.com";"SI";"NO";"NO";19/06/2024;;
"0800132856200000000000000";"MARIA ANGELES";;;"645814408";"andmendoza.ams@gmail.com";"SI";"NO";"NO";19/06/2024;;
"0800132867300000000000000";"MARIA ANGELES";;;"656743931";"francisco.lahoya@gmail.com";"SI";"NO";"NO";19/06/2024;;
"0800138073500000000000000";"HEREDERAS DE GONZALEZ MORO DIEGO";;;"681079437";"mariola700@yahoo.es";"SI";"NO";"NO";19/06/2024;;
"0800139365700000000000000";"ORDOÑO";;;"693775731";"ordono.cordero@gmail.com";"SI";"NO";"NO";19/06/2024;;
"0800142277200000000000000";"AURORA";;;"655729117";"martapalmaes@gmail.com";"SI";"NO";"NO";19/06/2024;;
"0800153573300000000000000";"NIEVES";;;"669009419";"maitena15@gmail.com";"SI";"NO";"NO";19/06/2024;;
"0800162026300000000000000";"TERESA";;;"619306641";"koldobz@yahoo.com";"SI";"NO";"NO";19/06/2024;;
"0800165565400000000000000";"ERNESTO";;;"630887748";"margubete16@gmail.com";"SI";"NO";"NO";19/06/2024;;
"0800165597400000000000000";"MARIA ESTER";;;"699955205";"emosilla@gmail.com";"SI";"NO";"NO";19/06/2024;;
"0800165654200000000000000";"JOSE JAVIER";;;"670672706";"josejavier@overline.es";"SI";"NO";"NO";19/06/2024;;
"0800167670400000000000000";"ELENA PILAR";;;"656367630";"jalmajano23@gmail.com";"SI";"NO";"NO";19/06/2024;;
"0800167949800000000000000";"MIGUEL ANGEL";;;"608103229";"mamhuerta@gmail.com";"SI";"NO";"NO";19/06/2024;;
"0800167987200000000000000";"MARIA CRUZ";;;"610912703";"elpagcu@hotmail.com";"SI";"NO";"NO";19/06/2024;;
"0800168004800000000000000";"JOSE LUIS";;;"660159881";"jlhernandezruiz@yahoo.es";"SI";"NO";"NO";19/06/2024;;
"0800170681700000000000000";"DIONISIA";;;"686822786";"sanbarju@hotmail.com";"SI";"NO";"NO";19/06/2024;;
"0800189278800000000000000";"MARIA JESUS";;;"659520441";"mariaj.hh@hotmail.com";"SI";"NO";"NO";19/06/2024;;
"0800207952700000000000000";"DESAMPARADOS DOLORES";;;"600449719";"desamlopez2165@gmail.com";"SI";"NO";"NO";19/06/2024;;
"0800243990000000000000000";"DESCENDIENTES DE J. PALACIOS SL";;;"605849762";"info@djpalacios.com";"SI";"NO";"NO";19/06/2024;;
"0800244223600000000000000";"EXPLOTACIONES LA ARBELLA SL";;;"608478420";"begolorden@gmail.com";"SI";"NO";"NO";19/06/2024;;
"0800244374100000000000000";"HERCAMDI SAT";;;"659864317";"olivio@leadingsolutions.eu";"SI";"NO";"NO";19/06/2024;;
"0800263481800000000000000";"VIÑAS DE RIBERA SLU";;;"609429495";"financiero@villacreces.com";"SI";"NO";"NO";19/06/2024;;
"0800265485400000000000000";"LA ENCINA NEGRA SC";;;"626055555";"laencinanegra17@gmail.com";"SI";"NO";"NO";19/06/2024;;
"0800305219600000000000000";"CARLOS";;;"607279917";"maildecasa@gmail.com";"SI";"NO";"NO";19/06/2024;;
"0800306912000000000000000";"JAVIER";;;"610663681";"jabihenales@hotmail.com";"SI";"NO";"NO";19/06/2024;;
"0800311211700000000000000";"ZULUETA CORPORACION PARA LA NATURALEZA SA";;;"660474234";"pablo@zulueta.com";"SI";"NO";"NO";19/06/2024;;
"0800327852500000000000000";"MARIA ELISA";;;"617508018";"elicalvo@mundo-r.com";"SI";"NO";"NO";19/06/2024;;
"0800341707000000000000000";"EL RIACHO, S.C.";;;"639754975";"d.campoza@gmail.com";"SI";"NO";"NO";19/06/2024;;
"0800342129300000000000000";"ASOC PARA EL DESARROLLO LOCAL SIERRA CORISA";;;"623025605";"bisontesancebrian@mundominer.es";"SI";"NO";"NO";19/06/2024;;
"0800362217100000000000000";"MARIA DE LOS AN";;;"615053629";"carlosfp56@hotmail.com";"SI";"NO";"NO";19/06/2024;;
"0800370033500000000000000";"PANIFICADORA DE MACOTERA SL";;;"629845753";"izqsanhi@jcyl.es";"SI";"NO";"NO";19/06/2024;;
"0800377244100000000000000";"JOSE IGNACIO";;;"670524797";"jiflorensa@gmail.com";"SI";"NO";"NO";19/06/2024;;
"0800384387600000000000000";"FELIX JESUS";;;"616659010";"mail@mail.com";"SI";"NO";"NO";19/06/2024;;
"0800400188600000000000000";"AGROPECUARIA BOTALHORNO SL";;;"609812376";"botalhorno@gmail.com";"SI";"NO";"NO";19/06/2024;;
"0800400516900000000000000";"COOP DEL CAMPO NUESTRA SEÑORA DE LA CRUZ";;;"626755915";"nuestrasenora@telefonica.net";"SI";"NO";"NO";19/06/2024;;
"0800444312900000000000000";"ELICIO";;;"608684714";"perezalfonsobanco@gmail.com";"SI";"NO";"NO";19/06/2024;;
"0800446759300000000000000";"JOSE LUIS";;;"630103405";"jrojoar@gmail.com";"SI";"NO";"NO";19/06/2024;;
"0800449049400000000000000";"RUBEN";;;"675424794";"rubenmvz@hotmail.com";"SI";"NO";"NO";19/06/2024;;
"0800449881700000000000000";"HNOS.MARTINGONZALEZ CB";;;"607540431";"tierrasrojas1409@gmail.com";"SI";"NO";"NO";19/06/2024;;
"0800455710500000000000000";"FRANCISCO LINO";;;"649378406";"pakofh732@gmail.com";"SI";"NO";"NO";19/06/2024;;
"0800456735800000000000000";"LUIS MIGUEL";;;"679963487";"lmizquierdo77@gmail.com";"SI";"NO";"NO";19/06/2024;;
"0800456801600000000000000";"DIEGO";;;"610456928";"mail@mail.com";"SI";"NO";"NO";19/06/2024;;
"0800456809600000000000000";"JOSE GERMAN";;;"625247451";"josegerbt@gmail.com";"SI";"NO";"NO";19/06/2024;;
"0800456855600000000000000";"JOSE";;;"691634618";"lucerobaillo@hotmail.com";"SI";"NO";"NO";19/06/2024;;
"0800456869200000000000000";"RAFAEL";;;"620327977";"rcp882@hotmail.com";"SI";"NO";"NO";19/06/2024;;
"0800469326000000000000000";"CARLOS";;;"650309117";"CARLOS.BARTOLOME@GMAIL.COM";"SI";"NO";"NO";19/06/2024;;
"0800470307700000000000000";"ANA MAGDALENA";;;"606850112";"anamagcg@hotmail.com";"SI";"NO";"NO";19/06/2024;;
"0800473751100000000000000";"SAT VEGACEA NUM. 9877";;;"616919555";"javiermorales26@hotmail.com";"SI";"NO";"NO";19/06/2024;;
"0800473951500000000000000";"OFTAL VISION SL";;;"685116126";"ija@oftalvision.es";"SI";"NO";"NO";19/06/2024;;
"0800474678300000000000000";"JADIGA ACTIVIDADES SDAD. LTADA";;;"615987276";"jmjadiga@yahoo.es";"SI";"NO";"NO";19/06/2024;;
"0800475840700000000000000";"BODEGA Y VIÑEDOS PAGO LAS NORIAS  S.L.";;;"659444780";"esther@pagolasnorias.com";"SI";"NO";"NO";19/06/2024;;
"0800477666800000000000000";"ARRIEZU J F S.L.";;;"696701619";"felixarriezu@hotmail.com";"SI";"NO";"NO";19/06/2024;;
"0800477858500000000000000";"FOB VIÑEDOS DE CURIEL, S.L.";;;"618193551";"beatriz@comenge.com";"SI";"NO";"NO";19/06/2024;;
"0800479958100000000000000";"ANGEL";;;"669881206";"angel.gb.ofi@gmail.com";"SI";"NO";"NO";19/06/2024;;
"0800492027800000000000000";"CEPEDA RAFAEL SL";;;"616010766";"santiago_cepeda@hotmail.com";"SI";"NO";"NO";19/06/2024;;
"0800492630500000000000000";"SISTEMAS AVANZADOS DE PRODUCCION DE FRUTA, S.L.";;;"630922710";"phytolleida@phytolleida.com";"SI";"NO";"NO";19/06/2024;;
"0800500081400000000000000";"RUFINO";;;"686128894";"diego.condado@metromadrid.es";"SI";"NO";"NO";19/06/2024;;
"0800502977800000000000000";"MARIA MERCEDES";;;"634770605";"gabinetelex@gmail.com";"SI";"NO";"NO";19/06/2024;;
"0800506996500000000000000";"JUAN MANUEL";;;"669357494";"jmgcaballero326@gmail.com";"SI";"NO";"NO";19/06/2024;;
"0800508248500000000000000";"MARIA BELEN";;;"650858865";"belenrquijano@gmail.com";"SI";"NO";"NO";19/06/2024;;
"0800508304000000000000000";"LUIS CARLOS";;;"625796969";"casaltom@gmail.com";"SI";"NO";"NO";19/06/2024;;
"0800510584900000000000000";"MARIANO";;;"639179978";"macabulabajos@gmail.com";"SI";"NO";"NO";19/06/2024;;
"0800513247000000000000000";"JOSE LUIS";;;"609174276";"jlalonsoj@grupo-alter.com";"SI";"NO";"NO";19/06/2024;;
"0800513606400000000000000";"JOSE ANTONIO";;;"639382085";"jaalonsom@gmail.com";"SI";"NO";"NO";19/06/2024;;
"0800516475300000000000000";"JOSE LUIS";;;"647233519";"jlgomez2002@hotmail.com";"SI";"NO";"NO";19/06/2024;;
"0800702302900000000000000";"FLORA";;;"618836888";"mail@mail.com";"SI";"NO";"NO";19/06/2024;;
"0800702311400000000000000";"ANTONIO LUIS";;;"615328057";"mail@mail.com";"SI";"NO";"NO";19/06/2024;;
"0800702401100000000000000";"JOSE LUIS";;;"686442129";"reinzy2005@gmail.com";"SI";"NO";"NO";19/06/2024;;
"0800702454200000000000000";"DANIEL";;;"615448364";"danielherreroarranz@gmail.com";"SI";"NO";"NO";19/06/2024;;
"0800702454400000000000000";"GUSTAVO";;;"679238575";"guss_piston@hotmail.com";"SI";"NO";"NO";19/06/2024;;
"0800702474100000000000000";"VANESSA";;;"656187240";"vaneglzm@gmail.com";"SI";"NO";"NO";19/06/2024;;
"0800702541600000000000000";"LUIS MIGUEL";;;"630568411";"elluisma@gmail.com";"SI";"NO";"NO";19/06/2024;;
"0800702830400000000000000";"JACQUELINE ANTONIA";;;"660233961";"jacantovalval@gmail.com";"SI";"NO";"NO";19/06/2024;;
"0800708048400000000000000";"SANTIAGO";;;"659795389";"vetseg@yahoo.es";"SI";"NO";"NO";19/06/2024;;
"0800708102900000000000000";"OSCAR";;;"630433513";"estherveroz@hotmail.com";"SI";"NO";"NO";19/06/2024;;
"0800708105100000000000000";"RUBEN";;;"649770512";"rubenjc@gmail.com";"SI";"NO";"NO";19/06/2024;;
"0800708123000000000000000";"AITOR";;;"659410166";"aitorcortazar@yahoo.es";"SI";"NO";"NO";19/06/2024;;
"0800708663000000000000000";"ANGEL";;;"696445293";"jlpeix1978@gmail.com";"SI";"NO";"NO";19/06/2024;;
"0800708690000000000000000";"JOSE SANTIAGO";;;"626915316";"josesantiagogi@gmail.com";"SI";"NO";"NO";19/06/2024;;
"0800708776500000000000000";"VIDAL";;;"669166914";"vidalsanchezv@gmail.com";"SI";"NO";"NO";19/06/2024;;
"0800708826500000000000000";"MANUEL";;;"651649696";"manupeix@gmail.com";"SI";"NO";"NO";19/06/2024;;
"0800709039600000000000000";"JORGE";;;"629471784";"jorgemartinmulas@gmail.com";"SI";"NO";"NO";19/06/2024;;
"0800709052500000000000000";"CESAR";;;"651995934";"cesarsanchez1994@gmail.com";"SI";"NO";"NO";19/06/2024;;
"0800710025000000000000000";"VALENTIN";;;"625304016";"merinerocyl@gmail.com";"SI";"NO";"NO";19/06/2024;;
"0800710058700000000000000";"ILDEFONSO";;;"629939740";"lacasulla@gmail.com";"SI";"NO";"NO";19/06/2024;;
"0800710194500000000000000";"PEDRO";;;"675684059";"prburon@icloud.com";"SI";"NO";"NO";19/06/2024;;
"0800710225600000000000000";"JOSE RUBEN";;;"633152239";"jrubengago@hotmail.com";"SI";"NO";"NO";19/06/2024;;
"0800710235100000000000000";"GUZMAN";;;"630759967";"gpastorsandin@gmail.com";"SI";"NO";"NO";19/06/2024;;
"0800710266100000000000000";"JESUS";;;"625100887";"jesusblancos@hotmail.com";"SI";"NO";"NO";19/06/2024;;
"0800711074500000000000000";"RAUL";;;"660273966";"raul.tubi@gmail.com";"SI";"NO";"NO";19/06/2024;;
"0800711358100000000000000";"MIGUEL";;;"637501473";"janeeeafull@gmail.com";"SI";"NO";"NO";19/06/2024;;
"0800711598100000000000000";"DIEGO EZEQUIEL";;;"658074845";"dlucaolm@gmail.com";"SI";"NO";"NO";19/06/2024;;
"0800712105100000000000000";"CARMEN";;;"667954797";"mail@mail.com";"SI";"NO";"NO";19/06/2024;;
"0800712387700000000000000";"FLORINDA";;;"659145014";"frilec@gmail.com";"SI";"NO";"NO";19/06/2024;;
"0800712433800000000000000";"MARIA EVA";;;"608480064";"evaortegadelafuente@hotmail.com";"SI";"NO";"NO";19/06/2024;;
"0800712543400000000000000";"MAURICIO";;;"642221405";"raul.tubi@gmail.com";"SI";"NO";"NO";19/06/2024;;
"0800712828200000000000000";"ANGEL";;;"696205115";"luciadiez1973@gmail.com";"SI";"NO";"NO";19/06/2024;;
"0800713355700000000000000";"REGINA";;;"679472945";"argonavis50@gmail.com";"SI";"NO";"NO";19/06/2024;;
"0800713390200000000000000";"CESAR";;;"606971364";"c.calvo.h@hotmail.com";"SI";"NO";"NO";19/06/2024;;
"0800714187500000000000000";"OLIVIO";;;"659864317";"olivio@leadingsolutions.eu";"SI";"NO";"NO";19/06/2024;;
"0800714242400000000000000";"ALICIA";;;"633555680";"alicia@jidamar.com";"SI";"NO";"NO";19/06/2024;;
"0800714328600000000000000";"SALVADOR";;;"659864317";"olivio@leadingsolutions.eu";"SI";"NO";"NO";19/06/2024;;
"0800714473000000000000000";"IVAN";;;"666034977";"ivanalgar1991@gmail.com";"SI";"NO";"NO";19/06/2024;;
"0800715045700000000000000";"ALVARO";;;"686587166";"gema_dp@hotmail.com";"SI";"NO";"NO";19/06/2024;;
"0800715479500000000000000";"JESUS";;;"626825811";"jesusramirezlozano@outlook.es";"SI";"NO";"NO";19/06/2024;;
"0800716404400000000000000";"ESTEBAN";;;"620138605";"estvilla@hotmail.com";"SI";"NO";"NO";19/06/2024;;
"0800719111400000000000000";"MARIA DE LOS AN";;;"686613301";"gonruilu@gmail.com";"SI";"NO";"NO";19/06/2024;;
"0800719173800000000000000";"MARINO";;;"656232897";"rosacosgaya@hotmail.com";"SI";"NO";"NO";19/06/2024;;
"0800719213800000000000000";"VIDAL";;;"646710099";"vidalherreromartin@gmail.com";"SI";"NO";"NO";19/06/2024;;
"0800719509500000000000000";"LASO GARRIDO, ALFONSO";"Valladolid";;"690678792";"alfonso.laso.1990@gmail.com";"NO";"SI";"SI";19/06/2024;;
"0800719614200000000000000";"GONZALO";;;"603663233";"gcaba@hotmail.es";"SI";"NO";"NO";19/06/2024;;
"0800728508300000000000000";"AGRARIA BARRIO GOMEZ HNOS S.C.";;;"606969589";"agrariabarriogomezhermanos@gmail.com";"SI";"NO";"NO";19/06/2024;;
"0800728588700000000000000";"ANGEL";;;"654222989";"angel.calvo1997@gmail.com";"SI";"NO";"NO";19/06/2024;;
"0800728737300000000000000";"GONZALO";;;"669886908";"gonzalogomezlagunas@gmail.com";"SI";"NO";"NO";19/06/2024;;
"0800728897700000000000000";"RODRIGO";;;"628512677";"rodri_yubero@hotmail.com";"SI";"NO";"NO";19/06/2024;;
"0800730791500000000000000";"MARIA ARACELI";;;"670953853";"aralahera@hotmail.com";"SI";"NO";"NO";19/06/2024;;
"0800742256100000000000000";"HERMANOS CASADO SENOSIAIN CB";;;"649874350";"m.espina.lombardero@gmail.com";"SI";"NO";"NO";19/06/2024;;
"0800822475200000000000000";"INVERSIONES EN TIERRAS Y VIÑAS SLU";;;"639737639";"amartinez@marquesderiscal.com";"SI";"NO";"NO";19/06/2024;;
"0800871992900000000000000";"LA RIBERA DE VILLORIA, S.L.";;;"636488216";"lariberadevilloria@gmail.com";"SI";"NO";"NO";19/06/2024;;
"0802006869100000000000000";"JOSE MARIA";;;"688927278";"josemariacampoartiano@yahoo.es";"SI";"NO";"NO";19/06/2024;;
"0802008050300000000000000";"FERNANDO";;;"659334748";"santamariaf@madrid.es";"SI";"NO";"NO";19/06/2024;;
"0802013687000000000000000";"VIÑEDOS REUNIDOS, S.L.";;;"686164855";"financiero@villacreces.com";"SI";"NO";"NO";19/06/2024;;
"0802013727900000000000000";"FINCA MUSEUM, SL";;;"983581029";"laso@bodegasmuseum.com";"SI";"NO";"NO";19/06/2024;;
"0802017687000000000000000";"FITO BUREBA, S.L.";"Burgos";;"947591300";"fitobureba@gmail.com";"NO";"NO";"SI";03/03/2025;03/03/2025;
"0802018435600000000000000";"AIDIAPP SL";;;"661566028";"victor@aidiapp.com";"NO";"NO";"SI";11/03/2025;;
"0802019613800000000000000";"LAS ALAS DEL OTOÑO SL";;;"605185099";"LASALASDELOTONO@HOTMAIL.COM";"SI";"NO";"NO";19/06/2024;;
"0802025086600000000000000";"LUIS";"Segovia";;"605661764";"luis.perezfc@gmail.com";"NO";"NO";"SI";03/03/2025;03/03/2025;
"0802034229300000000000000";"JUAN LUIS";;;"664835094";"MUNSANJU@JCYL.ES";"SI";"NO";"NO";19/06/2024;;
"0802034319200000000000000";"ALVAREZ FUENTETAJA, FRANCISCO JAVIER";"Segovia";;"606367739";"javieralvarezf@iies.es";"NO";"SI";"SI";19/06/2024;;
"0802034358600000000000000";"BERNARDINO";;;"648748277";"bernardino.tanarro@gmail.com";"SI";"NO";"NO";19/06/2024;;
"0802034463000000000000000";"MARIANO";;;"679194191";"mail@mail.com";"SI";"NO";"NO";19/06/2024;;
"0802034481000000000000000";"RAQUEL";;;"679194191";"mariano.otones@gmail.com";"SI";"NO";"NO";19/06/2024;;
"0802034520000000000000000";"LUIS";;;"645016960";"frailealicia@yahoo.com";"SI";"NO";"NO";19/06/2024;;
"0802034533500000000000000";"JUAN MARIA";;;"606403998";"jmmarugan@hotmail.com";"SI";"NO";"NO";19/06/2024;;
"0802034699800000000000000";"JOSE LUIS";;;"678603592";"JOSELNOBEL@HOTMAIL.COM";"SI";"NO";"NO";19/06/2024;;
"0802038294500000000000000";"RAMON";;;"676469689";"ramon@calatravaingenieros.com";"SI";"NO";"NO";19/06/2024;;
"0802047431700000000000000";"CAJA RURALES UNIDAS SDAD COOP DE CREDITO.";;;"902206020";"tcadenas@cajamar.com";"SI";"NO";"NO";19/06/2024;;
"0802050290500000000000000";"ARVACAL SOC.COOP";;;"616423025";"arvacal@hotmail.com";"SI";"NO";"NO";19/06/2024;;
"0802051141300000000000000";"ASOC. FORESTAL DE AVILA";;;"635543709";"info@asfoavi.es";"SI";"NO";"NO";19/06/2024;;
"0802051175700000000000000";"ASOC AGRARIA DE JOVENES AGRICULTORES DE AVILA";;;"600738382";"PRESIDENTE@ASAJAAVILA.COM";"SI";"NO";"NO";19/06/2024;;
"0802051195400000000000000";"AGROARÉVALO, S.L.";"Ávila";;"920300132";"yolandasg.agroarevalo@hotmail.com";"NO";"NO";"SI";03/03/2025;03/03/2025;
"0802051515900000000000000";"UCCL AVILA";;;"920213714";"ernesto.tarilonte@uniondecampesinos.com";"SI";"NO";"NO";19/06/2024;;
"0802051546800000000000000";"CANDELEILLA S.L";;;"607686013";"candeleillasl@hotmail.com";"SI";"NO";"NO";19/06/2024;;
"0802052192400000000000000";"MARTIN Y PIRAL SL";;;"920303860";"asesores@martinypiral.com";"SI";"NO";"NO";19/06/2024;;
"0802052360500000000000000";"JIMENA Y TABLADA SL";;;"600517791";"julianjuste@gmail.com";"SI";"NO";"NO";19/06/2024;;
"0802053149300000000000000";"CIVELI ASESORES SL";;;"685745128";"ASESORES@CIVELI.ES";"SI";"NO";"NO";19/06/2024;;
"0802065659900000000000000";"JOSE RAMON";;;"639839055";"JRAMONTORRES@telefonica.net";"SI";"NO";"NO";19/06/2024;;
"0802065728700000000000000";"MANUEL";;;"650337114";"mnjniejisan@hotmail.com";"SI";"NO";"NO";19/06/2024;;
"0802065782200000000000000";"GONZALO";;;"630181892";"gonzalo-hm@hotmail.com";"SI";"NO";"NO";19/06/2024;;
"0802077484800000000000000";"MOISES";;;"629776386";"loscantones@gmail.com";"SI";"NO";"NO";19/06/2024;;
"0802078187200000000000000";"TEOFILO";;;"609729934";"TEOFILOCEREZAL@HOTMAIL.COM";"SI";"NO";"NO";19/06/2024;;
"0802078247500000000000000";"Mª PILAR";;;"609729891";"mail@mail.com";"SI";"NO";"NO";19/06/2024;;
"0802078352300000000000000";"MARIA VISITACION";;;"697163876";"mail@mail.com";"SI";"NO";"NO";19/06/2024;;
"0802078435000000000000000";"FCO JAVIER";;;"696457135";"regajavidemo@gmail.com";"SI";"NO";"NO";19/06/2024;;
"0802079600400000000000000";"JOSE MANUEL";;;"634510410";"josemanuelgarciasierra@gmail.com";"SI";"NO";"NO";19/06/2024;;
"0802079872600000000000000";"PABLO";;;"677256430";"pablograndelopez@gmail.com";"SI";"NO";"NO";19/06/2024;;
"0802079899100000000000000";"EVA";;;"620223830";"espioja@yahoo.es";"SI";"NO";"NO";19/06/2024;;
"0802086636100000000000000";"CAIXABANK, S.A.";;;"677517576";"jesus.lopez.j@caixabank.com";"SI";"NO";"NO";19/06/2024;;
"0802089480500000000000000";"JAVIER";;;"667764353";"j.carriches@yahoo.es";"SI";"NO";"NO";19/06/2024;;
"0802090072500000000000000";"VENTAS DE ARMENTIA SDAD COOP";"Burgos";;"945360029";"vtascoop@gmail.com";"SI";"SI";"SI";03/03/2025;03/03/2025;
"0802090123500000000000000";"S. COOP. DEL CAMPO VIRGEN DE ALTAMIRA";;;"626496364";"VIRGENDEALTAMIRA@TELEFONICA.NET";"SI";"NO";"NO";19/06/2024;;
"0802090237800000000000000";"S. COOP. AGROBUREBA";;;"609458807";"jesus@jesuslumbreras.com";"SI";"NO";"NO";19/06/2024;;
"0802090237900000000000000";"SOCIEDAD COOPERATIVA VIRGEN DE BELEN";;;"656739441";"virgendebelen@burebaebro.com";"SI";"NO";"NO";19/06/2024;;
"0802090238000000000000000";"S. COOP. ARLANZA";;;"680100714";"tecnicoarlanza@futurnet.es";"SI";"NO";"NO";19/06/2024;;
"0802090238200000000000000";"S. COOP. REGIONAL LIMITADA RIBERA DEL DUERO (CORIDU)";;;"606960944";"CORIDU@TELEFONICA.NET";"SI";"NO";"NO";19/06/2024;;
"0802090359100000000000000";"ODARPI S.C.L.";"Burgos";;"947372069";"joselitohusillos.jho@gmail.com";"NO";"NO";"SI";03/03/2025;03/03/2025;
"0802090404100000000000000";"COMERCIAL AGRICOLA GANADERA S.L.";"Burgos";;"947501854";"comercial.agrigan@gmail.com";"NO";"NO";"SI";03/03/2025;03/03/2025;
"0802090462500000000000000";"UCCL BURGOS";;;"947226202";"burgos@uniondecampesinos.com";"SI";"NO";"NO";19/06/2024;;
"0802090481500000000000000";"ASOC AGRARIA JOVENES AGRICULTORES DE BURGOS";;;"947244247";"info@asajaburgos.com";"SI";"NO";"NO";19/06/2024;;
"0802090575000000000000000";"CECOGA SERVICIOS AGROALIMENTARIOS, SL";"Burgos";;"672148505";"general@cecoga.es";"NO";"SI";"SI";19/06/2024;;
"0802090593900000000000000";"SOC. COOP SAN FORMERIO DE LA SIERRA";"Burgos";;"945373119";"sanformerio@telefonica.net";"SI";"SI";"SI";03/03/2025;03/03/2025;
"0802090641300000000000000";"UCAG S. COOP.";;;"659624351";"miranda@uniondecampesinos.com";"SI";"NO";"NO";19/06/2024;;
"0802092514800000000000000";"M JESUS";;;"669928514";"mjesus.deza@hotmail.com";"SI";"NO";"NO";19/06/2024;;
"0802092520600000000000000";"CLEMENTE";;;"617026729";"clementepastor@clementepastor.com";"SI";"NO";"NO";19/06/2024;;
"0802092745900000000000000";"JOSE IGNACIO";;;"679311752";"uriladjo@jcyl.es";"SI";"NO";"NO";19/06/2024;;
"0802092773600000000000000";"CRECE CONSERVACION DEL PATRIMONIO NATURAL SL";;;"947245514";"crece@creceburgos.es";"SI";"NO";"NO";19/06/2024;;
"0802092775000000000000000";"MARIA JOSE";;;"627933114";"mjcondesanz@gmail.com";"SI";"NO";"NO";19/06/2024;;
"0802092778100000000000000";"PABLO";;;"608289836";"pablomillaruelo@live.com";"SI";"NO";"NO";19/06/2024;;
"0802092910600000000000000";"FITOSANITARIOS PABLOS, S.L.";"Burgos";;"947170353";"fitopablos@comercialpablos.com";"NO";"NO";"SI";03/03/2025;03/03/2025;
"0802092917700000000000000";"JESUS M";;;"677612510";"jmgadmon@hotmail.com";"SI";"NO";"NO";19/06/2024;;
"0802092971000000000000000";"FRANCISCO JAVIER";;;"607604770";"PERMARJA@YAHOO.ES";"SI";"NO";"NO";19/06/2024;;
"0802092982500000000000000";"ISACIO ARRANZ E HIJOS SL";;;"636972434";"administracion@eurocastell.net";"SI";"NO";"NO";19/06/2024;;
"0802093043300000000000000";"M DOLORES";;;"625068637";"LFUENTEC@GMAIL.COM";"SI";"NO";"NO";19/06/2024;;
"0802093102100000000000000";"ARNI FORESTAL SC";;;"600471621";"arniforestal@gmail.com";"SI";"NO";"NO";19/06/2024;;
"0802093235400000000000000";"JESUS JAVIER";;;"650986185";"jesus@pyeros.com";"SI";"NO";"NO";19/06/2024;;
"0802093294400000000000000";"UPA BURGOS";;;"617390551";"upacastillayleon@upa.es";"SI";"NO";"NO";19/06/2024;;
"0802093308600000000000000";"M BEATRIZ";;;"615519635";"b.miron@asesoriayproyectos.com";"SI";"NO";"NO";19/06/2024;;
"0802093474300000000000000";"JOSE MARIA";;;"659372652";"jgomezv72@gmail.com";"SI";"NO";"NO";19/06/2024;;
"0802094685500000000000000";"FANEGA ESTUDIO DE INGENIERIA AGRARIA SLU";;;"947040266";"JIVELASCO@FANEGAINGENIERIA.ES";"SI";"NO";"NO";19/06/2024;;
"0802094811900000000000000";"COAG BURGOS";;;"618758545";"coag@coag-cyl.org";"SI";"NO";"NO";19/06/2024;;
"0802094983600000000000000";"FUNDACIÓN CAJA RURAL DE BURGOS";"Burgos";;"947257400";"fundacion.burgos@cajarural.com";"NO";"NO";"SI";03/03/2025;03/03/2025;
"0802095647400000000000000";"ADRILERMA, SL";"Burgos";;"947170735";"administracion@fitosanitarioslerma.com";"NO";"SI";"SI";19/06/2024;;
"0802097627200000000000000";"JOSE LUIS";;;"626860976";"jluispg@yahoo.es";"SI";"NO";"NO";19/06/2024;;
"0802097653100000000000000";"CELSO";;;"649389957";"CELSO@VACOVERASESORES.COM";"SI";"NO";"NO";19/06/2024;;
"0802097824300000000000000";"ANA BELEN";;;"987208257";"sanbel@cmtres.com";"SI";"NO";"NO";19/06/2024;;
"0802098023200000000000000";"SANDRA";;;"695514801";"sandradelvalle.ayudas@gmail.com";"SI";"NO";"NO";19/06/2024;;
"0802098771100000000000000";"E-AGRICYLCONSULTING SL";;;"699926792";"agroconsulting@ayudantia.es";"SI";"NO";"NO";19/06/2024;;
"0802100240700000000000000";"MARIA ESTELITA";;;"606363860";"EUGENIOGARCIAVALLE@GMAIL.COM";"SI";"NO";"NO";19/06/2024;;
"0802100853800000000000000";"JAVIER";;;"670512717";"info@abejasbierzo.es";"SI";"NO";"NO";19/06/2024;;
"0802101912300000000000000";"LUIS-MIGUEL";;;"696903656";"LM.BLANCO1965@GMAIL.COM";"SI";"NO";"NO";19/06/2024;;
"0802110667600000000000000";"DIEGO";"Burgos";;"665375951";"gutidefensaverbal@hotmail.com";"NO";"NO";"SI";03/03/2025;03/03/2025;
"0802117324500000000000000";"PABLO";;;"666623445";"CABLOPPA@JCYL.ES";"SI";"NO";"NO";19/06/2024;;
"0802117330700000000000000";"MARIA ESPERANZA";;;"605341566";"gueliam@hotmail.com";"SI";"NO";"NO";19/06/2024;;
"0802119689800000000000000";"FRANCISCO";;;"676712317";"ingenieria@pacoalonso.com";"SI";"NO";"NO";19/06/2024;;
"0802122408700000000000000";"M FUENCISLA";;;"693765915";"mfuencislacalle@gmail.com";"SI";"NO";"NO";19/06/2024;;
"0802123254700000000000000";"LUIS MANUEL";;;"616882935";"zymco@telefonica.net";"SI";"NO";"NO";19/06/2024;;
"0802123355300000000000000";"MIRIAM";;;"605428718";"miriam0402@gmail.com";"SI";"NO";"NO";19/06/2024;;
"0802123366800000000000000";"JAVIER ALEJO";;;"615405988";"alejoayllon@gmail.com";"SI";"NO";"NO";19/06/2024;;
"0802123374400000000000000";"HERMELA";;;"625074365";"hermela_bm@yahoo.es";"SI";"NO";"NO";19/06/2024;;
"0802123514900000000000000";"MANUEL ANGEL";;;"629589565";"manu-cres@hotmail.com";"SI";"NO";"NO";19/06/2024;;
"0802123603200000000000000";"JOSE IGNACIO";;;"626524118";"jimorante@hotmail.com";"SI";"NO";"NO";19/06/2024;;
"0802123863600000000000000";"PILAR";;;"678834596";"gervosromero@hotmail.com";"SI";"NO";"NO";19/06/2024;;
"0802123870600000000000000";"JAVIER";;;"683348074";"camposbeltran79@gmail.com";"SI";"NO";"NO";19/06/2024;;
"0802123878200000000000000";"ANGEL";;;"630030744";"mail@mail.com";"SI";"NO";"NO";19/06/2024;;
"0802124017900000000000000";"MIRIAM SILVIA";;;"676754515";"gipmiriamfuente@gmail.com";"SI";"NO";"NO";19/06/2024;;
"0802127428400000000000000";"GESTORIA MR";;;"636718449";"medrebpe@jcyl.es";"SI";"NO";"NO";19/06/2024;;
"0802127490400000000000000";"TOMAS JAVIER";;;"618639612";"marrobto@jcyl.es";"SI";"NO";"NO";19/06/2024;;
"0802127554200000000000000";"RAUL";;;"651831211";"MEDIAROJAS@HOTMAIL.COM";"SI";"NO";"NO";19/06/2024;;
"0802131175400000000000000";"SANTIAGO";;;"696422643";"sanveva@hotmail.com";"SI";"NO";"NO";19/06/2024;;
"0802131456800000000000000";"JOSE RAUL";;;"639631996";"mail@mail.com";"SI";"NO";"NO";19/06/2024;;
"0802131673100000000000000";"JOSE JAVIER";;;"686683060";"jantonpes@yahoo.es";"SI";"NO";"NO";19/06/2024;;
"0802132845300000000000000";"MARIA MILAGROS";;;"667371329";"milagrosramosbilbao@gmail.com";"SI";"NO";"NO";19/06/2024;;
"0802137365300000000000000";"FARMABLE ESPAÑA, SL";"Madrid";;"683251829";"ega@farmable.tech";"NO";"SI";"SI";19/06/2024;;
"0802138582200000000000000";"MIGUEL ANGEL";"Burgos";;"661325455";"alonsosanz.mr@gmail.com";"NO";"SI";"SI";11/03/2025;;
"0802159697200000000000000";"JOSE JAVIER";;;"610547054";"JARRILLAGA@LIVE.COM";"SI";"NO";"NO";19/06/2024;;
"0802165862600000000000000";"LUIS FELIPE";;;"679324937";"fbergasa@hotmail.com";"SI";"NO";"NO";19/06/2024;;
"0802167821300000000000000";"MARIA TERESA";;;"649666719";"teresamarina@telefonica.net";"SI";"NO";"NO";19/06/2024;;
"0802168041400000000000000";"MARIA ILUMINADA";;;"975220537";"soria@coag-cyl.org";"SI";"NO";"NO";19/06/2024;;
"0802168045700000000000000";"LUIS MANUEL";;;"660449482";"mail@mail.com";"SI";"NO";"NO";19/06/2024;;
"0802168099600000000000000";"CESAR";;;"675675165";"gallardoandrescesar@gmail.com";"SI";"NO";"NO";19/06/2024;;
"0802168123100000000000000";"GEMMA";;;"636268905";"GEMMAORTEGO@HOTMAIL.COM";"SI";"NO";"NO";19/06/2024;;
"0802168243300000000000000";"FUENTES DEL SILENCIO SOCIEDAD LIMITADA";;;"682624328";"bcabero@fuentesdelsilencio.com";"SI";"NO";"NO";19/06/2024;;
"0802177418500000000000000";"BEGOÑA";;;"609237467";"bego74@hotmail.com";"SI";"NO";"NO";19/06/2024;;
"0802180245800000000000000";"JUAN JESUS";;;"606977677";"penafjj@hotmail.com";"SI";"NO";"NO";19/06/2024;;
"0802193552700000000000000";"ROBERTO";"Palencia";;"979776186";"robertomedinamerino@gmail.com";"NO";"NO";"SI";03/03/2025;03/03/2025;
"0802193985700000000000000";"DEMERION SL";;;"675193328";"dario@demerion.com";"NO";"SI";"SI";03/03/2025;03/03/2025;
"0802198793000000000000000";"SERVICIOS TECNICOS AGRARIOS DEL BIERZO SL";"León";;"699447553";"SERTABI@YAHOO.COM";"SI";"SI";"SI";03/03/2025;03/03/2025;
"0802232245100000000000000";"AM SYSTEM, S.L.";;;"953275931";"jojeda@amsystem.es";"NO";"SI";"SI";03/03/2025;03/03/2025;
"0802232796400000000000000";"ENRIQUE";"Valladolid";;"661566028";"moyanodeiscar@gmail.com";"NO";"NO";"SI";03/03/2025;03/03/2025;
"0802240069100000000000000";"VINOS DEL BIERZO SCOOP";;;"987546150";"info@vinosdelbierzo.com";"SI";"NO";"NO";19/06/2024;;
"0802240082300000000000000";"S. COOP. LECHERA LAR";;;"605895834";"produccion@cooperativalar.es";"SI";"NO";"NO";19/06/2024;;
"0802240305100000000000000";"PRADA A TOPE SOCIEDAD ANONIMA";;;"676962137";"manolo@pradaatope.es";"SI";"NO";"NO";19/06/2024;;
"0802240631300000000000000";"ASOC FORESTAL DE LEON";;;"987212790";"asfole@asfole.com";"SI";"NO";"NO";19/06/2024;;
"0802240807900000000000000";"ASOC AGRARIA DE JOVENES AGRICULTORES DE LEON";;;"987245231";"asaja@asajaleon.com";"SI";"NO";"NO";19/06/2024;;
"0802240949800000000000000";"RIESCO Y MARCOS SL";;;"987510389";"info@riescoymarcos.es";"SI";"NO";"NO";19/06/2024;;
"0802242504500000000000000";"UPA LEON";;;"987220026";"orga@ugalupa.com";"SI";"NO";"NO";19/06/2024;;
"0802242896200000000000000";"UCCL LEON";;;"616021269";"santamaria@uniondecampesinos.com";"SI";"NO";"NO";19/06/2024;;
"0802242997800000000000000";"COOPERATIVA BENEITEZ ALVAREZ,SOCIEDAD COOPER";;;"669769555";"beneitezgarcia@hotmail.com";"SI";"NO";"NO";19/06/2024;;
"0802243004500000000000000";"CERES LEONESA";;;"983239515";"jsantos@urcacyl.es";"SI";"NO";"NO";19/06/2024;;
"0802243026200000000000000";"HNOS GIL MANCEBO, C.B.";;;"646049416";"gilmanjn@hotmail.com";"SI";"NO";"NO";19/06/2024;;
"0802243081400000000000000";"EMPRESA MEDIOAMBIENTAL LEONESA, EMELESA ,SL";;;"649942606";"admin@emelesa.es";"SI";"NO";"NO";19/06/2024;;
"0802243366800000000000000";"UNION DE CAMPESINOS AUTONOMOS DE LEON (UCALE-COAG)";;;"607827678";"coag@coag-cyl.org";"SI";"NO";"NO";19/06/2024;;
"0802243735500000000000000";"SERFONOR MEDIOAMBIENTE SL";;;"987562480";"serfonor@serfonor.es";"SI";"NO";"NO";19/06/2024;;
"0802244284600000000000000";"LA CABRERA EL PUENTE ASESORES S.L";;;"603855814";"JCCHAPA@TISERVINET.ES";"SI";"NO";"NO";19/06/2024;;
"0802245023100000000000000";"SOCIEDAD LIMITADA,LAGUNA EL SANTO";;;"679155550";"lagunaelsanto@gmail.com";"SI";"NO";"NO";19/06/2024;;
"0802245186200000000000000";"ARES FORESTAL SL";;;"655351984";"laura@aresforestal.es";"SI";"NO";"NO";19/06/2024;;
"0802246043100000000000000";"LEYENDA DEL PARAMO SL";;;"626194347";"PEDRO@LEYENDADELPARAMO.COM";"SI";"NO";"NO";19/06/2024;;
"0802246090900000000000000";"AGRONATUR TELENO SL";;;"626678164";"jldepedrop@aresforestal.es";"SI";"NO";"NO";19/06/2024;;
"0802246396500000000000000";"PARAGRO 2012 S.L.";"León";;"987350621";"hola@paragro2012.com";"NO";"SI";"SI";03/03/2025;03/03/2025;
"0802247235200000000000000";"GES AGROFORESTAL SOCIEDAD LIMITADA";;;"606363860";"gesagroforestal@gmail.com";"SI";"NO";"NO";19/06/2024;;
"0802263114000000000000000";"EUROSERVICIOS Y OBRAS FORESTALES SA";;;"647662245";"ismaelmediavilla@eurofor.es";"SI";"NO";"NO";19/06/2024;;
"0802289453200000000000000";"ANA MARIA";;;"639720903";"ammorenocollado@hotmail.com";"SI";"NO";"NO";19/06/2024;;
"0802300685400000000000000";"FRUTAS MARIPI SL";;;"619198759";"juridico@unilandsc.com";"SI";"NO";"NO";19/06/2024;;
"0802310216100000000000000";"CAJA R. DE NAVARRA, S.C.C.";;;"606042102";"alvaro.saenz@ruralkutxa.com";"SI";"NO";"NO";19/06/2024;;
"0802311398800000000000000";"SERVICIOS EMPRESARIALES NAVARRA AGROINDUSTRIALES, S.A.";;;"948150040";"PFOURCADE@SENAI.ES";"NO";"SI";"SI";03/03/2025;03/03/2025;
"0802320165100000000000000";"FORESTACION Y REPOBLACION SA";;;"608488644";"foresa@foresa.net";"SI";"NO";"NO";19/06/2024;;
"0802324568200000000000000";"INDUSTRIAS CARNICAS CALEIRO SL";;;"648490434";"carnicascaleiro@gmail.com";"SI";"NO";"NO";19/06/2024;;
"0802338351100000000000000";"GESATEC INGENIEROS SL";;;"688365050";"gesatec@gesatec.es";"SI";"NO";"NO";19/06/2024;;
"0802340038800000000000000";"S. COOP. AGROPECUARIA PALENTINA (AGROPAL)";;;"979165116";"administracion@agropalsc.com";"SI";"NO";"NO";19/06/2024;;
"0802340077300000000000000";"SDAD COOP NUESTRA SEÑORA DEL POPULO";"Palencia";;"979880992";"raulortega@telefonica.net";"NO";"NO";"SI";03/03/2025;03/03/2025;
"0802340106200000000000000";"ASOC AGRARIA DE JOVENES AGRICULTORES DE PALENCIA";;;"979752336";"asajapalencia@asajapalencia.com";"SI";"NO";"NO";19/06/2024;;
"0802341099700000000000000";"AGROTECNIPEC, S.L.";"Palencia";;"979711849";"franciscomacho@grupotecnipec.com";"NO";"NO";"SI";03/03/2025;03/03/2025;
"0802341251100000000000000";"COAG-PALENCIA";;;"979747225";"PALENCIA@COAG-CYL.ORG";"SI";"NO";"NO";19/06/2024;;
"0802341425200000000000000";"UPA PALENCIA";;;"979706063";"upapalencia@upa.es";"SI";"NO";"NO";19/06/2024;;
"0802342081600000000000000";"AGROIN CERTIFICACIONES SL";"Valladolid";;"677422669";"carmen@agroincertificaciones.es";"NO";"SI";"SI";19/06/2024;;
"0802342114500000000000000";"CANAL ROGO S.L";;;"651831211";"mediarojas@hotmail.com";"SI";"NO";"NO";19/06/2024;;
"0802342217000000000000000";"UNION DE AGRICULTORES Y GANADEROS DE PALENCIA";;;"669637337";"uccl.palencia@uniondecampesinos.com";"SI";"NO";"NO";19/06/2024;;
"0802342229400000000000000";"MANUEL Y LOURDES ASESORES S.L.L";;;"601363704";"manolo@asesoresmyl.com";"SI";"NO";"NO";19/06/2024;;
"0802342347000000000000000";"SOCIDAD AGRARIA DE TRANSFORMACION SANJUMAR";;;"666556030";"mariajosesanjuan@hotmail.es";"SI";"NO";"NO";19/06/2024;;
"0802342477900000000000000";"LAN FORESTAL SL";;;"696086914";"lanforestal1@hotmail.com";"SI";"NO";"NO";19/06/2024;;
"0802342692000000000000000";"NUTEPRO S.L.";"Palencia";;"979729429";"nutepro@gmail.com";"NO";"NO";"SI";03/03/2025;03/03/2025;
"0802342731500000000000000";"APIS IN LOVE TITULARIDAD COMPARTIDA EXPLOT AGRARIA";;;"659765035";"apisinlove@gmail.com";"SI";"NO";"NO";19/06/2024;;
"0802342851200000000000000";"HAZA SADA, S.L.";"Palencia";;"663354095";"jgbarcenilla@agrosenara.com";"NO";"NO";"SI";03/03/2025;03/03/2025;
"0802347700900000000000000";"LUIS ENRIQUE";;;"639384943";"LUISENRRIQUE218@HOTMAIL.COM";"SI";"NO";"NO";19/06/2024;;
"0802370039600000000000000";"COOP. AVICOLA Y GANADERA DE SALAMANCA";"Salamanca";;"923192317";"copasa@copasa.org";"SI";"SI";"SI";03/03/2025;03/03/2025;
"0802370152900000000000000";"SUMINISTROS AGRICOLASHERNANDEZ BUENO S.A.";"Salamanca";;"923690157";"info@hernandezbueno.com";"NO";"NO";"SI";03/03/2025;03/03/2025;
"0802370158500000000000000";"CAJA RURAL DE SALAMANCA SDAD COOP DE C";;;"923128600";"crsa.pac@cajarural.com";"SI";"NO";"NO";19/06/2024;;
"0802370221700000000000000";"HERBIAGRO SA";;;"923193258";"asesoramiento@herbiagrosa.com";"SI";"NO";"NO";19/06/2024;;
"0802370649400000000000000";"UNION DE CAMPESINOS COAG-SALAMANCA";;;"923254966";"salamanca@coag-cyl.org";"SI";"NO";"NO";19/06/2024;;
"0802372465200000000000000";"ASOC AGRARIA JOVENES AGRICULTORES DE SALAMANCA";;;"678537340";"asaja@asajasalamanca.com";"SI";"NO";"NO";19/06/2024;;
"0802372499300000000000000";"S.L. AGROPECUARIA CARMELDO S LIMITADA";;;"676653799";"agropecuariacarmeldo@gmail.com";"SI";"NO";"NO";19/06/2024;;
"0802372790100000000000000";"HERMANOS TABERNERO REDONDO C.B.";;;"687038359";"tabredca@yahoo.es";"SI";"NO";"NO";19/06/2024;;
"0802372897800000000000000";"UPA SALAMANCA";;;"616395977";"UPASALAMANCA@UPA.ES";"SI";"NO";"NO";19/06/2024;;
"0802373742800000000000000";"ASECAMPO C.B";;;"653994082";"asecamp@hotmail.com";"SI";"NO";"NO";19/06/2024;;
"0802373901300000000000000";"ASEGAN MIROBRIGA S.L";;;"695918288";"asegan@telefonica.net";"SI";"NO";"NO";19/06/2024;;
"0802373912600000000000000";"ASOC FORESTAL DE SALAMANCA";;;"923280469";"asfosa@asfosa.es";"SI";"NO";"NO";19/06/2024;;
"0802374134000000000000000";"ASESORAMIENTO Y GESTION AGROPECUARIA URIEL CB";;;"687553511";"asesoriaurielcb@hotmail.com";"SI";"NO";"NO";19/06/2024;;
"0802375375700000000000000";"S COOP MACOTERA SAN ISIDRO";;;"682595120";"sanisidrocoop@gmail.com";"SI";"NO";"NO";19/06/2024;;
"0802375710400000000000000";"UCCL SALAMANCA";;;"983302244";"ernesto.tarilonte@uniondecampesinos.com";"SI";"NO";"NO";19/06/2024;;
"0802375719500000000000000";"VIÑA TALES SL";;;"647762732";"direccion@bodegasprimula.com";"SI";"NO";"NO";19/06/2024;;
"0802375750100000000000000";"HERRAEZ GARCIA ESPJ";;;"686650079";"patxihg@hotmail.com";"SI";"NO";"NO";19/06/2024;;
"0802375774400000000000000";"MM AGROGESTION GANADERA SL";;;"609371173";"mmagrogestionganadera@hotmail.com";"SI";"NO";"NO";19/06/2024;;
"0802390000100000000000000";"BANCO SANTANDER";;;"618996093";"lruizpon@gruposantander.es";"SI";"NO";"NO";19/06/2024;;
"0802400121300000000000000";"UCCL SEGOVIA";;;"639676915";"segovia@uniondecampesinos.com";"SI";"NO";"NO";19/06/2024;;
"0802400268400000000000000";"ASOCIACION FORESTAL DE SEGOVIA";;;"663817331";"asfose@asfose.com";"SI";"NO";"NO";19/06/2024;;
"0802400328100000000000000";"RIMA . CB";;;"637109663";"marciano.rivilla@gmail.com";"SI";"NO";"NO";19/06/2024;;
"0802401071800000000000000";"ASOC AGRARIA DE JOVENES AGRICULTORES SEGOVIA";;;"921430657";"asajasegovia@asajasegovia.com";"SI";"NO";"NO";19/06/2024;;
"0802401393200000000000000";"UPA SEGOVIA";;;"672279902";"upasegovia@upa.es";"SI";"NO";"NO";19/06/2024;;
"0802401486200000000000000";"FELIX BUQUERÍN S.L.";"Segovia";;"921553262";"miguel.buquerin@gmail.com";"NO";"SI";"SI";03/03/2025;03/03/2025;
"0802401647000000000000000";"TENQUERAS S LIMITADA";;;"619463103";"gersureje@hotmail.com";"SI";"NO";"NO";19/06/2024;;
"0802401651900000000000000";"VIVEROS CAMPIÑAS S. COOP. AGRARIA";"Segovia";;"921155506";"elena.rodriguez@viveroscampinas.com";"NO";"SI";"SI";03/03/2025;03/03/2025;
"0802402487900000000000000";"CAJA R. DE BURGOS,FUENTEPELAYO,SEGOVIA Y CASTELLDANS S.COOP.CREDITO";;;"947257400";"vgarcia_cajaviva@cajarural.com";"SI";"NO";"NO";19/06/2024;;
"0802402550200000000000000";"MIROBAN EXPLOTACIONES AGRICOLAS SL";"Segovia";;"699879055";"maxiobregon@hotmail.com";"SI";"SI";"SI";03/03/2025;03/03/2025;
"0802420012500000000000000";"CAJA RURAL DE SORIA SDAD COOP DE CREDITO";;;"975212840";"joseluispalomar@crsoria.com";"SI";"NO";"NO";19/06/2024;;
"0802420089800000000000000";"ASOC AGRARIA JOVENES AGRICULTORES DE SORIA";;;"975215171";"soria@asajasoria.com";"SI";"NO";"NO";19/06/2024;;
"0802420160000000000000000";"UNION DE CAMPESINOS COAG-SORIA";;;"618758540";"soria@coag-cyl.org";"SI";"NO";"NO";19/06/2024;;
"0802421311000000000000000";"ASOC FORESTAL DE SORIA ASOC DE PROP FORESTALES DE SORIA";;;"617310277";"asfoso@asfoso.org";"SI";"NO";"NO";19/06/2024;;
"0802421383900000000000000";"UPA SORIA";;;"975231546";"upasoria@upa.es";"SI";"NO";"NO";19/06/2024;;
"0802421877400000000000000";"AGRITOPSORIA S.L.P.";"Soria";;"975224750";"agritop@agritopsoria.com";"NO";"NO";"SI";03/03/2025;03/03/2025;
"0802422076400000000000000";"GESTION FORESTAL Y DEL MEDIO AGRICOLA SL";;;"659176394";"ANGELRAMOS@GESTIONFORESTAL.COM";"SI";"NO";"NO";19/06/2024;;
"0802450039900000000000000";"CAJA RURAL CASTILLA LA MANCHA, SCC";;;"600583494";"ayudasysubvenciones@eurocajarural.es";"SI";"NO";"NO";19/06/2024;;
"0802450041000000000000000";"AGRICOLA REVIRIEGO RODRIGUEZ,S.A.";;;"670638287";"MANUELCORTES@telefonica.net";"SI";"NO";"NO";19/06/2024;;
"0802454217900000000000000";"JAVIER TORIBIO";;;"677021042";"javicasa5@hotmail.es";"SI";"NO";"NO";19/06/2024;;
"0802455717700000000000000";"JAVIER ANGEL";;;"651374436";"jagonzalez@registradores.org";"SI";"NO";"NO";19/06/2024;;
"0802467972800000000000000";"ISAGRI SL";;;"963153099";"isanchez@isagri.com";"NO";"SI";"SI";03/03/2025;03/03/2025;
"0802470039500000000000000";"BODEGA CUATRO RAYAS SDAD. COOP. AGROALIMENTARIA";"Valladolid";;"983816320";"enologia@cuatrorayas.es";"SI";"SI";"SI";03/03/2025;03/03/2025;
"0802470039600000000000000";"PROTOS BODEGA RIBERA DUERO DE PEÑAFIEL S.L.";"Valladolid";;"983878011";"ESTEBAN@BODEGASPROTOS.COM";"NO";"NO";"SI";03/03/2025;03/03/2025;
"0802470061300000000000000";"INSTITUTO TECNOLÓGICO AGRARIO DE CASTILLA Y LEÓN";"Valladolid";;"983412805";"gustavo.rio@itacyl.es";"NO";"SI";"SI";19/06/2024;;
"0802470069500000000000000";"S. COOP. COCOL";;;"630127126";"coco@agrocyl.es";"SI";"NO";"NO";19/06/2024;;
"0802470070100000000000000";"S. COOP. COCOPE";;;"607690998";"tecnico.cocope@pinnafidelis.com";"SI";"NO";"NO";19/06/2024;;
"0802470072200000000000000";"SDAD COOP DE PRODUCTOS Y GESTION AGRARIA - COPROGA";;;"983725002";"mo.lopez@grupoan.com";"SI";"NO";"NO";19/06/2024;;
"0802470231900000000000000";"UCCL VALLADOLID";;;"983217722";"valladolid@uniondecampesinos.com";"SI";"NO";"NO";19/06/2024;;
"0802470325200000000000000";"S. COOP. COADUERO";;;"615643405";"jsantos@urcacyl.es";"SI";"NO";"NO";19/06/2024;;
"0802470880000000000000000";"ARIÓN SDAD. COOP. LDA.";"Valladolid";;"983792059";"arioncoop@gmail.com";"NO";"SI";"SI";03/03/2025;03/03/2025;
"0802472037700000000000000";"ASOC FORESTAL DE VALLADOLID";;;"629864745";"asfova@gmail.com";"SI";"NO";"NO";19/06/2024;;
"0802472865900000000000000";"AGRONANCLARES, S.L.";"Valladolid";;"983810364";"info@agronanclares.com";"NO";"NO";"SI";03/03/2025;03/03/2025;
"0802472868900000000000000";"ASOC AGRARIA JOVENES AGRICULTORES DE VALLADOLID";;;"983203371";"asajavalladolid@asajavalladolid.com";"SI";"NO";"NO";19/06/2024;;
"0802473688000000000000000";"UPA CASTILLA Y LEON";;;"661851237";"upacastillayleon@upa.es";"SI";"NO";"NO";19/06/2024;;
"0802473812500000000000000";"VELAZQUEZ GARCIA HNOS,S L";;;"696040151";"casimiro@carnavega.es";"SI";"NO";"NO";19/06/2024;;
"0802474750100000000000000";"AGROSENARA, S.A.";"Valladolid";;"983219530";"info@agrosenara.com";"NO";"SI";"SI";03/03/2025;03/03/2025;
"0802474905400000000000000";"DOMINIO ROMANO SL";;;"687758781";"DOMINIOROMANO@DOMINIOROMANO.COM";"SI";"NO";"NO";19/06/2024;;
"0802475187600000000000000";"SAT EL CANTON";;;"669437514";"satelcanton@satelcanton.com";"SI";"NO";"NO";19/06/2024;;
"0802475378400000000000000";"SELECCION DE TORRES SL";;;"620403371";"jrgarcia@torres.es";"SI";"NO";"NO";19/06/2024;;
"0802476004200000000000000";"COAG VALLADOLID";;;"618758520";"coag@coag-cyl.org";"SI";"NO";"NO";19/06/2024;;
"0802476808400000000000000";"CASERIO DE DUEÑAS DE ARRIBA LOPEZ PARDO CB";;;"639844256";"luissanpedro@icava.org";"SI";"NO";"NO";19/06/2024;;
"0802477397900000000000000";"DESARROLLO Y ASESORAMIENTO AGRONOMICO SL";;;"983044568";"ASESORIA@RIDRUEJOYASOCIADOS.COM";"SI";"NO";"NO";19/06/2024;;
"0802477424800000000000000";"GRUPO OGEAS SL";"Valladolid";;"678834596";"pguervos@grupogeas.es";"NO";"SI";"SI";19/06/2024;;
"0802477691000000000000000";"BUENAPOSADA VIÑEDOS SL";;;"625074365";"hermela_bm@yahoo.es";"SI";"NO";"NO";19/06/2024;;
"0802490024500000000000000";"CAJA RURAL DE ZAMORA COOP DE CREDITO";;;"686036873";"oscar.rojo@somoscajarural.com";"SI";"NO";"NO";19/06/2024;;
"0802490065500000000000000";"S. COOP. LTDA. BAJO DUERO";"Zamora";;"980980123";"atejedor@cobadu.com";"NO";"NO";"SI";03/03/2025;03/03/2025;
"0802490069800000000000000";"UNION DE CAMPESINOS COAG-ZAMORA";;;"618758522";"coag@coag-cyl.org";"SI";"NO";"NO";19/06/2024;;
"0802490103500000000000000";"MONTE LA REINA SCOOPLTDA";;;"653969417";"jminaraja@montelareina.es";"SI";"NO";"NO";19/06/2024;;
"0802490201700000000000000";"AGRODUERO . SCL";;;"980160842";"zamora@agropalsc.com";"SI";"NO";"NO";19/06/2024;;
"0802490297100000000000000";"S. COOP. COGALA COMARCA DE TORO";;;"658863492";"smferrero@gmail.com";"SI";"NO";"NO";19/06/2024;;
"0802491485500000000000000";"UNION DE PEQUEÑOS AGRICULTORES DE ZAMORA UPA-ZAMORA";;;"691405501";"upazamora@upa.es";"SI";"NO";"NO";19/06/2024;;
"0802491755100000000000000";"COOP NUTECAL";;;"980633143";"jsantos@urcacyl.es";"SI";"NO";"NO";19/06/2024;;
"0802492046500000000000000";"CONSORCIO DE PROMOCIÓN DEL OVINO S.C.";"Zamora";;"980660202";"calvo@lechedeoveja.com";"NO";"SI";"SI";03/03/2025;03/03/2025;
"0802492458200000000000000";"ASAJA ZAMORA";;;"616895746";"zamora@asajazamora.com";"SI";"NO";"NO";19/06/2024;;
"0802492649000000000000000";"UCCL DE ZAMORA";;;"669622725";"launiondezamora@uniondecampesinos.com";"SI";"NO";"NO";19/06/2024;;
"0802492840700000000000000";"SERVICIOS AGRICOLAS PRIM SL";;;"629733103";"dehesa@sacobela.com";"SI";"NO";"NO";19/06/2024;;
"0802492858500000000000000";"UVA A LA CARTA SOCIEDAD LIMITADA";;;"610733466";"ddelrio@uvaalacarta.com";"SI";"NO";"NO";19/06/2024;;
"0802492862500000000000000";"SENFOR MEDIO AMBIENTE SL";;;"653601026";"fmas0009@yahoo.es";"SI";"NO";"NO";19/06/2024;;
"0802500701100000000000000";"MARIA YOLANDA";;;"639603748";"yoltom13@yahoo.es";"SI";"NO";"NO";19/06/2024;;
"0802500781400000000000000";"JUAN CARLOS";;;"658048390";"jcaedo.lca@gmail.com";"SI";"NO";"NO";19/06/2024;;
"0802500963300000000000000";"ANA ISABEL";;;"666536027";"anabelcj@movistar.es";"SI";"NO";"NO";19/06/2024;;
"0802504233200000000000000";"ANA M.";;;"608802401";"aferpaz@telefonica.net";"SI";"NO";"NO";19/06/2024;;
"0802510670800000000000000";"FRANCISCO JAVI";;;"647900764";"ceresjavi@gmail.com";"SI";"NO";"NO";19/06/2024;;
"0802510751400000000000000";"ALFONSO";;;"606834476";"alfonsorato@labimbarra.com";"SI";"NO";"NO";19/06/2024;;
"0802511060600000000000000";"ELENA";;;"672762969";"MAJADILLASVERDES@HOTMAIL.COM";"SI";"NO";"NO";19/06/2024;;
"0802524135900000000000000";"JOSE IGNACIO";;;"661642117";"joseignaciohm1982@gmail.com";"SI";"NO";"NO";19/06/2024;;
"0802524143500000000000000";"ALBERTO";;;"675268606";"AGM_IGG@hotmail.com";"SI";"NO";"NO";19/06/2024;;
"0802534114100000000000000";"ANA PURIFICACION";;;"609920724";"anasanz@asesoriacolmenar.com";"SI";"NO";"NO";19/06/2024;;
"0802677331800000000000000";"FUNDACIÓN GRUPO CAJAMAR";;;"606610980";"alejandro@plataformatierra.es";"NO";"SI";"SI";03/03/2025;03/03/2025;
"0802702403000000000000000";"FLORENCIO";;;"615991611";"fl.tejedor@gmail.com";"SI";"NO";"NO";19/06/2024;;
"0802703020300000000000000";"ABANCA CORPORACION BANCARIA S.A.";;;"648225951";"agmarcos@abanca.com";"SI";"NO";"NO";19/06/2024;;
"0802705502300000000000000";"OSIGRIS SISTEMAS DE INFORMACION, S.L.";;;"699139390";"rmella@osigris.com";"NO";"SI";"SI";03/03/2025;03/03/2025;
"0802708102300000000000000";"LAURA";;;"636663663";"mail@mail.com";"SI";"NO";"NO";19/06/2024;;
"0802708666500000000000000";"ALFONSO";;;"646009000";"fon22mil@hotmail.com";"SI";"NO";"NO";19/06/2024;;
"0802710112600000000000000";"JAVIER";;;"607225657";"javier.mart.glez@gmail.com";"SI";"NO";"NO";19/06/2024;;
"0802710164500000000000000";"JOSE ANTONIO";;;"627177290";"joseantonioasensio_2@hotmail.com";"SI";"NO";"NO";19/06/2024;;
"0802710224300000000000000";"MARIA ESTELA";;;"669299175";"emazariegos@planasa.com";"SI";"NO";"NO";19/06/2024;;
"0802710294600000000000000";"JEREMIAS MIGUEL";;;"669334433";"jeremtejedor@gmail.com";"SI";"NO";"NO";19/06/2024;;
"0802710319700000000000000";"FERNANDO";;;"606075195";"fer10muga@gmail.com";"SI";"NO";"NO";19/06/2024;;
"0802711024300000000000000";"CARLOS";;;"617596396";"carlosgumiel@hotmail.com";"SI";"NO";"NO";19/06/2024;;
"0802711535300000000000000";"PABLO";;;"666117638";"indefiener@gmail.com";"SI";"NO";"NO";19/06/2024;;
"0802713377800000000000000";"FRANCISCO JAVIER";;;"692665673";"mail@mail.com";"SI";"NO";"NO";19/06/2024;;
"0802714562600000000000000";"MIGUEL";;;"671243677";"miguelalonsocastro@gmail.com";"SI";"NO";"NO";19/06/2024;;
"0802714963800000000000000";"ANGEL";;;"636964506";"mail@mail.com";"SI";"NO";"NO";19/06/2024;;
"0802719252500000000000000";"ROBERTO";;;"619224124";"rrodriguezl@eulen.com";"SI";"NO";"NO";19/06/2024;;
"0802719337000000000000000";"MARIA ANGELES";;;"630815413";"mangeles.hoyos@jcyl.es";"SI";"NO";"NO";19/06/2024;;
"0802719622300000000000000";"ALVARO";;;"660464509";"alvaroperezllamas@hotmail.com";"SI";"NO";"NO";19/06/2024;;
"0802728802200000000000000";"ROCIO";;;"610403008";"RMADRIGAL@PROVEEDOREXTERNO.COM";"SI";"NO";"NO";19/06/2024;;
"0802728847200000000000000";"IGNACIO";;;"659176394";"ilafuente@vidaforestal.com";"SI";"NO";"NO";19/06/2024;;
"0802742256300000000000000";"ARQUITECTURA INGENIERIA Y TOPOGRAFIA DEL MEDIO RURAL SOCIEDAD LIMITADA";;;"647553264";"MARTA@AINTOP.COM";"SI";"NO";"NO";19/06/2024;;
"0802820483200000000000000";"ITICE, S.A";;;"669379437";"jramirez@itice.es";"SI";"NO";"NO";19/06/2024;;
"0802881136000000000000000";"HISPATEC ANALYTICS, S.L.";;;"687213889";"manuel.herrera@hispatec.com";"NO";"SI";"SI";03/03/2025;03/03/2025;
"0802884912500000000000000";"AGROPECUARIA DEHESA MACARRO CB";;;"686469761";"elenacmxx@gmail.com";"SI";"NO";"NO";19/06/2024;;
"0802885834200000000000000";"KORK VALUE SL";;;"670767426";"mmoreno@kork.es";"SI";"NO";"NO";19/06/2024;;
"0802901868600000000000000";"BRIOAGRO TECH, S.L.";;;"619020288";"josemaria.perez@brioagro.es";"NO";"SI";"SI";03/03/2025;03/03/2025;
"0802931390500000000000000";"UNICAJA BANCO, S.A.";;;"980632111";"jgonzalezn@unicaja.es";"SI";"NO";"NO";19/06/2024;;
"0802941620100000000000000";"GUDINORTE INTEGRACIONES SOCIEDAD LIMITADA";;;"620509009";"gudinorte@gmail.com";"SI";"NO";"NO";19/06/2024;;
"0802977616400000000000000";"JUAN CARLOS";"León";;"987305924";"decasoalcala@gmail.com";"NO";"NO";"SI";03/03/2025;03/03/2025;
"0802986558800000000000000";"VISUALNACERT SL";"Valencia";;"961410675";"siex@visualnacert.com";"NO";"SI";"SI";19/06/2024;;
"0802992890100000000000000";"7EDATA BUSINESS SL AGROSLAB";"Zaragoza";;"699998858";"jesusgerique@7edata.com";"NO";"SI";"SI";19/06/2024;;
"0802993190300000000000000";"IBERCAJA BANCO SAU";;;"669689190";"jaleon@ibercaja.es";"SI";"NO";"NO";19/06/2024;;
"0902000000000000000010840";"JORDI ";"Barcelona";;"609039734";"jsimodomenech@gmail.com";"NO";"NO";"SI";19/06/2024;;
"0902000000000000000020821";"MARÍA ";"Barcelona";;"639818862";"mcp1560@gmail.com";"NO";"NO";"SI";19/06/2024;;
"0902000000000000000030821";"MANEL ";"Barcelona";;"619865520";"maneltio2@gmail.com";"NO";"NO";"SI";19/06/2024;;
"0902000000000000000040807";"MARC ";"Barcelona";;"626257920";"marcbt106@gmail.com";"NO";"NO";"SI";19/06/2024;;
"0902000000000000000050803";"PEP ";"Barcelona";;"639664082";"escuderorj@gmail.com";"NO";"NO";"SI";19/06/2024;;
"0902000000000000000060811";"JOAN ";"Barcelona";;"671992110";"joanvila8@gmail.com";"NO";"NO";"SI";19/06/2024;;
"0902000000000000000070840";"MARIA MONTSERRAT ";"Barcelona";;"647045652";"m.montserrat.rc@gmail.com";"NO";"NO";"SI";19/06/2024;;
"0902000000000000000080813";"JUAN ANTONIO";"Barcelona";;"620505783";"juanherreramer@gmail.com";"NO";"NO";"SI";19/06/2024;;
"0902000000000000000090807";"JAUME";"Barcelona";;"677352490";"jaume.riba.costa@gmail.com";"NO";"NO";"SI";19/06/2024;;
"0902000000000000000100807";"MONTSERRAT";"Barcelona";;"605649587";"montsegonfaus@hotmail.com";"NO";"NO";"SI";19/06/2024;;
"0902000000000000000110824";"JOSEP";"Barcelona";;"627188007";"pepcros@hotmail.com";"NO";"NO";"SI";19/06/2024;;
"0902000000000000000120840";"MARTI ";"Barcelona";;"663837149";"caso.marti@gmail.com";"NO";"NO";"SI";19/06/2024;;
"0902000000000000000130824";"ALBERT";"Barcelona";;"610052487";"albertct79@gmail.com";"NO";"NO";"SI";19/06/2024;;
"0902000000000000000140817";"EDUARD";"Barcelona";;"602694286";"eduvirgili98@gmail.com";"NO";"NO";"SI";19/06/2024;;
"0902000000000000000151720";"BENJAMI";"Girona";;"669772219";"benjamiferrer@gmail.com";"NO";"NO";"SI";19/06/2024;;
"0902000000000000000161720";"MARTÍ";"Girona";;"687083500";"marti.espigule@gmail.com";"NO";"NO";"SI";19/06/2024;;
"0902000000000000000171702";"JOSEP MARIA";"Girona";;"609749475";"jmpoch@servicentre.es";"NO";"NO";"SI";19/06/2024;;
"0902000000000000000181702";"JORDI";"Girona";;"627947711";"jisach@gmail.com";"NO";"NO";"SI";19/06/2024;;
"0902000000000000000191719";"GUILLEM";"Girona";;"651955922";"guillemarribas@gmail.com";"NO";"NO";"SI";19/06/2024;;
"0902000000000000000201702";"JORDI";"Girona";;"676788679";"aprevens@gmail.com";"NO";"NO";"SI";19/06/2024;;
"0902000000000000000211702";"DAVID";"Girona";;"607383362";"davidbs70@yahoo.es";"NO";"NO";"SI";19/06/2024;;
"0902000000000000000221720";"MARTI";"Girona";;"616250210";"marti.gifre@hotmail.com";"NO";"NO";"SI";19/06/2024;;
"0902000000000000000230820";"JOSEP MA";"Barcelona";;"661860124";"jm@baularural.cat";"NO";"NO";"SI";19/06/2024;;
"0902000000000000000241702";"NARCÍS";"Girona";;"611466604";"consultis@agrifor.org";"NO";"NO";"SI";19/06/2024;;
"0902000000000000000251719";"LLUIS";"Girona";;"629940567";"lluisboschpuig@gmail.com";"NO";"NO";"SI";19/06/2024;;
"0902000000000000000261720";"MARC";"Girona";;"689565477";"marcbarcelocoll@gmail.com";"NO";"NO";"SI";19/06/2024;;
"0902000000000000000272533";"ALFRED";"Lleida";;"616992653";"alfred@agrollobera.com";"NO";"NO";"SI";19/06/2024;;
"0902000000000000000282533";"F.XAVIER";"Lleida";;"699701278";"xtorres59@gmail.com";"NO";"NO";"SI";19/06/2024;;
"0902000000000000000292533";"JOAN";"Lleida";;"606631304";"joancostabtt@gmail.com";"NO";"NO";"SI";19/06/2024;;
"0902000000000000000302533";"ANNA";"Lleida";;"609764602";"anna6al@hotmail.com";"NO";"NO";"SI";19/06/2024;;
"0902000000000000000312533";"JOSEP M";"Lleida";;"609757508";"morgaya@gmail.com";"NO";"NO";"SI";19/06/2024;;
"0902000000000000000322533";"XAVIER";"Lleida";;"660421999";"xminairo@gmail.com";"NO";"NO";"SI";19/06/2024;;
"0902000000000000000332533";"RAMON";"Lleida";;"650599444";"sucarratt@hotmail.com";"NO";"NO";"SI";19/06/2024;;
"0902000000000000000342533";"JOSE ANTONIO";"Lleida";;"617060219";"jnunez@agrotecnica.es";"NO";"NO";"SI";19/06/2024;;
"0902000000000000000352533";"BLAI";"Lleida";;"639849879";"blaicel@gmail.com";"NO";"NO";"SI";19/06/2024;;
"0902000000000000000362527";"XAVIER";"Lleida";;"672654481";"xgoma1@gmail.com";"NO";"NO";"SI";19/06/2024;;
"0902000000000000000372527";"JOEL";"Lleida";;"615898723";"joelpiqueespart@gmail.com";"NO";"NO";"SI";19/06/2024;;
"0902000000000000000382523";"JAUME";"Lleida";;"610748705";"jareny@uoc.edu";"NO";"NO";"SI";19/06/2024;;
"0902000000000000000392532";"JOSEP J.";"Lleida";;"606221847";"jj_domenech@hotmail.com";"NO";"NO";"SI";19/06/2024;;
"0902000000000000000402523";"MARTA";"Lleida";;"620263912";"martacoma@hotmail.com";"NO";"NO";"SI";19/06/2024;;
"0902000000000000000412523";"JAUME";"Lleida";;"618730718";"jaume.ken@gmail.com";"NO";"NO";"SI";19/06/2024;;
"0902000000000000000422525";"SILVIA";"Lleida";;"699477388";"smontagutpuiggros@gmail.com";"NO";"NO";"SI";19/06/2024;;
"0902000000000000000432525";"MARTÍ";"Lleida";;"658037583";"marti.armengol9@gmail.com";"NO";"NO";"SI";19/06/2024;;
"0902000000000000000442523";"IGNASI";"Lleida";;"646166666";"ignasi@ramalleida.com";"NO";"NO";"SI";19/06/2024;;
"0902000000000000000452535";"MARIA";"Lleida";;"687847552";"agroserveistorreta@gmail.com";"NO";"NO";"SI";19/06/2024;;
"0902000000000000000462535";"RAMON";"Lleida";;"649845206";"ramon@agromon.cat";"NO";"NO";"SI";19/06/2024;;
"0902000000000000000472533";"NOÈLIA";"Lleida";;"644357761";"noeliatecnic@gmail.com";"NO";"NO";"SI";19/06/2024;;
"0902000000000000000482533";"JESUS";"Lleida";;"670282315";"jcomelles@gmail.com";"NO";"NO";"SI";19/06/2024;;
"0902000000000000000492533";"MANUEL";"Lleida";;"696781638";"enginyerialleida@gmail.com";"NO";"NO";"SI";19/06/2024;;
"0902000000000000000502533";"DÍDAC";"Lleida";;"630730278";"agro@cerimacherries.com";"NO";"NO";"SI";19/06/2024;;
"0902000000000000000512523";"CARLA";"Lleida";;"699975477";"carlam3r@gmail.com";"NO";"NO";"SI";19/06/2024;;
"0902000000000000000522533";"MIREIA";"Lleida";;"626342102";"mireia_godia@hotmail.com";"NO";"NO";"SI";19/06/2024;;
"0902000000000000000532533";"JAIME MANUEL";"Lleida";;"679381259";"jamabase@gmail.com";"NO";"NO";"SI";19/06/2024;;
"0902000000000000000542532";"ÈLIA";"Lleida";;"684344714";"eliapereta@hotmail.com";"NO";"NO";"SI";19/06/2024;;
"0902000000000000000552527";"IRENE";"Lleida";;"622488443";"irene@agrollobera.com";"NO";"NO";"SI";19/06/2024;;
"0902000000000000000562523";"MIQUEL";"Lleida";;"662320331";"miquelsans50@gmail.com";"NO";"NO";"SI";19/06/2024;;
"0902000000000000000572527";"MARTÍ";"Lleida";;"608049805";"nabau.marti@gmail.com";"NO";"NO";"SI";19/06/2024;;
"0902000000000000000582523";"PAU";"Lleida";;"683161879";"pau.masague@gmail.com";"NO";"NO";"SI";19/06/2024;;
"0902000000000000000592533";"MANEL";"Lleida";;"629360203";"manel@progest.cat";"NO";"NO";"SI";19/06/2024;;
"0902000000000000000604316";"ELISENDA";"Tarragona";;"620753439";"ebalauder@agrifor.org";"NO";"NO";"SI";19/06/2024;;
"0902000000000000000614308";"ÀNGEL";"Tarragona";;"646748968";"asalvat.agronom@gmail.com";"NO";"NO";"SI";19/06/2024;;
"0902000000000000000624301";"JUDIT";"Tarragona";;"660615864";"jdtllenas@gmail.com";"NO";"NO";"SI";19/06/2024;;
"0902000000000000000634330";"SANTIAGO";"Tarragona";;"651304704";"gestiocamp@gmail.com";"NO";"NO";"SI";19/06/2024;;
"0902000000000000000644308";"PERE";"Tarragona";;"616018624";"perediumenge@gmail.com";"NO";"NO";"SI";19/06/2024;;
"0902000000000000000654301";"JACINT";"Tarragona";;"679254059";"jacintcasen@gmail.com";"NO";"NO";"SI";19/06/2024;;
"0902000000000000000664336";"XAVIER";"Tarragona";;"610988897";"xsentis@gencat.cat";"NO";"NO";"SI";19/06/2024;;
"0902000000000000000674322";"JOSE GABRIEL";"Tarragona";;"699951818";"beli241@hotmail.com";"NO";"NO";"SI";19/06/2024;;
"0902000000000000000684329";"RICARD";"Tarragona";;"690212003";"ricardbfes@gmail.com";"NO";"NO";"SI";19/06/2024;;
"0902000000000000000694309";"ALEX";"Tarragona";;"667742777";"alexmoralejo@gmail.com";"NO";"NO";"SI";19/06/2024;;
"0902000000000000000704330";"ALEIX";"Tarragona";;"620198208";"aayetduran@gmail.com";"NO";"NO";"SI";19/06/2024;;
"0902000000000000000714322";"XAVIER";"Tarragona";;"679795649";"agronomicebre@gmail.com";"NO";"NO";"SI";19/06/2024;;
"0902000000000000000722538";"CALBELLARDO";"Lleida";;"628800817";"albertclave@gmail.com";"NO";"NO";"SI";19/06/2024;;
"0902000000000000000730841";"DESOCARREL";"Barcelona";;"626702486";"barbaralopezbarbera@gmail.com";"NO";"NO";"SI";19/06/2024;;
"0902000000000000000740803";"PROPIETAT D´ESPIELLS S.A";"Barcelona";;"649230613";"josep.jimenez@juveycamps.com";"NO";"NO";"SI";19/06/2024;;
"0902000000000000000752533";"CUCURULL PASCUAL SA (CUPASA)";"Lleida";;"690662199";"pere@cupasa.com";"NO";"NO";"SI";19/06/2024;;
"0902000000000000000762532";"CORPORACIÓ ALIMENTÀRIA GUISSONA, SA";"Lleida";;"621237666";"tramits.agraris@bonarea.com";"NO";"NO";"SI";19/06/2024;;
"0902000000000000000772525";"AGRISA 2020 SL";"Lleida";;"607556419";"agrisa2020@gmail.com";"NO";"NO";"SI";19/06/2024;;
"0902000000000000000780803";"ESGA PENEDÈS, SL";"Barcelona";;"660982498";"esgapenedes@gmail.com";"NO";"NO";"SI";19/06/2024;;
"0902000000000000000790813";"ILLA DE GRÀCIA AGRO, S.L";"Barcelona";;"670238494";"illadegracia@illadegracia.es";"NO";"NO";"SI";19/06/2024;;
"0902000000000000000801702";"CONSULTORIA TECNICA AGRARIA S.L.";"Girona";;"607518027";"tecnics@consultorsagraris.com";"NO";"NO";"SI";19/06/2024;;
"0902000000000000000812533";"AGROXARXA S.L.U.";"Lleida";;"607308224";"dnitrogen@agroxarxa.com";"NO";"NO";"SI";19/06/2024;;
"0902000000000000000822523";"AGRUPACIÓ RAMADERS LA NOGUERA, SL";"Lleida";;"645773690";"ramadersnoguera@hotmail.com";"NO";"NO";"SI";19/06/2024;;
"0902000000000000000832535";"AGRICOLA RIGASOL, S.L.";"Lleida";;"689387311";"agricola@rigasol.cat";"NO";"NO";"SI";19/06/2024;;
"0902000000000000000842533";"RAMALLEIDA ENGINYERIA AGROAMBIENTAL, SL";"Lleida";;"629787778";"ramalleida@ramalleida.com";"NO";"NO";"SI";19/06/2024;;
"0902000000000000000852527";"AGROALSINA PLUS SL";"Lleida";;"629328743";"jordialsinaa@gmail.com";"NO";"NO";"SI";19/06/2024;;
"0902000000000000000862518";"AGROFRUTS CADET SL";"Lleida";;"639816997";"agrofruits@agrofruitscadet.com";"NO";"NO";"SI";19/06/2024;;
"0902000000000000000872533";"GUIU ASSESSORS AGRARIS, S.L.";"Lleida";;"608658856";"josepmaria@guiuassessors.es";"NO";"NO";"SI";19/06/2024;;
"0902000000000000000882533";"AGROCOMERCIAL TECNICA NUÑEZ, SL";"Lleida";;"617060219";"jnunez@agrotecnica.es";"NO";"NO";"SI";19/06/2024;;
"0902000000000000000892532";"MASCO SERVEIS AGRICOLES SL";"Lleida";;"646926889";"elia@masmasco.cat";"NO";"NO";"SI";19/06/2024;;
"0902000000000000000902535";"ENGINYERIA I INTEGRACIÓ AMBIENTAL, SLP";"Lleida";;"973481231";"dun@engiambi.com";"NO";"NO";"SI";19/06/2024;;
"0902000000000000000910835";"AGRO CONSULTORIA BARONS SL";"Barcelona";;"649551102";"agro_enginyeria@yahoo.es";"NO";"NO";"SI";19/06/2024;;
"0902000000000000000922533";"MAS EQUIP AGROASSESSOR SLU";"Lleida";;"615091197";"pere@masequipagro.com";"NO";"NO";"SI";19/06/2024;;
"0902000000000000000932533";"AGROCAUDE SLU";"Lleida";;"650210457";"agrocaude.slu@gmail.com";"NO";"NO";"SI";19/06/2024;;
"0902000000000000000944308";"AGROFOLCH SL";"Tarragona";;"661203916";"ricardfolch@agrofolch.cat";"NO";"NO";"SI";19/06/2024;;
"0902000000000000000954336";"VIDAL FARMER SL";"Tarragona";;"699510657";"vidalfarmer@gmail.com";"NO";"NO";"SI";19/06/2024;;
"0902000000000000000964309";"AGROSERVEIS CAT, SL";"Tarragona";;"691115559";"agroserveis.cat@agroserveiscat.com";"NO";"NO";"SI";19/06/2024;;
"0902000000000000000974309";"EBRECULTIUS";"Tarragona";;"977481413";"departamenttecnic@ebrecultius.com";"NO";"NO";"SI";19/06/2024;;
"0902000000000000000984308";"ASOLGRUP ENGINYERS, SLP";"Tarragona";;"667694702";"ricard@asolgrup.com";"NO";"NO";"SI";19/06/2024;;
"0902000000000000000994322";"EBRE ITEAF, S.L.";"Tarragona";;"638859108";"info@ebreiteaf.com";"NO";"NO";"SI";19/06/2024;;
"0902000000000000001004322";"AGROFERT DELTA SL";"Tarragona";;"670699081";"tecnic@agrodelta.es";"NO";"NO";"SI";19/06/2024;;
"0902000000000000001014309";"VIDIELLA CONSULTORIA EMPRESARIAL S.L.P";"Tarragona";;"623049722";"heribert@vidiella.com";"NO";"NO";"SI";19/06/2024;;
"0902000000000000001021734";"BIOTANICA, S.L.";"Girona";;"636893361";"teia@biotanica.cat";"NO";"NO";"SI";19/06/2024;;
"0902000000000000001030824";"POUS I CROS AGROCONSULTORS, SLP";"Barcelona";;"606950953";"pcagroconsultors@gmail.com";"NO";"NO";"SI";19/06/2024;;
"0902000000000000001041703";"AGROASSESSOR CONSULTORS TÈCNICS, SL";"Girona";;"972538637";"info@agroassessor.com";"NO";"NO";"SI";19/06/2024;;
"0902000000000000001051702";"GLUMAAGRO ASSESSORAMENT AGRÍCOLA SL";"Girona";;"630058639";"carles@glumaagro.com";"NO";"NO";"SI";19/06/2024;;
"0902000000000000001074322";"EXPLOTACIONS I SERVEIS AGRÍCOLES NOVA FRUITS, S.L.";"Tarragona";;"977718630";"dep.tecnic@agroige.com";"NO";"NO";"SI";19/06/2024;;
"0902000000000000001084330";"MÓN AGROTÈCNIC, SLPU";"Tarragona";;"687496166";"agrari@mon-agrotecnic.cat";"NO";"NO";"SI";19/06/2024;;
"0902000000000000001094330";"LABOREA AGRO CONSULTORS I SERVEIS SL";"Tarragona";;"636355408";"laborea.adriana@gmail.com";"NO";"NO";"SI";19/06/2024;;
"0902000000000000001100843";"GRANS DEL LLUÇANÈS SL";"Barcelona";;"938129011";"laura@gransllusanes.com";"NO";"NO";"SI";19/06/2024;;
"0902000000000000001112533";"DOMUS CATALUÑA SL";"Lleida";;"690030131";"albert@domuscat.com";"NO";"NO";"SI";19/06/2024;;
"0902000000000000001120803";"TECNICS ASSESSORS AGROINDUSTRIALS";"Barcelona";;"679499426";"montsebas@agroindustrials.cat";"NO";"NO";"SI";19/06/2024;;
"0902000000000000001130824";"GIRBAU CONSULTING, SLP";"Barcelona";;"938541169";"sergi@girbauconsulting.com";"NO";"NO";"SI";19/06/2024;;
"0902000000000000001140814";"CONSULTORIA AGRÀRIA DEL BERGUEDÀ, S.L.";"Barcelona";;"938214124";"agroconsulta@agroconsulta.net";"NO";"NO";"SI";19/06/2024;;
"0902000000000000001150807";"GRUP SOLUCIONS MANRESA SLU";"Barcelona";;"626547693";"cristinaalcaide@solucions.cat";"NO";"NO";"SI";19/06/2024;;
"0902000000000000001160803";"LANDGEST ENGINYERS, SLP";"Barcelona";;"938199482";"josepsabate@landgest.com";"NO";"NO";"SI";19/06/2024;;
"0902000000000000001170807";"ECOFANDOS,SL";"Barcelona";;"617412883";"otilia@ecofandos.com";"NO";"NO";"SI";19/06/2024;;
"0902000000000000001180824";"FAR CONSULTORS S.L.L.";"Barcelona";;"658664963";"far@farconsultors.com";"NO";"NO";"SI";19/06/2024;;
"0902000000000000001204301";"GESTCAMP ASSESSORS SLU";"Tarragona";;"630773788";"gestcamp.assessors@gmail.com";"NO";"NO";"SI";19/06/2024;;
"0902000000000000001211720";"BIOACCIÓ SL";"Girona";;"693003039";"judith@bioaccio.com";"NO";"NO";"SI";19/06/2024;;
"0902000000000000001222527";"FRUTAS DE L'URGELL SCCL";"Lleida";;"673010235";"adv@nufri.com";"NO";"NO";"SI";19/06/2024;;
"0902000000000000001230824";"AGRÀRIA PLANA DE VIC I SECCIÓ DE CRÈDIT SCCL";"Barcelona";;"607735385";"ppares@planadevic.cat";"NO";"NO";"SI";19/06/2024;;
"0902000000000000001240841";"AGRARIA DEL VALLES SCCL";"Barcelona";;"649876191";"alfons.martinez@agrariavalles.coop";"NO";"NO";"SI";19/06/2024;;
"0902000000000000001252518";"CAMP DE BOVERA, SCCL";"Lleida";;"973133143";"coop.bovera@ordelterme.com";"NO";"NO";"SI";19/06/2024;;
"0902000000000000001262518";"COOPERATIVA LA GRANADELLA I SECCIÓ DE CRÈDIT SANT ANTONI ABAD, SCCL";"Lleida";;"973133012";"sguiu@aceitedegustus.es";"NO";"NO";"SI";19/06/2024;;
"0902000000000000001272526";"AGRÀRIA I RAMADERA DEL PALLARS DE SORT SCCL";"Lleida";;"973620213";"sort@cooppallars.com";"NO";"NO";"SI";19/06/2024;;
"0902000000000000001282518";"CAMP I SECCIO DE CREDIT DELS TORMS SCCL";"Lleida";;"609737363";"cooperativa@elstorms.cat";"NO";"NO";"SI";19/06/2024;;
"0902000000000000001292518";"AGRARIA ESPLUGUENCA SCCL";"Lleida";;"973156013";"info@olisdesplugacalba.com";"NO";"NO";"SI";19/06/2024;;
"0902000000000000001304323";"AGROPECUÀRIA D'ARTESA DE SEGRE, SCCL";"Tarragona";;"973400098";"angels@coopartesa.com";"NO";"NO";"SI";19/06/2024;;
"0902000000000000001312533";"TRECOOP FRUITES, SCCL";"Lleida";;"630759420";"tecnic@trecoop.com";"NO";"NO";"SI";19/06/2024;;
"0902000000000000001322533";"SEGRE FRUITS I SECCIÓ DE CREDIT, SCCL";"Lleida";;"973790169";"promocioagraria@fruitsponent.com";"NO";"NO";"SI";19/06/2024;;
"0902000000000000001332533";"S.A.T Nº 9552 LA MORENETA LTDA.";"Lleida";;"973790125";"tecnico@satlamoreneta.com";"NO";"NO";"SI";19/06/2024;;
"0902000000000000001342523";"AGRÀRIA LLOBREGOS, SCCL";"Lleida";;"973790169";"promocioagraria@fruitsponent.com";"NO";"NO";"SI";19/06/2024;;
"0902000000000000001354322";"CAMBRA ARROSSERA DEL MONTSIA SCAC I SCRL";"Tarragona";;"689232627";"otc.tecnic.agr@lacamara.es";"NO";"NO";"SI";19/06/2024;;
"0902000000000000001364308";"AGRÍCOLA I SECCIÓ DE CRÈDIT DE LLORENÇ DEL PENEDÈS, SCCL";"Tarragona";;"977677022";"ana@coopllorens.com";"NO";"NO";"SI";19/06/2024;;
"0902000000000000001374301";"SOCIETAT AGRICOLA I SECCIO DE CREDIT DE VALLS SCCL";"Tarragona";;"977600521";"info@coopvalls.cat";"NO";"NO";"SI";19/06/2024;;
"0902000000000000001384337";"AGRÍCOLA I SECCIÓ DE CRÈDIT TERRA ALTA SCCL";"Tarragona";;"977439765";"info@caterra.es";"NO";"NO";"SI";19/06/2024;;
"0902000000000000001394309";"ARROSSAIRES DEL DELTA DE L'EBRE I SECCIÓ DE CRÈDIT, SCCL";"Tarragona";;"977487777";"marti.casanova@arrossaires.com";"NO";"NO";"SI";19/06/2024;;
"0902000000000000001404312";"CEVIPE GRUP COOPERATIU, SCCL";"Tarragona";;"977670055";"albertmateu@cevipe.coop";"NO";"NO";"SI";19/06/2024;;
"0902000000000000001414322";"AGRICOLA DEL CAMP SANTA BARBARA SCCL";"Tarragona";;"649888903";"pau@grusco.net";"NO";"NO";"SI";19/06/2024;;
"0902000000000000001424308";"CRISOL DE FRUTOS SECOS S.A.T.";"Tarragona";;"977300510";"info@crisolfs.com";"NO";"NO";"SI";19/06/2024;;
"0902000000000000001434308";"ARBORETO S.A.T. LTDA";"Tarragona";;"977313262";"info@sat-arboreto.com";"NO";"NO";"SI";19/06/2024;;
"0902000000000000001440824";"AGRÀRIA DE TORELLÓ SCCL";"Barcelona";;"602253021";"mediambient@agrariatorello.cat";"NO";"NO";"SI";19/06/2024;;
"0902000000000000001450821";"AGRARIA LA BAIXA TORDERA S.C.C.L";"Barcelona";;"937640043";"dun@cooptordera.cat";"NO";"NO";"SI";19/06/2024;;
"0902000000000000001460813";"INSTITUT AGRÍCOLA CATALA DE SANT ISIDRE";"Barcelona";;"933011636";"director.tecnic@institutagricola.org";"NO";"NO";"SI";19/06/2024;;
"0902000000000000001471720";"ASSOCIACIÓ DE RAMADERS I AGRICULTORS DE LES COMARQUES GIRONINES (ARACGI)";"Girona";;"692214382";"pau@aracgi.com";"NO";"NO";"SI";19/06/2024;;
"0902000000000000001482533";"ASSOCIACIÓ D'EMPRESARIS AGRARIS DE LLEIDA";"Lleida";;"619964785";"asajalleida@gmail.com";"NO";"NO";"SI";19/06/2024;;
"0902000000000000001494308";"AGRÍCOLA I SECCIÓ DE CRÈDIT DE LA SELVA DEL CAMP - COSELVA";"Tarragona";;"639689977";"jroig@coselva.com";"NO";"NO";"SI";19/06/2024;;
"0902000000000000001504322";"ASAJA TARRAGONA";"Tarragona";;"977706564";"asajatec@hotmail.com";"NO";"NO";"SI";19/06/2024;;
"0902000000000000001510841";"ASAJA BARCELONA";"Barcelona";;"625105218";"asajabcn@asaja-amfar.com";"NO";"NO";"SI";19/06/2024;;
"0902000000000000001520821";"FEDERACIÓ SELMAR";"Barcelona";;"639344479";"selmar@federacioselmar.com";"NO";"NO";"SI";19/06/2024;;
"0902000000000000001531715";"RUSTICARUM CONSULTIS, SCP";"Girona";;"649410307";"rusticarum.consultis@gmail.com";"NO";"NO";"SI";19/06/2024;;
"0902000000000000001540807";"AGROPECUARIA CASASAYAS SCP";"Barcelona";;"698664432";"agrolesarnaules@gmail.com";"NO";"NO";"SI";19/06/2024;;
"0902000000000000001550841";"INSTITUT DE RECERCA I TECNOLOGIA AGROALIMENTÀRIES";"Barcelona";;"637346908";"jordi.safont@irta.cat";"NO";"NO";"SI";19/06/2024;;
"0902000000000000001562538";"SAT TORNAFRUIT";"Lleida";;"680316364";"tecnic@tornafruit.com";"NO";"NO";"SI";19/06/2024;;
"0902000000000000001572533";"SAT PLA D'ESCARP";"Lleida";;"650449871";"xaviturmo@pladescarp.com";"NO";"NO";"SI";19/06/2024;;
"0902000000000000001582533";"LA CLAMO, SAT 1247";"Lleida";;"661549299";"qualitat@laclamo.cat";"NO";"NO";"SI";19/06/2024;;
"0902000000000000001590803";"COVIDES SCCL";"Barcelona";;"671500144";"adv@covides.com";"NO";"NO";"SI";19/06/2024;;
"0902000000000000001600821";"ADV BAIX MARESME";"Barcelona";;"607851876";"adv.baixmaresme@gmail.com";"NO";"NO";"SI";19/06/2024;;
"0902000000000000001610821";"ADV ALT MARESME";"Barcelona";;"629764134";"arinojordi@gmail.com";"NO";"NO";"SI";19/06/2024;;
"0902000000000000001620821";"ADV FLORAGRUP MERCAT";"Barcelona";;"626702486";"adv@mercatflor.cat";"NO";"NO";"SI";19/06/2024;;
"0902000000000000001630821";"CORMA, S.C.C.L.";"Barcelona";;"682336653";"esola@corma.es";"NO";"NO";"SI";19/06/2024;;
"0902000000000000001640811";"ADV D'HORTA DEL BAIX LLOBREGAT";"Barcelona";;"653833330";"advhortabll@gmail.com";"NO";"NO";"SI";19/06/2024;;
"0902000000000000001650821";"ADV ASSOCIACIÓ D'AGRICULTORS VIVERISTES DE BARCELONA";"Barcelona";;"615361706";"pol@viveristesbarcelona.cat";"NO";"NO";"SI";19/06/2024;;
"0902000000000000001660821";"ADV PROGRÈS-GARBÍ";"Barcelona";;"667720753";"jordi@progresgarbi.com";"NO";"NO";"SI";19/06/2024;;
"0902000000000000001670821";"ADV SANTA SUSANNA (FEDERACIÓ SELMAR)";"Barcelona";;"650672020";"selmar@federacioselmar.com";"NO";"NO";"SI";19/06/2024;;
"0902000000000000001680811";"ADV FRUITA DEL BAIX LLOBREGAT";"Barcelona";;"676611427";"tecnic@fruitsdelbaix.cat";"NO";"NO";"SI";19/06/2024;;
"0902000000000000001690806";"ADV FRUITA DOLÇA DE L'ALT PENEDÈS";"Barcelona";;"616383205";"advfruitapenedes@gmail.com";"NO";"NO";"SI";19/06/2024;;
"0902000000000000001700821";"ADV CONCA DE LA TORDERA";"Barcelona";;"663020015";"angel@concadelatordera.com";"NO";"NO";"SI";19/06/2024;;
"0902000000000000001710803";"ADV SANT LLORENÇ-PENEDÈS SUPERIOR";"Barcelona";;"620728237";"adv.vinya@gmail.com";"NO";"NO";"SI";19/06/2024;;
"0902000000000000001720803";"ADV SANT MARTÍ-PENEDÈS SUPERIOR";"Barcelona";;"680803455";"advsantmarti@gmail.com";"NO";"NO";"SI";19/06/2024;;
"0902000000000000001730803";"ASSOCIACIÓ DE VITICULTORS DEL PENEDÈS";"Barcelona";;"938171016";"viticultors@viticultorspenedes.org";"NO";"NO";"SI";19/06/2024;;
"0902000000000000001740803";"CELLER COOPERATIU I SECCIÓ DE CRÈDIT LA GRANADA, SCCL";"Barcelona";;"610460771";"jmvernet@cellerlagranada.com";"NO";"NO";"SI";19/06/2024;;
"0902000000000000001752535";"ASSOCIACIÓ AGRUPACIÓ DEFENSA VEGETAL PIRINEU";"Lleida";;"687847552";"advpirineu@gmail.com";"NO";"NO";"SI";19/06/2024;;
"0902000000000000001760821";"ADV HORTA LLEVANT";"Barcelona";;"606358587";"advhortallevant@gmail.com";"NO";"NO";"SI";19/06/2024;;
"0902000000000000001770807";"ADV DEL BAGES I CATALUNYA CENTRAL";"Barcelona";;"626702486";"barbaralopezbarbera@gmail.com";"NO";"NO";"SI";19/06/2024;;
"0902000000000000001781720";"ASSOCIACIÓ DE VIVERISTES DE GIRONA - ADV";"Girona";;"972494220";"info@viveristesdegirona.com";"NO";"NO";"SI";19/06/2024;;
"0902000000000000001791702";"ADV VINYATERS DE PAU";"Girona";;"607588244";"viticultura@empordalia.com";"NO";"NO";"SI";19/06/2024;;
"0902000000000000001801702";"ADV FRUCTÍCOLA EMPORDÀ";"Girona";;"676068386";"pcombis@empordasl.com";"NO";"NO";"SI";19/06/2024;;
"0902000000000000001811720";"GIRONA FRUITS";"Girona";;"639326212";"tecnicsgf@gironafruits.com";"NO";"NO";"SI";19/06/2024;;
"0902000000000000001821710";"ADV ARRÒS DE PALS";"Girona";;"685994395";"advarrospals@gmail.com";"NO";"NO";"SI";19/06/2024;;
"0902000000000000001831702";"COOPERATIVA AGRÍCOLA CASTELLÓ D'EMPÚRIES SCCL";"Girona";;"688317287";"cooperativacastello@gmail.com";"NO";"NO";"SI";19/06/2024;;
"0902000000000000001841734";"ADV LA SELVA";"Girona";;"609164408";"selmar@federacioselmar.com";"NO";"NO";"SI";19/06/2024;;
"0902000000000000001851710";"COOPERATIVA DE PRODUCTORS DE CONREUS EXTENSIUS DE GIRONA";"Girona";;"630058639";"tecnic@apcegi.com";"NO";"NO";"SI";19/06/2024;;
"0902000000000000001861728";"COOPERATIVA AGRICOLA BANYOLES SCCL";"Girona";;"972570452";"anabel@cabanyoles.com";"NO";"NO";"SI";19/06/2024;;
"0902000000000000001871702";"ADV DO EMPORDÀ";"Girona";;"972507513";"info@doemporda.cat";"NO";"NO";"SI";19/06/2024;;
"0902000000000000001881702";"ADV FLORENCI";"Girona";;"689894002";"tecnic@florencifruits.com";"NO";"NO";"SI";19/06/2024;;
"0902000000000000001892527";"AGRÀRIA DE MIRALCAMP, SCCL";"Lleida";;"662372267";"ramon@agrariademiralcamp.com";"NO";"NO";"SI";19/06/2024;;
"0902000000000000001902527";"COOPERATIVA IVARS SCCL";"Lleida";;"652095917";"mribalta@coopivars.coop";"NO";"NO";"SI";19/06/2024;;
"0902000000000000001912533";"AGRARIA PROGRESSIVA BENAVENT-PORTELLA SCCL";"Lleida";;"973777032";"albertgorgues@agrariaprogresiva.com";"NO";"NO";"SI";19/06/2024;;
"0902000000000000001922518";"COOPERATIVA DE SANT ISIDRE DE LES BORGES BLANQUES";"Lleida";;"676155126";"tecnic@terrall.es";"NO";"NO";"SI";19/06/2024;;
"0902000000000000001932533";"AGROPECUARIA DE SOSES SCCL";"Lleida";;"620309262";"sonia@coopsoses.cat";"NO";"NO";"SI";19/06/2024;;
"0902000000000000001942533";"CAMP D'ALCARRÀS I SECCIÓ DE CRÈDIT, SCCL";"Lleida";;"973790169";"promocioagraria@fruitsponent.com";"NO";"NO";"SI";19/06/2024;;
"0902000000000000001952518";"AGRÀRIA I SECCIÓ DE CRÈDIT LA BORGENCA, SCCL";"Lleida";;"649185451";"jvall@laborgenca.cat";"NO";"NO";"SI";19/06/2024;;
"0902000000000000001962538";"A.D.V VALLS DEL CORB";"Lleida";;"639344025";"advvallsdelcorb@gmail.com";"NO";"NO";"SI";19/06/2024;;
"0902000000000000001972527";"LINYOLA AGROPECUÀRIA I SECCIÓ DE CRÈDIT SCCL";"Lleida";;"672175109";"briera@cooplinyola.com";"NO";"NO";"SI";19/06/2024;;
"0902000000000000001982527";"AGROPECUÀRIA I SECCIÓ DE CRÈDIT VERGE DE LES SOGUES DE BELLVIS, SCCL";"Lleida";;"973565138";"cserrano@coopbellvis.com";"NO";"NO";"SI";19/06/2024;;
"0902000000000000001992527";"FOMENT AGRÍCOLA LES PLANES S.C.C.L";"Lleida";;"973170011";"adv@falesplanes.org";"NO";"NO";"SI";19/06/2024;;
"0902000000000000002002523";"CAMP I SECCIÓ DE CRÈDIT SANT ISIDRE DE BELLCAIRE D’URGELL, SCCL";"Lleida";;"620280655";"jordifabregatm@hotmail.com";"NO";"NO";"SI";19/06/2024;;
"0902000000000000002012533";"AGRÍCOLA D'ALBATÀRREC, SCCL";"Lleida";;"659477877";"tecnic@agal.es";"NO";"NO";"SI";19/06/2024;;
"0902000000000000002022527";"AGRÀRIA SANT ROC DEL PALAU D'ANGLESOLA SCCL";"Lleida";;"973601315";"coop-santroc@telefonica.net";"NO";"NO";"SI";19/06/2024;;
"0902000000000000002032533";"FRUITS D'ALFARRÀS SCCL";"Lleida";;"973760461";"fruitsdalfarras@gmail.com";"NO";"NO";"SI";19/06/2024;;
"0902000000000000002042504";"PIRENAICA SCCL";"Lleida";;"649343357";"pire.regs@coopirenaica.com";"NO";"NO";"SI";19/06/2024;;
"0902000000000000002052533";"ACTEL, S.C.C.L.";"Lleida";;"639606196";"qie@actel.es";"NO";"NO";"SI";19/06/2024;;
"0902000000000000002062533";"FRUTERA SEGRIÀ, S.C.C.L.";"Lleida";;"623003321";"cofruse@hotmail.com";"NO";"NO";"SI";19/06/2024;;
"0902000000000000002072527";"S.A.T 1596 NUFRI";"Lleida";;"673010235";"adv@nufri.com";"NO";"NO";"SI";19/06/2024;;
"0902000000000000002082533";"ADV DE PRODUCCIÓ ECOLÒGICA DE PONENT";"Lleida";;"651980144";"advecologicaponent@gmail.com";"NO";"NO";"SI";19/06/2024;;
"0902000000000000002092527";"COOPERATIVA DEL CAMP SANT MIQUEL";"Lleida";;"607494123";"tecnic@santmiquel.net;cristina@santmiquel.net";"NO";"NO";"SI";19/06/2024;;
"0902000000000000002102533";"ADV PLA DE LLEIDA";"Lleida";;"648985328";"advpladelleida@gmail.com";"NO";"NO";"SI";19/06/2024;;
"0902000000000000002112533";"ADV CULTIUS DE LLEIDA";"Lleida";;"649858322";"noemi@agromodol.com";"NO";"NO";"SI";19/06/2024;;
"0902000000000000002122523";"ADV FRUITERS DEL SEGRE";"Lleida";;"622488443";"advfruitersdelsegre@gmail.com";"NO";"NO";"SI";19/06/2024;;
"0902000000000000002132533";"ADV RAIMAT";"Lleida";;"621014474";"adv.raimat@gmail.com";"NO";"NO";"SI";19/06/2024;;
"0902000000000000002142533";"FRUITONA";"Lleida";;"685990799";"tecnicfruitona@hotmail.com";"NO";"NO";"SI";19/06/2024;;
"0902000000000000002152527";"ADV ASSESSORAMENT I QUALITAT";"Lleida";;"629328743";"assessoramentiqualitat@gmail.com";"NO";"NO";"SI";19/06/2024;;
"0902000000000000002162525";"ADV PREPIRINEU-PONENT";"Lleida";;"607556419";"advprepirineu@gmail.com";"NO";"NO";"SI";19/06/2024;;
"0902000000000000002172533";"ADV ASSESSORAMENT INTEGRAL AGRARI";"Lleida";;"602255259";"info@miarnau.cat";"NO";"NO";"SI";19/06/2024;;
"0902000000000000002182518";"ADV AGROBORGES";"Lleida";;"679357031";"apeitx@agroborges.com";"NO";"NO";"SI";19/06/2024;;
"0902000000000000002192533";"AGROSERVEIS D’ALMACELLES SCCL";"Lleida";;"634033106";"angel.agroserveis@gmail.com";"NO";"NO";"SI";19/06/2024;;
"0902000000000000002202533";"FRUITS DE PONENT, SCCL";"Lleida";;"973790169";"mnart@fruitsponent.com";"NO";"NO";"SI";19/06/2024;;
"0902000000000000002212518";"FRUITS SECS DE LES GARRIGUES SCCL";"Lleida";;"653852344";"maials@fsecsgarrigues.com";"NO";"NO";"SI";19/06/2024;;
"0902000000000000002224316";"ADV VITICULTORS DE LA CONCA";"Tarragona";;"660767905";"advconca@gmail.com";"NO";"NO";"SI";19/06/2024;;
"0902000000000000002232533";"FRUTAITO SAT 9904";"Lleida";;"973794024";"noeliatecnic@gmail.com";"NO";"NO";"SI";19/06/2024;;
"0902000000000000002244312";"ADV BAIX PENEDES-GARRAF";"Tarragona";;"607247756";"jmemj@hotmail.com";"NO";"NO";"SI";19/06/2024;;
"0902000000000000002254308";"L AVELLANERA I SECCIO DE CREDIT SCCL";"Tarragona";;"977844274";"dun@infrusec.com";"NO";"NO";"SI";19/06/2024;;
"0902000000000000002264301";"ADV DE VITICULTORS DE L'ALT CAMP";"Tarragona";;"630609101";"advvitaltcamp@gmail.com";"NO";"NO";"SI";19/06/2024;;
"0902000000000000002274308";"ADV AVELLANES DE CATALUNYA NOVA";"Tarragona";;"977850036";"csolano@sat-arboreto.com";"NO";"NO";"SI";19/06/2024;;
"0902000000000000002284308";"ADV INTERCOOPERATIVA CAMBRILS";"Tarragona";;"684415575";"adv@coopcambrils.com";"NO";"NO";"SI";19/06/2024;;
"0902000000000000002294316";"VINÍCOLA DE SARRAL I SECCIÓ DE CRÈDIT, COVISAL, SCCL";"Tarragona";;"645873941";"cavaportell@gmail.com";"NO";"NO";"SI";19/06/2024;;
"0902000000000000002304301";"ADV MARGES DEL GAIÀ";"Tarragona";;"621186525";"advmargesdelgaia@gmail.com";"NO";"NO";"SI";19/06/2024;;
"0902000000000000002314316";"AGROPECUARIA COPERAL SCCL";"Tarragona";;"977880703";"putxi_x@yahoo.es";"NO";"NO";"SI";19/06/2024;;
"0902000000000000002324301";"CELLER COOPERATIU I SECCIÓ DE CRÈDIT DE VILA-RODONA S.C.C.L";"Tarragona";;"630609101";"adv@copvilar.com";"NO";"NO";"SI";19/06/2024;;
"0902000000000000002334322";"EXPORTADORA D'AGRIS D'ALCANAR SCCL";"Tarragona";;"687375031";"tecnics@copalca.com";"NO";"NO";"SI";19/06/2024;;
"0902000000000000002344337";"ADV DO TERRA ALTA";"Tarragona";;"648058425";"tecnic@doterraalta.cat";"NO";"NO";"SI";19/06/2024;;
"0902000000000000002354309";"ADV PER AL CONTROL DE LA MOSCA DE L'OLIVA AL BAIX EBRE I MONTSIÀ";"Tarragona";;"977446015";"advmoscaolivera@gmail.com";"NO";"NO";"SI";19/06/2024;;
"0902000000000000002364309";"SOLDEBRE SCCL";"Tarragona";;"663855698";"jgisbert@soldebre.es";"NO";"NO";"SI";19/06/2024;;
"0902000000000000002374309";"ADV CITRICS TERRES DE L'EBRE";"Tarragona";;"625117558";"amartinez@citricsterresdelebre.com";"NO";"NO";"SI";19/06/2024;;
"0902000000000000002392525";"ADRIÀ";"Lleida";;"682299938";"adriavr2050@gmail.com";"NO";"NO";"SI";28/02/2025;28/02/2025;
"0902000000000000002404308";"ADV AVELLANA I CULTIUS MEDITERRANIS";"Tarragona";;"685110777";"advavellana@uniopagesos.cat";"NO";"NO";"SI";28/02/2025;28/02/2025;
"0902000000000000002412533";"ADV CULTIUS DE LA TERRA FERMA";"Lleida";;"686387808";"cultiusdelaterraferma@gmail.com";"NO";"NO";"SI";28/02/2025;28/02/2025;
"0902000000000000002422533";"AGROILERSIS, S.C.C.L.";"Lleida";;"638319510";"rarrufat@ilersis.org";"NO";"NO";"SI";28/02/2025;28/02/2025;
"0902000000000000002432533";"AGROMODOL";"Lleida";;"639441547";"jordi@agromodol.com";"NO";"NO";"SI";28/02/2025;28/02/2025;
"0902000000000000002444308";"AGRORESA23 S.L.U.";"Tarragona";;"672500900";"agroresa23@gmail.com";"NO";"NO";"SI";28/02/2025;28/02/2025;
"0902000000000000002452533";"ADV DE PRODUCCIÓ ECOLÒGICA DE PONENT";"Lleida";;"651980144";"advecologicaponent@gmail.com";"NO";"NO";"SI";28/02/2025;28/02/2025;
"0902000000000000002464330";"AITANA";"Tarragona";;"680862338";"apinyolfreixes@gmail.com";"NO";"NO";"SI";28/02/2025;28/02/2025;
"0902000000000000002472525";"ALMUDENA";"Lleida";;"686438082";"harley-pallars@hotmail.com";"NO";"NO";"SI";28/02/2025;28/02/2025;
"0902000000000000002484322";"ANTONIO JOSE";"Tarragona";;"639387108";"citricsreverter@gmail.com";"NO";"NO";"SI";28/02/2025;28/02/2025;
"0902000000000000002494336";"ANTONIO";"Tarragona";;"629911440";"atorrell78@gmail.com";"NO";"NO";"SI";28/02/2025;28/02/2025;
"0902000000000000002500817";"AURELI";"Barcelona";;"627469359";"carnicercrous@gmail.com";"NO";"NO";"SI";28/02/2025;28/02/2025;
"0902000000000000002510813";"BERNARDO";"Barcelona";;"658935040";"bdeberna@gmail.com";"NO";"NO";"SI";28/02/2025;28/02/2025;
"0902000000000000002520821";"CELLER QUIM BATLLE";"Barcelona";;"617412739";"jardinsjbatlle@gmail.com";"NO";"NO";"SI";28/02/2025;28/02/2025;
"0902000000000000002534322";"COMERCIAL MATAMOROS";"Tarragona";;"608515437";"info@comercialmatamoros.com";"NO";"NO";"SI";28/02/2025;28/02/2025;
"0902000000000000002540821";"ADV CONCA DE LA TORDERA SCCL";"Barcelona";;"663020015";"angel@concadelatordera.com";"NO";"NO";"SI";28/02/2025;28/02/2025;
"0902000000000000002554337";"ELISABET";"Tarragona";;"665999490";"earlandes@gmail.com";"NO";"NO";"SI";28/02/2025;28/02/2025;
"0902000000000000002562527";"EMILI";"Lleida";;"639816900";"emili@nousdepalau.com";"NO";"NO";"SI";28/02/2025;28/02/2025;
"0902000000000000002570824";"ENTIASA, SLPU";"Barcelona";;"621258393";"entiasa@gmail.com";"NO";"NO";"SI";28/02/2025;28/02/2025;
"0902000000000000002581720";"ESTEL";"Girona";;"686249441";"estelcamps2@gmail.com";"NO";"NO";"SI";28/02/2025;28/02/2025;
"0902000000000000002591702";"F XAVIER";"Girona";;"639183751";"xsenginyeria@gmail.com";"NO";"NO";"SI";28/02/2025;28/02/2025;
"0902000000000000002601728";"FÉLIX";"Girona";;"679719575";"fefecas@agrifor.org";"NO";"NO";"SI";28/02/2025;28/02/2025;
"0902000000000000002614337";"FRANCISCO";"Tarragona";;"666208170";"siscoblanch@gmail.com";"NO";"NO";"SI";28/02/2025;28/02/2025;
"0902000000000000002622518";"GUILLEM";"Lleida";;"676716355";"guillebj1@gmail.com";"NO";"NO";"SI";28/02/2025;28/02/2025;
"0902000000000000002632533";"JOAN";"Lleida";;"674009567";"joanteresf@gmail.com";"NO";"NO";"SI";28/02/2025;28/02/2025;
"0902000000000000002641702";"JORDI";"Girona";;"689347360";"santjordi@yahoo.es";"NO";"NO";"SI";28/02/2025;28/02/2025;
"0902000000000000002652533";"JORDI";"Lleida";;"616963364";"jferreb@gencat.cat";"NO";"NO";"SI";28/02/2025;28/02/2025;
"0902000000000000002660813";"JORDI";"Barcelona";;"689460905";"soleraaa@hotmail.com";"NO";"NO";"SI";28/02/2025;28/02/2025;
"0902000000000000002694309";"ROC";"Tarragona";;"660240704";"rlluistarga@gmail.com";"NO";"NO";"SI";28/02/2025;28/02/2025;
"0902000000000000002704333";"SALOMÉ";"Tarragona";;"611022613";"camp@pacfruit.es";"NO";"NO";"SI";28/02/2025;28/02/2025;
"0902000000000000002712533";"SANTIAGO";"Lleida";;"627481025";"santiago.planas@agronoms.cat";"NO";"NO";"SI";28/02/2025;28/02/2025;
"0902000000000000002810824";"NEXES EIX AMBIENTAL, S.L.U.";"Barcelona";;"609724696";"gemma@nexesconsultoria.com";"NO";"NO";"SI";28/02/2025;28/02/2025;
"09020002100000000300000000062500";"0003-CAIXABANK";"Lleida";;"649208146";"ctermens@caixabank.com";"SI";"SI";"NO";19/06/2024;;
"09020002100000000400000000062500";"0004-CAIXABANK";"Lleida";;"649208146";"ctermens@caixabank.com";"SI";"SI";"NO";19/06/2024;;
"09020002100000000600000000064300";"0006-CAIXABANK";"Tarragona";;"649208146";"ctermens@caixabank.com";"SI";"SI";"NO";19/06/2024;;
"09020002100000001000000000064300";"0010-CAIXABANK";"Tarragona";;"649208146";"ctermens@caixabank.com";"SI";"SI";"NO";19/06/2024;;
"09020002100000001200000000062500";"0012-CAIXABANK";"Lleida";;"649208146";"ctermens@caixabank.com";"SI";"SI";"NO";19/06/2024;;
"09020002100000001600000000062500";"0016-CAIXABANK";"Lleida";;"649208146";"ctermens@caixabank.com";"SI";"SI";"NO";19/06/2024;;
"09020002100000001800000000062500";"0018-CAIXABANK";"Lleida";;"649208146";"ctermens@caixabank.com";"SI";"SI";"NO";19/06/2024;;
"09020002100000001900000000064300";"0019-CAIXABANK";"Tarragona";;"649208146";"ctermens@caixabank.com";"SI";"SI";"NO";19/06/2024;;
"09020002100000002100000000064300";"0021-CAIXABANK";"Tarragona";;"649208146";"ctermens@caixabank.com";"SI";"SI";"NO";19/06/2024;;
"09020002100000003000000000062500";"0030-CAIXABANK";"Lleida";;"649208146";"ctermens@caixabank.com";"SI";"SI";"NO";19/06/2024;;
"09020002100000004300000000062500";"0043-CAIXABANK";"Lleida";;"649208146";"ctermens@caixabank.com";"SI";"SI";"NO";19/06/2024;;
"09020002100000006500000000064300";"0065-CAIXABANK";"Tarragona";;"649208146";"ctermens@caixabank.com";"SI";"SI";"NO";19/06/2024;;
"09020002100000006600000000062500";"0066-CAIXABANK";"Lleida";;"649208146";"ctermens@caixabank.com";"SI";"SI";"NO";19/06/2024;;
"09020002100000006800000000064300";"0068-CAIXABANK";"Tarragona";;"649208146";"ctermens@caixabank.com";"SI";"SI";"NO";19/06/2024;;
"09020002100000008000000000062500";"0080-CAIXABANK";"Lleida";;"649208146";"ctermens@caixabank.com";"SI";"SI";"NO";19/06/2024;;
"09020002100000008100000000062500";"0081-CAIXABANK";"Lleida";;"649208146";"ctermens@caixabank.com";"SI";"SI";"NO";19/06/2024;;
"09020002100000008200000000064300";"0082-CAIXABANK";"Tarragona";;"649208146";"ctermens@caixabank.com";"SI";"SI";"NO";19/06/2024;;
"09020002100000008400000000062500";"0084-CAIXABANK";"Lleida";;"649208146";"ctermens@caixabank.com";"SI";"SI";"NO";19/06/2024;;
"09020002100000008500000000064300";"0085-CAIXABANK";"Tarragona";;"649208146";"ctermens@caixabank.com";"SI";"SI";"NO";19/06/2024;;
"09020002100000008600000000064300";"0086-CAIXABANK";"Tarragona";;"649208146";"ctermens@caixabank.com";"SI";"SI";"NO";19/06/2024;;
"09020002100000010900000000064300";"0109-CAIXABANK";"Tarragona";;"649208146";"ctermens@caixabank.com";"SI";"SI";"NO";19/06/2024;;
"09020002100000011200000000062500";"0112-CAIXABANK";"Lleida";;"649208146";"ctermens@caixabank.com";"SI";"SI";"NO";19/06/2024;;
"09020002100000011300000000062500";"0113-CAIXABANK";"Lleida";;"649208146";"ctermens@caixabank.com";"SI";"SI";"NO";19/06/2024;;
"09020002100000011600000000064300";"0116-CAIXABANK";"Tarragona";;"649208146";"ctermens@caixabank.com";"SI";"SI";"NO";19/06/2024;;
"09020002100000012100000000062500";"0121-CAIXABANK";"Lleida";;"649208146";"ctermens@caixabank.com";"SI";"SI";"NO";19/06/2024;;
"09020002100000012400000000062500";"0124-CAIXABANK";"Lleida";;"649208146";"ctermens@caixabank.com";"SI";"SI";"NO";19/06/2024;;
"09020002100000013600000000064300";"0136-CAIXABANK";"Tarragona";;"649208146";"ctermens@caixabank.com";"SI";"SI";"NO";19/06/2024;;
"09020002100000014000000000064300";"0140-CAIXABANK";"Tarragona";;"649208146";"ctermens@caixabank.com";"SI";"SI";"NO";19/06/2024;;
"09020002100000014100000000064300";"0141-CAIXABANK";"Tarragona";;"649208146";"ctermens@caixabank.com";"SI";"SI";"NO";19/06/2024;;
"09020002100000014500000000062500";"0145-CAIXABANK";"Lleida";;"649208146";"ctermens@caixabank.com";"SI";"SI";"NO";19/06/2024;;
"09020002100000015400000000064300";"0154-CAIXABANK";"Tarragona";;"649208146";"ctermens@caixabank.com";"SI";"SI";"NO";19/06/2024;;
"09020002100000015900000000062500";"0159-CAIXABANK";"Lleida";;"649208146";"ctermens@caixabank.com";"SI";"SI";"NO";19/06/2024;;
"09020002100000016400000000064300";"0164-CAIXABANK";"Tarragona";;"649208146";"ctermens@caixabank.com";"SI";"SI";"NO";19/06/2024;;
"09020002100000016800000000062500";"0168-CAIXABANK";"Lleida";;"649208146";"ctermens@caixabank.com";"SI";"SI";"NO";19/06/2024;;
"09020002100000017000000000064300";"0170-CAIXABANK";"Tarragona";;"649208146";"ctermens@caixabank.com";"SI";"SI";"NO";19/06/2024;;
"09020002100000017200000000064300";"0172-CAIXABANK";"Tarragona";;"649208146";"ctermens@caixabank.com";"SI";"SI";"NO";19/06/2024;;
"09020002100000017600000000064300";"0176-CAIXABANK";"Tarragona";;"649208146";"ctermens@caixabank.com";"SI";"SI";"NO";19/06/2024;;
"09020002100000017800000000064300";"0178-CAIXABANK";"Tarragona";;"649208146";"ctermens@caixabank.com";"SI";"SI";"NO";19/06/2024;;
"09020002100000017900000000062500";"0179-CAIXABANK";"Lleida";;"649208146";"ctermens@caixabank.com";"SI";"SI";"NO";19/06/2024;;
"09020002100000018000000000064300";"0180-CAIXABANK";"Tarragona";;"649208146";"ctermens@caixabank.com";"SI";"SI";"NO";19/06/2024;;
"09020002100000018100000000062500";"0181-CAIXABANK";"Lleida";;"649208146";"ctermens@caixabank.com";"SI";"SI";"NO";19/06/2024;;
"09020002100000019200000000062500";"0192-CAIXABANK";"Lleida";;"649208146";"ctermens@caixabank.com";"SI";"SI";"NO";19/06/2024;;
"09020002100000019900000000064300";"0199-CAIXABANK";"Tarragona";;"649208146";"ctermens@caixabank.com";"SI";"SI";"NO";19/06/2024;;
"09020002100000020300000000062500";"0203-CAIXABANK";"Lleida";;"649208146";"ctermens@caixabank.com";"SI";"SI";"NO";19/06/2024;;
"09020002100000020600000000062500";"0206-CAIXABANK";"Lleida";;"649208146";"ctermens@caixabank.com";"SI";"SI";"NO";19/06/2024;;
"09020002100000020800000000062500";"0208-CAIXABANK";"Lleida";;"649208146";"ctermens@caixabank.com";"SI";"SI";"NO";19/06/2024;;
"09020002100000020900000000062500";"0209-CAIXABANK";"Lleida";;"649208146";"ctermens@caixabank.com";"SI";"SI";"NO";19/06/2024;;
"09020002100000021000000000062500";"0210-CAIXABANK";"Lleida";;"649208146";"ctermens@caixabank.com";"SI";"SI";"NO";19/06/2024;;
"09020002100000021100000000062500";"0211-CAIXABANK";"Lleida";;"649208146";"ctermens@caixabank.com";"SI";"SI";"NO";19/06/2024;;
"09020002100000021700000000064300";"0217-CAIXABANK";"Tarragona";;"649208146";"ctermens@caixabank.com";"SI";"SI";"NO";19/06/2024;;
"09020002100000021900000000064300";"0219-CAIXABANK";"Tarragona";;"649208146";"ctermens@caixabank.com";"SI";"SI";"NO";19/06/2024;;
"09020002100000022400000000062500";"0224-CAIXABANK";"Lleida";;"649208146";"ctermens@caixabank.com";"SI";"SI";"NO";19/06/2024;;
"09020002100000023600000000062500";"0236-CAIXABANK";"Lleida";;"649208146";"ctermens@caixabank.com";"SI";"SI";"NO";19/06/2024;;
"09020002100000023700000000062500";"0237-CAIXABANK";"Lleida";;"649208146";"ctermens@caixabank.com";"SI";"SI";"NO";19/06/2024;;
"09020002100000023800000000062500";"0238-CAIXABANK";"Lleida";;"649208146";"ctermens@caixabank.com";"SI";"SI";"NO";19/06/2024;;
"09020002100000023900000000062500";"0239-CAIXABANK";"Lleida";;"649208146";"ctermens@caixabank.com";"SI";"SI";"NO";19/06/2024;;
"09020002100000024000000000062500";"0240-CAIXABANK";"Lleida";;"649208146";"ctermens@caixabank.com";"SI";"SI";"NO";19/06/2024;;
"09020002100000024300000000064300";"0243-CAIXABANK";"Tarragona";;"649208146";"ctermens@caixabank.com";"SI";"SI";"NO";19/06/2024;;
"09020002100000024900000000062500";"0249-CAIXABANK";"Lleida";;"649208146";"ctermens@caixabank.com";"SI";"SI";"NO";19/06/2024;;
"09020002100000025000000000062500";"0250-CAIXABANK";"Lleida";;"649208146";"ctermens@caixabank.com";"SI";"SI";"NO";19/06/2024;;
"09020002100000025100000000062500";"0251-CAIXABANK";"Lleida";;"649208146";"ctermens@caixabank.com";"SI";"SI";"NO";19/06/2024;;
"09020002100000025200000000062500";"0252-CAIXABANK";"Lleida";;"649208146";"ctermens@caixabank.com";"SI";"SI";"NO";19/06/2024;;
"09020002100000025300000000064300";"0253-CAIXABANK";"Tarragona";;"649208146";"ctermens@caixabank.com";"SI";"SI";"NO";19/06/2024;;
"09020002100000026300000000064300";"0263-CAIXABANK";"Tarragona";;"649208146";"ctermens@caixabank.com";"SI";"SI";"NO";19/06/2024;;
"09020002100000030100000000062500";"0301-CAIXABANK";"Lleida";;"649208146";"ctermens@caixabank.com";"SI";"SI";"NO";19/06/2024;;
"09020002100000033600000000062500";"0336-CAIXABANK";"Lleida";;"649208146";"ctermens@caixabank.com";"SI";"SI";"NO";19/06/2024;;
"09020002100000033700000000062500";"0337-CAIXABANK";"Lleida";;"649208146";"ctermens@caixabank.com";"SI";"SI";"NO";19/06/2024;;
"09020002100000036700000000064300";"0367-CAIXABANK";"Tarragona";;"649208146";"ctermens@caixabank.com";"SI";"SI";"NO";19/06/2024;;
"09020002100000040400000000060800";"0404-CAIXABANK, S A";"BARCELONA";"CATALUÑA";"938164050";"pac.catalunya@caixabank.com";"SI";"SI";"NO";29/05/2026;;
"09020002100000041800000000064300";"0418-CAIXABANK";"Tarragona";;"649208146";"ctermens@caixabank.com";"SI";"SI";"NO";19/06/2024;;
"09020002100000048900000000064300";"0489-CAIXABANK";"Tarragona";;"649208146";"ctermens@caixabank.com";"SI";"SI";"NO";19/06/2024;;
"09020002100000050900000000062500";"0509-CAIXABANK";"Lleida";;"649208146";"ctermens@caixabank.com";"SI";"SI";"NO";19/06/2024;;
"09020002100000051300000000062500";"0513-CAIXABANK";"Lleida";;"649208146";"ctermens@caixabank.com";"SI";"SI";"NO";19/06/2024;;
"09020002100000051600000000062500";"0516-CAIXABANK";"Lleida";;"649208146";"ctermens@caixabank.com";"SI";"SI";"NO";19/06/2024;;
"09020002100000051700000000062500";"0517-CAIXABANK";"Lleida";;"649208146";"ctermens@caixabank.com";"SI";"SI";"NO";19/06/2024;;
"09020002100000051800000000062500";"0518-CAIXABANK";"Lleida";;"649208146";"ctermens@caixabank.com";"SI";"SI";"NO";19/06/2024;;
"09020002100000051900000000062500";"0519-CAIXABANK";"Lleida";;"649208146";"ctermens@caixabank.com";"SI";"SI";"NO";19/06/2024;;
"09020002100000052000000000062500";"0520-CAIXABANK";"Lleida";;"649208146";"ctermens@caixabank.com";"SI";"SI";"NO";19/06/2024;;
"09020002100000052100000000062500";"0521-CAIXABANK";"Lleida";;"649208146";"ctermens@caixabank.com";"SI";"SI";"NO";19/06/2024;;
"09020002100000052200000000062500";"0522-CAIXABANK";"Lleida";;"649208146";"ctermens@caixabank.com";"SI";"SI";"NO";19/06/2024;;
"09020002100000052300000000062500";"0523-CAIXABANK";"Lleida";;"649208146";"ctermens@caixabank.com";"SI";"SI";"NO";19/06/2024;;
"09020002100000052400000000062500";"0524-CAIXABANK";"Lleida";;"649208146";"ctermens@caixabank.com";"SI";"SI";"NO";19/06/2024;;
"09020002100000052500000000062500";"0525-CAIXABANK";"Lleida";;"649208146";"ctermens@caixabank.com";"SI";"SI";"NO";19/06/2024;;
"09020002100000052600000000062500";"0526-CAIXABANK";"Lleida";;"649208146";"ctermens@caixabank.com";"SI";"SI";"NO";19/06/2024;;
"09020002100000052700000000062500";"0527-CAIXABANK";"Lleida";;"649208146";"ctermens@caixabank.com";"SI";"SI";"NO";19/06/2024;;
"09020002100000052800000000062500";"0528-CAIXABANK";"Lleida";;"649208146";"ctermens@caixabank.com";"SI";"SI";"NO";19/06/2024;;
"09020002100000052900000000062500";"0529-CAIXABANK";"Lleida";;"649208146";"ctermens@caixabank.com";"SI";"SI";"NO";19/06/2024;;
"09020002100000053000000000062500";"0530-CAIXABANK";"Lleida";;"649208146";"ctermens@caixabank.com";"SI";"SI";"NO";19/06/2024;;
"09020002100000053100000000062500";"0531-CAIXABANK";"Lleida";;"649208146";"ctermens@caixabank.com";"SI";"SI";"NO";19/06/2024;;
"09020002100000053300000000062500";"0533-CAIXABANK";"Lleida";;"649208146";"ctermens@caixabank.com";"SI";"SI";"NO";19/06/2024;;
"09020002100000053400000000062500";"0534-CAIXABANK";"Lleida";;"649208146";"ctermens@caixabank.com";"SI";"SI";"NO";19/06/2024;;
"09020002100000058100000000064300";"0581-CAIXABANK, S.A";"TARRAGONA";"CATALUÑA";"977125430";"pac.catalunya@caixabank.com";"SI";"SI";"NO";10/09/2025;;
"09020002100000059400000000064300";"0594-CAIXABANK";"Tarragona";;"649208146";"ctermens@caixabank.com";"SI";"SI";"NO";19/06/2024;;
"09020002100000062500000000064300";"0625-CAIXABANK";"Tarragona";;"649208146";"ctermens@caixabank.com";"SI";"SI";"NO";19/06/2024;;
"09020002100000062600000000064300";"0626-CAIXABANK";"Tarragona";;"649208146";"ctermens@caixabank.com";"SI";"SI";"NO";19/06/2024;;
"09020002100000066800000000064300";"0668-CAIXABANK";"Tarragona";;"649208146";"ctermens@caixabank.com";"SI";"SI";"NO";19/06/2024;;
"09020002100000066900000000064300";"0669-CAIXABANK";"Tarragona";;"649208146";"ctermens@caixabank.com";"SI";"SI";"NO";19/06/2024;;
"09020002100000067100000000062500";"0671-CAIXABANK";"Lleida";;"649208146";"ctermens@caixabank.com";"SI";"SI";"NO";19/06/2024;;
"09020002100000068000000000064300";"0680-CAIXABANK";"Tarragona";;"649208146";"ctermens@caixabank.com";"SI";"SI";"NO";19/06/2024;;
"09020002100000069600000000064300";"0696-CAIXABANK";"Tarragona";;"649208146";"ctermens@caixabank.com";"SI";"SI";"NO";19/06/2024;;
"09020002100000070200000000064300";"0702-CAIXABANK";"Tarragona";;"649208146";"ctermens@caixabank.com";"SI";"SI";"NO";19/06/2024;;
"09020002100000072000000000064300";"0720-CAIXABANK";"Tarragona";;"649208146";"ctermens@caixabank.com";"SI";"SI";"NO";19/06/2024;;
"09020002100000073300000000062500";"0733-CAIXABANK";"Lleida";;"649208146";"ctermens@caixabank.com";"SI";"SI";"NO";19/06/2024;;
"09020002100000075300000000064300";"0753-CAIXABANK";"Tarragona";;"649208146";"ctermens@caixabank.com";"SI";"SI";"NO";19/06/2024;;
"09020002100000078200000000064300";"0782-CAIXABANK";"Tarragona";;"649208146";"ctermens@caixabank.com";"SI";"SI";"NO";19/06/2024;;
"09020002100000078700000000064300";"0787-CAIXABANK";"Tarragona";;"649208146";"ctermens@caixabank.com";"SI";"SI";"NO";19/06/2024;;
"09020002100000103700000000062500";"1037-CAIXABANK";"Lleida";;"649208146";"ctermens@caixabank.com";"SI";"SI";"NO";19/06/2024;;
"09020002100000109700000000062500";"1097-CAIXABANK";"Lleida";;"649208146";"ctermens@caixabank.com";"SI";"SI";"NO";19/06/2024;;
"09020002100000113300000000064300";"1133-CAIXABANK.S.A";"TARRAGONA";"CATALUÑA";"977190350";"pac.catalunya@caixabank.com";"SI";"SI";"NO";29/05/2026;;
"09020002100000117100000000064300";"1171-CAIXABANK";"Tarragona";;"649208146";"ctermens@caixabank.com";"SI";"SI";"NO";19/06/2024;;
"09020002100000130700000000062500";"1307-CAIXABANK";"Lleida";;"649208146";"ctermens@caixabank.com";"SI";"SI";"NO";19/06/2024;;
"09020002100000141100000000064300";"1411-CAIXABANK";"Tarragona";;"649208146";"ctermens@caixabank.com";"SI";"SI";"NO";19/06/2024;;
"09020002100000143800000000064300";"1438-CAIXABANK";"Tarragona";;"649208146";"ctermens@caixabank.com";"SI";"SI";"NO";19/06/2024;;
"09020002100000185600000000064300";"1856-CAIXABANK";"Tarragona";;"649208146";"ctermens@caixabank.com";"SI";"SI";"NO";19/06/2024;;
"09020002100000203100000000064300";"2031-CAIXABANK";"Tarragona";;"649208146";"ctermens@caixabank.com";"SI";"SI";"NO";19/06/2024;;
"09020002100000246300000000064300";"2463-CAIXABANK";"Tarragona";;"649208146";"ctermens@caixabank.com";"SI";"SI";"NO";19/06/2024;;
"09020002100000246900000000062500";"2469-CAIXABANK";"Lleida";;"649208146";"ctermens@caixabank.com";"SI";"SI";"NO";19/06/2024;;
"09020002100000298500000000064300";"2985-CAIXABANK";"Tarragona";;"649208146";"ctermens@caixabank.com";"SI";"SI";"NO";19/06/2024;;
"09020002100000338800000000064300";"3388-CAIXABANK";"Tarragona";;"649208146";"ctermens@caixabank.com";"SI";"SI";"NO";19/06/2024;;
"09020002100000350000000000064300";"3500-CAIXABANK";"Tarragona";;"649208146";"ctermens@caixabank.com";"SI";"SI";"NO";19/06/2024;;
"09020002100000351000000000064300";"3510-CAIXABANK";"Tarragona";;"649208146";"ctermens@caixabank.com";"SI";"SI";"NO";19/06/2024;;
"09020002100000352800000000064300";"3528-CAIXABANK";"Tarragona";;"649208146";"ctermens@caixabank.com";"SI";"SI";"NO";19/06/2024;;
"09020002100000361500000000062500";"3615-CAIXABANK";"Lleida";;"649208146";"ctermens@caixabank.com";"SI";"SI";"NO";19/06/2024;;
"09020002100000365600000000062500";"3656-CAIXABANK";"Lleida";;"649208146";"ctermens@caixabank.com";"SI";"SI";"NO";19/06/2024;;
"09020002100000382200000000062500";"3822-CAIXABANK";"Lleida";;"649208146";"ctermens@caixabank.com";"SI";"SI";"NO";19/06/2024;;
"09020002100000401800000000062500";"4018-CAIXABANK";"Lleida";;"649208146";"ctermens@caixabank.com";"SI";"SI";"NO";19/06/2024;;
"09020002100000404200000000064300";"4042-CAIXABANK";"Tarragona";;"649208146";"ctermens@caixabank.com";"SI";"SI";"NO";19/06/2024;;
"09020002100000411900000000062500";"4119-CAIXABANK";"Lleida";;"649208146";"ctermens@caixabank.com";"SI";"SI";"NO";19/06/2024;;
"09020002100000437800000000062500";"4378-CAIXABANK";"Lleida";;"649208146";"ctermens@caixabank.com";"SI";"SI";"NO";19/06/2024;;
"09020002100000440400000000062500";"4404-CAIXABANK";"Lleida";;"649208146";"ctermens@caixabank.com";"SI";"SI";"NO";19/06/2024;;
"09020002100000472500000000064300";"4725-CAIXABANK";"Tarragona";;"649208146";"ctermens@caixabank.com";"SI";"SI";"NO";19/06/2024;;
"09020002100000474600000000064300";"4746-CAIXABANK";"Tarragona";;"649208146";"ctermens@caixabank.com";"SI";"SI";"NO";19/06/2024;;
"09020002100000488400000000062500";"4884-CAIXABANK";"Lleida";;"649208146";"ctermens@caixabank.com";"SI";"SI";"NO";19/06/2024;;
"09020002100000568200000000064300";"5682-CAIXABANK";"Tarragona";;"649208146";"ctermens@caixabank.com";"SI";"SI";"NO";19/06/2024;;
"09020002100000590300000000064300";"5903-CAIXABANK,S.A";"TARRAGONA";"CATALUÑA";"977190520";"pac.catalunya@caixabank.com";"SI";"SI";"NO";29/05/2026;;
"09020002100000607000000000062500";"6070-CAIXABANK";"Lleida";;"649208146";"ctermens@caixabank.com";"SI";"SI";"NO";19/06/2024;;
"09020002100000612400000000062500";"6124-CAIXABANK";"Lleida";;"649208146";"ctermens@caixabank.com";"SI";"SI";"NO";19/06/2024;;
"09020003060000000100000000062500";"0001- CAIXAVIVA CAIXA RURAL";"Lleida";;"973120056";"jmeseguer_caixaviva@cajarural.com";"SI";"SI";"NO";19/06/2024;;
"09020003060000999800000000062500";"9998 CAIXAVIVA CAIXA RUAL";"Lleida";;"973120056";"jmeseguer_caixaviva@cajarural.com";"SI";"SI";"NO";19/06/2024;;
"09020007002000000100000000072500";"0001-AGROINICIATIVA";"Lleida";;"973238285";"agroiniciativa@agroiniciativa.com";"SI";"SI";"NO";19/06/2024;;
"09020007003000000100000000072500";"0001-ACTEL, SCCL - ACTEL CLIENTS";"Lleida";;"973700800";"nsaez@actel.es; duns@actel.es";"SI";"SI";"NO";19/06/2024;10/09/2025;
"09020007003000000200000000072500";"0002-ACTEL, SCCL - FRUITERA I SC DE TORRELAMEU, SCCL";"Lleida";;"973700800";"nsaez@actel.es; duns@actel.es";"SI";"SI";"NO";19/06/2024;10/09/2025;
"09020007003000000300000000072500";"0003-ACTEL, SCCL - AGRICOLA. I SC D'ALCOLETGE, S.C.C.L.";"Lleida";;"973700800";"nsaez@actel.es; duns@actel.es";"SI";"SI";"NO";19/06/2024;10/09/2025;
"09020007003000000500000000072500";"0005-ACTEL, SCCL - FRUITERA DE CORBINS I SC, SCCL";"Lleida";;"973700800";"nsaez@actel.es; duns@actel.es";"SI";"SI";"NO";19/06/2024;10/09/2025;
"09020007003000000600000000072500";"0006-ACTEL, SCCL - AGRÀRIA I SC SANT ROC D'ALBESA, SCCL";"Lleida";;"973700800";"nsaez@actel.es; duns@actel.es";"SI";"SI";"NO";19/06/2024;10/09/2025;
"09020007003000000700000000072500";"0007-ACTEL, SCCL - CGE";"Lleida";;"973700800";"nsaez@actel.es; duns@actel.es";"SI";"SI";"NO";19/06/2024;;
"09020007003000000900000000072500";"0009 - ACTEL, SCCL - GIMENELLS";"Lleida";;"973700800";"nsaez@actel.es; duns@actel.es";"SI";"SI";"NO";19/06/2024;;
"09020007003000001000000000072500";"0010- ACTEL, SCCL-CAMP SANT FAUST ALGUAIRE";"Lleida";;"973700800";"nsaez@actel.es; duns@actel.es";"SI";"SI";"NO";19/06/2024;;
"09020007003000001100000000072500";"0011- ACTEL, SCCL-CEFRUCO";"Lleida";;"973700800";"nsaez@actel.es; duns@actel.es";"SI";"SI";"NO";19/06/2024;;
"09020007003000001200000000072500";"0012- ACTEL, SCCL-FRUITERA DE PUIGVERD DE LLEIDA";"Lleida";;"973700800";"nsaez@actel.es; duns@actel.es";"SI";"SI";"NO";19/06/2024;;
"09020007003000001300000000072500";"0013- ACTEL, SCCL-FRUITS D'ALFARRAS";"Lleida";;"973700800";"nsaez@actel.es; duns@actel.es";"SI";"SI";"NO";19/06/2024;;
"09020007003000001400000000072500";"0014- ACTEL, SCCL-LA BORDETA FRUITS";"Lleida";;"973700800";"nsaez@actel.es; duns@actel.es";"SI";"SI";"NO";19/06/2024;;
"09020007003000001500000000072500";"0015- ACTEL, SCCL-TRANSALFALS & LA VISPESA";"Lleida";;"973700800";"nsaez@actel.es; duns@actel.es";"SI";"SI";"NO";19/06/2024;;
"09020007003000001600000000072500";"0016- ACTEL, SCCL-VERGE DE LORETO";"Lleida";;"973700800";"nsaez@actel.es; duns@actel.es";"SI";"SI";"NO";19/06/2024;;
"09020007003000001700000000072500";"0017- ACTEL, SCCL - SANT GAIETA";"Lleida";;"973700800";"nsaez@actel.es; duns@actel.es";"SI";"SI";"NO";19/06/2024;;
"09020007003000001800000000072500";"0018- ACTEL, SCCL - SAN ISIDRO ALBELDA";"Lleida";;"973700800";"nsaez@actel.es; duns@actel.es";"SI";"SI";"NO";19/06/2024;;
"09020007003000999800000000072500";"ACTEL, SCCL-ACTEL SOCIS";"Lleida";;"973700800";"nsaez@actel.es; duns@actel.es";"SI";"SI";"NO";19/06/2024;;
"09020007004000012200000000074300";"0122-ACOBEM-Cooperativa Agrícola Catalana Secció de Crèdit de la Galera";"Tarragona";;"977581212";"info@acobem.com";"SI";"SI";"NO";19/06/2024;;
"09020007004000012800000000074300";"0128-ACOBEM-Cooperativa Agrícola Catalana Secció de Crèdit de Godall";"Tarragona";;"977581212";"info@acobem.com";"SI";"SI";"NO";19/06/2024;;
"09020007004000015100000000074300";"0151-ACOBEM-Cooperativa Agrícola Sant Isidre de Mas de Barberans";"Tarragona";;"977581212";"info@acobem.com";"SI";"SI";"NO";19/06/2024;;
"09020007004000021700000000074300";"0217-ACOBEM-Cooperativa Agrícola Sant Gregori de Santa Bàrbara";"Tarragona";;"977581212";"info@acobem.com";"SI";"SI";"NO";19/06/2024;;
"09020007004000022600000000074300";"0226-ACOBEM-Cooperativa Agrícola i Secció Crèdit d'Ulldecona";"Tarragona";;"977581212";"info@acobem.com";"SI";"SI";"NO";19/06/2024;;
"09020007004000023900000000074300";"0239-ACOBEM-Cooperativa Agrícola de la Sénia";"Tarragona";;"977581212";"info@acobem.com";"SI";"SI";"NO";19/06/2024;;
"09020007004000038600000000074300";"0386-ACOBEM-Cooperativa Agrícola Sant Roc de Paüls";"Tarragona";;"977581212";"info@acobem.com";"SI";"SI";"NO";19/06/2024;;
"09020007004000060300000000074300";"0603-ACOBEM-Cooperativa Agrícola del Camp Santa Bàrbara";"Tarragona";;"977581212";"info@acobem.com";"SI";"SI";"NO";19/06/2024;;
"09020007004000077600000000074300";"0776-ACOBEM-La Cooperativa Soldebre de Tortosa SCCL";"Tarragona";;"977581212";"info@acobem.com";"SI";"SI";"NO";19/06/2024;;
"09020007026000000400000000074300";"0004-ARBORETO ROQUETES";"Tarragona";;"977313258";"info@sat-arboreto.com";"SI";"SI";"NO";19/06/2024;;
"09020007029000000100000000074300";"0001-CRISOL DE FRUTOS SECOS. SAT- RIUDOMS";"Tarragona";;"977313262";"jsans@crisolfs.com";"SI";"SI";"NO";19/06/2024;;
"09020007029000000200000000074300";"0002-CRISOL DE FRUTOS SECOS. SAT - BATEA";"Tarragona";;"977313262";"jsans@crisolfs.com";"SI";"SI";"NO";19/06/2024;;
"09020007029000000300000000072500";"0003-CRISOL DE FRUTOS SECOS. SAT - SEROS";"Lleida";;"977313262";"jsans@crisolfs.com";"SI";"SI";"NO";19/06/2024;;
"09020007029000000400000000072500";"0004-CRISOL DE FRUTOS SECOS. SAT - ALBAGÈS";"Lleida";;"977313262";"jsans@crisolfs.com";"SI";"SI";"NO";19/06/2024;;
"09020007029000000600000000072500";"0006-CRISOL PORTATIL";"LLEIDA";"CATALUÑA";"977780008";"jsans@crisolfs.com";"SI";"SI";"NO";10/09/2025;;
"09020007029000000600000000074300";"0006-CRISOL DE FRUTOS SECOS SAT";"Tarragona";;"977313262";"jsans@crisolfs.com";"SI";"SI";"NO";19/06/2024;;
"09020007029000999800000000074300";"9998-CRISOL DE FRUTOS SECOS, SAT";"Tarragona";;"977313262";"jsans@crisolfs.com";"SI";"SI";"NO";19/06/2024;;
"09020007035000000100000000071700";"0001-CONSULTORIA TÈCNICA AGRÀRIA, SL";"Girona";;"972672017";"info@consultorsagraris.com; tecnics@consultorsagraris.com";"SI";"SI";"NO";19/06/2024;;
"09020007035000999800000000070000";"9998-CONSULTORIA TECNICA AGRARIA SL";"GIRONA";"CATALUÑA";"972672017";"tecnics@consultorsagraris.com";"SI";"SI";"SI";10/09/2025;;
"09020007036000000100000000070800";"0001-TECNICS ASSESSORS AGROINDUSTRIALS, SLPU";"Barcelona";;"679499426";"montsebas@agroindustrials.cat";"SI";"SI";"NO";19/06/2024;;
"09020007036000000200000000074300";"0002-TÈCNICS ASSESSORS AGROINDUSTRIALS";"TARRAGONA";"CATALUÑA";"679499426";"tecnics@agroindustrials.cat";"SI";"SI";"NO";29/05/2026;;
"09020007036000999800000000070800";"9998-TECNIC ASSESSORS AGROINDUSTRIALS, SLPU";"Barcelona";;"679499426";"montsebas@agroindustrials.cat";"SI";"SI";"NO";19/06/2024;;
"09020007037000000100000000070800";"0001-LANDGEST ENGINYERS SLP - PENEDÈS";"Barcelona";;"938199482";"josepsabate@landgest.com";"SI";"SI";"NO";19/06/2024;10/09/2025;
"09020007037000000200000000070800";"0002-LANDGEST ENGINYERS, S.L.P";"Barcelona";;"938199482";"josepsabate@landgest.com";"SI";"SI";"NO";19/06/2024;10/09/2025;
"09020007038000000100000000070800";"0001-MUNTIO ASSESSORIA AGRARIA, SL";"Barcelona";;"938853797";"smunt@muntio.cat; lmunt@muntio.cat";"SI";"SI";"NO";19/06/2024;;
"09020007041000000100000000070800";"0001-GRUP SOLUCIONS MANRESA, SLPU- MANRESA";"Barcelona";;"938768137";"cristinaalcaide@solucions.cat; solucions@solucions.cat";"SI";"SI";"NO";19/06/2024;;
"09020007041000000300000000070800";"0003-GRUP SOLUCIONS MANRESA, SLPU - BERGA";"Barcelona";;"938768137";"cristinaalcaide@solucions.cat; solucions@solucions.cat";"SI";"SI";"NO";19/06/2024;;
"09020007041000000400000000070800";"0004-GRUP SOLUCIONS MANRESA, SLPU - SALELLES";"Barcelona";;"938768137";"cristinaalcaide@solucions.cat; solucions@solucions.cat";"SI";"SI";"NO";19/06/2024;;
"09020007044000000100000000070800";"0001-GRANS DEL LLUÇANES, SL";"Barcelona";;"938129011";"laura@gransllusanes.com";"SI";"SI";"NO";19/06/2024;;
"09020007045000000100000000070800";"0001-AGTOP 1";"Barcelona";;"972722330";"agtop@agtop.cat";"SI";"SI";"NO";19/06/2024;;
"09020007045000000200000000070800";"0002-AGTOP 2";"Barcelona";;"972722330";"agtop@agtop.cat";"SI";"SI";"NO";19/06/2024;;
"09020007045000000300000000070800";"0003-AGTOP 3";"Barcelona";;"972722330";"agtop@agtop.cat";"SI";"SI";"NO";19/06/2024;;
"09020007045000000400000000070800";"0004-AGTOP 4";"Barcelona";;"972722330";"agtop@agtop.cat";"SI";"SI";"NO";19/06/2024;;
"09020007045000000400000000071700";"0004-AGTOP 4";"GIRONA";"CATALUÑA";"972265343";"olot/@agtop.cat";"SI";"SI";"NO";10/09/2025;;
"09020007046000000100000000070800";"0001-CONSULTORIA AGRARIA DEL BERGUEDA, SL";"Barcelona";;"938214124";"agroconsulta@agroconsulta.net";"SI";"SI";"NO";19/06/2024;;
"09020007046000000200000000072500";"0002-CONSULTORIA AGRARIA DEL BERGUEDA, SL";"Lleida";;"938214124";"agroconsulta@agroconsulta.net";"SI";"SI";"NO";19/06/2024;;
"09020007051000000100000000071700";"0001-ARACGI";"Girona";;"972223023";"pau@aracgi.com";"SI";"SI";"NO";19/06/2024;;
"09020007053000000100000000071700";"0001-GIRONA FRUITS, SCCL";"Girona";;"972490002";"tecnicsgf@gironafruits.com";"SI";"SI";"NO";19/06/2024;;
"09020007055000000200000000072500";"0002-AFRUCAT";"Lleida";;"973220149";"assessorament@afrucat.com";"SI";"SI";"NO";19/06/2024;;
"09020007055000000500000000072500";"0005-LA BORDETA FRUITS, SCCL";"Lleida";;"973220149";"assessorament@afrucat.com";"SI";"SI";"NO";19/06/2024;;
"09020007055000000600000000072500";"0006-AGRICOLA D'ALBATARREC, SCCL OPFH 131";"Lleida";;"973220149";"assessorament@afrucat.com";"SI";"SI";"NO";19/06/2024;;
"09020007055000999800000000072500";"9998-AFRUCAT";"Lleida";;"973220149";"assessorament@afrucat.com";"SI";"SI";"NO";19/06/2024;;
"09020007057000000100000000072500";"0001-AGROPEQUARIA D'ARTESA DE SEGRE, SCCL";"Lleida";;"973400098";"angels@coopartesa.com";"SI";"SI";"NO";19/06/2024;;
"09020007058000000100000000070800";"0001-AGROPEQUARIA DEL MOIANES";"Barcelona";;"938300370";"agromoianes@agromoianes.com";"SI";"SI";"NO";19/06/2024;;
"09020007059000000100000000072500";"0001-GESTIO AGRORAMADERA DE PONENT ASSOCIACIO (GAP)";"Lleida";;"973100505";"monica.jimenez@tracjusa.com";"SI";"SI";"NO";19/06/2024;;
"09020007081000000100000000074300";"0001-AGROCAMP GESTORS, SL";"Tarragona";;"977881333";"asgest@hotmail.com";"SI";"SI";"NO";19/06/2024;;
"09020007081000000200000000074300";"0002-AGROCAMP GESTORS, SL";"Tarragona";;"977881333";"asgest@hotmail.com";"SI";"SI";"NO";19/06/2024;;
"09020007083000000100000000074300";"0001-SAT FRUITS SECS CATALANS";"Tarragona";;"977345105";"fscatalans@tinet.org";"SI";"SI";"NO";19/06/2024;;
"09020007085000000100000000070800";"0001-ENTIASA, SLPU";"Barcelona";;"938851774";"entiasa@gmail.com";"SI";"SI";"NO";19/06/2024;;
"09020007086000000100000000070800";"0001-AGRO 90, SL";"Barcelona";;"972472467";"josepmdilme@agronoms.cat";"SI";"SI";"NO";19/06/2024;;
"09020007086000000200000000071700";"0002-AGRO 90, SL";"Girona";;"972472467";"josepmdilme@agronoms.cat";"SI";"SI";"NO";19/06/2024;;
"09020007086000000300000000070800";"0003-AGRO 90, SL";"Barcelona";;"972472467";"josepmdilme@agronoms.cat";"SI";"SI";"NO";19/06/2024;;
"09020007087000000100000000070800";"0001 - ECOFANDOS, SL - MANRESA";"Barcelona";;"617412883";"otilia@ecofandos.com";"SI";"SI";"NO";19/06/2024;;
"09020007087000000200000000070800";"0002 - ECOFANDOS, SL - MANRESA";"Barcelona";;"617412883";"otilia@ecofandos.com";"SI";"SI";"NO";19/06/2024;;
"09020007087000999800000000070800";"9998-ECOFANDOS, SL";"Barcelona";;"617412883";"otilia@ecofandos.com";"SI";"SI";"NO";19/06/2024;;
"09020007089000000100000000072500";"0001- SAUVIEROPAIX SL";"Lleida";;"973447298";"xsolecar@hotmail.es; aboca1@hotmail.es";"SI";"SI";"NO";19/06/2024;;
"09020007089000000200000000072500";"0002- SAUVIEROPAIX SL";"Lleida";;"973447298";"xsolecar@hotmail.es; aboca1@hotmail.es";"SI";"SI";"NO";19/06/2024;;
"09020007089000999800000000072500";"9998-SAUVIEROPAIX, SL";"Lleida";;"973447298";"xsolecar@hotmail.es; aboca1@hotmail.es";"SI";"SI";"NO";19/06/2024;;
"09020007091000000100000000070800";"0001- ASSOCIACIÓ DE VITICULTORS DEL PENEDES";"Barcelona";;"938171016";"viticultors@viticultorspenedes.org";"SI";"SI";"NO";19/06/2024;;
"09020007092000000100000000071700";"0001- ECOGARROTXA";"Girona";;"972273276";"ecogarrotxa@gmail.com; info@ecogarrotxa.com";"SI";"SI";"NO";19/06/2024;;
"09020007094000000100000000070800";"0001- RUSTICARUM CONSULTIS, S.C.P";"Barcelona";;"649410307";"rusticarum.consultis@gmail.com";"SI";"SI";"NO";19/06/2024;;
"09020007094000000200000000070800";"0002- RUSTICARUM CONSULTIS, S.C.P";"Barcelona";;"649410307";"rusticarum.consultis@gmail.com";"SI";"SI";"NO";19/06/2024;;
"09020007094000000300000000070800";"0003-RUSTICARUM CONSULTIS, SCP";"BARCELONA";"CATALUÑA";"621258393";"agroeraslp@gmail.com";"SI";"SI";"NO";29/05/2026;;
"09020007094000999800000000070800";"9998-RUSTICARUM CONSULTIS, S.C.P.";"Barcelona";;"649410307";"rusticarum.consultis@gmail.com";"SI";"SI";"NO";19/06/2024;;
"09020007095000000100000000074300";"0001- COPERAL";"Tarragona";;"977880703";"putxi_x@yahoo.es";"SI";"SI";"NO";19/06/2024;;
"09020007095000000200000000074300";"0002 - COPERAL";"Tarragona";;"977880703";"putxi_x@yahoo.es";"SI";"SI";"NO";19/06/2024;;
"09020007095000999800000000074300";"9998-AGROPECUARIA COPERAL SECCIO DE CREDIT, SCCL";"Tarragona";;"977880703";"putxi_x@yahoo.es";"SI";"SI";"NO";19/06/2024;;
"09020007097000000100000000074300";"0001- AGA SC ASSESSORAMENT I GESTIO AGRARIA";"Tarragona";;"618756645";"manuelvalerocapilla@gmail.com";"SI";"SI";"NO";19/06/2024;;
"09020007103000000100000000070800";"0001-AGRO-ENGINYERIA BARONS SL";"Barcelona";;"649551102";"agro_enginyeria@yahoo.es";"SI";"SI";"NO";19/06/2024;;
"09020007103000000200000000070800";"0002-AGRO-ENGINYERIA BARONS SL";"Barcelona";;"649551102";"agro_enginyeria@yahoo.es";"SI";"SI";"NO";19/06/2024;;
"09020007103000999800000000070800";"9998-AGRO-ENGINYERIA BARONS SL";"Barcelona";;"649551102";"agro_enginyeria@yahoo.es";"SI";"SI";"NO";19/06/2024;;
"09020007105000000100000000070800";"0001-GIRBAU CONSULTING, SLP";"Barcelona";;"938541169";"girbau@girbauconsulting.com";"SI";"SI";"NO";19/06/2024;;
"09020007105000000200000000071700";"0002-GIRBAU CONSULTING, SLP";"Girona";;"972698100";"girbau@girbauconsulting.com";"SI";"SI";"NO";19/06/2024;;
"09020007106000000100000000070800";"0001-ASSOCIACIÓ d’AGRICULTORS VIVERISTES DE BARCELONA";"Barcelona";;"937501366";"pol@viveristesbarcelona.cat";"SI";"SI";"NO";19/06/2024;;
"09020007106000999800000000070800";"9998-ASSOCIACIÓ d’AGRICULTORS VIVERISTES DE BARCELONA";"Barcelona";;"937501366";"pol@viveristesbarcelona.cat";"SI";"SI";"NO";19/06/2024;;
"09020007107000000200000000074300";"0002 - LEXEBRE CONSULTORS, SLP";"Tarragona";;"977108625";"jvalmana@lexebre.com";"SI";"SI";"NO";19/06/2024;;
"09020007107000999800000000074300";"9998 - LEXEBRE CONSULTORS, SLP";"Tarragona";;"977108625";"jvalmana@lexebre.com";"SI";"SI";"NO";19/06/2024;;
"09020007108000999800000000071700";"9998-AGROASSESSOR CONSULTORS TECNICS SL";"Girona";;"972538637";"eudaldsaez@agroassessor.com";"SI";"SI";"NO";19/06/2024;;
"09020007109000000100000000072500";"0001-AEALL- ASAJA LLEIDA";"Lleida";;"973234326";"tecnicaeall@gmail.com";"SI";"SI";"NO";19/06/2024;;
"09020007109000999800000000072500";"9998-AEALL- ASAJA LLEIDA";"Lleida";;"973234326";"tecnicaeall@gmail.com";"SI";"SI";"NO";19/06/2024;;
"09020007111000000100000000074300";"0001-ASOLGROUP ENGINYERS, SLP";"Tarragona";;"977301078";"ricard@asolgrup.com";"SI";"SI";"NO";19/06/2024;;
"09020007111000000200000000074300";"0002 - ASOLGRUP - AGRICOLA INDUSTRIAL FORES, SL";"Tarragona";;"977301078";"ricard@asolgrup.com";"SI";"SI";"NO";19/06/2024;;
"09020007111000000300000000074300";"0003 - ASOLGRUP- ALMASSERA AGRICOLA COLOME MULET, SL";"Tarragona";;"977301078";"ricard@asolgrup.com";"SI";"SI";"NO";19/06/2024;;
"09020007111000000400000000074300";"0004 - ASOLGRUP-  JORDI CASTELL PLA, SL";"Tarragona";;"977301078";"ricard@asolgrup.com";"SI";"SI";"NO";19/06/2024;;
"09020007111000000600000000074300";"0006 - ASOLGRUP- MASETPLANA, SL";"Tarragona";;"977301078";"ricard@asolgrup.com";"SI";"SI";"NO";19/06/2024;;
"09020007111000000700000000072500";"0007-ASOLGROUP - FRUTOS SECOS SERÒS SAT";"LLEIDA";"CATALUÑA";"973780008";"dun@asolgrup.com";"SI";"SI";"NO";29/05/2026;;
"09020007111000000900000000072500";"0009-ASOLGROUP - COOPERATIVA DEL CAMP LA FRATERNAL D'ALBAGÉS S.C.C.L.";"LLEIDA";"CATALUÑA";"973121126";"coopalbages@alba1919.com";"SI";"SI";"NO";29/05/2026;;
"09020007112000000100000000072500";"0001-CERME ASSESSORS, SL";"Lleida";;"973790945";"gestoria@estopa.cat";"SI";"SI";"NO";19/06/2024;10/09/2025;
"09020007115000000100000000074300";"0001-MON AGROTECNICS, SLPU";"Tarragona";;"687496166";"info@mon-agrotecnic.cat";"SI";"SI";"NO";19/06/2024;;
"09020007115000000200000000074300";"0002-CELLER MASROIG I SECCIÓ DE CREDIT, SCCL";"Tarragona";;"687496166";"info@mon-agrotecnic.cat";"SI";"SI";"NO";19/06/2024;;
"09020007115000000300000000074300";"0003-MON AGROTECNICS, SLPU - TIVISSA";"Tarragona";;"687496166";"info@mon-agrotecnic.cat";"SI";"SI";"NO";19/06/2024;;
"09020007116000999800000000070000";"9998-FRUTAITO SAT 9904";"LLEIDA";"CATALUÑA";"973794024";"tecnic@frutaito.com";"SI";"SI";"SI";10/09/2025;;
"09020007117000000100000000071700";"0001-SAT 3029 CAT 353";"Girona";;"972168667";"sat3029sils@gmail.com";"SI";"SI";"NO";19/06/2024;;
"09020007118000000100000000072500";"0001-ENGINYERIA I INTEGRACIÓ AMBIENTAL, SLP";"Lleida";;"973481231";"info@engiambi.com; dun@engiambi.com";"SI";"SI";"NO";19/06/2024;;
"09020007119000010000000000072500";"0100-LABOREA AGRO CONSULTORS I SERVEIS, SL - BALAGUER";"Lleida";;"652622288";"laborea.agro@gmail.com";"SI";"SI";"NO";19/06/2024;;
"09020007119000020000000000072500";"0200-LABOREA AGRO CONSULTORS I SERVEIS, SL - BALAGUER 2";"Lleida";;"652622288";"laborea.agro@gmail.com";"SI";"SI";"NO";19/06/2024;;
"09020007119000030000000000074300";"0300-LABOREA AGRO CONSULTORS I SERVEIS, SL  - MORA D'EBRE";"Tarragona";;"652622288";"laborea.agro@gmail.com";"SI";"SI";"NO";19/06/2024;;
"09020007119000040000000000074300";"0400-LABOREA AGRO CONSULTORS I SERVEIS, SL  - MORA D'EBRE 2";"Tarragona";;"652622288";"laborea.agro@gmail.com";"SI";"SI";"NO";19/06/2024;;
"09020007119000050000000000072500";"0500-LABOREA AGRO CONSULTORS I SERVEIS, SL  - LLEIDA";"Lleida";;"652622288";"laborea.agro@gmail.com";"SI";"SI";"NO";19/06/2024;;
"09020007119000060000000000072500";"0600-LABOREA AGRO CONSULTORS I SERVEIS, SL  -  LLEIDA 2";"Lleida";;"652622288";"laborea.agro@gmail.com";"SI";"SI";"NO";19/06/2024;;
"09020007120000000100000000072500";"0001-CORPORACIO ALIMENTARIA GUISSONA, SA";"Lleida";;"973550100";"antonio.calavia@bonarea.com";"SI";"SI";"NO";19/06/2024;;
"09020007120000000200000000072500";"0002-CORPORACIO ALIMENTARIA GUISSONA, SA";"Lleida";;"973550100";"antonio.calavia@bonarea.com";"SI";"SI";"NO";19/06/2024;;
"09020007121000000100000000070800";"0001-ESGA PENEDES, SL";"Barcelona";;"660982498";"esgapenedes@gmail.com";"SI";"SI";"NO";19/06/2024;;
"09020007122000000100000000074300";"0001-GESTCAMP ASSESSORS SLU";"Tarragona";;"630773788";"gestcamp.assessors@gmail.com";"SI";"SI";"NO";19/06/2024;;
"09020007123000000100000000070800";"0001-ENGINYERIA I CONSULTORIA COSTA SL";"Barcelona";;"608083342";"montse.domenech@eccosta.es";"SI";"SI";"NO";19/06/2024;;
"09020007126000002000000000074300";"0020- FEDERACIO CATALANA D'AGRICULTORS (ACA CATALUNYA) - MONTSIA I BAIX EBRE";"Tarragona";;"697450048";"ccastellomelich@gmail.com";"SI";"SI";"NO";19/06/2024;;
"09020007126000002900000000074300";"0029 - FEDERACIO CATALANA D'AGRICULTORS (ACA CATALUNYA) - GANDESA";"Tarragona";;"697450048";"ccastellomelich@gmail.com";"SI";"SI";"NO";19/06/2024;;
"09020007127000000100000000072500";"0001-AGRISA-TREMP";"LLEIDA";"CATALUÑA";"607556419";"agrisa2020@gmail.com";"SI";"SI";"SI";10/09/2025;;
"09020007128000000100000000072500";"0001-NOVACOOP MEDITERRANEA S.XXI, S.L. - ACTEL, SCCL";"LLEIDA";"CATALUÑA";"973841001";"serveis@novacoop.com";"SI";"SI";"NO";29/05/2026;;
"09020007128000000200000000072500";"0002-NOVACOOP MEDITERRANEA S.XXI, S.L.- Fruits de Ponent d’Alcarràs";"LLEIDA";"CATALUÑA";"973841001";"serveis@novacoop.com";"SI";"SI";"NO";29/05/2026;;
"09020007128000000300000000072500";"0003-NOVACOOP MEDITERRANEA S.XXI, S.L. - ACTEL, SCCL OPFH 336";"LLEIDA";"CATALUÑA";"973841001";"serveis@novacoop.com";"SI";"SI";"NO";29/05/2026;;
"09020007128000000400000000072500";"0004-NOVACOOP MEDITERRANEA S.XXI, S.L.; ACTEL - FRUITERA DE CORBINS";"LLEIDA";"CATALUÑA";"973841001";"laboral@fcorbins.com";"SI";"SI";"NO";29/05/2026;;
"09020007128000000500000000072500";"0005-NOVACOOP MEDITERRANEA S.XXI, S.L.; ACTEL - SANT ROC D'ALBESA";"LLEIDA";"CATALUÑA";"973841001";"administracion@santrocalbesa.com";"SI";"SI";"NO";29/05/2026;;
"09020007128000000600000000072500";"0006-NOVACOOP MEDITERRANEA S.XXI, S.L.; ACTEL - GIMENELLS";"LLEIDA";"CATALUÑA";"973841001";"cooperativa@campgimenells.com";"SI";"SI";"NO";29/05/2026;;
"09020007128000000700000000072500";"0007 - NOVACOOP; ACTEL - TRANSALFALS & LA VISPESA";"LLEIDA";"CATALUÑA";"973841001";"serveis@novacoop.com";"SI";"SI";"NO";29/05/2026;;
"09020007129000000100000000072500";"0001-ARALL SERVEIS AGRARIS, SLU";"LLEIDA";"CATALUÑA";"689291235";"OSCAR@ARALL.COM";"SI";"SI";"NO";29/05/2026;;
"09020007130000000100000000074300";"0001-EBRE ITEAF, SL";"TARRAGONA";"CATALUÑA";"638859108";"info@ebreiteaf.com";"SI";"SI";"NO";29/05/2026;;
"09020008001000000100000000082500";"0001-UNIO DE PAGESOS-AGRAMUNT";"Lleida";;"648091793";"dun@agroxarxa.com; jaume@agroxarxa.com";"SI";"SI";"NO";19/06/2024;;
"09020008001000000200000000082500";"0002-ALCARRAS-AGROXARXA";"LLEIDA";"CATALUÑA";"973595021";"gbosch@agroxarxa.com";"SI";"SI";"NO";29/05/2026;;
"09020008001000000400000000084300";"0004-UNIO DE PAGESOS-AMPOSTA";"Tarragona";;"648091793";"dun@agroxarxa.com; jaume@agroxarxa.com";"SI";"SI";"NO";19/06/2024;;
"09020008001000000500000000082500";"0005-UNIO DE PAGESOS-ARTESA";"Lleida";;"648091793";"dun@agroxarxa.com; jaume@agroxarxa.com";"SI";"SI";"NO";19/06/2024;;
"09020008001000000600000000082500";"0006-UNIO DE PAGESOS-BALAGUER";"Lleida";;"648091793";"dun@agroxarxa.com; jaume@agroxarxa.com";"SI";"SI";"NO";19/06/2024;;
"09020008001000000800000000082500";"0008-UNIO DE PAGESOS - VIELHA";"LLEIDA";"CATALUÑA";"678398455";"mriu@agroxarxa.com";"SI";"SI";"NO";10/09/2025;;
"09020008001000000900000000082500";"0009-UNIO DE PAGESOS-CERVERA";"Lleida";;"648091793";"dun@agroxarxa.com; jaume@agroxarxa.com";"SI";"SI";"NO";19/06/2024;;
"09020008001000001000000000080800";"0010-UNIO DE PAGESOS- CALAF";"Barcelona";;"648091793";"dun@agroxarxa.com; jaume@agroxarxa.com";"SI";"SI";"NO";19/06/2024;;
"09020008001000001100000000081700";"0011-OLOT-AGROXARXA";"GIRONA";"CATALUÑA";"972904180";"etaberner@agroxarxa.com";"SI";"SI";"NO";29/05/2026;;
"09020008001000001300000000081700";"0013-UNIO DE PAGESOS - FIGUERES";"Girona";;"648091793";"dun@agroxarxa.com; jaume@agroxarxa.com";"SI";"SI";"NO";19/06/2024;;
"09020008001000001400000000081700";"0014-UNIO DE PAGESOS- GIRONA";"Girona";;"648091793";"dun@agroxarxa.com; jaume@agroxarxa.com";"SI";"SI";"NO";19/06/2024;;
"09020008001000001500000000080800";"0015-UNIO DE PAGESOS- IGUALADA";"Barcelona";;"648091793";"dun@agroxarxa.com; jaume@agroxarxa.com";"SI";"SI";"NO";19/06/2024;;
"09020008001000001600000000082500";"0016-UNIO DE PAGESOS - LA POBLA DE SEGUR";"Lleida";;"648091793";"dun@agroxarxa.com; jaume@agroxarxa.com";"SI";"SI";"NO";19/06/2024;;
"09020008001000001700000000080800";"0017-UNIO DE PAGESOS- LES FRANQUESES DEL VALLES";"Barcelona";;"648091793";"dun@agroxarxa.com; jaume@agroxarxa.com";"SI";"SI";"NO";19/06/2024;;
"09020008001000001900000000082500";"0019-UNIO DE PAGESOS- LLEIDA";"Lleida";;"648091793";"dun@agroxarxa.com; jaume@agroxarxa.com";"SI";"SI";"NO";19/06/2024;;
"09020008001000002000000000080800";"0020-UNIO DE PAGESOS- MANRESA";"Barcelona";;"648091793";"dun@agroxarxa.com; jaume@agroxarxa.com";"SI";"SI";"NO";19/06/2024;;
"09020008001000002100000000082500";"0021-UNIO DE PAGESOS-MOLLERUSSA";"Lleida";;"648091793";"dun@agroxarxa.com; jaume@agroxarxa.com";"SI";"SI";"NO";19/06/2024;;
"09020008001000002200000000084300";"0022-UNIO DE PAGESOS-MORA D'EBRE";"Tarragona";;"648091793";"dun@agroxarxa.com; jaume@agroxarxa.com";"SI";"SI";"NO";19/06/2024;;
"09020008001000002300000000084300";"0023-UNIO DE PAGESOS-GANDESA";"Tarragona";;"648091793";"dun@agroxarxa.com; jaume@agroxarxa.com";"SI";"SI";"NO";19/06/2024;;
"09020008001000002400000000084300";"0024-UNIO DE PAGESOS- REUS";"Tarragona";;"648091793";"dun@agroxarxa.com; jaume@agroxarxa.com";"SI";"SI";"NO";19/06/2024;;
"09020008001000002500000000080800";"0025-UNIO DE PAGESOS- SANT BOI DE LLOBREGAT";"Barcelona";;"648091793";"dun@agroxarxa.com; jaume@agroxarxa.com";"SI";"SI";"NO";19/06/2024;;
"09020008001000002700000000082500";"0027-UNIO DE PAGESOS- SOLSONA";"Lleida";;"648091793";"dun@agroxarxa.com; jaume@agroxarxa.com";"SI";"SI";"NO";19/06/2024;;
"09020008001000002800000000082500";"0028-UNIO DE PAGESOS- TARREGA";"Lleida";;"648091793";"dun@agroxarxa.com; jaume@agroxarxa.com";"SI";"SI";"NO";19/06/2024;;
"09020008001000002900000000080800";"0029-UNIO DE PAGESOS - TORDERA";"Barcelona";;"648091793";"dun@agroxarxa.com; jaume@agroxarxa.com";"SI";"SI";"NO";19/06/2024;;
"09020008001000003000000000081700";"0030-UNIO DE PAGESOS- TORROELLA DE MONTGRI";"Girona";;"648091793";"dun@agroxarxa.com; jaume@agroxarxa.com";"SI";"SI";"NO";19/06/2024;;
"09020008001000003100000000084300";"0031-UNIO DE PAGESOS- TORTOSA";"Tarragona";;"648091793";"dun@agroxarxa.com; jaume@agroxarxa.com";"SI";"SI";"NO";19/06/2024;;
"09020008001000003200000000084300";"0032-UNIO DE PAGESOS- VALLS";"Tarragona";;"648091793";"dun@agroxarxa.com; jaume@agroxarxa.com";"SI";"SI";"NO";19/06/2024;;
"09020008001000003300000000080800";"0033-UNIO DE PAGESOS- VIC";"Barcelona";;"648091793";"dun@agroxarxa.com; jaume@agroxarxa.com";"SI";"SI";"NO";19/06/2024;;
"09020008001000003400000000080800";"0034-UNIO DE PAGESOS- VILAFRANCA DEL PENEDES";"Barcelona";;"648091793";"dun@agroxarxa.com; jaume@agroxarxa.com";"SI";"SI";"NO";19/06/2024;;
"09020008001000004500000000082500";"0045-UNIO DE PAGESOS- BELLVER DE CERDANYA";"Lleida";;"648091793";"dun@agroxarxa.com; jaume@agroxarxa.com";"SI";"SI";"NO";19/06/2024;;
"09020008001000004600000000082500";"0046-UNIO DE PAGESOS- SORT";"Lleida";;"648091793";"dun@agroxarxa.com; jaume@agroxarxa.com";"SI";"SI";"NO";19/06/2024;;
"09020008001000005500000000082500";"0055-UNIO DE PAGESOS- LA SEU D'URGELL";"Lleida";;"648091793";"dun@agroxarxa.com; jaume@agroxarxa.com";"SI";"SI";"NO";19/06/2024;;
"09020008001000005600000000080800";"0056-UNIO DE PAGESOS- BERGA";"Barcelona";;"648091793";"dun@agroxarxa.com; jaume@agroxarxa.com";"SI";"SI";"NO";19/06/2024;;
"09020008001000005700000000082500";"0057-UNIO DE PAGESOS- TERMENS";"Lleida";;"648091793";"dun@agroxarxa.com; jaume@agroxarxa.com";"SI";"SI";"NO";19/06/2024;;
"09020008001000005800000000082500";"0058-UNIO DE PAGESOS- TREMP";"Lleida";;"648091793";"dun@agroxarxa.com; jaume@agroxarxa.com";"SI";"SI";"NO";19/06/2024;;
"09020008001000005900000000082500";"0059- UNIO DE PAGESOS- PONT DE SUERT";"Lleida";;"648091793";"dun@agroxarxa.com; jaume@agroxarxa.com";"SI";"SI";"NO";19/06/2024;;
"09020008001000210000000000084300";"2100-TRASPÀS 2026 CAIXABANK";"TARRAGONA";"CATALUÑA";;"dun@agroxarxa.com";"SI";"SI";"NO";29/05/2026;;
"09020008001000219800000000084300";"2198-TRASPAS 2026 CAIXABANK NO VOL";"TARRAGONA";"CATALUÑA";;"dun@agroxarxa.com";"SI";"SI";"NO";29/05/2026;;
"09020008002000000100000000080800";"0001-INSTITUT AGRÍCOLA CATALÀ DE SANT ISIDRE. BARCELONA";"Barcelona";;"933011636";"director.tecnic@institutagricola.org";"SI";"SI";"NO";19/06/2024;;
"09020008002000000200000000080800";"0002-INSTITUT AGRÍCOLA CATALÀ DE SANT ISIDRE. VILAFRANCA";"Barcelona";;"933011636";"director.tecnic@institutagricola.org";"SI";"SI";"NO";19/06/2024;;
"09020008002000000500000000080800";"0005-INSTITUT AGRÍCOLA CATALÀ DE SANT ISIDREA. BARCELONA II";"Barcelona";;"933011636";"director.tecnic@institutagricola.org";"SI";"SI";"NO";19/06/2024;;
"09020008002000001600000000080000";"0016-INSTITUT AGRÍCOLA CATALÀ DE SANT ISIDRE-MANRESA";"BARCELONA";"CATALUÑA";"933011636";"director.tecnic@institutagricola.org";"SI";"SI";"NO";10/09/2025;;
"09020008002000001600000000080800";"0016-INSTITUT AGRÍCOLA CATALÀ DE SANT ISIDRE. MANRESA";"Barcelona";;"933011636";"director.tecnic@institutagricola.org";"SI";"SI";"NO";19/06/2024;;
"09020008002000001900000000080800";"0019-INSTITUT AGRÍCOLA CATALÀ DE SANT ISIDRE. BARCELONA III";"Barcelona";;"933011636";"director.tecnic@institutagricola.org";"SI";"SI";"NO";19/06/2024;;
"09020008002000004000000000080000";"0040-INSTITUT AGRÍCOLA CATALÀ DE SANT ISIDRE -IGUALADA";"BARCELONA";"CATALUÑA";"933011636";"director.tecnic@institutagricola.org";"SI";"SI";"NO";10/09/2025;;
"09020008002000004000000000080800";"0040-INSTITUT AGRÍCOLA CATALÀ DE SANT ISIDRE. IGUALADA";"Barcelona";;"933011636";"director.tecnic@institutagricola.org";"SI";"SI";"NO";19/06/2024;;
"09020008002000004100000000080000";"0041-INSTITUT AGRÍCOLA CATALÀ DE SANT ISIDRE -BERGA";"BARCELONA";"CATALUÑA";"933011636";"director.tecnic@institutagricola.org";"SI";"SI";"NO";10/09/2025;;
"09020008002000004100000000080800";"0041-INSTITUT AGRÍCOLA CATALÀ DE SANT ISIDRE. BERGA";"Barcelona";;"933011636";"director.tecnic@institutagricola.org";"SI";"SI";"NO";19/06/2024;;
"09020008003000000200000000082500";"0002-JARC PLA D'URGELL";"Lleida";;"934510393";"lleida@jarc.cat";"SI";"SI";"NO";19/06/2024;;
"09020008003000000400000000082500";"0004-JARC CERDANYA";"Lleida";;"934510393";"lleida@jarc.cat";"SI";"SI";"NO";19/06/2024;;
"09020008003000000500000000082500";"0005-JARC CERDANYA";"Lleida";;"934510393";"lleida@jarc.cat";"SI";"SI";"NO";19/06/2024;;
"09020008003000000800000000082500";"0008-JARC SEGRIA ALCARRAS";"Lleida";;"934510393";"lleida@jarc.cat";"SI";"SI";"NO";19/06/2024;;
"09020008003000001000000000082500";"0010-JARC SEGRIA";"Lleida";;"934510393";"lleida@jarc.cat";"SI";"SI";"NO";19/06/2024;;
"09020008003000001200000000080800";"0012-JARC OSONA";"Barcelona";;"934510393";"lleida@jarc.cat";"SI";"SI";"NO";19/06/2024;;
"09020008003000001300000000082500";"0013-JARC SOLSONES";"Lleida";;"934510393";"lleida@jarc.cat";"SI";"SI";"NO";19/06/2024;;
"09020008003000002500000000082500";"0025-JARC SEGRIA ALMACELLES";"Lleida";;"934510393";"lleida@jarc.cat";"SI";"SI";"NO";19/06/2024;;
"09020008003000002700000000084300";"0027-JARC BAIX EBRE";"Tarragona";;"934510393";"lleida@jarc.cat";"SI";"SI";"NO";19/06/2024;;
"09020008003000002800000000084300";"0028-JARC REUS";"Tarragona";;"934510393";"lleida@jarc.cat";"SI";"SI";"NO";19/06/2024;;
"09020008003000002900000000082500";"0029-JARC PALLARS";"Lleida";;"934510393";"lleida@jarc.cat";"SI";"SI";"NO";19/06/2024;;
"09020008003000003100000000081700";"0031-JARC GIRONES";"Girona";;"934510393";"lleida@jarc.cat";"SI";"SI";"NO";19/06/2024;;
"09020008003000003300000000080800";"0033-JARC ALT PENEDES";"Barcelona";;"934510393";"lleida@jarc.cat";"SI";"SI";"NO";19/06/2024;;
"09020008003000003900000000082500";"0039-JARC BALAGUER";"Lleida";;"934510393";"lleida@jarc.cat";"SI";"SI";"NO";19/06/2024;;
"09020008004000000100000000082500";"0001-FCAC-CAMP SANT GAIETA D'ANOIA, SCCL";"Lleida";;"973247982";"anna.farrus@fcac.coop; dun@fcac.coop";"SI";"SI";"NO";19/06/2024;;
"09020008004000000500000000082500";"0005- FCAC- AGRICOLA D'ALBATARREC, SCCL";"Lleida";;"973247982";"anna.farrus@fcac.coop; dun@fcac.coop";"SI";"SI";"NO";19/06/2024;;
"09020008004000000800000000084300";"0008-FCAC-AGRICOLA I SECCIO DE CREDIT D'ALBINYANA, SCCL";"Tarragona";;"973247982";"anna.farrus@fcac.coop; dun@fcac.coop";"SI";"SI";"NO";19/06/2024;;
"09020008004000000900000000082500";"0009-FCAC-AGRICOLA DE L'ALBI, SCCL";"Lleida";;"973247982";"anna.farrus@fcac.coop; dun@fcac.coop";"SI";"SI";"NO";19/06/2024;;
"09020008004000001300000000084300";"0013-FCAC-AGRICOLA D'ALCOVER, SCCL";"Tarragona";;"973247982";"anna.farrus@fcac.coop; dun@fcac.coop";"SI";"SI";"NO";19/06/2024;;
"09020008004000001900000000082500";"0019-CAMP SANT SALVADOR D'ALFES, SCCL";"Lleida";;"973247982";"anna.farrus@fcac.coop; dun@fcac.coop";"SI";"SI";"NO";19/06/2024;;
"09020008004000003100000000082500";"0031-FCAC-COOP. DEL CAMP SANT GAIETA D'ALMENAR, SCCL";"Lleida";;"973247982";"anna.farrus@fcac.coop; dun@fcac.coop";"SI";"SI";"NO";19/06/2024;;
"09020008004000003800000000084300";"0038-FCAC-COOPERATIVA AGRARIA L'AMETLLA DE MAR, SCCL";"Tarragona";;"973247982";"anna.farrus@fcac.coop; dun@fcac.coop";"SI";"SI";"NO";19/06/2024;;
"09020008004000004000000000084300";"0040-FCAC-CAMBRA ARROSSERA DEL MONTSIA I SECCIO DE CREDIT, SCCL";"Tarragona";;"973247982";"anna.farrus@fcac.coop; dun@fcac.coop";"SI";"SI";"NO";19/06/2024;;
"09020008004000004200000000082500";"0042-FCAC-ARBEQUINA I SECCIO DE CREDIT, SCCL";"Lleida";;"973247982";"anna.farrus@fcac.coop; dun@fcac.coop";"SI";"SI";"NO";19/06/2024;;
"09020008004000004300000000084300";"0043-FCAC-CEVIPE, Grup cooperatiu, SCCL";"Tarragona";;"973247982";"anna.farrus@fcac.coop; dun@fcac.coop";"SI";"SI";"NO";19/06/2024;;
"09020008004000004800000000082500";"0048-FCAC-CAMP D'ASPA, SCCL";"Lleida";;"973247982";"anna.farrus@fcac.coop; dun@fcac.coop";"SI";"SI";"NO";19/06/2024;;
"09020008004000005500000000081700";"0055-FCAC-AGRICOLA BANYOLES, SCCL";"Girona";;"973247982";"anna.farrus@fcac.coop; dun@fcac.coop";"SI";"SI";"NO";19/06/2024;;
"09020008004000006300000000082500";"0063-FCAC-CAMP DE BELLAGUARDA, SCCL";"Lleida";;"973247982";"anna.farrus@fcac.coop; dun@fcac.coop";"SI";"SI";"NO";19/06/2024;;
"09020008004000006400000000082500";"0064-FCAC-CAMP I SECCIO DE CREDIT DE BELLCAIRE D'URGELL, SCCL";"Lleida";;"973247982";"anna.farrus@fcac.coop; dun@fcac.coop";"SI";"SI";"NO";19/06/2024;;
"09020008004000006500000000082500";"0065-FCAC-SANT MIQUEL DE BELL-LLOC, SCCL";"Lleida";;"973247982";"anna.farrus@fcac.coop; dun@fcac.coop";"SI";"SI";"NO";19/06/2024;;
"09020008004000006600000000084300";"0066-FCAC- VINICOLA DEL PRIORAT, SCCL";"Tarragona";;"973247982";"anna.farrus@fcac.coop; dun@fcac.coop";"SI";"SI";"NO";19/06/2024;;
"09020008004000007000000000082500";"0070-FCAC-COOP. VERGE DE LES SOGUES DE BELLVIS, SCCL";"Lleida";;"973247982";"anna.farrus@fcac.coop; dun@fcac.coop";"SI";"SI";"NO";19/06/2024;;
"09020008004000007100000000082500";"0071-FCAC-AGRARIA PROGRESSIVA DE BENAVENT-PORTELLA, SCCL";"Lleida";;"973247982";"anna.farrus@fcac.coop; dun@fcac.coop";"SI";"SI";"NO";19/06/2024;;
"09020008004000007300000000084300";"0073-FCAC-AGRICOLA I SECCIO DE CREDIT DE LA BISBAL DE FALSET, SCCL";"Tarragona";;"973247982";"anna.farrus@fcac.coop; dun@fcac.coop";"SI";"SI";"NO";19/06/2024;;
"09020008004000008000000000082500";"0080-FCAC-SANT ISIDRE DE LES BORGES BLANQUES I SECCIO DE CREDIT, SCCL";"Lleida";;"973247982";"anna.farrus@fcac.coop; dun@fcac.coop";"SI";"SI";"NO";19/06/2024;;
"09020008004000008300000000084300";"0083-FCAC-AGRICOLA I SECCIO DE CREDIT SANT JOSEP, SCCL";"Tarragona";;"973247982";"anna.farrus@fcac.coop; dun@fcac.coop";"SI";"SI";"NO";19/06/2024;;
"09020008004000008400000000082500";"0084-FCAC-CAMP DE BOVERA, SCCL";"Lleida";;"973247982";"anna.farrus@fcac.coop; dun@fcac.coop";"SI";"SI";"NO";19/06/2024;;
"09020008004000008500000000084300";"0085-FCAC-AGRICOLA I SECCIO DE CREDIT DE BRAFIM, SCCL";"Tarragona";;"973247982";"anna.farrus@fcac.coop; dun@fcac.coop";"SI";"SI";"NO";19/06/2024;;
"09020008004000009600000000084300";"0096-FCAC-CELLER DE CAPÇANES, SCCL";"Tarragona";;"973247982";"anna.farrus@fcac.coop; dun@fcac.coop";"SI";"SI";"NO";19/06/2024;;
"09020008004000010000000000081700";"0100-FCAC-AGRICOLA DE CASTELLO D'EMPURIES, SCCL";"Girona";;"973247982";"anna.farrus@fcac.coop; dun@fcac.coop";"SI";"SI";"NO";19/06/2024;;
"09020008004000010100000000082500";"0101-FCAC-AGROPECUARIA I SECCIO DE CREDIT DE CASTELLSERA, SCCL";"Lleida";;"973247982";"anna.farrus@fcac.coop; dun@fcac.coop";"SI";"SI";"NO";19/06/2024;;
"09020008004000010400000000084300";"0104-FCAC-ARROSAIRES DEL DELTA DE L'EBRE I SECCIO DE CREDIT, SCCL";"Tarragona";;"973247982";"anna.farrus@fcac.coop; dun@fcac.coop";"SI";"SI";"NO";19/06/2024;;
"09020008004000010500000000082500";"0105-FCAC-CAMP DE CERVIA DE LES GARRIGUES I SECCIO DE CREDIT, SCCL";"Lleida";;"973247982";"anna.farrus@fcac.coop; dun@fcac.coop";"SI";"SI";"NO";19/06/2024;;
"09020008004000010800000000084300";"0108-FCAC-AGRÍCOLA CORBERA D’EBRE, SCCL";"Tarragona";;"973247982";"anna.farrus@fcac.coop; dun@fcac.coop";"SI";"SI";"NO";19/06/2024;10/09/2025;
"09020008004000011100000000082500";"0111-FCAC-AGRARIA ESPLUGUENSE I SECCIO DE CREDIT, SCCL";"Lleida";;"973247982";"anna.farrus@fcac.coop; dun@fcac.coop";"SI";"SI";"NO";19/06/2024;;
"09020008004000011300000000081700";"0113-FCAC-CELLER COOPERATIU D'ESPOLLA, SCCL";"Girona";;"973247982";"anna.farrus@fcac.coop; dun@fcac.coop";"SI";"SI";"NO";19/06/2024;;
"09020008004000011900000000080800";"0119-FCAC-AGRARIA DEL VALLES, SCCL";"Barcelona";;"973247982";"anna.farrus@fcac.coop; dun@fcac.coop";"SI";"SI";"NO";19/06/2024;;
"09020008004000012100000000082500";"0121-FCAC-AGRORAMADERA DE LA FULIOLA I SECCIO DE CREDIT, SCCL";"Lleida";;"973247982";"anna.farrus@fcac.coop; dun@fcac.coop";"SI";"SI";"NO";19/06/2024;;
"09020008004000012300000000084300";"0123-FCAC-CELLER COOPERATIU I SECCIO DE CREDIT DE GANDESA, SCCL";"Tarragona";;"973247982";"anna.farrus@fcac.coop; dun@fcac.coop";"SI";"SI";"NO";19/06/2024;;
"09020008004000012500000000084300";"0125-FCAC-AGRICOLA I SECCIO DE CREDIT LA GINESTA, SCCL";"Tarragona";;"973247982";"anna.farrus@fcac.coop; dun@fcac.coop";"SI";"SI";"NO";19/06/2024;;
"09020008004000012900000000080800";"0129-FCAC-CELLER COOPERATIU I SECCIO DE CREDIT LA GRANADA, SCCL";"Barcelona";;"973247982";"anna.farrus@fcac.coop; dun@fcac.coop";"SI";"SI";"NO";19/06/2024;;
"09020008004000013000000000082500";"0130-FCAC-LA GRANADELLA I SECCIO DE CREDIT SANT ANTONI ABAD, SCCL";"Lleida";;"973247982";"anna.farrus@fcac.coop; dun@fcac.coop";"SI";"SI";"NO";19/06/2024;;
"09020008004000013600000000082500";"0136-FCAC-COOPERATIVA D'IVARS D'URGELL I SECCIO DE CREDIT, SCCL";"Lleida";;"973247982";"anna.farrus@fcac.coop; dun@fcac.coop";"SI";"SI";"NO";19/06/2024;;
"09020008004000013900000000082500";"0139-FCAC-LINYOLA AGROPECUARIA I SECCIO DE CREDIT, SCCL";"Lleida";;"973247982";"anna.farrus@fcac.coop; dun@fcac.coop";"SI";"SI";"NO";19/06/2024;;
"09020008004000014400000000084300";"0144-FCAC-AGRICOLA I SECCIO DE CREDIT DE LLORENÇ DEL PENEDES, SCCL";"Tarragona";;"973247982";"anna.farrus@fcac.coop; dun@fcac.coop";"SI";"SI";"NO";19/06/2024;;
"09020008004000014600000000082500";"0146-FCAC- CAMP FOMENT MAIALENC I SECCIO DE CREDIT, SCCL";"Lleida";;"973247982";"anna.farrus@fcac.coop; dun@fcac.coop";"SI";"SI";"NO";19/06/2024;;
"09020008004000016000000000084300";"0160-FCAC-AGRICOLA DE MONTBRIO DEL CAMP, SCCL";"Tarragona";;"973247982";"anna.farrus@fcac.coop; dun@fcac.coop";"SI";"SI";"NO";19/06/2024;;
"09020008004000016500000000084300";"0165-FCAC-AGRICOLA VERGE DE LES NEUS, SCCL";"Tarragona";;"973247982";"anna.farrus@fcac.coop; dun@fcac.coop";"SI";"SI";"NO";19/06/2024;;
"09020008004000016800000000081700";"0168-FCAC-CAMP D'OLOT, SCCL";"Girona";;"973247982";"anna.farrus@fcac.coop; dun@fcac.coop";"SI";"SI";"NO";19/06/2024;;
"09020008004000017000000000082500";"0170-FCAC-AGRARIA SANT ROC DE PALAU D'ANGLESOLA, SCCL";"Lleida";;"973247982";"anna.farrus@fcac.coop; dun@fcac.coop";"SI";"SI";"NO";19/06/2024;;
"09020008004000017200000000084300";"0172-FCAC-AGRICOLA I SECCIO DE CREDIT LA PALMA, SCCL";"Tarragona";;"973247982";"anna.farrus@fcac.coop; dun@fcac.coop";"SI";"SI";"NO";19/06/2024;;
"09020008004000017400000000081700";"0174-FCAC-EMPORDALIA, SCCL";"Girona";;"973247982";"anna.farrus@fcac.coop; dun@fcac.coop";"SI";"SI";"NO";19/06/2024;;
"09020008004000017800000000084300";"0178-FCAC-APICOLA TARRAGONINA, SCCL";"Tarragona";;"973247982";"anna.farrus@fcac.coop; dun@fcac.coop";"SI";"SI";"NO";19/06/2024;;
"09020008004000018300000000084300";"0183-FCAC-AGRICOLA I SECCIO DE CREDIT TERRA ALTA, SCCL";"Tarragona";;"973247982";"anna.farrus@fcac.coop; dun@fcac.coop";"SI";"SI";"NO";19/06/2024;;
"09020008004000019700000000084300";"0197-FCAC-AGRICOLA I SECCIO DE CREDIT DE RIUDECANYES, SCCL";"Tarragona";;"973247982";"anna.farrus@fcac.coop; dun@fcac.coop";"SI";"SI";"NO";19/06/2024;;
"09020008004000020100000000082500";"0201-FCAC-FRU-ROSE, SCCL";"Lleida";;"973247982";"anna.farrus@fcac.coop; dun@fcac.coop";"SI";"SI";"NO";19/06/2024;;
"09020008004000020300000000084300";"0203-FCAC-AGRICOLA DE SALOMO, SCCL";"Tarragona";;"973247982";"anna.farrus@fcac.coop; dun@fcac.coop";"SI";"SI";"NO";19/06/2024;;
"09020008004000020900000000084300";"0209-FCAC-CELLERS DOMENYS I SECCIO DE CREDIT, SCCL";"Tarragona";;"973247982";"anna.farrus@fcac.coop; dun@fcac.coop";"SI";"SI";"NO";19/06/2024;;
"09020008004000022000000000084300";"0220-FCAC-COSELVA, SCCL";"Tarragona";;"973247982";"anna.farrus@fcac.coop; dun@fcac.coop";"SI";"SI";"NO";19/06/2024;;
"09020008004000022400000000082500";"0224-FCAC-FOMENT AGRICOLA LES PLANES, SCCL";"Lleida";;"973247982";"anna.farrus@fcac.coop; dun@fcac.coop";"SI";"SI";"NO";19/06/2024;;
"09020008004000022700000000084300";"0227-FCAC-AGRICOLA I SECCIO DE CREDIT DE VALLS, SCCL";"Tarragona";;"973247982";"anna.farrus@fcac.coop; dun@fcac.coop";"SI";"SI";"NO";19/06/2024;;
"09020008004000022900000000084300";"0229-FCAC-CELLER COOPERATIU I SECCIO DE CREDIT DE VILA-RODONA, SCCL";"Tarragona";;"973247982";"anna.farrus@fcac.coop; dun@fcac.coop";"SI";"SI";"NO";19/06/2024;;
"09020008004000023200000000082500";"0232-FCAC-CAMP DE VINAIXA, SCCL";"Lleida";;"973247982";"anna.farrus@fcac.coop; dun@fcac.coop";"SI";"SI";"NO";19/06/2024;;
"09020008004000023600000000080800";"0236-FCAC-AGRICOLA I RAMADERA DE SANTPEDOR, SCCL";"Barcelona";;"973247982";"anna.farrus@fcac.coop; dun@fcac.coop";"SI";"SI";"NO";19/06/2024;;
"09020008004000023700000000084300";"0237-FCAC-VINICOLA DE SARRAL I SECCIO DE CREDIT, SCCL -COVISAL";"Tarragona";;"973247982";"anna.farrus@fcac.coop; dun@fcac.coop";"SI";"SI";"NO";19/06/2024;;
"09020008004000024300000000082500";"0243-FCAC-AGROPECUARIA DE SOSES";"Lleida";;"973247982";"anna.farrus@fcac.coop; dun@fcac.coop";"SI";"SI";"NO";19/06/2024;;
"09020008004000025700000000080800";"0257-FCAC-Agrària Plana de Vic i Secció de Crèdit, SCCL";"BARCELONA";"CATALUÑA";"938852213";"ppares@planadevic.cat";"SI";"SI";"NO";10/09/2025;;
"09020008004000025700000000084300";"0257-FCAC-AGRARIA PLANA DE VIC I SECCIO DE CREDIT, SCCL";"Tarragona";;"973247982";"anna.farrus@fcac.coop; dun@fcac.coop";"SI";"SI";"NO";19/06/2024;;
"09020008004000026100000000080800";"0261-FCAC-Covides, SCCL";"BARCELONA";"CATALUÑA";"938172552";"vinyasuport@covides.com";"SI";"SI";"NO";10/09/2025;;
"09020008004000026100000000084300";"0261-FCAC- COVIDES, SCCL";"Tarragona";;"973247982";"anna.farrus@fcac.coop; dun@fcac.coop";"SI";"SI";"NO";19/06/2024;;
"09020008004000026300000000084300";"0263-FCAC-AGRICOLA I SECCIO DE CREDIT DE VILALLONGA, SCCL";"Tarragona";;"973247982";"anna.farrus@fcac.coop; dun@fcac.coop";"SI";"SI";"NO";19/06/2024;;
"09020008004000026500000000082500";"0265-FCAC-FRUITERA DE SEGRIA, SCCL";"Lleida";;"973247982";"anna.farrus@fcac.coop; dun@fcac.coop";"SI";"SI";"NO";19/06/2024;;
"09020008004000027100000000084300";"0271-FCAC- AGRICOLA ULLDEMOLINS SANT JAUME, SCCL";"Tarragona";;"973247982";"anna.farrus@fcac.coop; dun@fcac.coop";"SI";"SI";"NO";19/06/2024;;
"09020008004000030200000000084300";"0302-VITICULTORS DE CEVIPE, SCCL";"TARRAGONA";"CATALUÑA";;"viticultorsdecevipe@gmail.com";"SI";"SI";"NO";29/05/2026;;
"09020008004000030700000000084300";"0307-FCAC-GRUP FRUITER DE BENISSANET, SCCL";"Tarragona";;"973247982";"anna.farrus@fcac.coop; dun@fcac.coop";"SI";"SI";"NO";19/06/2024;;
"09020008004000031800000000082500";"0318-FCAC-CAMP DE CASTELLDANS, SCCL";"Lleida";;"973247982";"anna.farrus@fcac.coop; dun@fcac.coop";"SI";"SI";"NO";19/06/2024;;
"09020008004000032900000000084300";"0329-FCAC- AGRICOLA I SECCIO DE CREDIT COMARCAL DEL PRIORAT, SCCL";"Tarragona";;"973247982";"anna.farrus@fcac.coop; dun@fcac.coop";"SI";"SI";"NO";19/06/2024;;
"09020008004000035200000000082500";"0352- FCAC- AGRICOLA SANT ISIDRE I SECCIO DE CREDIT DE JUNCOSA DE LES GARRIGUES, SCCL";"Lleida";;"973247982";"anna.farrus@fcac.coop; dun@fcac.coop";"SI";"SI";"NO";19/06/2024;;
"09020008004000039000000000081700";"0390-FCAC-COOPERATIVA DE PRODUCTORS DE CONREUS EXTENSIUS DE GIRONA, SCCL";"Girona";;"973247982";"anna.farrus@fcac.coop; dun@fcac.coop";"SI";"SI";"NO";19/06/2024;;
"09020008004000039200000000084300";"0392-FCAC-AGRICOLA EL PONT D'ARMENTERA";"Tarragona";;"973247982";"anna.farrus@fcac.coop; dun@fcac.coop";"SI";"SI";"NO";19/06/2024;;
"09020008004000041100000000080800";"0411-FCAC-AGROPECUARIA CATALANA, SCCL";"Barcelona";;"973247982";"anna.farrus@fcac.coop; dun@fcac.coop";"SI";"SI";"NO";19/06/2024;;
"09020008004000042200000000082500";"0422-FCAC-PIRENAICA, SCCL";"Lleida";;"973247982";"anna.farrus@fcac.coop; dun@fcac.coop";"SI";"SI";"NO";19/06/2024;;
"09020008004000042800000000082500";"0428-FCAC-AGRARIA RAMADERA PALLARS DE SORT, SCCL";"Lleida";;"973247982";"anna.farrus@fcac.coop; dun@fcac.coop";"SI";"SI";"NO";19/06/2024;;
"09020008004000043000000000082500";"0430-FCAC-CAMP DE SUNYER, SCCL";"Lleida";;"973247982";"anna.farrus@fcac.coop; dun@fcac.coop";"SI";"SI";"NO";19/06/2024;;
"09020008004000043400000000082500";"0434-FCAC-CAMP I SECCIO DE CREDIT DELS TORMS, SCCL";"Lleida";;"973247982";"anna.farrus@fcac.coop; dun@fcac.coop";"SI";"SI";"NO";19/06/2024;;
"09020008004000046300000000084300";"0463-FCAC-AGRICOLA I SECCIO DE CREDIT DE VILAPLANA, SCCL";"Tarragona";;"973247982";"anna.farrus@fcac.coop; dun@fcac.coop";"SI";"SI";"NO";19/06/2024;;
"09020008004000047600000000084300";"0476-FCAC-L'AVELLANERA I SECCIO DE CREDIT, SCCL";"Tarragona";;"973247982";"anna.farrus@fcac.coop; dun@fcac.coop";"SI";"SI";"NO";19/06/2024;;
"09020008004000048500000000080800";"0485-FCAC-AGROPECUARIA COMARCAL DE MARTORELL, SCCL";"Barcelona";;"973247982";"anna.farrus@fcac.coop; dun@fcac.coop";"SI";"SI";"NO";19/06/2024;;
"09020008004000049700000000080800";"0497-FCAC-AGRARIA DE TORELLO, SCCL";"Barcelona";;"973247982";"anna.farrus@fcac.coop; dun@fcac.coop";"SI";"SI";"NO";19/06/2024;;
"09020008004000050700000000080800";"0507-FCAC-AGRARIA LA BAIXA TORDERA, SCCL";"Barcelona";;"973247982";"anna.farrus@fcac.coop; dun@fcac.coop";"SI";"SI";"NO";19/06/2024;;
"09020008004000053700000000084300";"0537-FCAC-EXPORTADORA D'AGRIS D'ALCANAR,SCCL";"Tarragona";;"973247982";"anna.farrus@fcac.coop; dun@fcac.coop";"SI";"SI";"NO";19/06/2024;;
"09020008004000058600000000084300";"0586-FCAC-AGRICOLA SANT ISIDRE DE CONSTANTI, SCCL";"Tarragona";;"973247982";"anna.farrus@fcac.coop; dun@fcac.coop";"SI";"SI";"NO";19/06/2024;;
"09020008004000059500000000082500";"0595-FCAC-FRUITS SECS DE LES GARRIGUES, SCCL";"Lleida";;"973247982";"anna.farrus@fcac.coop; dun@fcac.coop";"SI";"SI";"NO";19/06/2024;;
"09020008004000062900000000080800";"0629-FCAC-JANE BERTRAN, SL";"Barcelona";;"973247982";"anna.farrus@fcac.coop; dun@fcac.coop";"SI";"SI";"NO";19/06/2024;;
"09020008004000064300000000082500";"0643-FCAC- GRUPO COOPERATIU FRUITS DE PONENTS, SCCL";"Lleida";;"973247982";"anna.farrus@fcac.coop; dun@fcac.coop";"SI";"SI";"NO";19/06/2024;;
"09020008004000064500000000082500";"0645-FCAC-TRECOOP FRUITES, SCCL";"Lleida";;"973247982";"anna.farrus@fcac.coop; dun@fcac.coop";"SI";"SI";"NO";19/06/2024;;
"09020008004000091200000000082500";"0912-FCAC-RAMADERS DE JUNCOSA, SCCL";"Lleida";;"973247982";"anna.farrus@fcac.coop; dun@fcac.coop";"SI";"SI";"NO";19/06/2024;;
"09020008004000092600000000080800";"0926-FCAC-CONCA DE LA TORDERA, SCCL";"Barcelona";;"973247982";"anna.farrus@fcac.coop; dun@fcac.coop";"SI";"SI";"NO";19/06/2024;;
"09020008004000810300000000080800";"8103-FCAC-AGROCONSULTORIA INTEGRAL PENEDES, SLP";"Barcelona";;"973247982";"anna.farrus@fcac.coop; dun@fcac.coop";"SI";"SI";"NO";19/06/2024;;
"09020008004000900300000000082500";"9003-FCAC-ASSOC. D'EMPRESARIS DEL BOVI D'ALCARRAS";"Lleida";;"973247982";"anna.farrus@fcac.coop; dun@fcac.coop";"SI";"SI";"NO";19/06/2024;;
"09020008004000900400000000082500";"9004-FCAC-AGRUPACIO DE DEFENSA VEGETAL DE LA SEGARRA";"Lleida";;"973247982";"anna.farrus@fcac.coop; dun@fcac.coop";"SI";"SI";"NO";19/06/2024;;
"09020008004000908300000000084300";"9083-FCAC-UNIO FRUITS, SCCL";"Tarragona";;"973247982";"anna.farrus@fcac.coop; dun@fcac.coop";"SI";"SI";"NO";19/06/2024;;
"09020008005000000200000000080800";"0002-ASAJA GRANOLLERS";"Barcelona";;"938792491";"asajabcn@asaja-amfar.com";"SI";"SI";"NO";19/06/2024;;
"09020008005000003100000000080800";"0031-ASAJA PALAU SOLITA I PLEGAMANS";"Barcelona";;"938792491";"asajabcn@asaja-amfar.com";"SI";"SI";"NO";19/06/2024;;
"09020008006000000100000000080800";"0001-ASS D'AGRIC PER A L'ASS AGRÀRIA SANT GALDERIC";"Barcelona";;"938698192";"santgalderic@outlook.com";"SI";"SI";"NO";19/06/2024;;
"1002010000100000000070000";"CAJA RURAL DE EXTREMADURA";;;"924207474";"mlopez_crext@cajarural.com";"SI";"NO";"NO";19/06/2024;;
"1002010000600000000070000";"CAJA RURAL DE ALMENDRALEJO, S.C.C.";;;"924677236";"lorenzo@cajalmendralejo.es";"SI";"NO";"NO";19/06/2024;;
"1002010019500000000070000";"BANCA PUEYO, S.A.";;;"924846008";"amramos@bancapueyo.es";"SI";"NO";"NO";19/06/2024;;
"1002010022700000000070000";"UPA-UCE EXTREMADURA";;;"924372711";"upa-uceextremadura@upa.es";"SI";"NO";"NO";19/06/2024;;
"1002010025700000000070000";"APAG EXTREMADURA ASAJA";;;"924389386";"direcciontecnica@apagextremadura.com";"SI";"NO";"NO";19/06/2024;;
"1002010029100000000070000";"EMERITA SERVICIOS VETERINARIOS, S.L.";;;"687490163";"emerita@emerita.net";"SI";"NO";"NO";19/06/2024;;
"1002010029900000000070000";"APAG ASAJA CACERES";;;"927210517";"asajacc@asajacc.org";"SI";"NO";"NO";19/06/2024;;
"1002010073500000000070000";"MARCIAL";;;"924147969";"marcialgt@hotmail.com";"SI";"NO";"NO";19/06/2024;;
"1002010076500000000070000";"SDAD. COOP. DEL ALAGON (COPAL)";;;"927501173";"calagon@ceresnet.com";"SI";"NO";"NO";19/06/2024;;
"1002010077100000000070000";"S.C.L. VEGAS DE PUEBLONUEVO";;;"924473103";"luisdelacruz@vegasdepueblonuevo.es";"SI";"NO";"NO";19/06/2024;;
"1002010077500000000070000";"SDAD. COOP. DEL CAMPO INDUSTRIAL GUADALPERALES";;;"924856570";"josecano@guadalperales.es";"SI";"NO";"NO";19/06/2024;;
"1002010077700000000070000";"COMERCIAL AGROPECUARIA S.A.T. Nº 5851";;;"924808023";"a.gomez@casat.es";"SI";"NO";"NO";19/06/2024;12/08/2024;
"1002010078500000000070000";"GESTIONES AGROPECUARIAS ANTONIO SORIANO, S.L.";;;"924470155";"antoniosorianorisco@gmail.com";"SI";"NO";"NO";19/06/2024;;
"1002010079500000000070000";"SDAD. COOP. SAN AGUSTIN DE OBANDO";;;"605149316";"csagusti@ceresnet.com";"SI";"NO";"NO";19/06/2024;;
"1002010079900000000070000";"MARIA TERESA";;;"924700336";"mtbgestionfr@gmail.com";"SI";"NO";"NO";19/06/2024;;
"1002010083600000000070000";"SAN ISIDRO DE MIAJADAS, S.C.L.";;;"927347985";"catirodriguez@coopmiajadas.com";"SI";"NO";"NO";19/06/2024;;
"1002010084000000000070000";"SAN VALERIANO EXTREMEÑO, S.C.L.";;;"924470202";"tecnico@sanvaleriano.es";"SI";"NO";"NO";19/06/2024;;
"1002010085500000000070000";"COOP. LA UNIDAD";;;"924610205";"guadalupe@launidad.es";"SI";"NO";"NO";19/06/2024;;
"1002010086500000000070000";"ISABEL";;;"659220622";"isamaguilla@hotmail.com";"SI";"NO";"NO";19/06/2024;;
"1002010089100000000070000";"S.C.L. COMARCAL AGRICOLA DE CASTUERA";;;"924761011";"direccion@cooperativaganadera.es";"SI";"NO";"NO";19/06/2024;;
"1002010099500000000070000";"IBERTABACO, SDAD. COOP.";;;"927667004";"juanjo@ibertabaco.com";"SI";"NO";"NO";19/06/2024;;
"1002010104200000000070000";"SDAD. COOP. CORAZON DE JESUS";;;"924693126";"atria@coopcorazondejesus.es";"SI";"NO";"NO";19/06/2024;;
"1002010104300000000070000";"SDAD. COOP. AGRARIA SAN JUAN";;;"924835301";"tecnico@coopsanjuan.es";"SI";"NO";"NO";19/06/2024;;
"1002010104800000000070000";"ASOC. COMUNIDAD DE LABRADORES Y GANADEROS DE ALMENDRALEJO";;;"924670577";"labradores@clygal.com";"SI";"NO";"NO";19/06/2024;;
"1002010109100000000070000";"S.C.L. SAN JOSE DE PIORNAL";;;"927476110";"admsanjose@ac-vallejerte.es";"SI";"NO";"NO";19/06/2024;;
"1002010109200000000070000";"S.C.L. NTRA. SRA. DEL VISO";;;"927478591";"barrado@ac-vallejerte.es";"SI";"NO";"NO";19/06/2024;;
"1002010109600000000070000";"SDAD. COOP. SAN ISIDRO DE VILLAFRANCA";;;"924524136";"atria@cooperativasanisidro.com";"SI";"NO";"NO";19/06/2024;;
"1002010110000000000070000";"TABACO DE CACERES, SDAD. COOP.";;;"927421461";"secretaria@tabacodecaceres.com";"SI";"NO";"NO";19/06/2024;;
"1002010110700000000070000";"Mª JOSE";;;"600329393";"3150@icaba.com";"SI";"NO";"NO";19/06/2024;;
"1002010134200000000070000";"SDAD. COOP. TABAQUERA COMUNITARIA (COTABACO)";;;"927578240";"cotabaco@cotabaco.com";"SI";"NO";"NO";19/06/2024;;
"1002010156200000000070000";"SDAD. COOP. NTRA. SRA. DE LA CABEZA";;;"924530120";"carlosmendez@fuenteroniel.com";"SI";"NO";"NO";19/06/2024;;
"1002010158900000000070000";"SDAD. COOP. AMALIA DE SAJONIA";;;"924830243";"ma.garcia@coopsajonia.es";"SI";"NO";"NO";19/06/2024;;
"1002010166400000000070000";"G&G ASESORES, C.B.";;;"924446139";"ggasesores@yahoo.es";"SI";"NO";"NO";19/06/2024;;
"1002010171000000000070000";"UNION EXTREMEÑA DEL OLIVAR (UNOLIVAR)";;;"924237403";"unolivar@gmail.com";"SI";"NO";"NO";19/06/2024;;
"1002010171800000000070000";"UNION DE AGRICULTORES Y GANADEROS LA UNION";;;"927348890";"s.general@launionextremadura.es";"SI";"NO";"NO";19/06/2024;;
"1002010174100000000070000";"ETOEX ASESORIA TECNICA AGRARIA, S.L.";;;"924661756";"etoex@hotmail.com";"SI";"NO";"NO";19/06/2024;;
"1002010177100000000070000";"SALAMANCA ASM ASESORES, S.L.";;;"924533656";"asm@salamanca-hornachos.com";"SI";"NO";"NO";19/06/2024;;
"1002010177700000000070000";"FOMENTO DEL OVINO EXTREMEÑO SAT Nº6354 (FOVEX SAT)";;;"924842511";"tecnicos@fovexsat.es";"SI";"NO";"NO";19/06/2024;;
"1002010184100000000070000";"EDUARDO";;;"924703117";"educas68@seguradeleon.es";"SI";"NO";"NO";19/06/2024;;
"1002010186400000000070000";"COOP. SANTO CRISTO DEL ARCO TORAL";;;"661617296";"2877@icaba.com";"SI";"NO";"NO";19/06/2024;;
"1002010186600000000070000";"S.A.T. TABACOS DE TALAYUELA";;;"927551409";"anadelgado@tabacostalayuela.com";"SI";"NO";"NO";19/06/2024;;
"1002010186900000000070000";"SOC. COOPERATIVA SAN ISIDRO DE ENTRIN";;;"924481105";"info@vegaherrera.com";"SI";"NO";"NO";19/06/2024;;
"1002010188600000000070000";"MARIA JOSE";;;"924427357";"mateoschavez@hotmail.com";"SI";"NO";"NO";19/06/2024;;
"1002010188700000000070000";"INGENIERIA TECNICA AGROAMBIENTAL Y PECUARIA, S.L.";;;"924805304";"agrointecsl@gmail.com";"SI";"NO";"NO";19/06/2024;;
"1002010189400000000070000";"COOP. DEL CAMPO SAN PEDRO";;;"924350278";"anaisabel@castuo.es";"SI";"NO";"NO";19/06/2024;;
"1002010189600000000070000";"SDAD. COOP. STA. Mª EGIPCIACA";;;"924693014";"atria@bodegaslacorte.com";"SI";"NO";"NO";19/06/2024;;
"1002010189800000000070000";"S.C.L. DEL CAMPO SAN JOSE DE CALAMONTE";;;"924323486";"juanpedja@hotmail.com";"SI";"NO";"NO";19/06/2024;;
"1002010190100000000070000";"IBERCAJA BANCO, S.A.";;;"976767512";"pherrera@ibercaja.es";"SI";"NO";"NO";19/06/2024;;
"1002010190300000000070000";"CAIXABANK, S.A.";;;"690068113";"jdhorrillo@caixabank.com";"SI";"NO";"NO";19/06/2024;;
"1002010190600000000070000";"NUESTRA SEÑORA DE LA BLANCA, S.C.L";;;"927469166";"pasaron@ac-vallejerte.es";"SI";"NO";"NO";19/06/2024;;
"1002010190700000000070000";"COOP. AGRICOLA SAN RAFAEL";;;"927350262";"cooperativaagricolasanrafael@hotmail.com";"SI";"NO";"NO";19/06/2024;;
"1002010190800000000070000";"S.C.L. SAN ISIDRO";;;"924516499";"eva@coopsanisidro.com";"SI";"NO";"NO";19/06/2024;;
"1002010190900000000070000";"PRADILLO DE NUESTRA SEÑORA DE GRACIA, S.C.L.";;;"924440465";"sonia.vch@hotmail.com";"SI";"NO";"NO";19/06/2024;;
"1002010191000000000070000";"COOP. SAN ISIDRO DE BROZAS";;;"927395232";"cooperativasani@hotmail.com";"SI";"NO";"NO";19/06/2024;;
"1002010191100000000070000";"COOP. NTRA. SRA. DEL PRADO (COOPRADO)";;;"927291184";"conchitovar@cooprado.com";"SI";"NO";"NO";19/06/2024;;
"1002010191200000000070000";"COOP. SAN ROQUE";;;"676836141";"casas@ac-vallejerte.es";"SI";"NO";"NO";19/06/2024;;
"1002010191300000000070000";"AGROINGAS, S.L.";;;"924367659";"info@agroingas.es";"SI";"NO";"NO";19/06/2024;;
"1002010191400000000070000";"SOPAC, C.B.";;;"927161238";"sopacmiajadas@hotmail.com";"SI";"NO";"NO";19/06/2024;;
"1002010192200000000070000";"CONSULTORIA AGROGANADERA AMAPI, A.I.E.";;;"924771024";"manueljoserm@hotmail.com";"SI";"NO";"NO";19/06/2024;;
"1002010192300000000070000";"COVIDEX, SDAD. COOP.";;;"646981529";"joaquin.perera@hotmail.com";"SI";"NO";"NO";19/06/2024;;
"1002010192600000000070000";"LA ENCINA DE PALAZUELO, SDAD. COOP. LTDA.";;;"924857051";"rosamoreno7@hotmail.com";"SI";"NO";"NO";19/06/2024;;
"1002010192700000000070000";"SDAD. COOP. DEL CAMPO LA SAGRADA FAMILIA";;;"924856158";"serviciotecnico@cooperativasagradafamilia.es";"SI";"NO";"NO";19/06/2024;;
"1002010192800000000070000";"DIDAYMAZ, SDAD. COOP. AGRARIA";;;"924857402";"didaymaz@hotmail.es";"SI";"NO";"NO";19/06/2024;;
"1002010192900000000070000";"IMPLANTACION Y ASESORAMIENTO DE SISTEMAS AGROALIMENTARIOS, S.L. (IMPASA, S.L.)";;;"924095688";"impasa@impasagricola.com";"SI";"NO";"NO";19/06/2024;;
"1002010193000000000070000";"MANUEL";;;"679218190";"manuelbarreranieto@gmail.com";"SI";"NO";"NO";19/06/2024;;
"1002010193100000000070000";"MARIA CONCEPCION";;;"646903792";"asesoria.concha@gmail.com";"SI";"NO";"NO";19/06/2024;;
"1002010193200000000070000";"IDECO ESTUDIO TECNICO, S.L.";;;"924255208";"lbarrena@idecoet.com";"SI";"NO";"NO";19/06/2024;;
"1002010193700000000070000";"AGROAL, S.L.";;;"924802289";"tecnico@agroal.eu";"SI";"NO";"NO";19/06/2024;;
"1002010194000000000070000";"JUAN";;;"927360491";"juanmasacalles@gmail.com";"SI";"NO";"NO";19/06/2024;;
"1002010194100000000070000";"EDUARDO";;;"687811538";"eduardo@agronomojibra.es";"SI";"NO";"NO";19/06/2024;;
"1002010194200000000070000";"GESTION Y SERVICIOS ASAEX, S.L.";;;"666649353";"elipm@hotmail.com";"SI";"NO";"NO";19/06/2024;;
"1002010194500000000070000";"SDAD. COOP. DE OLIVAREROS Y VITICULTORES";;;"924537001";"atria@olivareros.com";"SI";"NO";"NO";19/06/2024;;
"1002010194900000000070000";"PROGRESO QUERCUS, S.L.";;;"680334986";"tecnico@progresoquercus.com";"SI";"NO";"NO";19/06/2024;;
"1002010195000000000070000";"SERVICIOS INTEGRALES PARA LA AGRICULTURA EXTREMEÑA, S.L.";;;"924687327";"luisgorgu@hotmail.com";"SI";"NO";"NO";19/06/2024;;
"1002010195100000000070000";"SERVICIOS INTEGRALES AGROGANADEROS, S.L.";;;"924773840";"joma500@hotmail.com";"SI";"NO";"NO";19/06/2024;;
"1002010195400000000070000";"SDAD. COOP. NTRA. SRA. DE PERALES";;;"924342353";"jlholguin@lindero.es";"SI";"NO";"NO";19/06/2024;;
"1002010195500000000070000";"MARIA JOSE";;;"924683081";"atriaagrosola@gmail.com";"SI";"NO";"NO";19/06/2024;;
"1002010195700000000070000";"CARLOS ALFONSO";;;"639143358";"info@eiagroindustrial.com";"SI";"NO";"NO";19/06/2024;;
"1002010195800000000070000";"GISRENA, S.L.";;;"927502015";"info@gisrena.com";"SI";"NO";"NO";19/06/2024;;
"1002010196000000000070000";"JULIAN ALBERTO (INAGRAEX)";;;"650570312";"julian@inagraex.com";"SI";"NO";"NO";19/06/2024;;
"1002010196400000000070000";"SDAD. COOP. RIO BURDALO";;;"924830182";"rioburdalo@acopaex.es";"SI";"NO";"NO";19/06/2024;;
"1002010196600000000070000";"BANCO DE SANTANDER, S.A.";;;"618996144";"amandrade@gruposantander.com";"SI";"NO";"NO";19/06/2024;;
"1002010196900000000070000";"AGRODHITEX, S.L.";;;"924019444";"agrodhitex@gmail.com";"SI";"NO";"NO";19/06/2024;;
"1002010197000000000070000";"ACEITUNERA DEL NORTE DE CACERES, S.C.";;;"927430343";"atria1@acenorca.es";"SI";"NO";"NO";19/06/2024;;
"1002010197100000000070000";"ASOCIACION CACEREÑA DE APICULTORES";;;"927435206";"asociacionapicultores@hotmail.com";"SI";"NO";"NO";19/06/2024;;
"1002010197200000000070000";"S.C.L. SAN LUCAS";;;"927175131";"administracion.torno@ac-vallejerte.es";"SI";"NO";"NO";19/06/2024;;
"1002010197300000000070000";"JUAN JESUS";;;"679920845";"jesus_antonio_guillen@yahoo.es";"SI";"NO";"NO";19/06/2024;;
"1002010197500000000070000";"CONSULTORIA Y ASISTENCIA TECNICA EXTREMEÑA, S.L.U. (CONATEX)";;;"924631293";"administracion@conatex.es";"SI";"NO";"NO";19/06/2024;;
"1002010197600000000070000";"MARIA JOSE";;;"658879954";"barrantes.mariajose@gmail.com";"SI";"NO";"NO";19/06/2024;;
"1002010197700000000070000";"LEMA, S.C.L.";;;"924800600";"carlos.moreno@landfruit.es";"SI";"NO";"NO";19/06/2024;;
"1002010197800000000070000";"GESTION AGRICOLA EXTREMEÑA SIGLO XXI, S.L.";;;"927227375";"agriculturasiglo21@gmail.com";"SI";"NO";"NO";19/06/2024;;
"1002010198000000000070000";"AGRICOLA DE MEDELLIN, SDAD. COOP.";;;"924822518";"teresalopez@agricolademedellin.es";"SI";"NO";"NO";19/06/2024;;
"1002010198200000000070000";"SDAD. COOP. DEL CAMPO";;;"927173168";"calidad@cerezasdenavaconcejo.es";"SI";"NO";"NO";19/06/2024;;
"1002010198300000000070000";"PYF INGENIERIAS AGRARIAS, C.B.";;;"924038095";"pyf@ingenieriasagrarias.es";"SI";"NO";"NO";19/06/2024;;
"1002010198400000000070000";"BONIFACIO";;;"924550462";"boni@agrointegral10.es";"SI";"NO";"NO";19/06/2024;;
"1002010198500000000070000";"AGROGESTION SECEX, S.L.";;;"927414553";"pac@agrogestionplasencia.es";"SI";"NO";"NO";19/06/2024;;
"1002010198600000000070000";"FRANCISCO JOSE";;;"636870727";"leontrocoli@hotmail.com";"SI";"NO";"NO";19/06/2024;;
"1002010198700000000070000";"GESTION AGRICOLA OSO, S.L.";;;"924258577";"luis@gestiagroso.com";"SI";"NO";"NO";19/06/2024;;
"1002010199000000000070000";"JOSE JOAQUIN";;;"924652082";"josej.barco@gmail.com";"SI";"NO";"NO";19/06/2024;;
"1002010199100000000070000";"AGROGESTION EXTREMEÑA, S.L.";;;"924245508";"cmontero@agro-gestion.es";"SI";"NO";"NO";19/06/2024;;
"1002010199200000000070000";"MANUEL JESUS";;;"686804075";"mjgarrancho.ita@gmail.com";"SI";"NO";"NO";19/06/2024;;
"1002010199600000000070000";"ESMERALDA";;;"630918504";"esme.vet@hotmail.com";"SI";"NO";"NO";19/06/2024;;
"1002010199700000000070000";"JAIME";;;"683424083";"inatec@inatecservicios.com";"SI";"NO";"NO";19/06/2024;;
"1002010199800000000070000";"PEDRO";;;"609942608";"luengovillaverde@gmail.com";"SI";"NO";"NO";19/06/2024;;
"1002010199900000000070000";"FEDERICO";;;"696629153";"fedegonzalo@hotmail.com";"SI";"NO";"NO";19/06/2024;;
"1002010200200000000070000";"AGROCAM, SDAD. COOP.";;;"924808250";"coran.jimenez@agrocam.es";"SI";"NO";"NO";19/06/2024;;
"1002010200400000000070000";"JOSE ANTONIO";;;"625026362";"joseantoniopazsimon@gmail.com";"SI";"NO";"NO";19/06/2024;;
"1002010200600000000070000";"EUROCAJA RURAL, S.C.C.";;;"925269611";"9019@eurocajarural.es";"SI";"NO";"NO";19/06/2024;;
"1002010200700000000070000";"PEDRO";;;"660430568";"pedromartinquintana@gmail.com";"SI";"NO";"NO";19/06/2024;;
"1002010200800000000070000";"ASOC. AGRICULTORES Y GANADEROS DE VILLANUEVA DE LA SERENA (AGRYGA)";;;"924840797";"agrygavillanueva@gmail.com";"SI";"NO";"NO";19/06/2024;;
"1002010200900000000070000";"TEPRO EXTREMADURA, S.L.";;;"924244864";"ebravo@tepro.es";"SI";"NO";"NO";19/06/2024;;
"1002010201100000000070000";"FOMENTO RURAL, S.L.";;;"924261645";"frural@frural.es";"SI";"NO";"NO";19/06/2024;;
"1002010201200000000070000";"OLGA";;;"924204347";"agrotrex@gmail.com";"SI";"NO";"NO";19/06/2024;;
"1002010201400000000070000";"JESUS";;;"924533164";"cograsoba@gmail.com";"SI";"NO";"NO";19/06/2024;;
"1002010201600000000070000";"OLIGEST-ASESORIA DE EMPRESAS, S.L.";;;"924492860";"josemariaplazanuez@yahoo.es";"SI";"NO";"NO";19/06/2024;;
"1002010201800000000070000";"S.C.L. SANTA CATALINA";;;"927471011";"rebollar@ac-vallejerte.es";"SI";"NO";"NO";19/06/2024;;
"1002010202100000000070000";"JUAN JOSE";;;"675159242";"jjmayomaya@hotmail.com";"SI";"NO";"NO";19/06/2024;;
"1002010202400000000070000";"FERNANDO";;;"690863146";"fduque.agromedio@gmail.com";"SI";"NO";"NO";19/06/2024;;
"1002010202500000000070000";"ASESORAMIENTOS AGROGANADEROS INTEGRALES, S.L.";;;"924891757";"pedroluis@asagrin.com";"SI";"NO";"NO";19/06/2024;;
"1002010202700000000070000";"UNICAJA BANCO, S.A.";;;"927207000";"negocioagrario@unicaja.es";"SI";"NO";"NO";19/06/2024;;
"1002010205200000000070000";"SDAD. COOP. TORREMEGIANA SAN ISIDRO LABRADOR";;;"924340113";"cooptsanisidro@hotmail.com";"SI";"NO";"NO";19/06/2024;;
"1002010206100000000070000";"MANUEL";;;"609085970";"mtevarm@hotmail.com";"SI";"NO";"NO";19/06/2024;;
"1002010206400000000070000";"ASESORIA SAUL TOVAR, S.L.";;;"927441221";"asesoria@asesoriatovar.com";"SI";"NO";"NO";19/06/2024;;
"1002010206500000000070000";"LA MILAGROSA DE MONTERRUBIO, S.C.L.";;;"924610440";"administracion@aceitel.com";"SI";"NO";"NO";19/06/2024;;
"1002010206600000000070000";"MARIA DEL CARMEN";;;"600874513";"ateveal@gmail.com";"SI";"NO";"NO";19/06/2024;;
"1002010206700000000070000";"IGNACIO";;;"646525866";"ibuenofernandez@gmail.com";"SI";"NO";"NO";19/06/2024;;
"1002010206900000000070000";"DOMINGO";;;"620891465";"zarcal@hotmail.es";"SI";"NO";"NO";19/06/2024;;
"1002010207000000000070000";"AM TECNICOS ASESORIA AGRICOLA GANADERA, S.L.";;;"653882076";"amtecnicosasesoria@gmail.com";"SI";"NO";"NO";19/06/2024;;
"1002010207100000000070000";"PEDRO";;;"656971825";"ingenieriaconsultoriarg@gmail.com";"SI";"NO";"NO";19/06/2024;;
"1002010207200000000070000";"MANUEL";;;"607747733";"chesael@hotmail.com";"SI";"NO";"NO";19/06/2024;;
"1002010207400000000070000";"SANTIAGO";;;"658484608";"tecnicolacaridad@gmail.com";"SI";"NO";"NO";19/06/2024;;
"1002010207700000000070000";"FRUTAS SALUD SDAD. COOP.";;;"924833008";"vicente@frutasalud.es";"SI";"NO";"NO";19/06/2024;;
"1002010207800000000070000";"JORGE";;;"651924293";"naturadomenech@gmail.com";"SI";"NO";"NO";19/06/2024;;
"1002010207900000000070000";"MIGUEL";;;"653821813";"miguel_monterrey@hotmail.es";"SI";"NO";"NO";19/06/2024;;
"1002010208000000000070000";"INGENIERIA TECNICA Y PROYECTOS EXTEMEÑOS, S.L.U.";;;"924631313";"intexpantano@hotmail.com";"SI";"NO";"NO";19/06/2024;;
"1002010208100000000070000";"AGROTECNICA GRAGERA, S.L.";;;"610711222";"agustingragera@hotmail.com";"SI";"NO";"NO";19/06/2024;;
"1002010208200000000070000";"EMILIO CAMACHO, C.B.";;;"924804412";"tecnicoagricola@emiliocamacho.es";"SI";"NO";"NO";19/06/2024;;
"1002010209000000000070000";"JESUS FERNANDO";;;"647806334";"jescbr@hotmail.com";"SI";"NO";"NO";19/06/2024;;
"1002010209400000000070000";"ANTONIO MANUEL";;;"618739822";"seragrex@gmail.com";"SI";"NO";"NO";19/06/2024;;
"1002010209500000000070000";"ANTONIO";;;"924526012";"lolsala@hotmail.com";"SI";"NO";"NO";19/06/2024;;
"1002010209700000000070000";"ARQUIONE S&P, S.L.";;;"687172628";"silvestre@arquione.com";"SI";"NO";"NO";19/06/2024;;
"1002010210100000000070000";"LORENZO";;;"924872344";"gabare1961@hotmail.es";"SI";"NO";"NO";19/06/2024;;
"1002010210200000000070000";"MIGUEL ANGEL";;;"927216019";"oficina@agrogesaex.com";"SI";"NO";"NO";19/06/2024;;
"1002010210300000000070000";"JORGE";;;"924585586";"jorge@santanahernandez.es";"SI";"NO";"NO";19/06/2024;;
"1002010210400000000070000";"FRANCISCO";;;"647808191";"trinidadsingenieria@gmail.com";"SI";"NO";"NO";19/06/2024;;
"1002010210500000000070000";"JOSE JAVIER";;;"688904799";"jlucasv.ing@gmail.com";"SI";"NO";"NO";19/06/2024;;
"1002010210800000000070000";"GRUPO XTREMABUGGY, S.L.";;;"924510206";"agrofitec@gmail.com";"SI";"NO";"NO";19/06/2024;;
"1002010210900000000070000";"VALDECARRAS, SDAD. COOP.";;;"924244006";"bioganex@outlook.com";"SI";"NO";"NO";19/06/2024;;
"1002010211000000000070000";"SDAD. COOP. NTRA. SRA. PEÑAS ALBAS";;;"927472107";"atriacabezuelacoadena@hotmail.com";"SI";"NO";"NO";19/06/2024;12/08/2024;
"1002010211100000000070000";"COOP. AGRARIA DE NAVACONCEJO";;;"927173017";"navaconcejo@ac-vallejerte.es";"SI";"NO";"NO";19/06/2024;;
"1002010211200000000070000";"SDAD. COOP. TABAQUERA LA UNION";;;"927578210";"launion@launionsc.com";"SI";"NO";"NO";19/06/2024;;
"1002010211400000000070000";"AGROAZUAGA, S.L.";;;"924892538";"rafaelmarquez@agroazuaga.com";"SI";"NO";"NO";19/06/2024;;
"1002010211500000000070000";"AGRORETO, S.L.";;;"603876306";"agroretosl@gmail.com";"SI";"NO";"NO";19/06/2024;;
"1002010211600000000070000";"ALANSER, S.C.L.";;;"924601032";"yolanda@alanser.eu";"SI";"NO";"NO";19/06/2024;;
"1002010211700000000070000";"ALVARO";;;"649842023";"alvarosoc@gmail.com";"SI";"NO";"NO";19/06/2024;;
"1002010211800000000070000";"ANGEL";;;"924832908";"angel_bada@hotmail.com";"SI";"NO";"NO";19/06/2024;;
"1002010212000000000070000";"CAMPO VIVO, S.C.";;;"660366064";"campovivoseguros@gmail.com";"SI";"NO";"NO";19/06/2024;;
"1002010212200000000070000";"GRUPO DEL VALLE INGENIEROS, S.L.";;;"924038260";"ganadoypac@delvalleingenieros.es";"SI";"NO";"NO";19/06/2024;;
"1002010212400000000070000";"JESUS DOMINGO";;;"679491313";"jb23811@gmail.com";"SI";"NO";"NO";19/06/2024;;
"1002010212800000000070000";"LLANO DE LAS VENERAS, S.L.";;;"679997865";"irenerocandio@yahoo.es";"SI";"NO";"NO";19/06/2024;;
"1002010212900000000070000";"MARIA JOSE";;;"639462248";"agroingenieria.barros@gmail.com";"SI";"NO";"NO";19/06/2024;;
"1002010213000000000070000";"MANUEL";;;"924780020";"blancoasesoragropecuario@gmail.com";"SI";"NO";"NO";19/06/2024;;
"1002010213400000000070000";"PABLO";;;"924245961";"tierrasdelavilla@gmail.com";"SI";"NO";"NO";19/06/2024;;
"1002010213600000000070000";"PROYECTOS Y GESTIONES NATURALES, S.L.";;;"924240823";"ingenieria@progesnatura.com";"SI";"NO";"NO";19/06/2024;;
"1002010213700000000070000";"S.A.T. CAMPO Y TIERRA EX 100169";;;"927404383";"jgarcia@campoytierrasat.com";"SI";"NO";"NO";19/06/2024;;
"1002010214000000000070000";"TIERRAS EXTREMEÑAS SDAD. COOP. ESPECIAL";;;"626996634";"capiagro@gmail.com";"SI";"NO";"NO";19/06/2024;;
"1002010225500000000070000";"EVA";;;"924724684";"evitaagro@gmail.com";"SI";"NO";"NO";19/06/2024;;
"1002010225700000000070000";"MARIA ANGELES";;;"924687325";"asesoriaroblesgil@gmail.com";"SI";"NO";"NO";19/06/2024;;
"1002010225900000000070000";"SDAD. COOP. SANTO CRISTO DEL AMPARO";;;"927470032";"jerte@ac-vallejerte.es";"SI";"NO";"NO";19/06/2024;;
"1002010226100000000070000";"SDAD. COOP. ANDALUZA GANADERA DEL VALLE DE LOS PEDROCHES (COVAP)";;;"957773888";"icanuelom@covap.es";"SI";"NO";"NO";19/06/2024;;
"1002010226400000000070000";"VICTOR MANUEL";;;"927472663";"victorcabezuela@hotmail.com";"SI";"NO";"NO";19/06/2024;;
"1002010226600000000070000";"BLABECUM IBERIA, S.L.";;;"747790465";"blabecumiberia@gmail.com";"SI";"NO";"NO";19/06/2024;;
"1002010228000000000070000";"GESCOSERENA, S.L.U";;;"924761597";"gescoserena@gmail.com";"SI";"NO";"NO";19/06/2024;;
"1002010229200000000070000";"ALDEA DEL CONDE, S.C.L.";;;"924440552";"felixacero@hotmail.com";"SI";"NO";"NO";19/06/2024;;
"1002010229300000000070000";"AMBIENTA, INGENIERIA Y SERVICIOS AGRARIOS Y FORESTALES, S.L.";;;"927675524";"alvarojulian@gmail.com";"SI";"NO";"NO";19/06/2024;;
"1002010229500000000070000";"GANAEX, SDAD. COOP.";;;"924276953";"manuel@paisdequercus.com";"SI";"NO";"NO";19/06/2024;;
"1002010229700000000070000";"JUAN PABLO";;;"697463466";"ingceballosrodriguez@gmail.com";"SI";"NO";"NO";19/06/2024;;
"1002010230000000000070000";"RAUL TOSCANO, S.L.";;;"619807382";"gabineteforestal@gmail.com";"SI";"NO";"NO";19/06/2024;;
"1002010230100000000070000";"SDAD. COOP. AGRICOLA SAN PABLO";;;"927177525";"arroyomolinos@ac-vallejerte.es";"SI";"NO";"NO";19/06/2024;;
"1002010230200000000070000";"TODOCAMPO 365, S.L.";;;"645083585";"jaime@villalobosconsultoria.es";"SI";"NO";"NO";19/06/2024;;
"1002010230900000000070000";"ASENFER GESTION, S.L.";;;"927510553";"noeliadominguez@asenfergestion.es";"SI";"NO";"NO";19/06/2024;;
"1002010231200000000070000";"MARIA BELEN";;;"635994830";"subergestion@gmail.com";"SI";"NO";"NO";19/06/2024;;
"1002010231500000000070000";"REGADHIGOS, SCL";;;"927386377";"info@regadhigos.com";"SI";"NO";"NO";19/06/2024;;
"1102000000100000000001500";"ISAGRI SL";;;"609690735";"jmp@isagri.com";"NO";"SI";"SI";07/03/2025;07/03/2025;
"1102000000100000000003200";"COMERCIAL FITOAGRARIA SL";"Ourense";;"663840651";"info@fitoagraria.com";"NO";"SI";"SI";07/03/2025;07/03/2025;
"1102000000100000000003600";"OSIGRIS SISTEMAS DE INFORMACION SL";"Pontevedra";;"699139390";"rmella@osigris.com";"NO";"SI";"SI";07/03/2025;07/03/2025;
"110200000010000022000002600000000050000";"BANCO SANTANDER S.A.";;;"679995138";"luismiguel.pernas@gruposantander.es";"SI";"NO";"NO";19/06/2024;;
"110200000010000022000002700000000050000";"ABANCA CORPORACION BANCARIA, S.A.";;;"649119819";"jcombarro@abanca.com";"SI";"NO";"NO";19/06/2024;;
"110200000010000022000002800000000050000";"BANCO BILBAO ARGENTARIA S.A.";;;"629056286";"jmanuel.sabel@bbva.com";"SI";"NO";"NO";19/06/2024;;
"110200000010000022000003300000000050000";"CAIXABANK SA";;;"636101601";"maria.casas@caixabank.com";"SI";"NO";"NO";19/06/2024;;
"110200000010000022000003400000000050000";"CAIXA RURAL GALEGA, S.C.C.L.G.";;;"699662403";"administracion3070@caixaruralgalega.gal";"SI";"NO";"NO";19/06/2024;;
"110200000010000022000003800000000050000";"BANCO SABADELL SA";;;"651874604";"calopez@sabadelgallego.coml";"SI";"NO";"NO";19/06/2024;;
"110200000010000023000002900000000080000";"TAXO ASESOGAL SL";;;"646853631";"hacienda@iarza.com";"SI";"NO";"NO";19/06/2024;;
"110200000010000023000004000000000080000";"ASOCIACION DE GANDEIROS A FONSAGRADA";;;"628515282";"asgafon@yahoo.es";"SI";"NO";"NO";19/06/2024;;
"110200000010000023000004200000000080000";"ASOCIACION DE GANDEIROS AGRIÑA";;;"650115486";"vazquez.manuela@yahoo.es";"SI";"NO";"NO";19/06/2024;;
"110200000010000023000004400000000080000";"AGRONOVO ECOLOXIA SL";;;"687806796";"info@agronovo.es";"SI";"NO";"NO";19/06/2024;;
"110200000010000023000004700000000080000";"COOPERATIVA AGRARIA PROVINCIAL DE A CORUÑA. SCG";;;"678126576";"capcoruna@capcoruna.com";"SI";"NO";"NO";19/06/2024;;
"110200000010000023000004800000000080000";"GABINETE TECNICO AGROPECUARIO TERRA CHA S.C.G.";;;"676591838";"gtagro2@yahoo.es";"SI";"NO";"NO";19/06/2024;;
"110200000010000023000005100000000080000";"XELDA EIDO RURAL S.L.U.";;;"609345542";"oscarfernandez@xelda.es";"SI";"NO";"NO";19/06/2024;;
"110200000010000023000005200000000080000";"ADSGESTION S.C.G.";;;"982370142";"adsgestion@adsgestion.com";"SI";"NO";"NO";19/06/2024;;
"110200000010000023000005600000000080000";"XESTEGA ENXEÑERIA AGROFORESTAL, S.L.";;;"606595387";"xestega@gmail.com";"SI";"NO";"NO";19/06/2024;;
"110200000010000023000006100000000080000";"AGROMACEN";;;"646453472";"agromacen@gmail.com";"SI";"NO";"NO";19/06/2024;;
"110200000010000023000006200000000080000";"XESTION RURAL DE GALICIA";;;"606593732";"elias_fernandez@telefonica.net";"SI";"NO";"NO";19/06/2024;;
"110200000010000023000006300000000080000";"AGROTECNICA FRIOL SLU";;;"639028863";"agrotecnicafriol@gmail.com";"SI";"NO";"NO";19/06/2024;;
"110200000010000023000006400000000080000";"ASOCIACION DE CRIADORES DE OVINO E CAPRINO DE GALICIA";;;"687778013";"ovica.galicia@gmail.com";"SI";"NO";"NO";19/06/2024;;
"110200000010000023000006500000000080000";"ASOCIACION XESTION AGROGANDEIRA GALEGA XEAGRO";;;"604050761";"xeagro@gmail.com";"SI";"NO";"NO";19/06/2024;;
"110200000010000023000008700000000080000";"ASOCIACION SECTORIAL LACTEA E AGRICOLA GALEGA - ASELAGA";;;"981530500";"ces.santiago@unionsagrarias.org";"SI";"NO";"NO";19/06/2024;;
"110200000010000023000009100000000080000";"XISTER SOCIEDAD COOPERATIVA GALEGA";;;"689007241";"xistervilalba@gmail.com";"SI";"NO";"NO";19/06/2024;;
"110200000010000023000009200000000080000";"CELTIA AGROENXEÑERIA S.L.";;;"647507475";"celtia.agricola@gmail.com";"SI";"NO";"NO";19/06/2024;;
"110200000010000023000010200000000080000";"VIÑA COSTEIRA SCG";;;"696955882";"egiraldez@costeira.es";"SI";"NO";"NO";19/06/2024;;
"110200000010000023000010300000000080000";"MANDIA S.C.G.";;;"663264909";"scgmandia@gmail.com";"SI";"NO";"NO";19/06/2024;;
"110200000010000023000010400000000080000";"PINTAS E RUBIAS ASESORAMENTO E XESTION INTEGRAL S.C.G.";;;"609324525";"epsotelo@mundo-r.com";"SI";"NO";"NO";19/06/2024;;
"110200000010000023000010500000000080000";"ARGO XESTION AGROGANDEIRA S.L.";;;"669856155";"aragomezcastillo@gmail.com";"SI";"NO";"NO";19/06/2024;;
"110200000010000023000010600000000080000";"ASOCIACION DE GANDEIROS A CANLE";;;"699513951";"gandeiros.acanle@gmail.com";"SI";"NO";"NO";19/06/2024;;
"110200000010000023000010700000000080000";"LEAL XESTION E ACONSELLAMENTO SL";;;"616459507";"leal@xesdeza.com";"SI";"NO";"NO";19/06/2024;;
"110200000010000023000010800000000080000";"ISAGAL SOCIEDADE COOPERATIVA GALEGA";;;"660953975";"ingenieriaisagal@gmail.com";"SI";"NO";"NO";19/06/2024;;
"110200000010000023000011000000000080000";"FEDERACION DE RAZAS AUTOCTONAS DE GALICIA-BOAGA";;;"670268065";"frag@boaga.es";"SI";"NO";"NO";19/06/2024;;
"110200000010000023000011200000000080000";"BEEALIA S.C.";;;"619032791";"contacto@beealia.com";"SI";"NO";"NO";19/06/2024;;
"110200000010000023000011300000000080000";"ARVITOT, SL";;;"639540854";"arvitot@gmail.com";"SI";"NO";"NO";19/06/2024;;
"110200000010000023000011500000000080000";"INLOGA ENXEÑEIROS S.L.";;;"606083057";"miguel.lolo@inloga.es";"SI";"NO";"NO";19/06/2024;;
"110200000010000023000011600000000080000";"AIRA SCG";;;"981584783";"agaca@agaca.coop";"SI";"NO";"NO";19/06/2024;;
"110200000010000023000011800000000080000";"COOPERATIVAS LACTEAS UNIDAS SCG (CLUN SCG)";;;"609891616";"jose.lopez@clun.es";"SI";"NO";"NO";19/06/2024;;
"110200000010000023000011900000000080000";"CENSEA SC";;;"699736231";"alvaro@censea.es";"SI";"NO";"NO";19/06/2024;;
"110200000010000023000012000000000080000";"TECNIA RURAL SC";;;"981880149";"asesoria@margaritavazquez.es";"SI";"NO";"NO";19/06/2024;;
"110200000010000023000019800000000080000";"ASOPORCEL";;;"677465234";"asoporcel@asoporcel.es";"SI";"NO";"NO";19/06/2024;;
"110200000010000023000020100000000080000";"AXIÑA ASESORAMENTO RURAL INTEGRAL SOCIEDADE COOP GALEGA";;;"626107231";"axinha.coop@gmail.com";"SI";"NO";"NO";19/06/2024;;
"110200000010000024000003000000000020000";"UNIONS AGRARIAS - UPA";;;"981530500";"unionsagarias_upagalicia@upa.es";"SI";"NO";"NO";19/06/2024;;
"110200000010000024000005900000000020000";"SINDICATO LABREGO GALEGO - COMISIONS LABREGAS";;;"981554147";"nacional@sindicatolabrego.com";"SI";"NO";"NO";19/06/2024;;
"110200000010000024000010000000000020000";"ASOCIACION AGRARIA DE GALICIA -ASAGA";;;"649926562";"administracion@asaga.gal";"SI";"NO";"NO";19/06/2024;;
"110200000010000024000010900000000020000";"FEDERACION RURAL GALEGA - FRUGA";;;"636549853";"frugagaliza@gmail.com";"SI";"NO";"NO";19/06/2024;;
"110200000010000025000006800000000100000";"O Xeixo S.Coop.";;;"981584783";"agaca@agaca.coop";"SI";"NO";"NO";19/06/2024;;
"110200000010000025000007000000000100000";"ALMOGA S.Coop.";;;"981584783";"agaca@agaca.coop";"SI";"NO";"NO";19/06/2024;;
"110200000010000025000007300000000100000";"VERIN BIOCOOP SCG";;;"609334507";"sede@verinbiocoop.com";"SI";"NO";"NO";19/06/2024;;
"110200000010000025000008100000000100000";"LEMOS S.Coop.";;;"981584783";"agaca@agaca.coop";"SI";"NO";"NO";19/06/2024;;
"110200000010000025000009300000000100000";"Viticultores Martin Codax S.Coop";;;"981584783";"agaca@agaca.coop";"SI";"NO";"NO";19/06/2024;;
"110200000010000025000020000000000100000";"POSTOIRO S.Coop.";;;"981584783";"agaca@agaca.coop";"SI";"NO";"NO";19/06/2024;;
"1102000000200000000001500";"AGRARIA COMARCAL DE ORDES S.COOP.GALEGA";"A Coruña";;"673524542";"administracion@comarcal.org";"NO";"SI";"SI";07/03/2025;07/03/2025;
"1102000000200000000003200";"COMERCIAL FITOAGRARIA SL";"Ourense";;"663840651";"info@fitoagraria.com";"NO";"SI";"SI";07/03/2025;07/03/2025;
"1102000000200000000003600";"MMD BODEGAS Y VIÑEDOS 2024, S.L.";"Pontevedra";;"636258136";"mmdbodegasyvinedos@gmail.com";"NO";"SI";"SI";07/03/2025;07/03/2025;
"1102000000300000000001500";"COOP REUNIDAS DE BERGANTIÑOS S. COOP. GALEGA";"A Coruña";;"699457983";"coreber@coreber.com";"NO";"SI";"SI";07/03/2025;07/03/2025;
"1202000001400000000072800";"ASAJA";"Madrid";;"915540848";"asajamadrid@asajamadrid.com";"SI";"SI";"SI";19/06/2024;;
"1202000001500000000072800";"AGIM-COAG";"Madrid";;"685822515";"agimcoag@gmail.com";"SI";"SI";"SI";19/06/2024;;
"1202000001600000000072800";"UCAM";"Madrid";;"646805107";"info@ucam.coop";"SI";"SI";"SI";19/06/2024;;
"1202000001700000000052800";"EURO CAJA RURAL";"Madrid";;"925269611";"rfernandez@eurocajarural.es";"SI";"SI";"SI";19/06/2024;;
"1202000001900000000052800";"BBVA";"Madrid";;"699338235";"rocio.diaz@bbva.com";"SI";"SI";"SI";19/06/2024;;
"1202000002000000000072800";"IMIDRA";"Madrid";;"914383061";"imidra@madrid.org";"SI";"SI";"SI";19/06/2024;;
"1202000002100000000082800";"MEDIO AMBIENTE ASESORES S.L.";"Madrid";;"917153246";"aguado@iies.es";"SI";"SI";"SI";19/06/2024;;
"1202000002300000000082800";"SAT Nº 2903 SAN PEDRO";"Madrid";;"679017856";"satsanpedro@hotmail.com";"SI";"SI";"SI";19/06/2024;;
"1202000002400000000072800";"DÁMASO GONZÁLEZ, S. L.";"Madrid";;"619294887";"julian@aceitecamporreal.com";"SI";"SI";"SI";19/06/2024;;
"1202000002500000000072800";"COOP DEL CAMPO SANTO CRISTO";"Madrid";;"618169933";"coopcolmenaraceite@hotmail.com";"SI";"SI";"SI";19/06/2024;;
"1202000002800000000082800";"ANTONIO";"Madrid";;"608802401";"ahermen@telefonica.net";"SI";"SI";"SI";19/06/2024;;24/03/2025
"1202000002900000000052800";"RG ASESORIA, S. L.";"Madrid";;"629024129";"rgasesoria@gmail.com";"SI";"SI";"NO";24/03/2025;;
"1202000002900000000082800";"RG ASESORÍA INTEGRAL SUDESTE S.L.";"Madrid";;"918743737";"rgasesoria@gmail.com";"SI";"SI";"SI";19/06/2024;;
"1202000003000000000052800";"CAJA RURAL DE SORIA";"Madrid";;"610763572";"joseluispalomar@crsoria.com";"SI";"SI";"SI";19/06/2024;;
"1202000003100000000072800";"UNIÓN DE PEQUEÑOS AGRICULTORES";"Madrid";;"629068544";"janchuelo@upa.es";"SI";"SI";"SI";19/06/2024;;
"1202000003200000000082800";"PABLO";"Madrid";;"629334044";"pabloblas@hotmail.com";"SI";"SI";"SI";19/06/2024;;
"1202000003300000000072800";"UGAMA";"Madrid";;"689228790";"ugama@la-union.eu";"SI";"SI";"SI";19/06/2024;;
"1202000003400000000082800";"ITICE, S.A.";"Madrid";;"915512090";"pac2023@itice.es";"SI";"SI";"SI";19/06/2024;;
"1202000003500000000052800";"CAIXA BANK";"Madrid";;"630618912";"cchacon@caixabank.com";"SI";"SI";"SI";19/06/2024;;
"1202000003700000000052800";"BANCO SANTANDER";"Madrid";;"625116121";"pbergillos@gruposantander.es";"SI";"SI";"NO";19/06/2024;;
"1202000004100000000072800";"GRUPO DE EMPRESAS AGRARIAS MADRID (GEA MADRID)";"Madrid";;"699774569";"grupodeempresasagrariasmadrid@gmail.com";"SI";"NO";"NO";19/06/2024;;
"1202000004200000000082800";"OFICINAS LÓPEZ COLMENAREJO S. L.";"Madrid";;"918451425";"albertomur@lopezcolmenarejo.com";"SI";"SI";"SI";19/06/2024;;
"1202000004300000000052800";"CAJAMAR CAJA RURAL, SCC";"Madrid";;"609045809";"esther@cajamar.com";"SI";"SI";"SI";19/06/2024;;
"1202000004600000000082800";"PABLO";"Madrid";;"606373901";"mayoral.consult@gmail.com";"SI";"SI";"SI";19/06/2024;;
"1202000006100000000082800";"EVA";"Madrid";;"619559383";"evamartinez82@yahoo.es";"SI";"SI";"NO";19/06/2024;;
"1202000006300000000082800";"ENRIQUE";"Madrid";;"653937216";"ollero70@gmail.com";"SI";"SI";"SI";19/06/2024;;
"1202000006400000000082800";"ALFREDO";"Madrid";;"687265323";"alfredo.delasheras@gmail.com";"SI";"SI";"SI";19/06/2024;24/03/2025;
"1202000006500000000052800";"UNICAJA BANCO S.A.";"Madrid";;"942204830";"absaenzd@liberbank.es";"SI";"NO";"NO";19/06/2024;24/03/2025;
"1202000006700000000082800";"JORDI";"Madrid";;"659473690";"jordi.massana@upm.es";"SI";"SI";"SI";19/06/2024;;
"1202000006800000000082800";"ANA ISABEL";"Madrid";;"626600796";"3330@gestoresmadrid.org";"SI";"SI";"SI";19/06/2024;24/03/2025;
"1202000006900000000082800";"EXPLOTACIONES AGRÍCOLAS LA RINCONADA";"Madrid";;"916144860";"larinconada@telefonica.net";"NO";"NO";"NO";19/06/2024;;
"1202000007100000000082800";"OCENDA, S.L.";"Madrid";;"916154061";"nieves.ocenda@gmail.com";"SI";"SI";"SI";19/06/2024;;
"1202000007500000000082800";"JOSÉ MANUEL";"Madrid";;"676814096";"josemanuel@ganaderiaquintas.com";"SI";"SI";"SI";19/06/2024;24/03/2025;
"1202000007600000000082800";"JOAQUÍN";"Madrid";;"607547624";"saladoprado@hotmail.com";"SI";"SI";"SI";19/06/2024;24/03/2025;
"1202000007900000000082800";"PEDRO";"Madrid";;"670436150";"pvalera.fibratel@gmail.com";"SI";"SI";"SI";19/06/2024;;
"1202000008200000000082800";"HERPA GESTIÓN Y CONTROL S.L.";"Madrid";;"686835839";"luisapareja@herpagestion.es";"NO";"NO";"NO";19/06/2024;;
"1202000008500000000082800";"ÁNGEL";"Madrid";;"649468952";"aolmeda@mapfre.com";"SI";"NO";"NO";19/06/2024;24/03/2025;
"1202000008800000000052800";"CAJA RURAL DE ALBACETE, C. REAL Y CUENCA. GLOBALCAJA";"Madrid";;"659456458";"alberto.marcilla@globalcaja.es";"SI";"SI";"SI";19/06/2024;;
"1202000014300000000082800";"CARINA LIZ   ";"Madrid";;"607547624";"kriliz_0608@hotmail.com";"SI";"SI";"SI";19/06/2024;;
"1202000014500000000000000";"Asociación de Ganaderos y Agricultores de Torrelaguna";"Madrid";;"630741779";"florencid@hotmail.com";"SI";"NO";"NO";19/06/2024;;24/03/2025
"1202000014500000000082800";"Asociación de Ganaderos y Agricultores de Torrelaguna";"Madrid";;"630741779";"florencid@hotmail.com";"SI";"NO";"NO";24/03/2025;;
"1202000014600000000082800";"AGROTOLEDO ASESORES, S.L.";"Madrid";;"665893979";"ecarmena@agrotoledo.es";"SI";"SI";"SI";19/06/2024;;
"1202000014700000000082800";"ANSAC ECOSISTEM S.L.";"Madrid";;"699239704";"ansondeley@gmail.com";"SI";"SI";"SI";19/06/2024;;
"1202000014800000000072800";"HELICONIA S. COOP MAD";"Madrid";;"657689272";"rea@heliconia.es";"NO";"SI";"SI";19/06/2024;;
"1202000014900000000082800";"EXPLOTACIONES AGRARIAS AGROLOMA S.L.";"Madrid";;"681384452";"administracion@agrolomasl.com";"SI";"SI";"SI";19/06/2024;;
"1202000015000000000082800";"AGRICOLA MANZANO SL";"Madrid";;"918804196";"agricolamanzano@hotmail.com";"NO";"SI";"NO";19/06/2024;;
"1202000015200000000082800";"AGROZENIT ";"Madrid";;"635665003";"alfonsovelez@agrozenit.es";"SI";"SI";"SI";19/06/2024;;
"1202000015300000000082800";"SPL BAUM S.L.";"Madrid";;"910881573";"marcelo.martinez@novadigy.com";"NO";"NO";"SI";19/06/2024;;
"1202000015400000000082800";"MEMORANDUM MULTIMEDIA SL";"Madrid";;"876019922";"luis.lana@memorandum.net";"NO";"NO";"SI";19/06/2024;;
"1202000015500000000052800";"7EDATA BUSINESS SL AGROSLAB";"Madrid";;"699998858";"jesusgerique@7edata.com";"NO";"SI";"SI";24/03/2025;;
"1202000015600000000082800";"FARMABLE ESPAÑA S.L.";"Madrid";;"683251829";"ega@farmable.tech";"NO";"NO";"SI";24/03/2025;;
"1202000015800000000082800";"ISAGRI S.L.";"Madrid";;"963153099";"jmp@isagri.com";"NO";"NO";"SI";24/03/2025;;
"1202000015900000000052800";"DICAGEST ASESORES S.L.";"Madrid";;"918081281";"alfonso.diaz@nosqueragestion.es";"NO";"SI";"NO";24/03/2025;;
"1202000016000000000082800";"OSIGRIS SISTEMAS DE INFORMACION S.L.";"Madrid";;"699139390";"rmella@osigris.com";"NO";"NO";"SI";24/03/2025;;
"1202000016100000000052800";"CRISTINA MARIA";"Madrid";;"613357810";"cm.rotagestores@gmail.com";"NO";"SI";"NO";24/03/2025;;
"1202000016200000000052800";"GESTORIA ROBERTO SANZ MARTIN";"Madrid";;"925812204";"gestoria@robertosanz.es";"NO";"SI";"NO";24/03/2025;;
"1202000016300000000082800";"ANGEL";"Madrid";;"699599637";"angelramiroocon@gmail.com";"SI";"SI";"SI";24/03/2025;;
"1202000016400000000002800";"GESTORIA SALAZAR S.L.";"Madrid";;"673924876";"gestoria@gestoriasalazar.com";"NO";"SI";"NO";24/03/2025;;
"13";"UNICAJA BANCO S.A.";;;"942204830";"absaenzd@liberbank.es";"SI";"NO";"NO";19/06/2024;;
"1302000001500000000073006";"Eulalia";"Murcia";;"968120874";"lalyconesa@gmail.com";"SI";"NO";"NO";19/06/2024;;
"1302000003200000000073005";"Antonio Luis";"Murcia";;"968406470";"intopsureste@gmail.com";"SI";"NO";"NO";19/06/2024;;
"1302000003500000000083000";"ADEA-ASAJA";"Murcia";;"968284188";"tecnicoagricola@asajamurcia.com";"SI";"NO";"NO";19/06/2024;;
"1302000004200000000093005";"ADS Ovino/Caprino de Mazarrón";"Murcia";;"968153931";"danielnicolas1301@hotmail.com";"SI";"NO";"NO";19/06/2024;;
"1302000004300000000073005";"Sebastián";"Murcia";;"699856930";"molinaingeniero@telefonica.net";"SI";"NO";"NO";19/06/2024;;
"1302000004400000000073005";"Balatasar";"Murcia";;"968496550";"baltasargarcia@inforgalte.com";"SI";"NO";"NO";19/06/2024;;
"1302000004900000000073001";"Rufino";"Murcia";;"968757676";"sanchezrufino@gmail.com; dgsegurosagrarios@gmail.com";"SI";"NO";"NO";19/06/2024;;
"1302000005200000000073003";"María Josefa";"Murcia";;"968931431";"pepadellamas@gmail.com";"SI";"NO";"NO";19/06/2024;;
"1302000005300000000073003";"Jose Antonio";"Murcia";;"968661236";"jose@hermanosfloro.com";"SI";"NO";"NO";19/06/2024;;
"1302000005700000000073004";"Antonio Jesús";"Murcia";;"968771249";"aj.molina@agringenia.com";"SI";"NO";"NO";19/06/2024;;
"1302000006600000000103002";"FRUSEMUR SC";"Murcia";;"968655051";"frusemur@frusemursc.com;juanamari@frusemursc.com";"SI";"NO";"NO";19/06/2024;;
"1302000006700000000073002";"Francisco Andrés";"Murcia";;"968705340";"savinar@terra.com; francisco.savinar@gmail.com";"SI";"NO";"NO";19/06/2024;;
"1302000007100000000053000";"CAJA RURAL DE ALBACETE, CIUDAD REAL Y CU";"Murcia";;"967157090";"servicios_agrarios_cralbacete@cajarural.com;rafael.mendoza@globalcaja.es";"SI";"NO";"NO";19/06/2024;;
"1302000007700000000093005";"U.A.G. DEL BAJO GUADALENTIN";"Murcia";;"968421601";"coagirtotana@gmail.com";"SI";"NO";"NO";19/06/2024;;
"1302000007800000000083000";"UNIÓN PEQUEÑOS AGRICULTORES Y GANADEROS";"Murcia";;"968280765";"upamurcia@upa.es";"SI";"NO";"NO";19/06/2024;;
"1302000008600000000073004";"Rosario";"Murcia";;"616319459";"rlljmm@yahoo.es";"SI";"NO";"NO";19/06/2024;;
"1302000008700000000083000";"COAG INICIATIVA RURAL DE MURCIA";"Murcia";;"968354059";"janavarro@coagirmurcia.org";"SI";"NO";"NO";19/06/2024;;
"1302000009100000000063005";"GRUPO HORTOFRUTICOLA PALOMA, S.A.";"Murcia";;"968590001";"joseluis@gpaloma.com";"SI";"NO";"NO";19/06/2024;;
"1302000010000000000063004";"MATEOS RUIZ ECONOMISTAS, S.L.";"Murcia";;"968216007";"franmateos@mre.es; inmamateos@mre.es";"SI";"NO";"NO";19/06/2024;;
"1302000011400000000063005";"FINCA AGRICOLA EL MURTAL, S.L.";"Murcia";;"968639131";"elmurtal@elmurtal.es";"SI";"NO";"NO";19/06/2024;;
"1302000011600000000063005";"ASESORIA ALCANTARA LOPEZ, S.L.";"Murcia";;"626989570";"asesoria.alcantara@hotmail.com";"SI";"NO";"NO";19/06/2024;;
"1302000012100000000063005";"ANTONIO ARCAS ASESORES, S.L.";"Murcia";;"968477111";"arcasgestion@telefonica.net;antonia.cabrera@arcasasesores.com";"SI";"NO";"NO";19/06/2024;;
"1302000013900000000063004";"AGRIOS EL CARRIL, S.L.";"Murcia";;"968277071";"jguerrero@agrios-elcarril.com;lminano@agrios-elcarril.com";"SI";"NO";"NO";19/06/2024;;
"1302000014400000000063004";"SIG MURCIA, S.L.";"Murcia";;"968935656";"pedro@sigmurcia.es";"SI";"NO";"NO";19/06/2024;;
"1302000014500000000063003";"SOLUCIONES TECNICAS AGRICOLAS, S.L.";"Murcia";;"968663085";"santiago@solteca.es";"SI";"NO";"NO";19/06/2024;;
"1302000014700000000063005";"COSMOS 3 G, S.L.";"Murcia";;"968424837";"ayudas@cosmos3g.com";"SI";"NO";"NO";19/06/2024;;
"1302000014900000000063005";"GESTION TECNICA VETERINARIA DE MURCIA";"Murcia";;"968461018";"gtv.veterinaria@gmail.com; lorcavet@gmail.com";"SI";"NO";"NO";19/06/2024;;
"1302000015100000000063002";"ASESORIA CAMPO DE SAN JUAN, S.L.";"Murcia";;"968738157";"asesoriacsj@gmail.com";"SI";"NO";"NO";19/06/2024;;
"1302000015500000000063004";"FRANCISCO CABALLERO GARRO Y OTROS, C.B.";"Murcia";;"968776252";"antonio@pcaballero.com";"SI";"NO";"NO";19/06/2024;;
"1302000015700000000103004";"LA PEDRERA, SOCIEDAD COOP. VALENCIANA";"Murcia";;"965368034";"copedrera@hotmail.com";"SI";"NO";"NO";19/06/2024;;
"1302000016600000000103006";"S.A.T. SAN CAYETANO";"Murcia";;"968580111";"encarna.garre@satsancayetano.es";"SI";"NO";"NO";19/06/2024;;
"1302000016700000000103004";"THADER CIEZA, S.C.L.";"Murcia";;"968761650";"manuel@thadercieza.com";"SI";"NO";"NO";19/06/2024;;
"1302000016800000000103006";"GREGAL SOCIEDAD COOPERATIVA";"Murcia";;"968585556";"josevictor@gregal.es";"SI";"NO";"NO";19/06/2024;;
"1302000016900000000103005";"COATO, S.C.L.";"Murcia";;"968418114";"celestino.cervantes@coato.com";"SI";"NO";"NO";19/06/2024;;
"1302000017100000000103004";"EL LIMONAR DE SANTOMERA";"Murcia";;"968860001";"aj.moreno@el-limonar.com; mmar.sanchez@el-limonar.com";"SI";"NO";"NO";19/06/2024;;
"1302000017200000000103005";"COEXMA SOCIEDAD COOPERATIVA LIMITADA";"Murcia";;"968590373";"coexma@iamaco.com";"SI";"NO";"NO";19/06/2024;;
"1302000017400000000103003";"SOCIEDAD COOPERATIVA LA VEGA DE PLIEGO";"Murcia";;"968666173";"vegadepliego@vegadepliego.es;carloarchena@gmail.com";"SI";"NO";"NO";19/06/2024;;
"1302000017800000000103003";"YEFRUT S.C.L.";"Murcia";;"968661466";"tecnico@yefrut.es";"SI";"NO";"NO";19/06/2024;;
"1302000017900000000103003";"FRUTAS Y CITRICOS DE MULA, SDAD. COOP.";"Murcia";;"968660850";"tecnico1@frucimu.info;fucimu@frucimu.info";"SI";"NO";"NO";19/06/2024;;
"1302000018000000000103002";"FRUTAS DE CARAVACA, SDAD. COOP.";"Murcia";;"968708876";"administración@frutascaravaca.com";"SI";"NO";"NO";19/06/2024;;
"1302000018100000000103004";"COBUCO, S.C.L.";"Murcia";;"968654337";"juan@cobuco.com";"SI";"NO";"NO";19/06/2024;;
"1302000018200000000103006";"SDAD. COOP. ALMENDRAS MURCIANAS";"Murcia";;"968598200";"cooperativa@almendrasmurcianas.es";"SI";"NO";"NO";19/06/2024;;
"1302000018300000000103005";"ALMEMUR, S.C.L.";"Murcia";;"968400255";"almemur@gmail.com; almemur@hotmail.com";"SI";"NO";"NO";19/06/2024;;
"1302000018600000000103004";"LA VEGA DE CIEZA, SDAD. COOP.";"Murcia";;"968455779";"vegacieza@vegacieza.com";"SI";"NO";"NO";19/06/2024;;
"1302000018800000000103002";"VATPE AGRICOLAS Y GANADERA DEL NOROESTE";"Murcia";;"968701088";"info@pagounico.org";"SI";"NO";"NO";19/06/2024;;
"1302000018900000000103004";"S.A.T. Nº 9913 ROSEGAR";"Murcia";;"968602074";"gestion@sat9913.com";"SI";"NO";"NO";19/06/2024;;
"1302000019300000000103003";"CRISOL DE FRUTOS SECOS, S.A.T.";"Murcia";;"968661704";"info@crisolfs.com";"SI";"NO";"NO";19/06/2024;;
"1302000019400000000103001";"ARBORETO S.A.T. LIMITADA";"Murcia";;"977313262";"info@sat-arboreto.com";"SI";"NO";"NO";19/06/2024;;
"1302000019600000000103000";"MAÑAN, S.C.";"Murcia";;"965478420";"tecnicos@manan.es";"SI";"NO";"NO";19/06/2024;;
"1302000020000000000103004";"S.A.T. CAMPOTEJAR DEL SEGURA Nº 9843";"Murcia";;"968629671";"inma.lorente@satcampotejar.com;david.carrillo@satcampotejar.com";"SI";"NO";"NO";19/06/2024;;
"1302000020200000000103005";"ALIMER, S. COOP.";"Murcia";;"968468312";"a.torres@alimer.es";"SI";"NO";"NO";19/06/2024;;
"1302000020400000000083001";"ASAJA JUMILLA";"Murcia";;"968783394";"asajajumilla@gmail.com";"SI";"NO";"NO";19/06/2024;;
"1302000020800000000093005";"ADS BOVINO LORCA Y PUERTO LUMBRERAS";"Murcia";;"968470537";"adsbovino@hotmail.com";"SI";"NO";"NO";19/06/2024;;
"1302000020900000000093006";"ADS OVINO Y CAPRINO CAMPO DE CARTAGENA";"Murcia";;"968556451";"adsovino@hotmail.com";"SI";"NO";"NO";19/06/2024;;
"1302000021000000000083006";"FRACOM ASAJA";"Murcia";;"968598084";"fracomadea@gmail.com";"SI";"NO";"NO";19/06/2024;;
"1302000021200000000093002";"ASOC. DE AGRI. Y GANAD. DE CARAVACA";"Murcia";;"968700161";"IRENECOAG@MOVISTAR.ES";"SI";"NO";"NO";19/06/2024;;
"1302000021400000000103005";"S.A.T. Nº 1936 AGROTER";"Murcia";;"968465763";"veronica@sat-agroter.com;tecnico@sat-agroter.com";"SI";"NO";"NO";19/06/2024;;
"1302000021900000000083001";"COAG - JUMILLA";"Murcia";;"968716215";"josemaria@coagjumilla.com;pablo@coagjumilla.com;antonia@coagjumilla.com";"SI";"NO";"NO";19/06/2024;;
"1302000023600000000103002";"COOP. AGROVINÍCOLA NTRA. S. DEL ROSARIO";"Murcia";;"968652075";"campo@bodegasdelrosario.com";"SI";"NO";"NO";19/06/2024;;
"1302000023800000000073002";"VICENTE LUIS";"Murcia";;"722511251";"vicenteluisvalero1@gmail.com";"SI";"NO";"NO";19/06/2024;;
"1302000024400000000063005";"S.A.T. Nº 9994 CAMPOSEVEN";"Murcia";;"968178165";"administracion@camposeven.com";"SI";"NO";"NO";19/06/2024;;
"1302000024600000000103001";"LA BODEGA DE PINOSO, COOP. V.";"Murcia";;"965477040";"almendra@bodegaspinoso.com";"SI";"NO";"NO";19/06/2024;;
"1302000024700000000103001";"BODEGA COOPERATIVA DE ALGUEÑA";"Murcia";;"965476113";"bodega@vinosdealguenya.es";"SI";"NO";"NO";19/06/2024;;
"1302000025300000000063004";"ASEGRICOLA ESPAÑA, S.L.";"Murcia";;"968670394";"INFOTECNICOS@ASEGRICOLA.COM";"SI";"NO";"NO";19/06/2024;;
"1302000025400000000083004";"ASOC.AGRARIA-JÓVENES AGRICULTORES-ASAJA ALICANTE";"Murcia";;"965123108";"anasanchez@alicanteasaja.com";"SI";"NO";"NO";19/06/2024;;
"1302000025600000000063005";"SURINVER EL GRUPO, S. COOP.";"Murcia";;"966766068";"JASAEZ@SURINVER.ES; SMERINO@SURINVER.ES";"SI";"NO";"NO";19/06/2024;;
"1302000026400000000073005";"ISABEL";"Murcia";;"868109425";"isabel@asesoriaplazas.es;INFO@ASESORIAPLAZAS.ES";"SI";"NO";"NO";19/06/2024;;
"1302000026500000000053000";"EUROCAJA RURAL SOCIEDAD COOPERATIVA DE CREDITO";"Murcia";;"925269611";"9019@cajaruralclm.es";"SI";"NO";"NO";19/06/2024;;
"1302000028100000000063000";"4 PLUS INGENIEROS Y ARQUITECTOS, S.L.";"Murcia";;"968812324";"g.lopez@cuatroplus.com";"SI";"NO";"NO";19/06/2024;;
"1302000028300000000073004";"JUAN ANTONIO";"Murcia";;"619005984";"info@globaltechagro.com";"SI";"NO";"NO";19/06/2024;;
"1302000029400000000073004";"GOMEZ DE MIGUEL CONSULTORES, S.L.";"Murcia";;"968603283";"mar@aulamagica.es";"SI";"NO";"NO";19/06/2024;;
"1302000029900000000083005";"UNION DE AGRICULTORES Y GANADEROS LOCAL DE LORCA";"Murcia";;"968467696";"AYUDAS@COAGLORCA.ORG";"SI";"NO";"NO";19/06/2024;;
"1302000030100000000073001";"FRANCISCO JAVIER";"Murcia";;"654031064";"JAVIERIDEAAGRO@GMAIL.COM";"SI";"NO";"NO";19/06/2024;;
"1302000030900000000073001";"JOSE";"Murcia";;"695245877";"SEAGAJUMILLA@GMAIL.COM";"SI";"NO";"NO";19/06/2024;;
"1302000031300000000073006";"GESTION AGRICOLA EL MIRADOR, S.L.";"Murcia";;"968174186";"sergiocoag@gmail.com";"SI";"NO";"NO";19/06/2024;;
"1302000031500000000103003";"GAIA FOODTECH S. COOP";"Murcia";;"696866652";"GAIAFOODTECH@GMAIL.COM";"SI";"NO";"NO";19/06/2024;;
"1302000031600000000073003";"SERGIO";"Murcia";;"696494546";"AGROSERVIBER@GMAIL.COM";"SI";"NO";"NO";19/06/2024;;
"1302000031700000000073005";"SEBASTIAN";"Murcia";;"661502822";"SEBASTIANJODAR@GMAIL.COM";"SI";"NO";"NO";19/06/2024;;
"1401000000100000000013100";"OP Navarra";"Navarra";;"848424959";"sarentas@navarra.es";"SI";"NO";"NO";19/06/2024;;
"1402000000200000000053100";"CAJA RURAL DE NAVARRA";"Navarra";;"948168100";"jonathan.bermejo@crnavarra.com";"SI";"NO";"NO";19/06/2024;;
"14020000003000006700000000053100";"CAIXABANK-Carcastillo";"Navarra";;"948208437";"david.navarro.m@caixabank.com.";"SI";"NO";"NO";19/06/2024;;
"14020000003000006800000000053100";"CAIXABANK-Valdorba";"Navarra";;"948208437";"david.navarro.m@caixabank.com.";"SI";"NO";"NO";19/06/2024;;
"1402000000400000000073100";"UCAN";"Navarra";;;"j.concejo@grupoan.com";"NO";"SI";"SI";09/02/2026;;
"14020000004000000600000000073100";"UCAN_Mendigorria";"Navarra";;"948238129";"info@ucan.es";"SI";"NO";"NO";19/06/2024;;
"14020000004000000700000000073100";"UCAN_Larraga";"Navarra";;"948238129";"info@ucan.es";"SI";"NO";"NO";19/06/2024;;
"14020000004000002300000000073100";"UCAN_Cortes";"Navarra";;"948238129";"info@ucan.es";"SI";"NO";"NO";19/06/2024;;
"14020000004000002400000000073100";"UCAN_Carcastillo";"Navarra";;"948238129";"info@ucan.es";"SI";"NO";"NO";19/06/2024;;
"14020000004000002500000000073100";"UCAN_Sesma";"Navarra";;"948238129";"info@ucan.es";"SI";"NO";"NO";19/06/2024;;
"14020000004000002600000000073100";"UCAN_Urroz";"Navarra";;"948238129";"info@ucan.es";"SI";"NO";"NO";19/06/2024;;
"14020000004000002700000000073100";"UCAN_Tafalla";"Navarra";;"948238129";"info@ucan.es";"SI";"NO";"NO";19/06/2024;;
"14020000004000002800000000073100";"UCAN_Lerin";"Navarra";;"948238129";"info@ucan.es";"SI";"NO";"NO";19/06/2024;;
"14020000004000002900000000073100";"UCAN_Artajona";"Navarra";;"948238129";"info@ucan.es";"SI";"NO";"NO";19/06/2024;;
"14020000004000003000000000073100";"UCAN_Caparroso";"Navarra";;"948238129";"info@ucan.es";"SI";"NO";"NO";19/06/2024;;
"14020000004000003200000000073100";"UCAN_Figarol";"Navarra";;"948238129";"info@ucan.es";"SI";"NO";"NO";19/06/2024;;
"14020000004000003300000000073100";"UCAN_Miranda de Arga";"Navarra";;"948238129";"info@ucan.es";"SI";"NO";"NO";19/06/2024;;
"14020000004000003400000000073100";"UCAN_Peralta";"Navarra";;"948238129";"info@ucan.es";"SI";"NO";"NO";19/06/2024;;
"14020000004000003900000000073100";"UCAN_Cabanillas";"Navarra";;"948238129";"info@ucan.es";"SI";"NO";"NO";19/06/2024;;
"14020000004000004000000000073100";"UCAN_Caseda";"Navarra";;"948238129";"info@ucan.es";"SI";"NO";"NO";19/06/2024;;
"14020000004000004100000000073100";"UCAN_Fustiñana";"Navarra";;"948238129";"info@ucan.es";"SI";"NO";"NO";19/06/2024;;
"14020000004000004200000000073100";"UCAN_Los_Arcos";"Navarra";;"948238129";"info@ucan.es";"SI";"NO";"NO";19/06/2024;;
"14020000004000004300000000073100";"UCAN_Lumbier";"Navarra";;"948238129";"info@ucan.es";"SI";"NO";"NO";19/06/2024;;
"14020000004000004400000000073100";"UCAN_Murieta";"Navarra";;"948238129";"info@ucan.es";"SI";"NO";"NO";19/06/2024;;
"14020000004000004600000000073100";"UCAN_Oteiza";"Navarra";;"948238129";"info@ucan.es";"SI";"NO";"NO";19/06/2024;;
"14020000004000004700000000073100";"UCAN_Sanguesa";"Navarra";;"948238129";"info@ucan.es";"SI";"NO";"NO";19/06/2024;;
"14020000004000004800000000073100";"UCAN_Valtierra";"Navarra";;"948238129";"info@ucan.es";"SI";"NO";"NO";19/06/2024;;
"14020000004000004900000000073100";"UCAN_Yerri";"Navarra";;"948238129";"info@ucan.es";"SI";"NO";"NO";19/06/2024;;
"14020000004000005000000000073100";"UCAN_Tudela";"Navarra";;"948238129";"info@ucan.es";"SI";"NO";"NO";19/06/2024;;
"14020000004000005100000000073100";"UCAN_Falces";"Navarra";;"948238129";"info@ucan.es";"SI";"NO";"NO";19/06/2024;;
"14020000004000007400000000073100";"UCAN_Barasoain";"Navarra";;"948238129";"info@ucan.es";"SI";"NO";"NO";19/06/2024;;
"14020000004000007500000000073100";"UCAN_Murillo el Fruto";"Navarra";;"948238129";"info@ucan.es";"SI";"NO";"NO";19/06/2024;;
"14020000004000010200000000073100";"UCAN_Arguedas";"Navarra";;"948238129";"info@ucan.es";"SI";"NO";"NO";19/06/2024;;
"14020000004000011200000000073100";"UCAN_Buñuel";"Navarra";;"948238129";"info@ucan.es";"SI";"NO";"NO";19/06/2024;;
"1402000000500000000073100";"ORVALAIZ";"Navarra";;;;"NO";"SI";"SI";09/02/2026;;
"14020000005000009500000000073100";"ORVALAIZ_Ororbia";"Navarra";;"948317859";"orvalaiz@orvalaiz.es";"SI";"NO";"NO";19/06/2024;;
"14020000005000009600000000073100";"ORVALAIZ_Torres";"Navarra";;"948317859";"orvalaiz@orvalaiz.es";"SI";"NO";"NO";19/06/2024;;
"14020000005000009700000000073100";"ORVALAIZ_Ucar";"Navarra";;"948317859";"orvalaiz@orvalaiz.es";"SI";"NO";"NO";19/06/2024;;
"14020000011000007300000000073100";"CANSL";"Navarra";;"948640256";"canlosarcos@hotmail.com";"SI";"NO";"NO";19/06/2024;;
"14020000012000009300000000073100";"EHNE";"Navarra";;"948254841";"presidentenaf@ehne.eus";"SI";"NO";"NO";19/06/2024;;
"14020000013000010000000000073100";"GABETE";"Navarra";;"976854807";"gabete@gabete.es";"SI";"NO";"NO";19/06/2024;;
"14020000014000009200000000053100";"IBERCAJA";"Navarra";;"976767966";"jioto@ibercaja.es";"SI";"NO";"NO";19/06/2024;;
"1402000001500000000053100";"CAJA LABORAL KUTXA";"Navarra";;"948786310";"lucio.tirapu@laboralkutxa.com";"SI";"NO";"NO";19/06/2024;;
"1402000001900000000050000";"BANCO SANTANDER";"Navarra";;"676295449";"franciscojabier.barra@gruposantander.es";"SI";"NO";"NO";19/06/2024;;
"14020000020000007800000000070000";"Topografia_Ingenieria_Rural";"Navarra";;"948411933";"teiringenieria@gmail.com";"SI";"NO";"NO";19/06/2024;;
"14020000021000007700000000070000";"TUDAGRO";"Navarra";;"948824130";"tudagro@usuarios.com";"SI";"NO";"NO";19/06/2024;;
"1402000002200000000080000";"UAGN";"Navarra";;"948244700";"uagn@uagn.es";"SI";"NO";"NO";19/06/2024;;
"1402000011500000000073100";"INTIA";"Navarra";;"948013040";"intiasa@intiasa.es";"SI";"NO";"NO";19/06/2024;;
"1402000013300000000003100";"PEREZ BIASI S.L.";"Navarra";;"948640898";"perezbiasi@hotmail.com";"SI";"NO";"NO";19/06/2024;;
"1402000013400000000003100";"ASESORIA RUBEN OLMO";"Navarra";;"686466152";"jrolmo74@gmail.com";"SI";"NO";"NO";19/06/2024;;
"1402000013900000000103100";"7EDATA BUSINESS SL";"Navarra";;;"administracion@7edata.com";"NO";"SI";"SI";09/02/2026;;
"1402000014000000000103100";"ESTUDIOS Y PROYECTOS SANTIAGO SANCHEZ SC";"Navarra";;;"pargomva@itacyl.es";"NO";"SI";"SI";09/02/2026;;
"1402000014100000000103100";"AGRONOMÍA BERMEJO S.L.";"Navarra";;"638206657";"info@ingenieriabermejo.com";"NO";"SI";"SI";09/02/2026;;
"1402000014600000000103100";"FARMABLE ESPAÑA";"Navarra";;;;"NO";"SI";"SI";09/02/2026;;
"1402000014700000000103100";"ISAGRI";"Navarra";;;;"NO";"SI";"SI";09/02/2026;;
"1402000014800000000103100";"AN S.COOP.";"Navarra";;;"j.concejo@grupoan.com";"NO";"SI";"SI";09/02/2026;;
"1402000015000000000103100";"OSIGRIS SISTEMAS DE INFORMACION SL";"Navarra";;"699139390";"Rmella@osigris.com";"NO";"SI";"SI";09/02/2026;;
"1402000015100000000103100";"ITACYL";"Navarra";;;"pargomva@itacyl.es";"NO";"SI";"SI";09/02/2026;;
"1402000015200000000103100";"SAT RIAZOR";"Navarra";;;;"NO";"SI";"SI";09/02/2026;;
"1402000015300000000073100";"CEREALISTA  EZKIBEL SCOOP";"Navarra";;;;"NO";"SI";"SI";09/02/2026;;
"1402000015400000000103100";"FITOSANITARIOS Y SEMILLAS ARRONDO SL";"Navarra";;;;"NO";"SI";"SI";09/02/2026;;
"1402000015500000000103100";"MEMORANDUM";"Navarra";;;"antonio@memorandum.es";"NO";"SI";"SI";09/02/2026;;
"1402000015600000000100000";"AIDIAPP SL";"Navarra";;"923257339";"victor@aidiapp.com";"NO";"SI";"SI";09/02/2026;;
"1402000015800000000103100";"BRIOAGRO TECH SL";"Navarra";;"687087013";"adm@brioagro.es";"NO";"SI";"SI";09/02/2026;;
"1402000015900000000103100";"CESENS TECHNOLOGIES SL";"Navarra";;"941273376";"notificaciones@ingenieriaeinnovacion.com";"NO";"SI";"SI";09/02/2026;;
"1402000016000000000103100";"AGRICOLA SAN ISIDRO DE CADREITA S.C.L.";"Navarra";;"948836231";"agrsisidro@gmail.com";"NO";"SI";"SI";09/02/2026;;
"15020000001000000000126000";"AGROMENDOZA FITOSANITARIOS, S.L";;"País Vasco";"607805422";"info@agromendoza.es";"NO";"NO";"SI";19/02/2025;01/06/2026;
"15020000001000000000126071";"AGROMENDOZA FITOSANITARIOS, S.L";"País Vasco";;"607805422";"info@agromendoza.es";"NO";"NO";"SI";19/06/2024;;19/02/2025
"15020000002000000000226000";"AGER TECHNOLOGY SL";;"País Vasco";"630055979";"maira.ager@gmail.com";"NO";"NO";"SI";19/02/2025;01/06/2026;
"15020000002000000000226089";"AGER TECHNOLOGY SL";"País Vasco";;"630055979";"maira.ager@gmail.com";"NO";"NO";"SI";19/06/2024;;19/02/2025
"15020000003000000000346000";"VISUALNACERT SOCIEDAD LIMITADA";;"País Vasco";"637396959";"siex@visualnacert.com";"NO";"NO";"SI";19/02/2025;01/06/2026;
"15020000003000000000346207";"VISUALNACERT SOCIEDAD LIMITADA";"País Vasco";;"637396959";"siex@visualnacert.com";"NO";"NO";"SI";19/06/2024;;19/02/2025
"15020000004000000000444000";"MEMORANDUM MULTIMEDIA SL";;"País Vasco";"670234769";"sergio@memorandum.net";"NO";"NO";"SI";19/02/2025;01/06/2026;
"1502000000400000000044423";"MEMORANDUM MULTIMEDIA SL";"País Vasco";;"670234769";"sergio@memorandum.net";"NO";"NO";"SI";19/06/2024;;19/02/2025
"15020000005000000000501000";"GARLAN S.COOP.";;"País Vasco";"669951453";"nrevilla@garlan.es";"NO";"NO";"SI";19/02/2025;01/06/2026;
"15020000005000000000501059";"GARLAN S.COOP.";"País Vasco";;"669951453";"nrevilla@garlan.es";"NO";"NO";"SI";19/06/2024;;19/02/2025
"15020000006000000000601000";"GARLAN S.COOP.";;"País Vasco";"669951453";"nrevilla@garlan.es";"NO";"NO";"SI";19/02/2025;01/06/2026;
"15020000006000000000601059";"GARLAN S.COOP.";"País Vasco";;"669951453";"nrevilla@garlan.es";"NO";"NO";"SI";19/06/2024;;19/02/2025
"15020000007000000000701000";"GARLAN S.COOP.";;"País Vasco";"669951453";"nrevilla@garlan.es";"NO";"NO";"SI";19/02/2025;01/06/2026;
"15020000007000000000701059";"GARLAN S.COOP.";"País Vasco";;"669951453";"nrevilla@garlan.es";"NO";"NO";"SI";19/06/2024;;19/02/2025
"15020000008000000000850000";"7EDATA BUSINESS SL";;"País Vasco";"699998858";"administracion@7edata.com";"NO";"NO";"SI";19/02/2025;01/06/2026;
"1502000000800000000085017";"7EDATA BUSINESS SL ";"País Vasco";;"699998858";"administracion@7edata.com";"NO";"NO";"SI";19/06/2024;;19/02/2025
"15020000009000000000917000";"ECOSTAS SMART SERVICES S.L.";;"País Vasco";"644730764";"enric@cultilogic.com";"NO";"NO";"SI";19/02/2025;01/06/2026;
"1502000000900000000091720";"ECOSTAS SMART SERVICES S.L.";"País Vasco";;"644730764";" enric@cultilogic.com";"NO";"NO";"SI";19/06/2024;;19/02/2025
"15020000010000000001001000";"GARLAN S.COOP.";;"País Vasco";"669951453";"nrevilla@garlan.es";"NO";"NO";"SI";19/02/2025;01/06/2026;
"15020000011000000001101000";"GARLAN S.COOP.";;"País Vasco";"669951453";"nrevilla@garlan.es";"NO";"NO";"SI";19/02/2025;01/06/2026;
"15020000012000000001226000";"MARTINEZ CARRA SL";;"País Vasco";"690870933";"info@martinezcarra.es";"NO";"NO";"SI";19/02/2025;01/06/2026;
"15020000013000000001346000";"ISAGRI, SL";;"País Vasco";"963153099";"jmp@isagri.com";"NO";"NO";"SI";19/02/2025;01/06/2026;
"15020000014000000001446000";"ISAGRI, SL";;"País Vasco";"963153099";"jmp@isagri.com";"NO";"NO";"SI";19/02/2025;01/06/2026;
"16";"ASEAGRO";"Asturias";;"985470358";"maria.otero@aseagro.com";"SI";"NO";"NO";19/06/2024;;
"160200000020000004000000500000000052600";"Banco Santander, S.A.";"La Rioja";;"691843676";"luaruiz@gruposantander.es";"SI";"NO";"NO";19/06/2024;;
"160200000020000004000000800000000052600";"Caixabank, S.A.";"La Rioja";;"941293112";"mtdepablo@caixabank.com";"SI";"NO";"NO";19/06/2024;;
"160200000020000004000000900000000052600";"Caja Rural De Navarra Sociedad Cooperativa De Credito.";"La Rioja";;"948168109";"jonathan.bermejo@crnavarra.com";"SI";"NO";"NO";19/06/2024;;
"160200000020000004000001200000000052600";"Caja Rural De Soria Sociedad Cooperativa De Credito.";"La Rioja";;"610763572";"joseluispalomar@crsoria.com";"SI";"NO";"NO";19/06/2024;;
"160200000020000004000001300000000052600";"Caja Rural De Aragon Sociedad Cooperativa De Credito.";"La Rioja";;"941503410";"pedro.sainzdepipaon@craragon.es";"SI";"NO";"NO";19/06/2024;;
"160200000020000004000001500000000052600";"CAJA RURAL DE BURGOS, FUENTEPELAYO, SEGOVIA Y CASTELLDANS, Sociedad Cooperativa de Crédito";"La Rioja";;"947257400";"cllano_cajaviva@cajarural.com";"SI";"NO";"NO";19/06/2024;;
"160200000020000016000001700000000072600";"ASEGAR 2024 UTE";"La Rioja";;"696356493";"asegar2020@asegar2020.com";"SI";"SI";"SI";19/06/2024;;
"160200000020000016000001800000000072600";"RIOJANA DE FRUTOS SECOS SAT 8850 OPFH 296";"La Rioja";;"619975679";"riofruse@riofruse.es";"SI";"SI";"SI";19/06/2024;;
"160200000020000016000001900000000072600";"ASOCIACIÓN RIOJANA DE AGRICULTORES Y GANADEROS-ASOCIACIÓN AGRARIA DE JÓVENES AGRICULTORES";"La Rioja";;"941362915";"asajatricio@aragasaja.com";"SI";"SI";"SI";19/06/2024;;
"1602000000200000160000019000011400000000072600";"ASOCIACIÓN RIOJANA DE AGRICULTORES Y GANADEROS-ASOCIACIÓN AGRARIA DE JÓVENES AGRICULTORES (ASAJA1)";"La Rioja";;"941362915";"asajatricio@aragasaja.com";"SI";"SI";"SI";19/06/2024;;
"160200000020000016000002000000000072600";"UNIÓN DE AGRICULTORES Y GANADEROS DE LA RIOJA (UAGR-COAG)";"La Rioja";;"941227162";"leticia@uagr.org";"SI";"SI";"SI";19/06/2024;;
"1602000000200000160000020000002800000000062600";"UNIÓN DE AGRICULTORES Y GANADEROS DE LA RIOJA (UAGR-COAG) CALAHORRA";"La Rioja";;"941227162";"leticia@uagr.org";"SI";"SI";"SI";19/06/2024;;
"1602000000200000160000020000002900000000062600";"UNIÓN DE AGRICULTORES Y GANADEROS DE LA RIOJA (UAGR-COAG) HARO";"La Rioja";;"941227162";"leticia@uagr.org";"SI";"SI";"SI";19/06/2024;;
"1602000000200000160000020000003000000000062600";"UNIÓN DE AGRICULTORES Y GANADEROS DE LA RIOJA (UAGR-COAG) SABTO DOMINGO";"La Rioja";;"941227162";"leticia@uagr.org";"SI";"SI";"SI";19/06/2024;;
"1602000000200000160000020000003100000000062600";"UNIÓN DE AGRICULTORES Y GANADEROS DE LA RIOJA (UAGR-COAG) LOGROÑO";"La Rioja";;"941227162";"leticia@uagr.org";"SI";"SI";"SI";19/06/2024;;
"160200000020000016000003200000000072600";"UNIÓN DE PEQUEÑOS AGRICULTORES Y GANADEROS DE LA RIOJA Asociación";"La Rioja";;"600044241";"upalarioja@upa.es";"SI";"SI";"SI";19/06/2024;;
"160200000020000016000011300000000072600";"SERVICOOPR UTE";"La Rioja";;"669158843";"contacto@servicoopr.com";"SI";"SI";"SI";19/06/2024;;
"160200000020000016000011600000000072600";"ASOCIACIÓN PARA LA PROMOCIÓN DE LA PERA DE RINCÓN DE SOTO";"La Rioja";;"630969810";"marian@perasderincondesoto.com";"NO";"SI";"SI";19/06/2024;;23/10/2025
"16020000016000011600000000072600";"Asociación para la promoción de la pera de Rincón de Soto";"La Rioja";"La Rioja";"630969810";"marian@perasderincondesoto.com";"NO";"SI";"SI";23/10/2025;;
"16020000115000011700000000072600";"7EDATA BUSINESS SL";"La Rioja";"La Rioja";"876006810";"marketing@agroslab.com";"NO";"NO";"SI";04/07/2025;;
"16020000115000011800000000072600";"FARMABLE ESPAÑA";"La Rioja";"La Rioja";"683251829";"ega@farmable.tech";"NO";"NO";"SI";04/07/2025;;
"16020000115000011900000000072600";"Eurochamp SAT 9963";"La Rioja";;"941639303";"j.jimenez@eurochamp.es";"NO";"SI";"NO";17/02/2025;;
"16020000115000012000000000072600";"Coop Garu, S.Coop";"La Rioja";;"941341582";"jmoneo@cooperativagaru.com";"NO";"SI";"SI";17/02/2025;;
"16020000115000012100000000072600";"Alfonso";"La Rioja";;"609558079";"info@alfonsolacuesta.com";"NO";"SI";"SI";17/02/2025;;
"16020000115000012200000000072600";"Agroquímicos Carlos Armas SL";"La Rioja";;"941343359";"armasvillar@gmail.com";"NO";"SI";"SI";17/02/2025;;
"16020000115000012300000000072600";"TECNOLOGÍAS Y SERVICIOS AGRARIOS, S.A. S.M.E. M.P.";"La Rioja";;"941209896";"blopez@tragsa.es";"NO";"SI";"SI";17/02/2025;;
"16020000115000012400000000072600";"INGENIERIA AGROAMBIENTAL Y DESARROLLO RURAL CARNA S.L.P.";"La Rioja";;"941545109";"carna@carna.es";"NO";"SI";"SI";17/02/2025;;
"16020000115000012500000000072600";"ISAGRI SL";"La Rioja";"La Rioja";"963153099";"isagri@isagri.com";"NO";"NO";"SI";04/07/2025;;
"16020000115000012600000000072600";"OSIGRIS SISTEMA DE INFORMACIÓN SL";"La Rioja";"La Rioja";"699139390";"rmella@osigris.com";"NO";"NO";"SI";04/07/2025;;
"16020000115000012700000000072600";"Cooperativa vinicola Davadillo S.Coop.";"La Rioja";;"941457133";"bodegas@senoriodelaestrella.es";"NO";"SI";"SI";17/02/2025;;
"16020000115000012800000000072600";"Sociedad Cooperativa de Albelda R.L.";"La Rioja";;"941443743";"coop.albelda@fer.es";"NO";"SI";"SI";17/02/2025;;
"16020000115000012900000000072600";"Burgos Salaverry S.A.";"La Rioja";"La Rioja";"953753740";"joaquin@burgossalaverry.es";"NO";"SI";"SI";04/07/2025;;
"16020000115000013000000000072600";"Martinez Carra S.L.";"La Rioja";"La Rioja";"941134411";"info@martinezcarra.es";"NO";"SI";"SI";04/07/2025;;
"16020000115000013200000000072600";"CESENS";"La Rioja";"La Rioja";"941273376";"notificaciones@ingenieriaeinnovacion.com";"NO";"SI";"SI";04/07/2025;;
"16020000115000013300000000072600";"MEMORANDUM";"La Rioja";"La Rioja";"978822950";"memorandum@memorandum.es";"NO";"SI";"SI";04/07/2025;;
"16020000115000013400000000072600";"AIDIAPP";"La Rioja";"La Rioja";"923257339";"aidiappsl@gmail.com";"NO";"NO";"SI";04/07/2025;;
"16020000115000013500000000072600";"AGRO GESTRAZA";"La Rioja";"La Rioja";"629656554";"administracion@agrogestraza.com";"NO";"SI";"SI";04/07/2025;;
"16020000115000013600000000072600";"Consejo de la Producción Agraria Ecológica de La Rioja";"La Rioja";"La Rioja";"941289451";"gestion@cpaer.org";"NO";"SI";"NO";04/07/2025;;
"16020000115000013700000000072600";"Sociedad Cooperativa el Cierzo";"La Rioja";"La Rioja";"941341686";"administracion@cooperativaelcierzo.com";"NO";"SI";"NO";04/07/2025;;
"16020000115000013800000000072600";"CLICK SCCL";"La Rioja";"La Rioja";"972400700";"info@coopdeclick.com";"NO";"NO";"SI";28/07/2025;;
"16020000115000013900000000072600";"AGER TECHNOLOGY S.L.";"La Rioja";"La Rioja";"699978946";"juangdm.ager@gmail.com";"NO";"SI";"SI";23/10/2025;;
"16020000115000014000000000072600";"BRIOAGRO TECH, S.L.";"La Rioja";"La Rioja";"687087013";"adm@brioagro.es";"NO";"SI";"SI";23/10/2025;;
"16020000115000014100000000072600";"JIG INTERNET CONSULTING, S.L.";"La Rioja";"La Rioja";"647522572";"info@jig.es";"NO";"NO";"SI";12/03/2026;;
"16020000115000014200000000072600";"SAT GREEN NATURE 738 NA";"La Rioja";"La Rioja";"948662206";"info@sat-greennature.es";"NO";"SI";"NO";12/03/2026;;
"16020000115000014300000000072600";"IKOS ADVVANTED SL";"La Rioja";"La Rioja";"950505150";"ikosnotes@ikosadvanted.com";"NO";"SI";"SI";12/03/2026;;
"17020000041000004200000000050000";"AVA-ASAJA";"Valencia";"Comunidad Valenciana";"963804606";"info@avaasaja.org";"SI";"SI";"SI";21/03/2025;24/09/2025;
"17020000041000006400000000050000";"ORGANIZACION AGRARIA JOVENES AGRICULTORES-ASAJA ALICANTE";"Alicante";"Comunidad Valenciana";"965123201";"jovenes@alicanteasaja.com";"SI";"SI";"NO";21/03/2025;24/09/2025;
"17020000041000008600000000050000";"LA UNIO DE LLAURADORS I RAMADERS";"Valencia";"Comunidad Valenciana";"963530036";"launio@launio.org";"SI";"SI";"NO";21/03/2025;24/09/2025;
"17020000041000009900000000050000";"ASOCIACION PEQUEÑOS AGRICULTORES Y GANADEROS DEL PAIS VALENCIANO (UPA)";"Valencia";"Comunidad Valenciana";"619163640";"upapaisvalenciano@upa.es";"SI";"SI";"NO";21/03/2025;24/09/2025;
"170200000410000115000011600000000064604";"ECC 40 AGROVISION SL";"Valencia";"Comunidad Valenciana";"629758122";"infoagrovision@hotmail.com";"SI";"SI";"SI";21/03/2025;24/09/2025;
"17020000041000011700000000050000";"CRISOL DE FRUTOS SECOS";"Castellón";"Comunidad Valenciana";"977300510";"info@crisolfs.com";"SI";"SI";"SI";21/03/2025;24/09/2025;
"170200000410000124000012500000000060305";"LA PEDRERA SOCIEDAD COOPERATIVA";"Valencia";"Comunidad Valenciana";"965368034";"copedrera@hotmail.com";"SI";"SI";"NO";21/03/2025;24/09/2025;
"17020000041000013000000000050000";"COMITE GESTION DE CITRICOS";"Valencia";"Comunidad Valenciana";"963521102";"comite@citricos.org";"SI";"SI";"NO";21/03/2025;24/09/2025;
"170200000410000161000016200000000064607";"4PLUS INGENIEROS Y ARQUITECTOS";"Valencia";"Comunidad Valenciana";"963812324";"A.FERNANDEZ@CUATROPLUS.COM";"SI";"SI";"NO";02/04/2025;24/09/2025;
"170200000410000170000017100000000064604";"COOPERATIVA AGRÍCOLA LA PURÍSIMA";"Valencia";"Comunidad Valenciana";"962336032";"contabilidadcp@lapurisima.es";"SI";"SI";"NO";02/04/2025;24/09/2025;
"17020000041000019200000000050000";"FED. COOPERATIVAS AGROALIM. DE LA C.V";"Valencia";"Comunidad Valenciana";"963156110";"agro-alimentariescv@agro-alimentariescv.coop";"SI";"SI";"SI";21/03/2025;24/09/2025;
"170200000410000192000019300000000064605";"CHESTE AGRARIA COOP.V";"Valencia";"Comunidad Valenciana";"609640818";"f.alemany@chesteagraria.com";"SI";"SI";"SI";02/10/2025;;
"170200000410000192000019500000000064605";"COOP. V. SAN PEDRO APOSTOL GODELL";"Valencia";"Comunidad Valenciana";"961800017";"bodega@bodegas.com";"SI";"SI";"SI";21/03/2025;24/09/2025;
"170200000410000192000020100000000064612";"COOP. VINICOLA LA VIÑA";"Valencia";"Comunidad Valenciana";"962290078";"sbelda@vinosdelavina.com";"SI";"SI";"SI";02/10/2025;;
"170200000410000192000020200000000060302";"COOPERATIVA VIRGEN CUEVA SANTA";"Alicante";"Comunidad Valenciana";"691225944";"coopbeniarres@hotmail.es";"SI";"SI";"SI";02/10/2025;;
"170200000410000192000020300000000064608";"COOP AGRICOLAS SCJ COOP V";"Valencia";"Comunidad Valenciana";"661936252";"copal@copal.es";"SI";"SI";"SI";21/03/2025;24/09/2025;
"170200000410000192000020400000000064607";"COFRUDECA COOP. V.";"Valencia";"Comunidad Valenciana";"654609503";"julia@cofrudeca.com";"SI";"SI";"SI";21/03/2025;24/09/2025;
"170200000410000192000020500000000061203";"C. AG. SAN JUAN BAUTISTA COOP V";"Valencia";"Comunidad Valenciana";"964328359";"coopmoro@gmail.com";"SI";"SI";"SI";21/03/2025;24/09/2025;
"170200000410000192000021200000000061203";"AGROVILAFAMES COOP. V.";"Castellón";"Comunidad Valenciana";"619855721";"david@aigs.es";"SI";"SI";"SI";21/03/2025;02/10/2025;
"170200000410000192000021500000000061207";"C. OLEICOLA SERRANA DEL PALANCIA";"Castellón";"Comunidad Valenciana";"964141050";"direccion@cooperativaviver.es";"SI";"SI";"SI";21/03/2025;24/09/2025;
"170200000410000192000022000000000061203";"C. AGR. S. ISID. DE LES COVES DE VINROMA";"Castellón";"Comunidad Valenciana";"964426037";"coplescoves@gmail.com";"SI";"SI";"SI";21/03/2025;24/09/2025;
"170200000410000192000022100000000064607";"COOP. AGRICOLA SAN ISIDRO LABRADOR";"Valencia";"Comunidad Valenciana";"696255970";"coopic@coopic.coop";"SI";"SI";"SI";21/03/2025;24/09/2025;
"170200000410000192000022400000000061203";"C. A.N. SRA DEL BUENSUCESO DE CABANES";"Castellón";"Comunidad Valenciana";"964332048";"direccion@coopcabanes.com";"SI";"SI";"SI";21/03/2025;24/09/2025;
"170200000410000192000022600000000064608";"AGRICOLA SAN JOSE CARCAIXENT";"Valencia";"Comunidad Valenciana";"962432193";"agricar@agricarcv.com";"SI";"SI";"SI";21/03/2025;24/09/2025;
"170200000410000192000022900000000064608";"AGRICOLA ALGINET S COOP V";"Valencia";"Comunidad Valenciana";"961759220";"COAGRI@COAGRI.ES";"SI";"SI";"SI";21/03/2025;24/09/2025;
"170200000410000192000023000000000060301";"LA BODEGA DE PINOSO COOP.V.";"Alicante";"Comunidad Valenciana";"687793677";"almendra@bodegaspinoso.com";"SI";"SI";"SI";02/10/2025;;
"170200000410000192000023700000000061202";"COOP. AG. SANT MARC DE XERT, ""COOP. V""";"Castellón";"Comunidad Valenciana";"964490068";"coopxert@intercoop.es";"SI";"SI";"SI";21/03/2025;24/09/2025;
"170200000410000192000024500000000064611";"COANNA COOP.V.";"Valencia";"Comunidad Valenciana";"678419334";"presidente@coanna.es";"SI";"SI";"SI";21/03/2025;24/09/2025;
"170200000410000192000024600000000060304";"COOP. AGR. Y GANADERA  DE ALICANTE";"Alicante";"Comunidad Valenciana";"965112612";"antonio@agricoop.es";"SI";"SI";"SI";21/03/2025;24/09/2025;
"170200000410000192000024800000000061203";"C. AG. S. BERTOMEU D´ATZENETA COOP. V.";"Castellón";"Comunidad Valenciana";"964370147";"info@atzenetacoop.com";"SI";"SI";"SI";21/03/2025;24/09/2025;
"170200000410000192000025100000000060302";"C. AGRIC CATOL COOP  V DE COCENTAINA";"Alicante";"Comunidad Valenciana";"965590267";"oli@elcomtat.com";"SI";"SI";"SI";21/03/2025;24/09/2025;
"170200000410000192000025200000000064603";"COOP AGRICOLA BETERA";"Valencia";"Comunidad Valenciana";"961600121";"suministros.vereda@coabe.es";"SI";"SI";"SI";02/10/2025;;
"170200000410000192000025600000000064608";"C. CAMP VILA NOVA DE CASTELLO CV";"Valencia";"Comunidad Valenciana";"667410913";"dumar@exagro.es";"SI";"SI";"SI";21/03/2025;24/09/2025;
"170200000410000192000025900000000064603";"RURAL SAN VICENTE FERRER DE BENAGUACIL";"Valencia";"Comunidad Valenciana";"962730286";"mvginer@ruralfruit.com";"SI";"SI";"SI";21/03/2025;24/09/2025;
"170200000410000192000026500000000061207";"COOP. AGR. SAGRADO CORAZON DE JESUS COOP V";"Castellón";"Comunidad Valenciana";"964146177";"OFICINA@COASCA.ES";"SI";"SI";"SI";21/03/2025;24/09/2025;
"170200000410000192000026700000000060302";"S.C.A.""MONTAÑA-VINALOPÓ";"Alicante";"Comunidad Valenciana";"965560120";"mcarreno@latrencadora.es";"SI";"SI";"SI";21/03/2025;24/09/2025;
"170200000410000192000026900000000064607";"COOP. AG. PUZOL, C.V.";"Valencia";"Comunidad Valenciana";"961420666";"comercial@copuzol.com";"SI";"SI";"SI";21/03/2025;24/09/2025;
"170200000410000192000027100000000061203";"C AG. SAN JOSE DE ALMASSORA COOP. V";"Castellón";"Comunidad Valenciana";"628138709";"carmina@coopalmassora.com";"SI";"SI";"SI";21/03/2025;24/09/2025;
"170200000410000192000027500000000064603";"S.A.T N115CV MARLOBE";"Valencia";"Comunidad Valenciana";"961698006";"gerencia@marlobesat.es";"SI";"SI";"SI";21/03/2025;24/09/2025;
"170200000410000192000027900000000064604";"COOP V. AGRICOLA VIRGEN DEL CARMEN";"Valencia";"Comunidad Valenciana";"962178015";"cooplasmonjas@yahoo.es";"SI";"SI";"SI";21/03/2025;24/09/2025;
"170200000410000192000028000000000061202";"COOP. AG. EL PROGRESO S COOP V";"Valencia";"Comunidad Valenciana";"964495069";"elprogreso.traiguera@gmail.com";"SI";"SI";"SI";21/03/2025;24/09/2025;
"170200000410000192000028200000000061206";"SAT Nº9425 LA COSA";"Valencia";"Comunidad Valenciana";"964620021";"satlacosa@satlacosa.com";"SI";"SI";"SI";02/10/2025;;
"170200000410000192000028500000000061206";"EURO-COCI COOP. V.";"Castellón";"Comunidad Valenciana";"964620109";"natxo@eurococi.com";"SI";"SI";"SI";21/03/2025;24/09/2025;
"170200000410000192000028900000000061206";"C. AGR. SAN JOSE DE BURRIANA COOP.V";"Castellón";"Comunidad Valenciana";"964510260";"jramos@naturem.es";"SI";"SI";"SI";21/03/2025;24/09/2025;
"170200000410000192000029100000000061206";"VALLFRUT COOP V";"Castellón";"Comunidad Valenciana";"964660350";"administracion@vallfrut.com";"SI";"SI";"SI";21/03/2025;24/09/2025;
"170200000410000192000029600000000061206";"SOEX2 COOP. V.";"Castellón";"Comunidad Valenciana";"964580499";"SOEXDOS@TELEFONICA.NET";"SI";"SI";"SI";21/03/2025;24/09/2025;
"170200000410000192000030700000000060305";"CAMBAYAS COOP. V";"Alicante";"Comunidad Valenciana";"966637488";"silvia@cambayas.com";"SI";"SI";"SI";21/03/2025;24/09/2025;
"170200000410000192000031200000000064613";"AGRICOLA MONTIXELVO S.";"Valencia";"Comunidad Valenciana";"648729044";"gerencia@agricolamontitxelvo.com";"SI";"SI";"SI";21/03/2025;24/09/2025;
"170200000410000192000031300000000061202";"COOP. AG. LES ALBOREDES";"Castellón";"Comunidad Valenciana";"964497001";"info@alboredes.com";"SI";"SI";"SI";21/03/2025;24/09/2025;
"170200000410000192000031400000000064608";"AGRICOLA DE CATADAU S. COOP";"Valencia";"Comunidad Valenciana";"962550503";"gerencia@agricolacatadau.com";"SI";"SI";"SI";21/03/2025;24/09/2025;
"170200000410000192000031500000000064613";"VITIVINICOLA DE LA POBLA DEL DUC COOP V";"Valencia";"Comunidad Valenciana";"625939394";"katiana@copobladuc.com";"SI";"SI";"SI";21/03/2025;24/09/2025;
"170200000410000192000031600000000064608";"AGRICOLA LA REALENSE COOP VALENCIANA";"Valencia";"Comunidad Valenciana";"962559007";"anabel.realense@gmail.com";"SI";"SI";"SI";21/03/2025;24/09/2025;
"170200000410000192000032400000000064604";"COOP. V. V. LA PROTECTORA";"Valencia";"Comunidad Valenciana";"962315434";"administracion@bodegasinarcas.es";"SI";"SI";"SI";21/03/2025;24/09/2025;
"170200000410000192000032700000000060302";"BODEGA COOP DE CASTALLA COOP. V";"Alicante";"Comunidad Valenciana";"670517705";"tsilvestre@cooperativacastalla.com";"SI";"SI";"SI";21/03/2025;24/09/2025;
"170200000410000192000033100000000060302";"SOCAPMA";"Alicante";"Comunidad Valenciana";"965531337";"socapma@socapma.com";"SI";"SI";"SI";21/03/2025;24/09/2025;
"170200000410000192000034500000000060000";"AGRO-CITRICA DE PICASSENT";"Valencia";"Comunidad Valenciana";"961240164";"admon@agrocitrica.com";"SI";"SI";"SI";21/03/2025;24/09/2025;
"170200000410000192000036000000000060000";"SOCIEDAD COOP V LTDA DEL CAMPO SAN BLAS";"Alicante";"Comunidad Valenciana";"965474014";"bodegasax@bodegasax.com";"SI";"SI";"SI";02/10/2025;;
"170200000410000192000038200000000064608";"COOP.V. DEL CAMP UNIO CRISTIANA";"Valencia";"Comunidad Valenciana";"961717031";"coopsueca@uniocristiana.com";"SI";"SI";"SI";21/03/2025;24/09/2025;
"170200000410000192000041100000000060000";"COOP. LA UNIÓN DE SILLA";"Valencia";"Comunidad Valenciana";"658903495";"luis@coopagrosilla.com";"SI";"SI";"SI";02/10/2025;;
"170200000410000192000041500000000064611";"CAMPOENGUERA COOP. VALENCIANA";"Valencia";"Comunidad Valenciana";"962224102";"paloma@campoenguera.com";"SI";"SI";"SI";21/03/2025;24/09/2025;
"170200000410000192000042200000000060000";"COOPERATIVA AGRICOLA DEL VILLAR S. COOP V";"Valencia";"Comunidad Valenciana";"962720050";"info@elvillar.com";"SI";"SI";"SI";02/10/2025;;
"170200000410000192000042700000000061206";"RURAL MONCOFA COOP V";"Castellón";"Comunidad Valenciana";"669357442";"santiagomompo@ruralmoncofa.com";"SI";"SI";"SI";21/03/2025;24/09/2025;
"170200000410000192000043700000000060000";"COOP. V DEL CAMP SANT PERE";"Valencia";"Comunidad Valenciana";"671664975";"ppteva@coopmoixent.com";"SI";"SI";"SI";21/03/2025;24/09/2025;
"170200000410000192000044500000000060301";"BODEGA NUESTRA SEÑORA DE LAS VIRTUDES COOP. V";"Alicante";"Comunidad Valenciana";"625440072";"campo@virtudes.net";"SI";"SI";"SI";21/03/2025;24/09/2025;
"170200000410000192000044700000000060000";"BOCOPA, COOPV";"Alicante";"Comunidad Valenciana";"966950489";"info@bocopa.com";"SI";"SI";"SI";02/10/2025;;
"170200000410000192000044800000000060000";"C.AGR. VALENCIANA EL PORVENIR";"Valencia";"Comunidad Valenciana";"650111060";"coopalgimia@gmail.com";"SI";"SI";"SI";21/03/2025;24/09/2025;
"170200000410000192000044900000000064607";"SOC. COOP. VAL. UN. PROTEC. EL PERELLO";"Valencia";"Comunidad Valenciana";"672052483";"PSIMEON@UNIPROPERELLO.COM";"SI";"SI";"SI";21/03/2025;24/09/2025;
"170200000410000192000045300000000060301";"COOPERATIVA V. AGRICOLA MONFORTE DEL CID";"Alicante";"Comunidad Valenciana";"965620657";"coopmonforte@copemon.com";"SI";"SI";"SI";02/10/2025;;
"170200000410000192000046700000000061206";"COOP. AG. SAN ISIDRO DE LA VALL D UXO";"Castellón";"Comunidad Valenciana";"964696956";"coopsanisidro@lavallcooperativa.es";"SI";"SI";"SI";02/10/2025;;
"170200000410000192000047700000000061203";"C. AGRICOLA NTRA SRA DE LA ESPERANZA";"Castellón";"Comunidad Valenciana";"605243380";"raulballester@cooponda.com";"SI";"SI";"SI";21/03/2025;24/09/2025;
"170200000410000192000047900000000061205";"COOP. AGRICOLA EL SALVADOR";"Castellón";"Comunidad Valenciana";"964451257";"tecnicocoopesalvador@gmail.com";"SI";"SI";"SI";21/03/2025;24/09/2025;
"170200000410000192000048400000000060000";"EL LIMONAR DE SANTOMERA SOC. COOP.";"Murcia";"Comunidad Valenciana";"968860001";"dpto.tecnico@el-limonar.com";"SI";"SI";"SI";02/10/2025;;
"170200000410000192000049400000000064608";"RIBERCAMP COOP V.";"Valencia";"Comunidad Valenciana";"962539000";"mcarmennogues@ribercamp.com";"SI";"SI";"SI";21/03/2025;24/09/2025;
"170200000410000192000049500000000064608";"COALMAR FRUITS S. COOP.";"Valencia";"Comunidad Valenciana";"962550434";"abarbera@coalmarfruits.com";"SI";"SI";"SI";21/03/2025;24/09/2025;
"170200000410000192000049800000000060301";"GRUPODELAVEGA, SAT";"Alicante";"Comunidad Valenciana";"600447994";"departamentoingenieria@satgrupodelavega.com";"SI";"SI";"SI";02/10/2025;;
"170200000410000192000052800000000060305";"COOP DEL CAMPO ILICITANA COOP V";"Alicante";"Comunidad Valenciana";"965420840";"tecnico@coopilicitana.com";"SI";"SI";"SI";21/03/2025;24/09/2025;
"170200000410000192000052900000000064613";"UNIVALL COOP V";"Valencia";"Comunidad Valenciana";"617927176";"tcampo@univall.es";"SI";"SI";"SI";21/03/2025;24/09/2025;
"170200000410000192000053000000000061206";"C. CATOLICO AGRARIA COOP V  VILA-REAL";"Castellón";"Comunidad Valenciana";"646964286";"direccion@coopvila-real.es";"SI";"SI";"SI";21/03/2025;24/09/2025;
"170200000410000192000053100000000061207";"COOP. SAN ISIDRO SEGORBE";"Castellón";"Comunidad Valenciana";"964710177";"moncho@segorbenostrum.es";"SI";"SI";"SI";21/03/2025;24/09/2025;
"170200000410000192000055300000000060302";"INTERCOMARCAL DE LA MUNTANYA D'ALACANT COOP. V";"Alicante";"Comunidad Valenciana";"680339839";"info@intercomarcalcoop.es";"NO";"SI";"SI";02/10/2025;;
"17020000041000033300000000054600";"CAJA RURAL DE ALBACETE, CIUDAD REAL Y CUENCA (GLOBALCAJA)";"Valencia";"Comunidad Valenciana";"967157090";"rafael.mendoza@globalcaja.es";"SI";"SI";"NO";21/03/2025;24/09/2025;
"170200000410000337000033800000000060000";"ENSAYOS Y ASESORAMIENTO AGRICOLA SLL (ENAGRO)";"Valencia";"Comunidad Valenciana";"963890634";"enagro@enagro.net";"SI";"SI";"NO";02/04/2025;24/09/2025;
"170200000410000343000034400000000060300";"MAÑAN SOC COOP OPFH 962";"Alicante";"Comunidad Valenciana";"965478420";"tecnicos@manan.es";"SI";"SI";"NO";21/03/2025;24/09/2025;
"17020000041000035000000000050000";"CAJAMAR CAJA RURAL, SCC";"Valencia";"Comunidad Valenciana";"648275030";"carmen@bcc.es";"SI";"SI";"NO";21/03/2025;24/09/2025;
"17020000041000036700000000050000";"SAT Nº 501 CV PROALMENDRA";"Castellón";"Comunidad Valenciana";"964428039";"proalmendra@gmail.com";"SI";"SI";"NO";02/04/2025;24/09/2025;
"17020000041000045700000000050000";"EUROCAJA RURAL SCC";"Valencia";"Comunidad Valenciana";"925269611";"9019@eurocajarural.es";"SI";"SI";"NO";21/03/2025;24/09/2025;
"170200000410000472000047300000000064600";"S.A.T HATO VERDE Nº9972";"Valencia";"Comunidad Valenciana";"961754272";"OPFH@SATHATOVERDE.COM";"SI";"SI";"NO";02/04/2025;24/09/2025;
"170200000410000482000048300000000060000";"CCPVCOAG";"Valencia";"Comunidad Valenciana";"608383444";"ccpv@ccpvcoag.org";"SI";"SI";"SI";21/03/2025;24/09/2025;
"170200000410000500000050100000000060305";"AGROMAINSA SL";"Alicante";"Comunidad Valenciana";"616499905";"agromainsa@agromainsa.com";"NO";"SI";"SI";21/03/2025;24/09/2025;
"170200000410000502000050300000000054607";"ISAGRI SL";"Valencia";"Comunidad Valenciana";"963153099";"jmp@isagri.com";"NO";"SI";"SI";21/03/2025;24/09/2025;
"170200000410000504000050500000000054606";"VISUALNACERT SL";"Valencia";"Comunidad Valenciana";"637396959";"siex@visualnacert.com";"NO";"SI";"SI";21/03/2025;24/09/2025;
"170200000410000506000050700000000064609";"LOCATEC APLICACIONES INFORMATICAS SL";"Valencia";"Comunidad Valenciana";"699938913";"avidal@locatec.es";"NO";"SI";"SI";21/03/2025;24/09/2025;
"170200000410000508000050900000000064607";"FARMABLE ESPAÑA SL";"Valencia";"Comunidad Valenciana";"683251829";"ega@farmable.tech";"NO";"SI";"SI";21/03/2025;24/09/2025;
"170200000410000510000051100000000064607";"OSIGRIS SISTEMAS DE INFORMACION SL";"Valencia";"Comunidad Valenciana";"627797153";"rmella@osigris.com";"NO";"SI";"SI";21/03/2025;24/09/2025;
"170200000410000512000051300000000064603";"AGRITEC INGENIEROS SL";"Valencia";"Comunidad Valenciana";"961653572";"cesar@agritec-ingenieros.com";"SI";"SI";"NO";21/03/2025;24/09/2025;
"170200000410000514000051500000000064604";"AGROVALT, ASESORES TECNO-AGRICOLAS SL";"Valencia";"Comunidad Valenciana";"620307827";"julian.valero@agrovalt.com";"SI";"SI";"NO";21/03/2025;24/09/2025;
"170200000410000516000051700000000060305";"FRANCISCO JAVIER";"Alicante";"Comunidad Valenciana";"654031064";"javier@ideaagro.info";"SI";"SI";"NO";21/03/2025;24/09/2025;
"170200000410000518000051900000000060305";"ASESORAMIENTO INTEGRAL AGRONOMICO S.L";"Alicante";"Comunidad Valenciana";"965368844";"pac.ayudas@gmail.com";"SI";"SI";"NO";21/03/2025;24/09/2025;
"170200000410000520000052100000000064607";"ASOCIACION PROF. FLORES, PLANTAS Y TECNOLOGÍA HORTICOLA C.V";"Valencia";"Comunidad Valenciana";"963513059";"asfplant@asfplant.com";"SI";"SI";"SI";21/03/2025;24/09/2025;
"170200000410000522000052300000000060305";"FITOSER AGRO S.L.";"Alicante";"Comunidad Valenciana";"966714581";"maria.garcia@fitoser.es";"SI";"SI";"NO";21/03/2025;24/09/2025;
"170200000410000524000052500000000064604";"ERNESTO";"Valencia";"Comunidad Valenciana";"600460777";"ernacar@gmail.com";"SI";"SI";"NO";21/03/2025;24/09/2025;
"170200000410000526000052700000000060305";"AGROFORM CONSULTORIA SL";"Alicante";"Comunidad Valenciana";"679281202";"info@agroform.es";"SI";"SI";"NO";21/03/2025;24/09/2025;
"170200000410000532000053300000000064613";"CESENS TECHNOLOGIES S.L.";"Valencia";"Comunidad Valenciana";"941273376";"NOTIFICACIONES@INGENIERIAEINNOVACION.COM";"NO";"SI";"SI";21/03/2025;24/09/2025;
"170200000410000534000053500000000064612";"AGROGESTIONES";"Valencia";"Comunidad Valenciana";"607363534";"vlopezgarrido@hotmail.com";"NO";"SI";"SI";21/03/2025;24/09/2025;
"170200000410000536000053700000000060304";"MEMORANDUM MULTIMEDIA SL";"ALICANTE";"Comunidad Valenciana";"978822950";"antonio@memorandum.es";"NO";"SI";"SI";21/03/2025;24/09/2025;
"170200000410000540000054100000000064607";"BURGOS SALAVERRY SA";"Jaén";"Comunidad Valenciana";"953753740";"joaquin@burgossalaverry.es";"NO";"SI";"SI";02/10/2025;;
"170200000410000542000054300000000064607";"AGROQUIMICOS MELIANA S.L.";"Valencia";"Comunidad Valenciana";"639882305";"tecnico@agromeliana.com";"NO";"SI";"SI";02/10/2025;;
"170200000410000545000054600000000064607";"FUNDACION GRUPO CAJAMAR";"Almeria";"Comunidad Valenciana";"649983961";"MLAINEZ@FUNDACIONCAJAMAR.COM";"NO";"SI";"SI";02/10/2025;;
"170200000410000547000054800000000060305";"AGROQUIMICOS DE LA VEGA S.L.";"Alicante";"Comunidad Valenciana";"965350908";"CONTABILIDAD@AGROVESA.COM";"NO";"SI";"SI";02/10/2025;;
"170200000410000549000055000000000060305";"TECNOLOGIA INTEGRADA DEL MEDITERRANEO S.L.";"Alicante";"Comunidad Valenciana";"619115407";"ITEAFTIM@GMAIL.COM";"NO";"SI";"SI";02/10/2025;;
"170200000410000551000055200000000064607";"OPENAGRO, S.L.";"Valencia";"Comunidad Valenciana";"689949892";"JOAN@JMOPENAGRO.COM";"NO";"SI";"SI";02/10/2025;;
"170200000410000558000055900000000060305";"FRANCISCO JAVIER";;"Comunidad Valenciana";"676022148";"FJPERAN@GMAIL.COM";"SI";"SI";"SI";11/11/2025;;
"1702000004200000000054600";"ASOCIACION VALENCIANA DE  AGRICULTORES (AVA)";"Valencia";;"963804606";"info@avaasaja.org";"SI";"NO";"NO";19/06/2024;;02/04/2025
"1702000006400000000050300";"ORGANIZACION AGRARIA JOVENES AGRICULTORES-ASAJA ALICANTE";"Alicante";;"965123201";"jovenes@alicanteasaja.com";"SI";"NO";"NO";19/06/2024;;02/04/2025
"1702000008600000000054600";"LA UNIO DE LLAURADORS I RAMADERS";"Valencia";;"963530036";"launio@launio.org";"SI";"NO";"NO";19/06/2024;;02/04/2025
"1702000009900000000054600";"ASOCIACION PEQUEÑOS AGRICULTORES Y GANADEROS DEL PAIS VALENCIANO (UPA)";"Valencia";;"619163640";"upapaisvalenciano@upa.es";"SI";"NO";"NO";19/06/2024;;02/04/2025
"1702000011700000000051200";"CRISOL DE FRUTOS SECOS SAT OPFH";"Castellon";;"427977300";"510info@crisolfs.com";"SI";"NO";"NO";19/06/2024;;02/04/2025
"1702000012400000000054600";"LA PEDRERA SOCIEDAD COOPERATIVA";"Valencia";;"965368034";"copedrera@hotmail.com";"SI";"NO";"NO";19/06/2024;;02/04/2025
"1702000013000000000054600";"COMITE GESTION DE CITRICOS";"Valencia";;"963521102";"comite@citricos.org";"SI";"NO";"NO";19/06/2024;;02/04/2025
"1702000015900000000054600";"ASOCIACION PROFESIONAL DE EXPORTADORES DE FRUTOS DE LA PROVINCIA DE CASTELLON (ASOCIEX)";"Valencia";;"629228434";"asociex@asociex.com";"SI";"NO";"NO";19/06/2024;;24/03/2025
"1702000019200000000054600";"FEDERACION DE COOPERATIVAS AGROALIMENTARIES DE LA COMUNITAT VALENCIANA (FECOAV)";"Valencia";;"963156110";"Agro-alimentariescv@agro-alimentariescv.coop";"SI";"NO";"NO";19/06/2024;;02/04/2025
"1702000033300000000054600";"CAJA RURAL DE ALBACETE, CIUDAD REAL Y CUENCA (GLOBALCAJA)";"Valencia";;"967157090";"rafael.mendoza@globalcaja.es";"SI";"NO";"NO";19/06/2024;;02/04/2025
"1702000034300000000054600";"MAÑAN SOCIEDAD COOPERATIVA";"Valencia";;"609113665";"tecnicos@manan.es";"SI";"NO";"NO";19/06/2024;;02/04/2025
"1702000035000000000054600";"CAJAMAR CAJA RURAL, SCC";"Valencia";;"648275030";"carmen@bcc.es";"SI";"NO";"NO";19/06/2024;;02/04/2025
"1702000045700000000054600";"EUROCAJA RURAL SCC";"Valencia";;"925269611";"9019@eurocajarural.es";"SI";"NO";"NO";19/06/2024;;02/04/2025
