"Código CPE";"Categoría del CPE";"Comunidad Autónoma";"CPE";"Unidades de medida"
"SOC_CLND004";"Trigo blando y escanda";"Comunidad Autónoma de Andalucía";"750.68";"€/ha"
"SOC_CLND004";"Trigo blando y escanda";"Comunidad Autónoma de Aragón";"845.73";"€/ha"
"SOC_CLND004";"Trigo blando y escanda";"Principado de Asturias";"856.69";"€/ha"
"SOC_CLND004";"Trigo blando y escanda";"Comunidad Autónoma de Illes Balears";"436.77";"€/ha"
"SOC_CLND004";"Trigo blando y escanda";"Comunidad Autónoma de Canarias";"856.69";"€/ha"
"SOC_CLND004";"Trigo blando y escanda";"Comunidad Autónoma de Cantabria";"604.71";"€/ha"
"SOC_CLND004";"Trigo blando y escanda";"Comunidad Autónoma de Castilla y León";"859.42";"€/ha"
"SOC_CLND004";"Trigo blando y escanda";"Comunidad Autónoma de Castilla-La Mancha";"748.68";"€/ha"
"SOC_CLND004";"Trigo blando y escanda";"Comunidad Autónoma de Cataluña";"1043.58";"€/ha"
"SOC_CLND004";"Trigo blando y escanda";"Comunidad Valenciana";"581.48";"€/ha"
"SOC_CLND004";"Trigo blando y escanda";"Comunidad Autónoma de Extremadura";"761.26";"€/ha"
"SOC_CLND004";"Trigo blando y escanda";"Comunidad Autónoma de Galicia";"670.99";"€/ha"
"SOC_CLND004";"Trigo blando y escanda";"Comunidad de Madrid";"694.71";"€/ha"
"SOC_CLND004";"Trigo blando y escanda";"Región de Murcia";"487.55";"€/ha"
"SOC_CLND004";"Trigo blando y escanda";"Comunidad Foral de Navarra";"1173.89";"€/ha"
"SOC_CLND004";"Trigo blando y escanda";"Comunidad Autónoma del País Vasco";"1473.31";"€/ha"
"SOC_CLND004";"Trigo blando y escanda";"Comunidad Autónoma de La Rioja";"1182.76";"€/ha"
"SOC_CLND005";"Trigo duro";"Comunidad Autónoma de Andalucía";"896.99";"€/ha"
"SOC_CLND005";"Trigo duro";"Comunidad Autónoma de Aragón";"826.5";"€/ha"
"SOC_CLND005";"Trigo duro";"Principado de Asturias";"884.83";"€/ha"
"SOC_CLND005";"Trigo duro";"Comunidad Autónoma de Illes Balears";"884.83";"€/ha"
"SOC_CLND005";"Trigo duro";"Comunidad Autónoma de Canarias";"884.83";"€/ha"
"SOC_CLND005";"Trigo duro";"Comunidad Autónoma de Cantabria";"884.83";"€/ha"
"SOC_CLND005";"Trigo duro";"Comunidad Autónoma de Castilla y León";"1260.01";"€/ha"
"SOC_CLND005";"Trigo duro";"Comunidad Autónoma de Castilla-La Mancha";"1150.53";"€/ha"
"SOC_CLND005";"Trigo duro";"Comunidad Autónoma de Cataluña";"1110.28";"€/ha"
"SOC_CLND005";"Trigo duro";"Comunidad Valenciana";"831.11";"€/ha"
"SOC_CLND005";"Trigo duro";"Comunidad Autónoma de Extremadura";"896.43";"€/ha"
"SOC_CLND005";"Trigo duro";"Comunidad Autónoma de Galicia";"884.83";"€/ha"
"SOC_CLND005";"Trigo duro";"Comunidad de Madrid";"986.22";"€/ha"
"SOC_CLND005";"Trigo duro";"Región de Murcia";"472.34";"€/ha"
"SOC_CLND005";"Trigo duro";"Comunidad Foral de Navarra";"980.22";"€/ha"
"SOC_CLND005";"Trigo duro";"Comunidad Autónoma del País Vasco";"884.83";"€/ha"
"SOC_CLND005";"Trigo duro";"Comunidad Autónoma de La Rioja";"1564.22";"€/ha"
"SOC_CLND006";"Centeno y mezclas de cereales de invierno (tranquillón)";"Comunidad Autónoma de Andalucía";"481.82";"€/ha"
"SOC_CLND006";"Centeno y mezclas de cereales de invierno (tranquillón)";"Comunidad Autónoma de Aragón";"430.42";"€/ha"
"SOC_CLND006";"Centeno y mezclas de cereales de invierno (tranquillón)";"Principado de Asturias";"481.82";"€/ha"
"SOC_CLND006";"Centeno y mezclas de cereales de invierno (tranquillón)";"Comunidad Autónoma de Illes Balears";"481.82";"€/ha"
"SOC_CLND006";"Centeno y mezclas de cereales de invierno (tranquillón)";"Comunidad Autónoma de Canarias";"481.82";"€/ha"
"SOC_CLND006";"Centeno y mezclas de cereales de invierno (tranquillón)";"Comunidad Autónoma de Cantabria";"481.82";"€/ha"
"SOC_CLND006";"Centeno y mezclas de cereales de invierno (tranquillón)";"Comunidad Autónoma de Castilla y León";"496.75";"€/ha"
"SOC_CLND006";"Centeno y mezclas de cereales de invierno (tranquillón)";"Comunidad Autónoma de Castilla-La Mancha";"361.46";"€/ha"
"SOC_CLND006";"Centeno y mezclas de cereales de invierno (tranquillón)";"Comunidad Autónoma de Cataluña";"649.73";"€/ha"
"SOC_CLND006";"Centeno y mezclas de cereales de invierno (tranquillón)";"Comunidad Valenciana";"250";"€/ha"
"SOC_CLND006";"Centeno y mezclas de cereales de invierno (tranquillón)";"Comunidad Autónoma de Extremadura";"481.82";"€/ha"
"SOC_CLND006";"Centeno y mezclas de cereales de invierno (tranquillón)";"Comunidad Autónoma de Galicia";"481.82";"€/ha"
"SOC_CLND006";"Centeno y mezclas de cereales de invierno (tranquillón)";"Comunidad de Madrid";"330.37";"€/ha"
"SOC_CLND006";"Centeno y mezclas de cereales de invierno (tranquillón)";"Región de Murcia";"481.82";"€/ha"
"SOC_CLND006";"Centeno y mezclas de cereales de invierno (tranquillón)";"Comunidad Foral de Navarra";"537.95";"€/ha"
"SOC_CLND006";"Centeno y mezclas de cereales de invierno (tranquillón)";"Comunidad Autónoma del País Vasco";"885.72";"€/ha"
"SOC_CLND006";"Centeno y mezclas de cereales de invierno (tranquillón)";"Comunidad Autónoma de La Rioja";"743.5";"€/ha"
"SOC_CLND007";"Cebada";"Comunidad Autónoma de Andalucía";"496.75";"€/ha"
"SOC_CLND007";"Cebada";"Comunidad Autónoma de Aragón";"754.34";"€/ha"
"SOC_CLND007";"Cebada";"Principado de Asturias";"724.72";"€/ha"
"SOC_CLND007";"Cebada";"Comunidad Autónoma de Illes Balears";"367.14";"€/ha"
"SOC_CLND007";"Cebada";"Comunidad Autónoma de Canarias";"724.72";"€/ha"
"SOC_CLND007";"Cebada";"Comunidad Autónoma de Cantabria";"724.72";"€/ha"
"SOC_CLND007";"Cebada";"Comunidad Autónoma de Castilla y León";"770.23";"€/ha"
"SOC_CLND007";"Cebada";"Comunidad Autónoma de Castilla-La Mancha";"651.19";"€/ha"
"SOC_CLND007";"Cebada";"Comunidad Autónoma de Cataluña";"914.03";"€/ha"
"SOC_CLND007";"Cebada";"Comunidad Valenciana";"495.44";"€/ha"
"SOC_CLND007";"Cebada";"Comunidad Autónoma de Extremadura";"661.13";"€/ha"
"SOC_CLND007";"Cebada";"Comunidad Autónoma de Galicia";"483.27";"€/ha"
"SOC_CLND007";"Cebada";"Comunidad de Madrid";"596.29";"€/ha"
"SOC_CLND007";"Cebada";"Región de Murcia";"504.13";"€/ha"
"SOC_CLND007";"Cebada";"Comunidad Foral de Navarra";"899.2";"€/ha"
"SOC_CLND007";"Cebada";"Comunidad Autónoma del País Vasco";"1265.08";"€/ha"
"SOC_CLND007";"Cebada";"Comunidad Autónoma de La Rioja";"1071.33";"€/ha"
"SOC_CLND008";"Avena y mezclas de cereales de primavera (mezcla de cereales distintos del tranquillón)";"Comunidad Autónoma de Andalucía";"404.17";"€/ha"
"SOC_CLND008";"Avena y mezclas de cereales de primavera (mezcla de cereales distintos del tranquillón)";"Comunidad Autónoma de Aragón";"385.92";"€/ha"
"SOC_CLND008";"Avena y mezclas de cereales de primavera (mezcla de cereales distintos del tranquillón)";"Principado de Asturias";"457.93";"€/ha"
"SOC_CLND008";"Avena y mezclas de cereales de primavera (mezcla de cereales distintos del tranquillón)";"Comunidad Autónoma de Illes Balears";"156.48";"€/ha"
"SOC_CLND008";"Avena y mezclas de cereales de primavera (mezcla de cereales distintos del tranquillón)";"Comunidad Autónoma de Canarias";"457.93";"€/ha"
"SOC_CLND008";"Avena y mezclas de cereales de primavera (mezcla de cereales distintos del tranquillón)";"Comunidad Autónoma de Cantabria";"457.93";"€/ha"
"SOC_CLND008";"Avena y mezclas de cereales de primavera (mezcla de cereales distintos del tranquillón)";"Comunidad Autónoma de Castilla y León";"558.08";"€/ha"
"SOC_CLND008";"Avena y mezclas de cereales de primavera (mezcla de cereales distintos del tranquillón)";"Comunidad Autónoma de Castilla-La Mancha";"440.34";"€/ha"
"SOC_CLND008";"Avena y mezclas de cereales de primavera (mezcla de cereales distintos del tranquillón)";"Comunidad Autónoma de Cataluña";"643.36";"€/ha"
"SOC_CLND008";"Avena y mezclas de cereales de primavera (mezcla de cereales distintos del tranquillón)";"Comunidad Valenciana";"448.38";"€/ha"
"SOC_CLND008";"Avena y mezclas de cereales de primavera (mezcla de cereales distintos del tranquillón)";"Comunidad Autónoma de Extremadura";"441.26";"€/ha"
"SOC_CLND008";"Avena y mezclas de cereales de primavera (mezcla de cereales distintos del tranquillón)";"Comunidad Autónoma de Galicia";"457.82";"€/ha"
"SOC_CLND008";"Avena y mezclas de cereales de primavera (mezcla de cereales distintos del tranquillón)";"Comunidad de Madrid";"388.85";"€/ha"
"SOC_CLND008";"Avena y mezclas de cereales de primavera (mezcla de cereales distintos del tranquillón)";"Región de Murcia";"359.66";"€/ha"
"SOC_CLND008";"Avena y mezclas de cereales de primavera (mezcla de cereales distintos del tranquillón)";"Comunidad Foral de Navarra";"895.78";"€/ha"
"SOC_CLND008";"Avena y mezclas de cereales de primavera (mezcla de cereales distintos del tranquillón)";"Comunidad Autónoma del País Vasco";"1078.43";"€/ha"
"SOC_CLND008";"Avena y mezclas de cereales de primavera (mezcla de cereales distintos del tranquillón)";"Comunidad Autónoma de La Rioja";"877.86";"€/ha"
"SOC_CLND009";"Maíz en grano y mezcla de mazorca de maíz";"Comunidad Autónoma de Andalucía";"2744.18";"€/ha"
"SOC_CLND009";"Maíz en grano y mezcla de mazorca de maíz";"Comunidad Autónoma de Aragón";"2796.19";"€/ha"
"SOC_CLND009";"Maíz en grano y mezcla de mazorca de maíz";"Principado de Asturias";"2726.86";"€/ha"
"SOC_CLND009";"Maíz en grano y mezcla de mazorca de maíz";"Comunidad Autónoma de Illes Balears";"1380.12";"€/ha"
"SOC_CLND009";"Maíz en grano y mezcla de mazorca de maíz";"Comunidad Autónoma de Canarias";"2726.86";"€/ha"
"SOC_CLND009";"Maíz en grano y mezcla de mazorca de maíz";"Comunidad Autónoma de Cantabria";"2726.86";"€/ha"
"SOC_CLND009";"Maíz en grano y mezcla de mazorca de maíz";"Comunidad Autónoma de Castilla y León";"2862.54";"€/ha"
"SOC_CLND009";"Maíz en grano y mezcla de mazorca de maíz";"Comunidad Autónoma de Castilla-La Mancha";"2898.94";"€/ha"
"SOC_CLND009";"Maíz en grano y mezcla de mazorca de maíz";"Comunidad Autónoma de Cataluña";"2322.93";"€/ha"
"SOC_CLND009";"Maíz en grano y mezcla de mazorca de maíz";"Comunidad Valenciana";"2291.21";"€/ha"
"SOC_CLND009";"Maíz en grano y mezcla de mazorca de maíz";"Comunidad Autónoma de Extremadura";"3059.75";"€/ha"
"SOC_CLND009";"Maíz en grano y mezcla de mazorca de maíz";"Comunidad Autónoma de Galicia";"2726.86";"€/ha"
"SOC_CLND009";"Maíz en grano y mezcla de mazorca de maíz";"Comunidad de Madrid";"2707.74";"€/ha"
"SOC_CLND009";"Maíz en grano y mezcla de mazorca de maíz";"Región de Murcia";"2726.86";"€/ha"
"SOC_CLND009";"Maíz en grano y mezcla de mazorca de maíz";"Comunidad Foral de Navarra";"2549.47";"€/ha"
"SOC_CLND009";"Maíz en grano y mezcla de mazorca de maíz";"Comunidad Autónoma del País Vasco";"2726.86";"€/ha"
"SOC_CLND009";"Maíz en grano y mezcla de mazorca de maíz";"Comunidad Autónoma de La Rioja";"2709.69";"€/ha"
"SOC_CLND010_011_012";"Triticale, sorgo y otros cereales n.c.o.p. (alforfón, mijo, alpiste, etc.)";"Comunidad Autónoma de Andalucía";"622.12";"€/ha"
"SOC_CLND010_011_012";"Triticale, sorgo y otros cereales n.c.o.p. (alforfón, mijo, alpiste, etc.)";"Comunidad Autónoma de Aragón";"512.91";"€/ha"
"SOC_CLND010_011_012";"Triticale, sorgo y otros cereales n.c.o.p. (alforfón, mijo, alpiste, etc.)";"Principado de Asturias";"596";"€/ha"
"SOC_CLND010_011_012";"Triticale, sorgo y otros cereales n.c.o.p. (alforfón, mijo, alpiste, etc.)";"Comunidad Autónoma de Illes Balears";"317.15";"€/ha"
"SOC_CLND010_011_012";"Triticale, sorgo y otros cereales n.c.o.p. (alforfón, mijo, alpiste, etc.)";"Comunidad Autónoma de Canarias";"508.06";"€/ha"
"SOC_CLND010_011_012";"Triticale, sorgo y otros cereales n.c.o.p. (alforfón, mijo, alpiste, etc.)";"Comunidad Autónoma de Cantabria";"609.55";"€/ha"
"SOC_CLND010_011_012";"Triticale, sorgo y otros cereales n.c.o.p. (alforfón, mijo, alpiste, etc.)";"Comunidad Autónoma de Castilla y León";"659.4";"€/ha"
"SOC_CLND010_011_012";"Triticale, sorgo y otros cereales n.c.o.p. (alforfón, mijo, alpiste, etc.)";"Comunidad Autónoma de Castilla-La Mancha";"540.46";"€/ha"
"SOC_CLND010_011_012";"Triticale, sorgo y otros cereales n.c.o.p. (alforfón, mijo, alpiste, etc.)";"Comunidad Autónoma de Cataluña";"965.29";"€/ha"
"SOC_CLND010_011_012";"Triticale, sorgo y otros cereales n.c.o.p. (alforfón, mijo, alpiste, etc.)";"Comunidad Valenciana";"524.15";"€/ha"
"SOC_CLND010_011_012";"Triticale, sorgo y otros cereales n.c.o.p. (alforfón, mijo, alpiste, etc.)";"Comunidad Autónoma de Extremadura";"607.7";"€/ha"
"SOC_CLND010_011_012";"Triticale, sorgo y otros cereales n.c.o.p. (alforfón, mijo, alpiste, etc.)";"Comunidad Autónoma de Galicia";"604.53";"€/ha"
"SOC_CLND010_011_012";"Triticale, sorgo y otros cereales n.c.o.p. (alforfón, mijo, alpiste, etc.)";"Comunidad de Madrid";"564.42";"€/ha"
"SOC_CLND010_011_012";"Triticale, sorgo y otros cereales n.c.o.p. (alforfón, mijo, alpiste, etc.)";"Región de Murcia";"442.15";"€/ha"
"SOC_CLND010_011_012";"Triticale, sorgo y otros cereales n.c.o.p. (alforfón, mijo, alpiste, etc.)";"Comunidad Foral de Navarra";"607.61";"€/ha"
"SOC_CLND010_011_012";"Triticale, sorgo y otros cereales n.c.o.p. (alforfón, mijo, alpiste, etc.)";"Comunidad Autónoma del País Vasco";"604.53";"€/ha"
"SOC_CLND010_011_012";"Triticale, sorgo y otros cereales n.c.o.p. (alforfón, mijo, alpiste, etc.)";"Comunidad Autónoma de La Rioja";"1053.68";"€/ha"
"SOC_CLND013";"Arroz";"Comunidad Autónoma de Andalucía";"2952.76";"€/ha"
"SOC_CLND013";"Arroz";"Comunidad Autónoma de Aragón";"2578.73";"€/ha"
"SOC_CLND013";"Arroz";"Principado de Asturias";"2535.36";"€/ha"
"SOC_CLND013";"Arroz";"Comunidad Autónoma de Illes Balears";"3213.98";"€/ha"
"SOC_CLND013";"Arroz";"Comunidad Autónoma de Canarias";"2535.36";"€/ha"
"SOC_CLND013";"Arroz";"Comunidad Autónoma de Cantabria";"2535.36";"€/ha"
"SOC_CLND013";"Arroz";"Comunidad Autónoma de Castilla y León";"2535.36";"€/ha"
"SOC_CLND013";"Arroz";"Comunidad Autónoma de Castilla-La Mancha";"2027.71";"€/ha"
"SOC_CLND013";"Arroz";"Comunidad Autónoma de Cataluña";"2298.35";"€/ha"
"SOC_CLND013";"Arroz";"Comunidad Valenciana";"2524.78";"€/ha"
"SOC_CLND013";"Arroz";"Comunidad Autónoma de Extremadura";"2454.21";"€/ha"
"SOC_CLND013";"Arroz";"Comunidad Autónoma de Galicia";"2535.36";"€/ha"
"SOC_CLND013";"Arroz";"Comunidad de Madrid";"2535.36";"€/ha"
"SOC_CLND013";"Arroz";"Región de Murcia";"1863.61";"€/ha"
"SOC_CLND013";"Arroz";"Comunidad Foral de Navarra";"2188.7";"€/ha"
"SOC_CLND013";"Arroz";"Comunidad Autónoma del País Vasco";"2535.36";"€/ha"
"SOC_CLND013";"Arroz";"Comunidad Autónoma de La Rioja";"2535.36";"€/ha"
"SOC_CLND014";"Leguminosas y proteaginosas secas para la producción de grano (incluidas las semillas y las mezclas de cereales con leguminosas)";"Comunidad Autónoma de Andalucía";"505.69";"€/ha"
"SOC_CLND014";"Leguminosas y proteaginosas secas para la producción de grano (incluidas las semillas y las mezclas de cereales con leguminosas)";"Comunidad Autónoma de Aragón";"385.75";"€/ha"
"SOC_CLND014";"Leguminosas y proteaginosas secas para la producción de grano (incluidas las semillas y las mezclas de cereales con leguminosas)";"Principado de Asturias";"6399.58";"€/ha"
"SOC_CLND014";"Leguminosas y proteaginosas secas para la producción de grano (incluidas las semillas y las mezclas de cereales con leguminosas)";"Comunidad Autónoma de Illes Balears";"216.01";"€/ha"
"SOC_CLND014";"Leguminosas y proteaginosas secas para la producción de grano (incluidas las semillas y las mezclas de cereales con leguminosas)";"Comunidad Autónoma de Canarias";"904.04";"€/ha"
"SOC_CLND014";"Leguminosas y proteaginosas secas para la producción de grano (incluidas las semillas y las mezclas de cereales con leguminosas)";"Comunidad Autónoma de Cantabria";"2629.45";"€/ha"
"SOC_CLND014";"Leguminosas y proteaginosas secas para la producción de grano (incluidas las semillas y las mezclas de cereales con leguminosas)";"Comunidad Autónoma de Castilla y León";"455.68";"€/ha"
"SOC_CLND014";"Leguminosas y proteaginosas secas para la producción de grano (incluidas las semillas y las mezclas de cereales con leguminosas)";"Comunidad Autónoma de Castilla-La Mancha";"343.61";"€/ha"
"SOC_CLND014";"Leguminosas y proteaginosas secas para la producción de grano (incluidas las semillas y las mezclas de cereales con leguminosas)";"Comunidad Autónoma de Cataluña";"784.68";"€/ha"
"SOC_CLND014";"Leguminosas y proteaginosas secas para la producción de grano (incluidas las semillas y las mezclas de cereales con leguminosas)";"Comunidad Valenciana";"325.98";"€/ha"
"SOC_CLND014";"Leguminosas y proteaginosas secas para la producción de grano (incluidas las semillas y las mezclas de cereales con leguminosas)";"Comunidad Autónoma de Extremadura";"401.96";"€/ha"
"SOC_CLND014";"Leguminosas y proteaginosas secas para la producción de grano (incluidas las semillas y las mezclas de cereales con leguminosas)";"Comunidad Autónoma de Galicia";"5582.47";"€/ha"
"SOC_CLND014";"Leguminosas y proteaginosas secas para la producción de grano (incluidas las semillas y las mezclas de cereales con leguminosas)";"Comunidad de Madrid";"343.84";"€/ha"
"SOC_CLND014";"Leguminosas y proteaginosas secas para la producción de grano (incluidas las semillas y las mezclas de cereales con leguminosas)";"Región de Murcia";"534.84";"€/ha"
"SOC_CLND014";"Leguminosas y proteaginosas secas para la producción de grano (incluidas las semillas y las mezclas de cereales con leguminosas)";"Comunidad Foral de Navarra";"642.46";"€/ha"
"SOC_CLND014";"Leguminosas y proteaginosas secas para la producción de grano (incluidas las semillas y las mezclas de cereales con leguminosas)";"Comunidad Autónoma del País Vasco";"1767.23";"€/ha"
"SOC_CLND014";"Leguminosas y proteaginosas secas para la producción de grano (incluidas las semillas y las mezclas de cereales con leguminosas)";"Comunidad Autónoma de La Rioja";"1747.44";"€/ha"
"SOC_CLND015";"Guisantes, habas y altramuces dulces";"Comunidad Autónoma de Andalucía";"328.58";"€/ha"
"SOC_CLND015";"Guisantes, habas y altramuces dulces";"Comunidad Autónoma de Aragón";"479.64";"€/ha"
"SOC_CLND015";"Guisantes, habas y altramuces dulces";"Principado de Asturias";"368";"€/ha"
"SOC_CLND015";"Guisantes, habas y altramuces dulces";"Comunidad Autónoma de Illes Balears";"219.22";"€/ha"
"SOC_CLND015";"Guisantes, habas y altramuces dulces";"Comunidad Autónoma de Canarias";"506.11";"€/ha"
"SOC_CLND015";"Guisantes, habas y altramuces dulces";"Comunidad Autónoma de Cantabria";"445.44";"€/ha"
"SOC_CLND015";"Guisantes, habas y altramuces dulces";"Comunidad Autónoma de Castilla y León";"363.26";"€/ha"
"SOC_CLND015";"Guisantes, habas y altramuces dulces";"Comunidad Autónoma de Castilla-La Mancha";"336.15";"€/ha"
"SOC_CLND015";"Guisantes, habas y altramuces dulces";"Comunidad Autónoma de Cataluña";"639.54";"€/ha"
"SOC_CLND015";"Guisantes, habas y altramuces dulces";"Comunidad Valenciana";"397.62";"€/ha"
"SOC_CLND015";"Guisantes, habas y altramuces dulces";"Comunidad Autónoma de Extremadura";"338.06";"€/ha"
"SOC_CLND015";"Guisantes, habas y altramuces dulces";"Comunidad Autónoma de Galicia";"375.59";"€/ha"
"SOC_CLND015";"Guisantes, habas y altramuces dulces";"Comunidad de Madrid";"327.22";"€/ha"
"SOC_CLND015";"Guisantes, habas y altramuces dulces";"Región de Murcia";"579.33";"€/ha"
"SOC_CLND015";"Guisantes, habas y altramuces dulces";"Comunidad Foral de Navarra";"501.04";"€/ha"
"SOC_CLND015";"Guisantes, habas y altramuces dulces";"Comunidad Autónoma del País Vasco";"641.04";"€/ha"
"SOC_CLND015";"Guisantes, habas y altramuces dulces";"Comunidad Autónoma de La Rioja";"553.52";"€/ha"
"SOC_CLND017";"Patatas (incluidas las patatas de siembra)";"Comunidad Autónoma de Andalucía";"10941.24";"€/ha"
"SOC_CLND017";"Patatas (incluidas las patatas de siembra)";"Comunidad Autónoma de Aragón";"7808.4";"€/ha"
"SOC_CLND017";"Patatas (incluidas las patatas de siembra)";"Principado de Asturias";"5024.55";"€/ha"
"SOC_CLND017";"Patatas (incluidas las patatas de siembra)";"Comunidad Autónoma de Illes Balears";"12205.89";"€/ha"
"SOC_CLND017";"Patatas (incluidas las patatas de siembra)";"Comunidad Autónoma de Canarias";"12130.31";"€/ha"
"SOC_CLND017";"Patatas (incluidas las patatas de siembra)";"Comunidad Autónoma de Cantabria";"7861.25";"€/ha"
"SOC_CLND017";"Patatas (incluidas las patatas de siembra)";"Comunidad Autónoma de Castilla y León";"9739.26";"€/ha"
"SOC_CLND017";"Patatas (incluidas las patatas de siembra)";"Comunidad Autónoma de Castilla-La Mancha";"8426.56";"€/ha"
"SOC_CLND017";"Patatas (incluidas las patatas de siembra)";"Comunidad Autónoma de Cataluña";"6790.3";"€/ha"
"SOC_CLND017";"Patatas (incluidas las patatas de siembra)";"Comunidad Valenciana";"10170.7";"€/ha"
"SOC_CLND017";"Patatas (incluidas las patatas de siembra)";"Comunidad Autónoma de Extremadura";"7076.36";"€/ha"
"SOC_CLND017";"Patatas (incluidas las patatas de siembra)";"Comunidad Autónoma de Galicia";"11136.11";"€/ha"
"SOC_CLND017";"Patatas (incluidas las patatas de siembra)";"Comunidad de Madrid";"10659.16";"€/ha"
"SOC_CLND017";"Patatas (incluidas las patatas de siembra)";"Región de Murcia";"12739.65";"€/ha"
"SOC_CLND017";"Patatas (incluidas las patatas de siembra)";"Comunidad Foral de Navarra";"9977.42";"€/ha"
"SOC_CLND017";"Patatas (incluidas las patatas de siembra)";"Comunidad Autónoma del País Vasco";"6942.42";"€/ha"
"SOC_CLND017";"Patatas (incluidas las patatas de siembra)";"Comunidad Autónoma de La Rioja";"9138.13";"€/ha"
"SOC_CLND018";"Remolacha azucarera (excepto semillas)";"Comunidad Autónoma de Andalucía";"2294.41";"€/ha"
"SOC_CLND018";"Remolacha azucarera (excepto semillas)";"Comunidad Autónoma de Aragón";"2937.14";"€/ha"
"SOC_CLND018";"Remolacha azucarera (excepto semillas)";"Principado de Asturias";"2937.14";"€/ha"
"SOC_CLND018";"Remolacha azucarera (excepto semillas)";"Comunidad Autónoma de Illes Balears";"2937.14";"€/ha"
"SOC_CLND018";"Remolacha azucarera (excepto semillas)";"Comunidad Autónoma de Canarias";"2937.14";"€/ha"
"SOC_CLND018";"Remolacha azucarera (excepto semillas)";"Comunidad Autónoma de Cantabria";"2937.14";"€/ha"
"SOC_CLND018";"Remolacha azucarera (excepto semillas)";"Comunidad Autónoma de Castilla y León";"3202.16";"€/ha"
"SOC_CLND018";"Remolacha azucarera (excepto semillas)";"Comunidad Autónoma de Castilla-La Mancha";"3222.86";"€/ha"
"SOC_CLND018";"Remolacha azucarera (excepto semillas)";"Comunidad Autónoma de Cataluña";"2937.14";"€/ha"
"SOC_CLND018";"Remolacha azucarera (excepto semillas)";"Comunidad Valenciana";"2937.14";"€/ha"
"SOC_CLND018";"Remolacha azucarera (excepto semillas)";"Comunidad Autónoma de Extremadura";"2937.14";"€/ha"
"SOC_CLND018";"Remolacha azucarera (excepto semillas)";"Comunidad Autónoma de Galicia";"2937.14";"€/ha"
"SOC_CLND018";"Remolacha azucarera (excepto semillas)";"Comunidad de Madrid";"2937.14";"€/ha"
"SOC_CLND018";"Remolacha azucarera (excepto semillas)";"Región de Murcia";"2937.14";"€/ha"
"SOC_CLND018";"Remolacha azucarera (excepto semillas)";"Comunidad Foral de Navarra";"2714.98";"€/ha"
"SOC_CLND018";"Remolacha azucarera (excepto semillas)";"Comunidad Autónoma del País Vasco";"3312.69";"€/ha"
"SOC_CLND018";"Remolacha azucarera (excepto semillas)";"Comunidad Autónoma de La Rioja";"3035.93";"€/ha"
"SOC_CLND019";"Otros cultivos de raíces n.c.o.p.";"Comunidad Autónoma de Andalucía";"797.15";"€/ha"
"SOC_CLND019";"Otros cultivos de raíces n.c.o.p.";"Comunidad Autónoma de Aragón";"644.84";"€/ha"
"SOC_CLND019";"Otros cultivos de raíces n.c.o.p.";"Principado de Asturias";"655.36";"€/ha"
"SOC_CLND019";"Otros cultivos de raíces n.c.o.p.";"Comunidad Autónoma de Illes Balears";"545.56";"€/ha"
"SOC_CLND019";"Otros cultivos de raíces n.c.o.p.";"Comunidad Autónoma de Canarias";"561.02";"€/ha"
"SOC_CLND019";"Otros cultivos de raíces n.c.o.p.";"Comunidad Autónoma de Cantabria";"804.2";"€/ha"
"SOC_CLND019";"Otros cultivos de raíces n.c.o.p.";"Comunidad Autónoma de Castilla y León";"742";"€/ha"
"SOC_CLND019";"Otros cultivos de raíces n.c.o.p.";"Comunidad Autónoma de Castilla-La Mancha";"545.56";"€/ha"
"SOC_CLND019";"Otros cultivos de raíces n.c.o.p.";"Comunidad Autónoma de Cataluña";"956.8";"€/ha"
"SOC_CLND019";"Otros cultivos de raíces n.c.o.p.";"Comunidad Valenciana";"545.56";"€/ha"
"SOC_CLND019";"Otros cultivos de raíces n.c.o.p.";"Comunidad Autónoma de Extremadura";"368.82";"€/ha"
"SOC_CLND019";"Otros cultivos de raíces n.c.o.p.";"Comunidad Autónoma de Galicia";"516.46";"€/ha"
"SOC_CLND019";"Otros cultivos de raíces n.c.o.p.";"Comunidad de Madrid";"545.56";"€/ha"
"SOC_CLND019";"Otros cultivos de raíces n.c.o.p.";"Región de Murcia";"804.2";"€/ha"
"SOC_CLND019";"Otros cultivos de raíces n.c.o.p.";"Comunidad Foral de Navarra";"545.56";"€/ha"
"SOC_CLND019";"Otros cultivos de raíces n.c.o.p.";"Comunidad Autónoma del País Vasco";"752.91";"€/ha"
"SOC_CLND019";"Otros cultivos de raíces n.c.o.p.";"Comunidad Autónoma de La Rioja";"865.63";"€/ha"
"SOC_CLND022";"Semillas de colza y nabina";"Comunidad Autónoma de Andalucía";"531.05";"€/ha"
"SOC_CLND022";"Semillas de colza y nabina";"Comunidad Autónoma de Aragón";"998.15";"€/ha"
"SOC_CLND022";"Semillas de colza y nabina";"Principado de Asturias";"936.26";"€/ha"
"SOC_CLND022";"Semillas de colza y nabina";"Comunidad Autónoma de Illes Balears";"936.26";"€/ha"
"SOC_CLND022";"Semillas de colza y nabina";"Comunidad Autónoma de Canarias";"936.26";"€/ha"
"SOC_CLND022";"Semillas de colza y nabina";"Comunidad Autónoma de Cantabria";"637.38";"€/ha"
"SOC_CLND022";"Semillas de colza y nabina";"Comunidad Autónoma de Castilla y León";"979.74";"€/ha"
"SOC_CLND022";"Semillas de colza y nabina";"Comunidad Autónoma de Castilla-La Mancha";"886.57";"€/ha"
"SOC_CLND022";"Semillas de colza y nabina";"Comunidad Autónoma de Cataluña";"916.66";"€/ha"
"SOC_CLND022";"Semillas de colza y nabina";"Comunidad Valenciana";"655.07";"€/ha"
"SOC_CLND022";"Semillas de colza y nabina";"Comunidad Autónoma de Extremadura";"688.7";"€/ha"
"SOC_CLND022";"Semillas de colza y nabina";"Comunidad Autónoma de Galicia";"936.26";"€/ha"
"SOC_CLND022";"Semillas de colza y nabina";"Comunidad de Madrid";"780.31";"€/ha"
"SOC_CLND022";"Semillas de colza y nabina";"Región de Murcia";"936.26";"€/ha"
"SOC_CLND022";"Semillas de colza y nabina";"Comunidad Foral de Navarra";"987.89";"€/ha"
"SOC_CLND022";"Semillas de colza y nabina";"Comunidad Autónoma del País Vasco";"1095.62";"€/ha"
"SOC_CLND022";"Semillas de colza y nabina";"Comunidad Autónoma de La Rioja";"1428.67";"€/ha"
"SOC_CLND023";"Semillas de girasol";"Comunidad Autónoma de Andalucía";"616.77";"€/ha"
"SOC_CLND023";"Semillas de girasol";"Comunidad Autónoma de Aragón";"673.94";"€/ha"
"SOC_CLND023";"Semillas de girasol";"Principado de Asturias";"490.56";"€/ha"
"SOC_CLND023";"Semillas de girasol";"Comunidad Autónoma de Illes Balears";"622.45";"€/ha"
"SOC_CLND023";"Semillas de girasol";"Comunidad Autónoma de Canarias";"490.56";"€/ha"
"SOC_CLND023";"Semillas de girasol";"Comunidad Autónoma de Cantabria";"567.72";"€/ha"
"SOC_CLND023";"Semillas de girasol";"Comunidad Autónoma de Castilla y León";"490.26";"€/ha"
"SOC_CLND023";"Semillas de girasol";"Comunidad Autónoma de Castilla-La Mancha";"293.68";"€/ha"
"SOC_CLND023";"Semillas de girasol";"Comunidad Autónoma de Cataluña";"739.52";"€/ha"
"SOC_CLND023";"Semillas de girasol";"Comunidad Valenciana";"381.14";"€/ha"
"SOC_CLND023";"Semillas de girasol";"Comunidad Autónoma de Extremadura";"578.22";"€/ha"
"SOC_CLND023";"Semillas de girasol";"Comunidad Autónoma de Galicia";"490.56";"€/ha"
"SOC_CLND023";"Semillas de girasol";"Comunidad de Madrid";"384.08";"€/ha"
"SOC_CLND023";"Semillas de girasol";"Región de Murcia";"666.43";"€/ha"
"SOC_CLND023";"Semillas de girasol";"Comunidad Foral de Navarra";"666.87";"€/ha"
"SOC_CLND023";"Semillas de girasol";"Comunidad Autónoma del País Vasco";"716.83";"€/ha"
"SOC_CLND023";"Semillas de girasol";"Comunidad Autónoma de La Rioja";"887.98";"€/ha"
"SOC_CLND024";"Soja";"Comunidad Autónoma de Andalucía";"493.12";"€/ha"
"SOC_CLND024";"Soja";"Comunidad Autónoma de Aragón";"1410.41";"€/ha"
"SOC_CLND024";"Soja";"Principado de Asturias";"1571.9";"€/ha"
"SOC_CLND024";"Soja";"Comunidad Autónoma de Illes Balears";"1571.9";"€/ha"
"SOC_CLND024";"Soja";"Comunidad Autónoma de Canarias";"1571.9";"€/ha"
"SOC_CLND024";"Soja";"Comunidad Autónoma de Cantabria";"1571.9";"€/ha"
"SOC_CLND024";"Soja";"Comunidad Autónoma de Castilla y León";"1479.81";"€/ha"
"SOC_CLND024";"Soja";"Comunidad Autónoma de Castilla-La Mancha";"1040.83";"€/ha"
"SOC_CLND024";"Soja";"Comunidad Autónoma de Cataluña";"1003.97";"€/ha"
"SOC_CLND024";"Soja";"Comunidad Valenciana";"1571.9";"€/ha"
"SOC_CLND024";"Soja";"Comunidad Autónoma de Extremadura";"1816.26";"€/ha"
"SOC_CLND024";"Soja";"Comunidad Autónoma de Galicia";"1571.9";"€/ha"
"SOC_CLND024";"Soja";"Comunidad de Madrid";"1571.9";"€/ha"
"SOC_CLND024";"Soja";"Región de Murcia";"1571.9";"€/ha"
"SOC_CLND024";"Soja";"Comunidad Foral de Navarra";"1378.49";"€/ha"
"SOC_CLND024";"Soja";"Comunidad Autónoma del País Vasco";"1571.9";"€/ha"
"SOC_CLND024";"Soja";"Comunidad Autónoma de La Rioja";"1571.9";"€/ha"
"SOC_CLND025";"Lino oleaginoso (linaza)";"Comunidad Autónoma de Andalucía";"559.66";"€/ha"
"SOC_CLND025";"Lino oleaginoso (linaza)";"Comunidad Autónoma de Aragón";"559.66";"€/ha"
"SOC_CLND025";"Lino oleaginoso (linaza)";"Principado de Asturias";"559.66";"€/ha"
"SOC_CLND025";"Lino oleaginoso (linaza)";"Comunidad Autónoma de Illes Balears";"559.66";"€/ha"
"SOC_CLND025";"Lino oleaginoso (linaza)";"Comunidad Autónoma de Canarias";"559.66";"€/ha"
"SOC_CLND025";"Lino oleaginoso (linaza)";"Comunidad Autónoma de Cantabria";"559.66";"€/ha"
"SOC_CLND025";"Lino oleaginoso (linaza)";"Comunidad Autónoma de Castilla y León";"559.66";"€/ha"
"SOC_CLND025";"Lino oleaginoso (linaza)";"Comunidad Autónoma de Castilla-La Mancha";"559.66";"€/ha"
"SOC_CLND025";"Lino oleaginoso (linaza)";"Comunidad Autónoma de Cataluña";"559.66";"€/ha"
"SOC_CLND025";"Lino oleaginoso (linaza)";"Comunidad Valenciana";"559.66";"€/ha"
"SOC_CLND025";"Lino oleaginoso (linaza)";"Comunidad Autónoma de Extremadura";"559.66";"€/ha"
"SOC_CLND025";"Lino oleaginoso (linaza)";"Comunidad Autónoma de Galicia";"559.66";"€/ha"
"SOC_CLND025";"Lino oleaginoso (linaza)";"Comunidad de Madrid";"559.66";"€/ha"
"SOC_CLND025";"Lino oleaginoso (linaza)";"Región de Murcia";"559.66";"€/ha"
"SOC_CLND025";"Lino oleaginoso (linaza)";"Comunidad Foral de Navarra";"559.66";"€/ha"
"SOC_CLND025";"Lino oleaginoso (linaza)";"Comunidad Autónoma del País Vasco";"559.66";"€/ha"
"SOC_CLND025";"Lino oleaginoso (linaza)";"Comunidad Autónoma de La Rioja";"559.66";"€/ha"
"SOC_CLND026";"Otros cultivos de semillas oleaginosas n.c.o.p.";"Comunidad Autónoma de Andalucía";"533.22";"€/ha"
"SOC_CLND026";"Otros cultivos de semillas oleaginosas n.c.o.p.";"Comunidad Autónoma de Aragón";"354.65";"€/ha"
"SOC_CLND026";"Otros cultivos de semillas oleaginosas n.c.o.p.";"Principado de Asturias";"365.11";"€/ha"
"SOC_CLND026";"Otros cultivos de semillas oleaginosas n.c.o.p.";"Comunidad Autónoma de Illes Balears";"365";"€/ha"
"SOC_CLND026";"Otros cultivos de semillas oleaginosas n.c.o.p.";"Comunidad Autónoma de Canarias";"286.31";"€/ha"
"SOC_CLND026";"Otros cultivos de semillas oleaginosas n.c.o.p.";"Comunidad Autónoma de Cantabria";"365.11";"€/ha"
"SOC_CLND026";"Otros cultivos de semillas oleaginosas n.c.o.p.";"Comunidad Autónoma de Castilla y León";"300.99";"€/ha"
"SOC_CLND026";"Otros cultivos de semillas oleaginosas n.c.o.p.";"Comunidad Autónoma de Castilla-La Mancha";"316.52";"€/ha"
"SOC_CLND026";"Otros cultivos de semillas oleaginosas n.c.o.p.";"Comunidad Autónoma de Cataluña";"648.07";"€/ha"
"SOC_CLND026";"Otros cultivos de semillas oleaginosas n.c.o.p.";"Comunidad Valenciana";"446.75";"€/ha"
"SOC_CLND026";"Otros cultivos de semillas oleaginosas n.c.o.p.";"Comunidad Autónoma de Extremadura";"1758.64";"€/ha"
"SOC_CLND026";"Otros cultivos de semillas oleaginosas n.c.o.p.";"Comunidad Autónoma de Galicia";"365.11";"€/ha"
"SOC_CLND026";"Otros cultivos de semillas oleaginosas n.c.o.p.";"Comunidad de Madrid";"332.41";"€/ha"
"SOC_CLND026";"Otros cultivos de semillas oleaginosas n.c.o.p.";"Región de Murcia";"345.36";"€/ha"
"SOC_CLND026";"Otros cultivos de semillas oleaginosas n.c.o.p.";"Comunidad Foral de Navarra";"346.3";"€/ha"
"SOC_CLND026";"Otros cultivos de semillas oleaginosas n.c.o.p.";"Comunidad Autónoma del País Vasco";"365.11";"€/ha"
"SOC_CLND026";"Otros cultivos de semillas oleaginosas n.c.o.p.";"Comunidad Autónoma de La Rioja";"365.11";"€/ha"
"SOC_CLND028";"Lino textil";"Comunidad Autónoma de Andalucía";"0";"€/ha"
"SOC_CLND028";"Lino textil";"Comunidad Autónoma de Aragón";"0";"€/ha"
"SOC_CLND028";"Lino textil";"Principado de Asturias";"0";"€/ha"
"SOC_CLND028";"Lino textil";"Comunidad Autónoma de Illes Balears";"0";"€/ha"
"SOC_CLND028";"Lino textil";"Comunidad Autónoma de Canarias";"0";"€/ha"
"SOC_CLND028";"Lino textil";"Comunidad Autónoma de Cantabria";"0";"€/ha"
"SOC_CLND028";"Lino textil";"Comunidad Autónoma de Castilla y León";"0";"€/ha"
"SOC_CLND028";"Lino textil";"Comunidad Autónoma de Castilla-La Mancha";"0";"€/ha"
"SOC_CLND028";"Lino textil";"Comunidad Autónoma de Cataluña";"0";"€/ha"
"SOC_CLND028";"Lino textil";"Comunidad Valenciana";"0";"€/ha"
"SOC_CLND028";"Lino textil";"Comunidad Autónoma de Extremadura";"0";"€/ha"
"SOC_CLND028";"Lino textil";"Comunidad Autónoma de Galicia";"0";"€/ha"
"SOC_CLND028";"Lino textil";"Comunidad de Madrid";"0";"€/ha"
"SOC_CLND028";"Lino textil";"Región de Murcia";"0";"€/ha"
"SOC_CLND028";"Lino textil";"Comunidad Foral de Navarra";"0";"€/ha"
"SOC_CLND028";"Lino textil";"Comunidad Autónoma del País Vasco";"0";"€/ha"
"SOC_CLND028";"Lino textil";"Comunidad Autónoma de La Rioja";"0";"€/ha"
"SOC_CLND029";"Cáñamo";"Comunidad Autónoma de Andalucía";"2438.8";"€/ha"
"SOC_CLND029";"Cáñamo";"Comunidad Autónoma de Aragón";"5987.11";"€/ha"
"SOC_CLND029";"Cáñamo";"Principado de Asturias";"1732";"€/ha"
"SOC_CLND029";"Cáñamo";"Comunidad Autónoma de Illes Balears";"2310.85";"€/ha"
"SOC_CLND029";"Cáñamo";"Comunidad Autónoma de Canarias";"2310.85";"€/ha"
"SOC_CLND029";"Cáñamo";"Comunidad Autónoma de Cantabria";"2310.85";"€/ha"
"SOC_CLND029";"Cáñamo";"Comunidad Autónoma de Castilla y León";"2310.85";"€/ha"
"SOC_CLND029";"Cáñamo";"Comunidad Autónoma de Castilla-La Mancha";"1431.94";"€/ha"
"SOC_CLND029";"Cáñamo";"Comunidad Autónoma de Cataluña";"8094";"€/ha"
"SOC_CLND029";"Cáñamo";"Comunidad Valenciana";"1871.57";"€/ha"
"SOC_CLND029";"Cáñamo";"Comunidad Autónoma de Extremadura";"1681.82";"€/ha"
"SOC_CLND029";"Cáñamo";"Comunidad Autónoma de Galicia";"2310.85";"€/ha"
"SOC_CLND029";"Cáñamo";"Comunidad de Madrid";"2310.85";"€/ha"
"SOC_CLND029";"Cáñamo";"Región de Murcia";"1744.03";"€/ha"
"SOC_CLND029";"Cáñamo";"Comunidad Foral de Navarra";"2310.85";"€/ha"
"SOC_CLND029";"Cáñamo";"Comunidad Autónoma del País Vasco";"2310.85";"€/ha"
"SOC_CLND029";"Cáñamo";"Comunidad Autónoma de La Rioja";"2310.85";"€/ha"
"SOC_CLND030";"Algodón";"Comunidad Autónoma de Andalucía";"1502.94";"€/ha"
"SOC_CLND030";"Algodón";"Comunidad Autónoma de Aragón";"1502.92";"€/ha"
"SOC_CLND030";"Algodón";"Principado de Asturias";"1502.92";"€/ha"
"SOC_CLND030";"Algodón";"Comunidad Autónoma de Illes Balears";"1502.92";"€/ha"
"SOC_CLND030";"Algodón";"Comunidad Autónoma de Canarias";"1502.92";"€/ha"
"SOC_CLND030";"Algodón";"Comunidad Autónoma de Cantabria";"1502.92";"€/ha"
"SOC_CLND030";"Algodón";"Comunidad Autónoma de Castilla y León";"1502.92";"€/ha"
"SOC_CLND030";"Algodón";"Comunidad Autónoma de Castilla-La Mancha";"1502.92";"€/ha"
"SOC_CLND030";"Algodón";"Comunidad Autónoma de Cataluña";"1502.92";"€/ha"
"SOC_CLND030";"Algodón";"Comunidad Valenciana";"1502.92";"€/ha"
"SOC_CLND030";"Algodón";"Comunidad Autónoma de Extremadura";"1502.92";"€/ha"
"SOC_CLND030";"Algodón";"Comunidad Autónoma de Galicia";"1502.92";"€/ha"
"SOC_CLND030";"Algodón";"Comunidad de Madrid";"1502.92";"€/ha"
"SOC_CLND030";"Algodón";"Región de Murcia";"1265.34";"€/ha"
"SOC_CLND030";"Algodón";"Comunidad Foral de Navarra";"1502.92";"€/ha"
"SOC_CLND030";"Algodón";"Comunidad Autónoma del País Vasco";"1502.92";"€/ha"
"SOC_CLND030";"Algodón";"Comunidad Autónoma de La Rioja";"1502.92";"€/ha"
"SOC_CLND031";"Otros cultivos fibrosos n.c.o.p.";"Comunidad Autónoma de Andalucía";"614.5";"€/ha"
"SOC_CLND031";"Otros cultivos fibrosos n.c.o.p.";"Comunidad Autónoma de Aragón";"411.91";"€/ha"
"SOC_CLND031";"Otros cultivos fibrosos n.c.o.p.";"Principado de Asturias";"861.87";"€/ha"
"SOC_CLND031";"Otros cultivos fibrosos n.c.o.p.";"Comunidad Autónoma de Illes Balears";"861.87";"€/ha"
"SOC_CLND031";"Otros cultivos fibrosos n.c.o.p.";"Comunidad Autónoma de Canarias";"861.87";"€/ha"
"SOC_CLND031";"Otros cultivos fibrosos n.c.o.p.";"Comunidad Autónoma de Cantabria";"861.87";"€/ha"
"SOC_CLND031";"Otros cultivos fibrosos n.c.o.p.";"Comunidad Autónoma de Castilla y León";"874.18";"€/ha"
"SOC_CLND031";"Otros cultivos fibrosos n.c.o.p.";"Comunidad Autónoma de Castilla-La Mancha";"689.5";"€/ha"
"SOC_CLND031";"Otros cultivos fibrosos n.c.o.p.";"Comunidad Autónoma de Cataluña";"792.47";"€/ha"
"SOC_CLND031";"Otros cultivos fibrosos n.c.o.p.";"Comunidad Valenciana";"861.87";"€/ha"
"SOC_CLND031";"Otros cultivos fibrosos n.c.o.p.";"Comunidad Autónoma de Extremadura";"861.87";"€/ha"
"SOC_CLND031";"Otros cultivos fibrosos n.c.o.p.";"Comunidad Autónoma de Galicia";"861.87";"€/ha"
"SOC_CLND031";"Otros cultivos fibrosos n.c.o.p.";"Comunidad de Madrid";"861.87";"€/ha"
"SOC_CLND031";"Otros cultivos fibrosos n.c.o.p.";"Región de Murcia";"861.87";"€/ha"
"SOC_CLND031";"Otros cultivos fibrosos n.c.o.p.";"Comunidad Foral de Navarra";"861.87";"€/ha"
"SOC_CLND031";"Otros cultivos fibrosos n.c.o.p.";"Comunidad Autónoma del País Vasco";"861.87";"€/ha"
"SOC_CLND031";"Otros cultivos fibrosos n.c.o.p.";"Comunidad Autónoma de La Rioja";"861.87";"€/ha"
"SOC_CLND032";"Tabaco";"Comunidad Autónoma de Andalucía";"8721.24";"€/ha"
"SOC_CLND032";"Tabaco";"Comunidad Autónoma de Aragón";"7828.2";"€/ha"
"SOC_CLND032";"Tabaco";"Principado de Asturias";"7828.2";"€/ha"
"SOC_CLND032";"Tabaco";"Comunidad Autónoma de Illes Balears";"7828.2";"€/ha"
"SOC_CLND032";"Tabaco";"Comunidad Autónoma de Canarias";"7828.2";"€/ha"
"SOC_CLND032";"Tabaco";"Comunidad Autónoma de Cantabria";"7828.2";"€/ha"
"SOC_CLND032";"Tabaco";"Comunidad Autónoma de Castilla y León";"7217.8";"€/ha"
"SOC_CLND032";"Tabaco";"Comunidad Autónoma de Castilla-La Mancha";"8302.85";"€/ha"
"SOC_CLND032";"Tabaco";"Comunidad Autónoma de Cataluña";"7828.2";"€/ha"
"SOC_CLND032";"Tabaco";"Comunidad Valenciana";"7828.2";"€/ha"
"SOC_CLND032";"Tabaco";"Comunidad Autónoma de Extremadura";"7828.49";"€/ha"
"SOC_CLND032";"Tabaco";"Comunidad Autónoma de Galicia";"7828.2";"€/ha"
"SOC_CLND032";"Tabaco";"Comunidad de Madrid";"7828.2";"€/ha"
"SOC_CLND032";"Tabaco";"Región de Murcia";"7828.2";"€/ha"
"SOC_CLND032";"Tabaco";"Comunidad Foral de Navarra";"6709.08";"€/ha"
"SOC_CLND032";"Tabaco";"Comunidad Autónoma del País Vasco";"7828.2";"€/ha"
"SOC_CLND032";"Tabaco";"Comunidad Autónoma de La Rioja";"7828.2";"€/ha"
"SOC_CLND033";"Lúpulo";"Comunidad Autónoma de Andalucía";"8026.13";"€/ha"
"SOC_CLND033";"Lúpulo";"Comunidad Autónoma de Aragón";"8026.13";"€/ha"
"SOC_CLND033";"Lúpulo";"Principado de Asturias";"8026.13";"€/ha"
"SOC_CLND033";"Lúpulo";"Comunidad Autónoma de Illes Balears";"8026.13";"€/ha"
"SOC_CLND033";"Lúpulo";"Comunidad Autónoma de Canarias";"8026.13";"€/ha"
"SOC_CLND033";"Lúpulo";"Comunidad Autónoma de Cantabria";"8026.13";"€/ha"
"SOC_CLND033";"Lúpulo";"Comunidad Autónoma de Castilla y León";"8123.65";"€/ha"
"SOC_CLND033";"Lúpulo";"Comunidad Autónoma de Castilla-La Mancha";"8026.13";"€/ha"
"SOC_CLND033";"Lúpulo";"Comunidad Autónoma de Cataluña";"8148.97";"€/ha"
"SOC_CLND033";"Lúpulo";"Comunidad Valenciana";"8026.13";"€/ha"
"SOC_CLND033";"Lúpulo";"Comunidad Autónoma de Extremadura";"8026.13";"€/ha"
"SOC_CLND033";"Lúpulo";"Comunidad Autónoma de Galicia";"8026.13";"€/ha"
"SOC_CLND033";"Lúpulo";"Comunidad de Madrid";"8265.7";"€/ha"
"SOC_CLND033";"Lúpulo";"Región de Murcia";"8350.34";"€/ha"
"SOC_CLND033";"Lúpulo";"Comunidad Foral de Navarra";"8026.13";"€/ha"
"SOC_CLND033";"Lúpulo";"Comunidad Autónoma del País Vasco";"8026.13";"€/ha"
"SOC_CLND033";"Lúpulo";"Comunidad Autónoma de La Rioja";"6887.75";"€/ha"
"SOC_CLND034";"Plantas aromáticas, medicinales y culinarias";"Comunidad Autónoma de Andalucía";"11866.34";"€/ha"
"SOC_CLND034";"Plantas aromáticas, medicinales y culinarias";"Comunidad Autónoma de Aragón";"11866.34";"€/ha"
"SOC_CLND034";"Plantas aromáticas, medicinales y culinarias";"Principado de Asturias";"11866.34";"€/ha"
"SOC_CLND034";"Plantas aromáticas, medicinales y culinarias";"Comunidad Autónoma de Illes Balears";"7955.54";"€/ha"
"SOC_CLND034";"Plantas aromáticas, medicinales y culinarias";"Comunidad Autónoma de Canarias";"11866.34";"€/ha"
"SOC_CLND034";"Plantas aromáticas, medicinales y culinarias";"Comunidad Autónoma de Cantabria";"11866.34";"€/ha"
"SOC_CLND034";"Plantas aromáticas, medicinales y culinarias";"Comunidad Autónoma de Castilla y León";"12225.22";"€/ha"
"SOC_CLND034";"Plantas aromáticas, medicinales y culinarias";"Comunidad Autónoma de Castilla-La Mancha";"9985.88";"€/ha"
"SOC_CLND034";"Plantas aromáticas, medicinales y culinarias";"Comunidad Autónoma de Cataluña";"11866.34";"€/ha"
"SOC_CLND034";"Plantas aromáticas, medicinales y culinarias";"Comunidad Valenciana";"11025.06";"€/ha"
"SOC_CLND034";"Plantas aromáticas, medicinales y culinarias";"Comunidad Autónoma de Extremadura";"9999.64";"€/ha"
"SOC_CLND034";"Plantas aromáticas, medicinales y culinarias";"Comunidad Autónoma de Galicia";"11866.34";"€/ha"
"SOC_CLND034";"Plantas aromáticas, medicinales y culinarias";"Comunidad de Madrid";"11866.34";"€/ha"
"SOC_CLND034";"Plantas aromáticas, medicinales y culinarias";"Región de Murcia";"15544.28";"€/ha"
"SOC_CLND034";"Plantas aromáticas, medicinales y culinarias";"Comunidad Foral de Navarra";"11866.34";"€/ha"
"SOC_CLND034";"Plantas aromáticas, medicinales y culinarias";"Comunidad Autónoma del País Vasco";"11866.34";"€/ha"
"SOC_CLND034";"Plantas aromáticas, medicinales y culinarias";"Comunidad Autónoma de La Rioja";"11866.34";"€/ha"
"SOC_CLND035_036";"Cultivos energéticos y otros cultivos industriales n.c.o.p.";"Comunidad Autónoma de Andalucía";"465.11";"€/ha"
"SOC_CLND035_036";"Cultivos energéticos y otros cultivos industriales n.c.o.p.";"Comunidad Autónoma de Aragón";"4333.17";"€/ha"
"SOC_CLND035_036";"Cultivos energéticos y otros cultivos industriales n.c.o.p.";"Principado de Asturias";"1334.82";"€/ha"
"SOC_CLND035_036";"Cultivos energéticos y otros cultivos industriales n.c.o.p.";"Comunidad Autónoma de Illes Balears";"1334.82";"€/ha"
"SOC_CLND035_036";"Cultivos energéticos y otros cultivos industriales n.c.o.p.";"Comunidad Autónoma de Canarias";"1334.82";"€/ha"
"SOC_CLND035_036";"Cultivos energéticos y otros cultivos industriales n.c.o.p.";"Comunidad Autónoma de Cantabria";"1334.82";"€/ha"
"SOC_CLND035_036";"Cultivos energéticos y otros cultivos industriales n.c.o.p.";"Comunidad Autónoma de Castilla y León";"873.87";"€/ha"
"SOC_CLND035_036";"Cultivos energéticos y otros cultivos industriales n.c.o.p.";"Comunidad Autónoma de Castilla-La Mancha";"1871.16";"€/ha"
"SOC_CLND035_036";"Cultivos energéticos y otros cultivos industriales n.c.o.p.";"Comunidad Autónoma de Cataluña";"813.81";"€/ha"
"SOC_CLND035_036";"Cultivos energéticos y otros cultivos industriales n.c.o.p.";"Comunidad Valenciana";"329.59";"€/ha"
"SOC_CLND035_036";"Cultivos energéticos y otros cultivos industriales n.c.o.p.";"Comunidad Autónoma de Extremadura";"1334.82";"€/ha"
"SOC_CLND035_036";"Cultivos energéticos y otros cultivos industriales n.c.o.p.";"Comunidad Autónoma de Galicia";"1334.82";"€/ha"
"SOC_CLND035_036";"Cultivos energéticos y otros cultivos industriales n.c.o.p.";"Comunidad de Madrid";"530.22";"€/ha"
"SOC_CLND035_036";"Cultivos energéticos y otros cultivos industriales n.c.o.p.";"Región de Murcia";"521.01";"€/ha"
"SOC_CLND035_036";"Cultivos energéticos y otros cultivos industriales n.c.o.p.";"Comunidad Foral de Navarra";"2630.93";"€/ha"
"SOC_CLND035_036";"Cultivos energéticos y otros cultivos industriales n.c.o.p.";"Comunidad Autónoma del País Vasco";"1334.82";"€/ha"
"SOC_CLND035_036";"Cultivos energéticos y otros cultivos industriales n.c.o.p.";"Comunidad Autónoma de La Rioja";"1334.82";"€/ha"
"SOC_CLND037";"Cultivos cosechados en verde en tierras arables";"Comunidad Autónoma de Andalucía";"670.55";"€/ha"
"SOC_CLND037";"Cultivos cosechados en verde en tierras arables";"Comunidad Autónoma de Aragón";"1307.3";"€/ha"
"SOC_CLND037";"Cultivos cosechados en verde en tierras arables";"Principado de Asturias";"1525.91";"€/ha"
"SOC_CLND037";"Cultivos cosechados en verde en tierras arables";"Comunidad Autónoma de Illes Balears";"392.35";"€/ha"
"SOC_CLND037";"Cultivos cosechados en verde en tierras arables";"Comunidad Autónoma de Canarias";"792.73";"€/ha"
"SOC_CLND037";"Cultivos cosechados en verde en tierras arables";"Comunidad Autónoma de Cantabria";"1392.1";"€/ha"
"SOC_CLND037";"Cultivos cosechados en verde en tierras arables";"Comunidad Autónoma de Castilla y León";"765.77";"€/ha"
"SOC_CLND037";"Cultivos cosechados en verde en tierras arables";"Comunidad Autónoma de Castilla-La Mancha";"1428.29";"€/ha"
"SOC_CLND037";"Cultivos cosechados en verde en tierras arables";"Comunidad Autónoma de Cataluña";"1023.02";"€/ha"
"SOC_CLND037";"Cultivos cosechados en verde en tierras arables";"Comunidad Valenciana";"1406.1";"€/ha"
"SOC_CLND037";"Cultivos cosechados en verde en tierras arables";"Comunidad Autónoma de Extremadura";"290.3";"€/ha"
"SOC_CLND037";"Cultivos cosechados en verde en tierras arables";"Comunidad Autónoma de Galicia";"998.89";"€/ha"
"SOC_CLND037";"Cultivos cosechados en verde en tierras arables";"Comunidad de Madrid";"1164.91";"€/ha"
"SOC_CLND037";"Cultivos cosechados en verde en tierras arables";"Región de Murcia";"1400.15";"€/ha"
"SOC_CLND037";"Cultivos cosechados en verde en tierras arables";"Comunidad Foral de Navarra";"1281.43";"€/ha"
"SOC_CLND037";"Cultivos cosechados en verde en tierras arables";"Comunidad Autónoma del País Vasco";"1456.93";"€/ha"
"SOC_CLND037";"Cultivos cosechados en verde en tierras arables";"Comunidad Autónoma de La Rioja";"1319.54";"€/ha"
"SOC_CLND038";"Pastos y prados temporales";"Comunidad Autónoma de Andalucía";"456.98";"€/ha"
"SOC_CLND038";"Pastos y prados temporales";"Comunidad Autónoma de Aragón";"703.51";"€/ha"
"SOC_CLND038";"Pastos y prados temporales";"Principado de Asturias";"1701.25";"€/ha"
"SOC_CLND038";"Pastos y prados temporales";"Comunidad Autónoma de Illes Balears";"703.51";"€/ha"
"SOC_CLND038";"Pastos y prados temporales";"Comunidad Autónoma de Canarias";"703.51";"€/ha"
"SOC_CLND038";"Pastos y prados temporales";"Comunidad Autónoma de Cantabria";"703.51";"€/ha"
"SOC_CLND038";"Pastos y prados temporales";"Comunidad Autónoma de Castilla y León";"649.48";"€/ha"
"SOC_CLND038";"Pastos y prados temporales";"Comunidad Autónoma de Castilla-La Mancha";"324.57";"€/ha"
"SOC_CLND038";"Pastos y prados temporales";"Comunidad Autónoma de Cataluña";"324.43";"€/ha"
"SOC_CLND038";"Pastos y prados temporales";"Comunidad Valenciana";"703.51";"€/ha"
"SOC_CLND038";"Pastos y prados temporales";"Comunidad Autónoma de Extremadura";"166.03";"€/ha"
"SOC_CLND038";"Pastos y prados temporales";"Comunidad Autónoma de Galicia";"860.56";"€/ha"
"SOC_CLND038";"Pastos y prados temporales";"Comunidad de Madrid";"703.51";"€/ha"
"SOC_CLND038";"Pastos y prados temporales";"Región de Murcia";"1284";"€/ha"
"SOC_CLND038";"Pastos y prados temporales";"Comunidad Foral de Navarra";"1582.95";"€/ha"
"SOC_CLND038";"Pastos y prados temporales";"Comunidad Autónoma del País Vasco";"1861.89";"€/ha"
"SOC_CLND038";"Pastos y prados temporales";"Comunidad Autónoma de La Rioja";"1183.09";"€/ha"
"SOC_CLND039";"Leguminosas cosechadas en verde";"Comunidad Autónoma de Andalucía";"1187.83";"€/ha"
"SOC_CLND039";"Leguminosas cosechadas en verde";"Comunidad Autónoma de Aragón";"1432.45";"€/ha"
"SOC_CLND039";"Leguminosas cosechadas en verde";"Principado de Asturias";"906.27";"€/ha"
"SOC_CLND039";"Leguminosas cosechadas en verde";"Comunidad Autónoma de Illes Balears";"1246.17";"€/ha"
"SOC_CLND039";"Leguminosas cosechadas en verde";"Comunidad Autónoma de Canarias";"1027.91";"€/ha"
"SOC_CLND039";"Leguminosas cosechadas en verde";"Comunidad Autónoma de Cantabria";"751.34";"€/ha"
"SOC_CLND039";"Leguminosas cosechadas en verde";"Comunidad Autónoma de Castilla y León";"689.13";"€/ha"
"SOC_CLND039";"Leguminosas cosechadas en verde";"Comunidad Autónoma de Castilla-La Mancha";"1781.52";"€/ha"
"SOC_CLND039";"Leguminosas cosechadas en verde";"Comunidad Autónoma de Cataluña";"1545.07";"€/ha"
"SOC_CLND039";"Leguminosas cosechadas en verde";"Comunidad Valenciana";"1569.79";"€/ha"
"SOC_CLND039";"Leguminosas cosechadas en verde";"Comunidad Autónoma de Extremadura";"601.06";"€/ha"
"SOC_CLND039";"Leguminosas cosechadas en verde";"Comunidad Autónoma de Galicia";"814.73";"€/ha"
"SOC_CLND039";"Leguminosas cosechadas en verde";"Comunidad de Madrid";"1261.14";"€/ha"
"SOC_CLND039";"Leguminosas cosechadas en verde";"Región de Murcia";"1111.48";"€/ha"
"SOC_CLND039";"Leguminosas cosechadas en verde";"Comunidad Foral de Navarra";"815.58";"€/ha"
"SOC_CLND039";"Leguminosas cosechadas en verde";"Comunidad Autónoma del País Vasco";"798.42";"€/ha"
"SOC_CLND039";"Leguminosas cosechadas en verde";"Comunidad Autónoma de La Rioja";"1358.38";"€/ha"
"SOC_CLND040";"Maíz forrajero";"Comunidad Autónoma de Andalucía";"1590.91";"€/ha"
"SOC_CLND040";"Maíz forrajero";"Comunidad Autónoma de Aragón";"2025.33";"€/ha"
"SOC_CLND040";"Maíz forrajero";"Principado de Asturias";"1960.04";"€/ha"
"SOC_CLND040";"Maíz forrajero";"Comunidad Autónoma de Illes Balears";"2231.67";"€/ha"
"SOC_CLND040";"Maíz forrajero";"Comunidad Autónoma de Canarias";"1810.49";"€/ha"
"SOC_CLND040";"Maíz forrajero";"Comunidad Autónoma de Cantabria";"2562.96";"€/ha"
"SOC_CLND040";"Maíz forrajero";"Comunidad Autónoma de Castilla y León";"2882.19";"€/ha"
"SOC_CLND040";"Maíz forrajero";"Comunidad Autónoma de Castilla-La Mancha";"2426.28";"€/ha"
"SOC_CLND040";"Maíz forrajero";"Comunidad Autónoma de Cataluña";"1923.92";"€/ha"
"SOC_CLND040";"Maíz forrajero";"Comunidad Valenciana";"1810.49";"€/ha"
"SOC_CLND040";"Maíz forrajero";"Comunidad Autónoma de Extremadura";"2275.06";"€/ha"
"SOC_CLND040";"Maíz forrajero";"Comunidad Autónoma de Galicia";"1457.4";"€/ha"
"SOC_CLND040";"Maíz forrajero";"Comunidad de Madrid";"1810.49";"€/ha"
"SOC_CLND040";"Maíz forrajero";"Región de Murcia";"3821.51";"€/ha"
"SOC_CLND040";"Maíz forrajero";"Comunidad Foral de Navarra";"1965.68";"€/ha"
"SOC_CLND040";"Maíz forrajero";"Comunidad Autónoma del País Vasco";"1868.76";"€/ha"
"SOC_CLND040";"Maíz forrajero";"Comunidad Autónoma de La Rioja";"1810.49";"€/ha"
"SOC_CLND041_042";"Otros cultivos y cereales (excepto maíz) cosechados en verde n.c.o.p.";"Comunidad Autónoma de Andalucía";"417.17";"€/ha"
"SOC_CLND041_042";"Otros cultivos y cereales (excepto maíz) cosechados en verde n.c.o.p.";"Comunidad Autónoma de Aragón";"820.87";"€/ha"
"SOC_CLND041_042";"Otros cultivos y cereales (excepto maíz) cosechados en verde n.c.o.p.";"Principado de Asturias";"992.7";"€/ha"
"SOC_CLND041_042";"Otros cultivos y cereales (excepto maíz) cosechados en verde n.c.o.p.";"Comunidad Autónoma de Illes Balears";"122.99";"€/ha"
"SOC_CLND041_042";"Otros cultivos y cereales (excepto maíz) cosechados en verde n.c.o.p.";"Comunidad Autónoma de Canarias";"197.47";"€/ha"
"SOC_CLND041_042";"Otros cultivos y cereales (excepto maíz) cosechados en verde n.c.o.p.";"Comunidad Autónoma de Cantabria";"546.94";"€/ha"
"SOC_CLND041_042";"Otros cultivos y cereales (excepto maíz) cosechados en verde n.c.o.p.";"Comunidad Autónoma de Castilla y León";"703.32";"€/ha"
"SOC_CLND041_042";"Otros cultivos y cereales (excepto maíz) cosechados en verde n.c.o.p.";"Comunidad Autónoma de Castilla-La Mancha";"579.16";"€/ha"
"SOC_CLND041_042";"Otros cultivos y cereales (excepto maíz) cosechados en verde n.c.o.p.";"Comunidad Autónoma de Cataluña";"694.87";"€/ha"
"SOC_CLND041_042";"Otros cultivos y cereales (excepto maíz) cosechados en verde n.c.o.p.";"Comunidad Valenciana";"410.68";"€/ha"
"SOC_CLND041_042";"Otros cultivos y cereales (excepto maíz) cosechados en verde n.c.o.p.";"Comunidad Autónoma de Extremadura";"244.96";"€/ha"
"SOC_CLND041_042";"Otros cultivos y cereales (excepto maíz) cosechados en verde n.c.o.p.";"Comunidad Autónoma de Galicia";"686.49";"€/ha"
"SOC_CLND041_042";"Otros cultivos y cereales (excepto maíz) cosechados en verde n.c.o.p.";"Comunidad de Madrid";"745.82";"€/ha"
"SOC_CLND041_042";"Otros cultivos y cereales (excepto maíz) cosechados en verde n.c.o.p.";"Región de Murcia";"1414.12";"€/ha"
"SOC_CLND041_042";"Otros cultivos y cereales (excepto maíz) cosechados en verde n.c.o.p.";"Comunidad Foral de Navarra";"1352.06";"€/ha"
"SOC_CLND041_042";"Otros cultivos y cereales (excepto maíz) cosechados en verde n.c.o.p.";"Comunidad Autónoma del País Vasco";"981.45";"€/ha"
"SOC_CLND041_042";"Otros cultivos y cereales (excepto maíz) cosechados en verde n.c.o.p.";"Comunidad Autónoma de La Rioja";"1189.72";"€/ha"
"SOC_CLND043";"Hortalizas frescas (incluidos melones) y fresas - Producidas al aire libre";"Comunidad Autónoma de Andalucía";"9641.93";"€/ha"
"SOC_CLND043";"Hortalizas frescas (incluidos melones) y fresas - Producidas al aire libre";"Comunidad Autónoma de Aragón";"2272.2";"€/ha"
"SOC_CLND043";"Hortalizas frescas (incluidos melones) y fresas - Producidas al aire libre";"Principado de Asturias";"7533";"€/ha"
"SOC_CLND043";"Hortalizas frescas (incluidos melones) y fresas - Producidas al aire libre";"Comunidad Autónoma de Illes Balears";"6514.96";"€/ha"
"SOC_CLND043";"Hortalizas frescas (incluidos melones) y fresas - Producidas al aire libre";"Comunidad Autónoma de Canarias";"13129.77";"€/ha"
"SOC_CLND043";"Hortalizas frescas (incluidos melones) y fresas - Producidas al aire libre";"Comunidad Autónoma de Cantabria";"9193.75";"€/ha"
"SOC_CLND043";"Hortalizas frescas (incluidos melones) y fresas - Producidas al aire libre";"Comunidad Autónoma de Castilla y León";"10207.07";"€/ha"
"SOC_CLND043";"Hortalizas frescas (incluidos melones) y fresas - Producidas al aire libre";"Comunidad Autónoma de Castilla-La Mancha";"8715.58";"€/ha"
"SOC_CLND043";"Hortalizas frescas (incluidos melones) y fresas - Producidas al aire libre";"Comunidad Autónoma de Cataluña";"8463.56";"€/ha"
"SOC_CLND043";"Hortalizas frescas (incluidos melones) y fresas - Producidas al aire libre";"Comunidad Valenciana";"10296.82";"€/ha"
"SOC_CLND043";"Hortalizas frescas (incluidos melones) y fresas - Producidas al aire libre";"Comunidad Autónoma de Extremadura";"5417.27";"€/ha"
"SOC_CLND043";"Hortalizas frescas (incluidos melones) y fresas - Producidas al aire libre";"Comunidad Autónoma de Galicia";"8917.27";"€/ha"
"SOC_CLND043";"Hortalizas frescas (incluidos melones) y fresas - Producidas al aire libre";"Comunidad de Madrid";"7185.52";"€/ha"
"SOC_CLND043";"Hortalizas frescas (incluidos melones) y fresas - Producidas al aire libre";"Región de Murcia";"7366.39";"€/ha"
"SOC_CLND043";"Hortalizas frescas (incluidos melones) y fresas - Producidas al aire libre";"Comunidad Foral de Navarra";"3771.2";"€/ha"
"SOC_CLND043";"Hortalizas frescas (incluidos melones) y fresas - Producidas al aire libre";"Comunidad Autónoma del País Vasco";"7597.16";"€/ha"
"SOC_CLND043";"Hortalizas frescas (incluidos melones) y fresas - Producidas al aire libre";"Comunidad Autónoma de La Rioja";"3394.61";"€/ha"
"SOC_CLND044";"Hortalizas frescas (incluidos melones) y fresas - Horticultura comercial";"Comunidad Autónoma de Andalucía";"10188";"€/ha"
"SOC_CLND044";"Hortalizas frescas (incluidos melones) y fresas - Horticultura comercial";"Comunidad Autónoma de Aragón";"11360";"€/ha"
"SOC_CLND044";"Hortalizas frescas (incluidos melones) y fresas - Horticultura comercial";"Principado de Asturias";"11360";"€/ha"
"SOC_CLND044";"Hortalizas frescas (incluidos melones) y fresas - Horticultura comercial";"Comunidad Autónoma de Illes Balears";"13684";"€/ha"
"SOC_CLND044";"Hortalizas frescas (incluidos melones) y fresas - Horticultura comercial";"Comunidad Autónoma de Canarias";"30712";"€/ha"
"SOC_CLND044";"Hortalizas frescas (incluidos melones) y fresas - Horticultura comercial";"Comunidad Autónoma de Cantabria";"11360";"€/ha"
"SOC_CLND044";"Hortalizas frescas (incluidos melones) y fresas - Horticultura comercial";"Comunidad Autónoma de Castilla y León";"11360";"€/ha"
"SOC_CLND044";"Hortalizas frescas (incluidos melones) y fresas - Horticultura comercial";"Comunidad Autónoma de Castilla-La Mancha";"10018";"€/ha"
"SOC_CLND044";"Hortalizas frescas (incluidos melones) y fresas - Horticultura comercial";"Comunidad Autónoma de Cataluña";"17941";"€/ha"
"SOC_CLND044";"Hortalizas frescas (incluidos melones) y fresas - Horticultura comercial";"Comunidad Valenciana";"18658";"€/ha"
"SOC_CLND044";"Hortalizas frescas (incluidos melones) y fresas - Horticultura comercial";"Comunidad Autónoma de Extremadura";"8672";"€/ha"
"SOC_CLND044";"Hortalizas frescas (incluidos melones) y fresas - Horticultura comercial";"Comunidad Autónoma de Galicia";"23660";"€/ha"
"SOC_CLND044";"Hortalizas frescas (incluidos melones) y fresas - Horticultura comercial";"Comunidad de Madrid";"10707";"€/ha"
"SOC_CLND044";"Hortalizas frescas (incluidos melones) y fresas - Horticultura comercial";"Región de Murcia";"10752";"€/ha"
"SOC_CLND044";"Hortalizas frescas (incluidos melones) y fresas - Horticultura comercial";"Comunidad Foral de Navarra";"11360";"€/ha"
"SOC_CLND044";"Hortalizas frescas (incluidos melones) y fresas - Horticultura comercial";"Comunidad Autónoma del País Vasco";"11360";"€/ha"
"SOC_CLND044";"Hortalizas frescas (incluidos melones) y fresas - Horticultura comercial";"Comunidad Autónoma de La Rioja";"6306";"€/ha"
"SOC_CLND045";"Hortalizas frescas (incluidos melones) y fresas - Producidas al aire libre";"Comunidad Autónoma de Andalucía";"9128.92";"€/ha"
"SOC_CLND045";"Hortalizas frescas (incluidos melones) y fresas - Producidas al aire libre";"Comunidad Autónoma de Aragón";"2211.6";"€/ha"
"SOC_CLND045";"Hortalizas frescas (incluidos melones) y fresas - Producidas al aire libre";"Principado de Asturias";"7087.74";"€/ha"
"SOC_CLND045";"Hortalizas frescas (incluidos melones) y fresas - Producidas al aire libre";"Comunidad Autónoma de Illes Balears";"5608.24";"€/ha"
"SOC_CLND045";"Hortalizas frescas (incluidos melones) y fresas - Producidas al aire libre";"Comunidad Autónoma de Canarias";"7087.74";"€/ha"
"SOC_CLND045";"Hortalizas frescas (incluidos melones) y fresas - Producidas al aire libre";"Comunidad Autónoma de Cantabria";"7087.74";"€/ha"
"SOC_CLND045";"Hortalizas frescas (incluidos melones) y fresas - Producidas al aire libre";"Comunidad Autónoma de Castilla y León";"10185.36";"€/ha"
"SOC_CLND045";"Hortalizas frescas (incluidos melones) y fresas - Producidas al aire libre";"Comunidad Autónoma de Castilla-La Mancha";"8713.17";"€/ha"
"SOC_CLND045";"Hortalizas frescas (incluidos melones) y fresas - Producidas al aire libre";"Comunidad Autónoma de Cataluña";"8003.76";"€/ha"
"SOC_CLND045";"Hortalizas frescas (incluidos melones) y fresas - Producidas al aire libre";"Comunidad Valenciana";"9635.84";"€/ha"
"SOC_CLND045";"Hortalizas frescas (incluidos melones) y fresas - Producidas al aire libre";"Comunidad Autónoma de Extremadura";"5285.17";"€/ha"
"SOC_CLND045";"Hortalizas frescas (incluidos melones) y fresas - Producidas al aire libre";"Comunidad Autónoma de Galicia";"7087.74";"€/ha"
"SOC_CLND045";"Hortalizas frescas (incluidos melones) y fresas - Producidas al aire libre";"Comunidad de Madrid";"6945.61";"€/ha"
"SOC_CLND045";"Hortalizas frescas (incluidos melones) y fresas - Producidas al aire libre";"Región de Murcia";"7087.74";"€/ha"
"SOC_CLND045";"Hortalizas frescas (incluidos melones) y fresas - Producidas al aire libre";"Comunidad Foral de Navarra";"3501.2";"€/ha"
"SOC_CLND045";"Hortalizas frescas (incluidos melones) y fresas - Producidas al aire libre";"Comunidad Autónoma del País Vasco";"7087.74";"€/ha"
"SOC_CLND045";"Hortalizas frescas (incluidos melones) y fresas - Producidas al aire libre";"Comunidad Autónoma de La Rioja";"3314.59";"€/ha"
"SOC_CLND046";"Flores y plantas ornamentales (excepto viveros) - Producidas al aire libre";"Comunidad Autónoma de Andalucía";"71458.87";"€/ha"
"SOC_CLND046";"Flores y plantas ornamentales (excepto viveros) - Producidas al aire libre";"Comunidad Autónoma de Aragón";"65572.76";"€/ha"
"SOC_CLND046";"Flores y plantas ornamentales (excepto viveros) - Producidas al aire libre";"Principado de Asturias";"65572.76";"€/ha"
"SOC_CLND046";"Flores y plantas ornamentales (excepto viveros) - Producidas al aire libre";"Comunidad Autónoma de Illes Balears";"28766.05";"€/ha"
"SOC_CLND046";"Flores y plantas ornamentales (excepto viveros) - Producidas al aire libre";"Comunidad Autónoma de Canarias";"17467.03";"€/ha"
"SOC_CLND046";"Flores y plantas ornamentales (excepto viveros) - Producidas al aire libre";"Comunidad Autónoma de Cantabria";"8106.2";"€/ha"
"SOC_CLND046";"Flores y plantas ornamentales (excepto viveros) - Producidas al aire libre";"Comunidad Autónoma de Castilla y León";"14724.91";"€/ha"
"SOC_CLND046";"Flores y plantas ornamentales (excepto viveros) - Producidas al aire libre";"Comunidad Autónoma de Castilla-La Mancha";"78199.68";"€/ha"
"SOC_CLND046";"Flores y plantas ornamentales (excepto viveros) - Producidas al aire libre";"Comunidad Autónoma de Cataluña";"93623.36";"€/ha"
"SOC_CLND046";"Flores y plantas ornamentales (excepto viveros) - Producidas al aire libre";"Comunidad Valenciana";"68542.62";"€/ha"
"SOC_CLND046";"Flores y plantas ornamentales (excepto viveros) - Producidas al aire libre";"Comunidad Autónoma de Extremadura";"65572.76";"€/ha"
"SOC_CLND046";"Flores y plantas ornamentales (excepto viveros) - Producidas al aire libre";"Comunidad Autónoma de Galicia";"60746.51";"€/ha"
"SOC_CLND046";"Flores y plantas ornamentales (excepto viveros) - Producidas al aire libre";"Comunidad de Madrid";"65572.76";"€/ha"
"SOC_CLND046";"Flores y plantas ornamentales (excepto viveros) - Producidas al aire libre";"Región de Murcia";"49128.77";"€/ha"
"SOC_CLND046";"Flores y plantas ornamentales (excepto viveros) - Producidas al aire libre";"Comunidad Foral de Navarra";"54761.93";"€/ha"
"SOC_CLND046";"Flores y plantas ornamentales (excepto viveros) - Producidas al aire libre";"Comunidad Autónoma del País Vasco";"62467.18";"€/ha"
"SOC_CLND046";"Flores y plantas ornamentales (excepto viveros) - Producidas al aire libre";"Comunidad Autónoma de La Rioja";"21025.82";"€/ha"
"SOC_CLND047";"Semillas y plántulas";"Comunidad Autónoma de Andalucía";"4199.09";"€/ha"
"SOC_CLND047";"Semillas y plántulas";"Comunidad Autónoma de Aragón";"4413.86";"€/ha"
"SOC_CLND047";"Semillas y plántulas";"Principado de Asturias";"1434.76";"€/ha"
"SOC_CLND047";"Semillas y plántulas";"Comunidad Autónoma de Illes Balears";"4128.29";"€/ha"
"SOC_CLND047";"Semillas y plántulas";"Comunidad Autónoma de Canarias";"5381.82";"€/ha"
"SOC_CLND047";"Semillas y plántulas";"Comunidad Autónoma de Cantabria";"4070.4";"€/ha"
"SOC_CLND047";"Semillas y plántulas";"Comunidad Autónoma de Castilla y León";"4002.81";"€/ha"
"SOC_CLND047";"Semillas y plántulas";"Comunidad Autónoma de Castilla-La Mancha";"4247.5";"€/ha"
"SOC_CLND047";"Semillas y plántulas";"Comunidad Autónoma de Cataluña";"3870.07";"€/ha"
"SOC_CLND047";"Semillas y plántulas";"Comunidad Valenciana";"3382.96";"€/ha"
"SOC_CLND047";"Semillas y plántulas";"Comunidad Autónoma de Extremadura";"4020.73";"€/ha"
"SOC_CLND047";"Semillas y plántulas";"Comunidad Autónoma de Galicia";"3733.44";"€/ha"
"SOC_CLND047";"Semillas y plántulas";"Comunidad de Madrid";"4959.34";"€/ha"
"SOC_CLND047";"Semillas y plántulas";"Región de Murcia";"3894.91";"€/ha"
"SOC_CLND047";"Semillas y plántulas";"Comunidad Foral de Navarra";"4242.86";"€/ha"
"SOC_CLND047";"Semillas y plántulas";"Comunidad Autónoma del País Vasco";"4377.19";"€/ha"
"SOC_CLND047";"Semillas y plántulas";"Comunidad Autónoma de La Rioja";"3955.88";"€/ha"
"SOC_CLND048_083";"Otros cultivos de tierras arables n.c.o.p., inclusive en invernadero o bajo cubierta alta accesible";"Comunidad Autónoma de Andalucía";"352.8";"€/ha"
"SOC_CLND048_083";"Otros cultivos de tierras arables n.c.o.p., inclusive en invernadero o bajo cubierta alta accesible";"Comunidad Autónoma de Aragón";"352.8";"€/ha"
"SOC_CLND048_083";"Otros cultivos de tierras arables n.c.o.p., inclusive en invernadero o bajo cubierta alta accesible";"Principado de Asturias";"352.8";"€/ha"
"SOC_CLND048_083";"Otros cultivos de tierras arables n.c.o.p., inclusive en invernadero o bajo cubierta alta accesible";"Comunidad Autónoma de Illes Balears";"352.8";"€/ha"
"SOC_CLND048_083";"Otros cultivos de tierras arables n.c.o.p., inclusive en invernadero o bajo cubierta alta accesible";"Comunidad Autónoma de Canarias";"352.8";"€/ha"
"SOC_CLND048_083";"Otros cultivos de tierras arables n.c.o.p., inclusive en invernadero o bajo cubierta alta accesible";"Comunidad Autónoma de Cantabria";"352.8";"€/ha"
"SOC_CLND048_083";"Otros cultivos de tierras arables n.c.o.p., inclusive en invernadero o bajo cubierta alta accesible";"Comunidad Autónoma de Castilla y León";"352.8";"€/ha"
"SOC_CLND048_083";"Otros cultivos de tierras arables n.c.o.p., inclusive en invernadero o bajo cubierta alta accesible";"Comunidad Autónoma de Castilla-La Mancha";"352.8";"€/ha"
"SOC_CLND048_083";"Otros cultivos de tierras arables n.c.o.p., inclusive en invernadero o bajo cubierta alta accesible";"Comunidad Autónoma de Cataluña";"352.8";"€/ha"
"SOC_CLND048_083";"Otros cultivos de tierras arables n.c.o.p., inclusive en invernadero o bajo cubierta alta accesible";"Comunidad Valenciana";"352.8";"€/ha"
"SOC_CLND048_083";"Otros cultivos de tierras arables n.c.o.p., inclusive en invernadero o bajo cubierta alta accesible";"Comunidad Autónoma de Extremadura";"352.8";"€/ha"
"SOC_CLND048_083";"Otros cultivos de tierras arables n.c.o.p., inclusive en invernadero o bajo cubierta alta accesible";"Comunidad Autónoma de Galicia";"352.8";"€/ha"
"SOC_CLND048_083";"Otros cultivos de tierras arables n.c.o.p., inclusive en invernadero o bajo cubierta alta accesible";"Comunidad de Madrid";"352.8";"€/ha"
"SOC_CLND048_083";"Otros cultivos de tierras arables n.c.o.p., inclusive en invernadero o bajo cubierta alta accesible";"Región de Murcia";"352.8";"€/ha"
"SOC_CLND048_083";"Otros cultivos de tierras arables n.c.o.p., inclusive en invernadero o bajo cubierta alta accesible";"Comunidad Foral de Navarra";"352.8";"€/ha"
"SOC_CLND048_083";"Otros cultivos de tierras arables n.c.o.p., inclusive en invernadero o bajo cubierta alta accesible";"Comunidad Autónoma del País Vasco";"352.8";"€/ha"
"SOC_CLND048_083";"Otros cultivos de tierras arables n.c.o.p., inclusive en invernadero o bajo cubierta alta accesible";"Comunidad Autónoma de La Rioja";"352.8";"€/ha"
"SOC_CLND049";"Barbecho";"Comunidad Autónoma de Andalucía";"0";"€/ha"
"SOC_CLND049";"Barbecho";"Comunidad Autónoma de Aragón";"0";"€/ha"
"SOC_CLND049";"Barbecho";"Principado de Asturias";"0";"€/ha"
"SOC_CLND049";"Barbecho";"Comunidad Autónoma de Illes Balears";"0";"€/ha"
"SOC_CLND049";"Barbecho";"Comunidad Autónoma de Canarias";"0";"€/ha"
"SOC_CLND049";"Barbecho";"Comunidad Autónoma de Cantabria";"0";"€/ha"
"SOC_CLND049";"Barbecho";"Comunidad Autónoma de Castilla y León";"0";"€/ha"
"SOC_CLND049";"Barbecho";"Comunidad Autónoma de Castilla-La Mancha";"0";"€/ha"
"SOC_CLND049";"Barbecho";"Comunidad Autónoma de Cataluña";"0";"€/ha"
"SOC_CLND049";"Barbecho";"Comunidad Valenciana";"0";"€/ha"
"SOC_CLND049";"Barbecho";"Comunidad Autónoma de Extremadura";"0";"€/ha"
"SOC_CLND049";"Barbecho";"Comunidad Autónoma de Galicia";"0";"€/ha"
"SOC_CLND049";"Barbecho";"Comunidad de Madrid";"0";"€/ha"
"SOC_CLND049";"Barbecho";"Región de Murcia";"0";"€/ha"
"SOC_CLND049";"Barbecho";"Comunidad Foral de Navarra";"0";"€/ha"
"SOC_CLND049";"Barbecho";"Comunidad Autónoma del País Vasco";"0";"€/ha"
"SOC_CLND049";"Barbecho";"Comunidad Autónoma de La Rioja";"0";"€/ha"
"SOC_CLND050";"Praderas permanentes";"Comunidad Autónoma de Andalucía";"8.08";"€/ha"
"SOC_CLND050";"Praderas permanentes";"Comunidad Autónoma de Aragón";"12.66";"€/ha"
"SOC_CLND050";"Praderas permanentes";"Principado de Asturias";"67.17";"€/ha"
"SOC_CLND050";"Praderas permanentes";"Comunidad Autónoma de Illes Balears";"8";"€/ha"
"SOC_CLND050";"Praderas permanentes";"Comunidad Autónoma de Canarias";"17.81";"€/ha"
"SOC_CLND050";"Praderas permanentes";"Comunidad Autónoma de Cantabria";"51.95";"€/ha"
"SOC_CLND050";"Praderas permanentes";"Comunidad Autónoma de Castilla y León";"24.49";"€/ha"
"SOC_CLND050";"Praderas permanentes";"Comunidad Autónoma de Castilla-La Mancha";"8.78";"€/ha"
"SOC_CLND050";"Praderas permanentes";"Comunidad Autónoma de Cataluña";"50.34";"€/ha"
"SOC_CLND050";"Praderas permanentes";"Comunidad Valenciana";"8.27";"€/ha"
"SOC_CLND050";"Praderas permanentes";"Comunidad Autónoma de Extremadura";"8.5";"€/ha"
"SOC_CLND050";"Praderas permanentes";"Comunidad Autónoma de Galicia";"92.89";"€/ha"
"SOC_CLND050";"Praderas permanentes";"Comunidad de Madrid";"10.85";"€/ha"
"SOC_CLND050";"Praderas permanentes";"Región de Murcia";"26";"€/ha"
"SOC_CLND050";"Praderas permanentes";"Comunidad Foral de Navarra";"56";"€/ha"
"SOC_CLND050";"Praderas permanentes";"Comunidad Autónoma del País Vasco";"102.58";"€/ha"
"SOC_CLND050";"Praderas permanentes";"Comunidad Autónoma de La Rioja";"9.24";"€/ha"
"SOC_CLND051";"Prados permanentes y pastos, excepto los pastos pobres";"Comunidad Autónoma de Andalucía";"132.26";"€/ha"
"SOC_CLND051";"Prados permanentes y pastos, excepto los pastos pobres";"Comunidad Autónoma de Aragón";"132.26";"€/ha"
"SOC_CLND051";"Prados permanentes y pastos, excepto los pastos pobres";"Principado de Asturias";"132.26";"€/ha"
"SOC_CLND051";"Prados permanentes y pastos, excepto los pastos pobres";"Comunidad Autónoma de Illes Balears";"132.26";"€/ha"
"SOC_CLND051";"Prados permanentes y pastos, excepto los pastos pobres";"Comunidad Autónoma de Canarias";"132.26";"€/ha"
"SOC_CLND051";"Prados permanentes y pastos, excepto los pastos pobres";"Comunidad Autónoma de Cantabria";"132.26";"€/ha"
"SOC_CLND051";"Prados permanentes y pastos, excepto los pastos pobres";"Comunidad Autónoma de Castilla y León";"132.26";"€/ha"
"SOC_CLND051";"Prados permanentes y pastos, excepto los pastos pobres";"Comunidad Autónoma de Castilla-La Mancha";"132.26";"€/ha"
"SOC_CLND051";"Prados permanentes y pastos, excepto los pastos pobres";"Comunidad Autónoma de Cataluña";"132.26";"€/ha"
"SOC_CLND051";"Prados permanentes y pastos, excepto los pastos pobres";"Comunidad Valenciana";"132.26";"€/ha"
"SOC_CLND051";"Prados permanentes y pastos, excepto los pastos pobres";"Comunidad Autónoma de Extremadura";"132.26";"€/ha"
"SOC_CLND051";"Prados permanentes y pastos, excepto los pastos pobres";"Comunidad Autónoma de Galicia";"132.26";"€/ha"
"SOC_CLND051";"Prados permanentes y pastos, excepto los pastos pobres";"Comunidad de Madrid";"132.26";"€/ha"
"SOC_CLND051";"Prados permanentes y pastos, excepto los pastos pobres";"Región de Murcia";"132.26";"€/ha"
"SOC_CLND051";"Prados permanentes y pastos, excepto los pastos pobres";"Comunidad Foral de Navarra";"132.26";"€/ha"
"SOC_CLND051";"Prados permanentes y pastos, excepto los pastos pobres";"Comunidad Autónoma del País Vasco";"132.26";"€/ha"
"SOC_CLND051";"Prados permanentes y pastos, excepto los pastos pobres";"Comunidad Autónoma de La Rioja";"132.26";"€/ha"
"SOC_CLND052";"Pastos pobres";"Comunidad Autónoma de Andalucía";"8";"€/ha"
"SOC_CLND052";"Pastos pobres";"Comunidad Autónoma de Aragón";"8";"€/ha"
"SOC_CLND052";"Pastos pobres";"Principado de Asturias";"8";"€/ha"
"SOC_CLND052";"Pastos pobres";"Comunidad Autónoma de Illes Balears";"8";"€/ha"
"SOC_CLND052";"Pastos pobres";"Comunidad Autónoma de Canarias";"8";"€/ha"
"SOC_CLND052";"Pastos pobres";"Comunidad Autónoma de Cantabria";"8";"€/ha"
"SOC_CLND052";"Pastos pobres";"Comunidad Autónoma de Castilla y León";"8";"€/ha"
"SOC_CLND052";"Pastos pobres";"Comunidad Autónoma de Castilla-La Mancha";"8";"€/ha"
"SOC_CLND052";"Pastos pobres";"Comunidad Autónoma de Cataluña";"8";"€/ha"
"SOC_CLND052";"Pastos pobres";"Comunidad Valenciana";"8";"€/ha"
"SOC_CLND052";"Pastos pobres";"Comunidad Autónoma de Extremadura";"8";"€/ha"
"SOC_CLND052";"Pastos pobres";"Comunidad Autónoma de Galicia";"8";"€/ha"
"SOC_CLND052";"Pastos pobres";"Comunidad de Madrid";"8";"€/ha"
"SOC_CLND052";"Pastos pobres";"Región de Murcia";"8";"€/ha"
"SOC_CLND052";"Pastos pobres";"Comunidad Foral de Navarra";"8";"€/ha"
"SOC_CLND052";"Pastos pobres";"Comunidad Autónoma del País Vasco";"8";"€/ha"
"SOC_CLND052";"Pastos pobres";"Comunidad Autónoma de La Rioja";"8";"€/ha"
"SOC_CLND053";"Pastos permanentes que ya no se destinan a la producción y que pueden recibir subvenciones";"Comunidad Autónoma de Andalucía";"0";"€/ha"
"SOC_CLND053";"Pastos permanentes que ya no se destinan a la producción y que pueden recibir subvenciones";"Comunidad Autónoma de Aragón";"0";"€/ha"
"SOC_CLND053";"Pastos permanentes que ya no se destinan a la producción y que pueden recibir subvenciones";"Principado de Asturias";"0";"€/ha"
"SOC_CLND053";"Pastos permanentes que ya no se destinan a la producción y que pueden recibir subvenciones";"Comunidad Autónoma de Illes Balears";"0";"€/ha"
"SOC_CLND053";"Pastos permanentes que ya no se destinan a la producción y que pueden recibir subvenciones";"Comunidad Autónoma de Canarias";"0";"€/ha"
"SOC_CLND053";"Pastos permanentes que ya no se destinan a la producción y que pueden recibir subvenciones";"Comunidad Autónoma de Cantabria";"0";"€/ha"
"SOC_CLND053";"Pastos permanentes que ya no se destinan a la producción y que pueden recibir subvenciones";"Comunidad Autónoma de Castilla y León";"0";"€/ha"
"SOC_CLND053";"Pastos permanentes que ya no se destinan a la producción y que pueden recibir subvenciones";"Comunidad Autónoma de Castilla-La Mancha";"0";"€/ha"
"SOC_CLND053";"Pastos permanentes que ya no se destinan a la producción y que pueden recibir subvenciones";"Comunidad Autónoma de Cataluña";"0";"€/ha"
"SOC_CLND053";"Pastos permanentes que ya no se destinan a la producción y que pueden recibir subvenciones";"Comunidad Valenciana";"0";"€/ha"
"SOC_CLND053";"Pastos permanentes que ya no se destinan a la producción y que pueden recibir subvenciones";"Comunidad Autónoma de Extremadura";"0";"€/ha"
"SOC_CLND053";"Pastos permanentes que ya no se destinan a la producción y que pueden recibir subvenciones";"Comunidad Autónoma de Galicia";"0";"€/ha"
"SOC_CLND053";"Pastos permanentes que ya no se destinan a la producción y que pueden recibir subvenciones";"Comunidad de Madrid";"0";"€/ha"
"SOC_CLND053";"Pastos permanentes que ya no se destinan a la producción y que pueden recibir subvenciones";"Región de Murcia";"0";"€/ha"
"SOC_CLND053";"Pastos permanentes que ya no se destinan a la producción y que pueden recibir subvenciones";"Comunidad Foral de Navarra";"0";"€/ha"
"SOC_CLND053";"Pastos permanentes que ya no se destinan a la producción y que pueden recibir subvenciones";"Comunidad Autónoma del País Vasco";"0";"€/ha"
"SOC_CLND053";"Pastos permanentes que ya no se destinan a la producción y que pueden recibir subvenciones";"Comunidad Autónoma de La Rioja";"0";"€/ha"
"SOC_CLND055";"Frutas, bayas y frutos de cáscara (excepto cítricos, uvas y fresas)";"Comunidad Autónoma de Andalucía";"3387.08";"€/ha"
"SOC_CLND055";"Frutas, bayas y frutos de cáscara (excepto cítricos, uvas y fresas)";"Comunidad Autónoma de Aragón";"3276.16";"€/ha"
"SOC_CLND055";"Frutas, bayas y frutos de cáscara (excepto cítricos, uvas y fresas)";"Principado de Asturias";"2283.73";"€/ha"
"SOC_CLND055";"Frutas, bayas y frutos de cáscara (excepto cítricos, uvas y fresas)";"Comunidad Autónoma de Illes Balears";"223.63";"€/ha"
"SOC_CLND055";"Frutas, bayas y frutos de cáscara (excepto cítricos, uvas y fresas)";"Comunidad Autónoma de Canarias";"20675.59";"€/ha"
"SOC_CLND055";"Frutas, bayas y frutos de cáscara (excepto cítricos, uvas y fresas)";"Comunidad Autónoma de Cantabria";"23777.32";"€/ha"
"SOC_CLND055";"Frutas, bayas y frutos de cáscara (excepto cítricos, uvas y fresas)";"Comunidad Autónoma de Castilla y León";"4049.34";"€/ha"
"SOC_CLND055";"Frutas, bayas y frutos de cáscara (excepto cítricos, uvas y fresas)";"Comunidad Autónoma de Castilla-La Mancha";"1020.81";"€/ha"
"SOC_CLND055";"Frutas, bayas y frutos de cáscara (excepto cítricos, uvas y fresas)";"Comunidad Autónoma de Cataluña";"4789.47";"€/ha"
"SOC_CLND055";"Frutas, bayas y frutos de cáscara (excepto cítricos, uvas y fresas)";"Comunidad Valenciana";"2819.77";"€/ha"
"SOC_CLND055";"Frutas, bayas y frutos de cáscara (excepto cítricos, uvas y fresas)";"Comunidad Autónoma de Extremadura";"3925.33";"€/ha"
"SOC_CLND055";"Frutas, bayas y frutos de cáscara (excepto cítricos, uvas y fresas)";"Comunidad Autónoma de Galicia";"4432.06";"€/ha"
"SOC_CLND055";"Frutas, bayas y frutos de cáscara (excepto cítricos, uvas y fresas)";"Comunidad de Madrid";"1596.42";"€/ha"
"SOC_CLND055";"Frutas, bayas y frutos de cáscara (excepto cítricos, uvas y fresas)";"Región de Murcia";"2911.15";"€/ha"
"SOC_CLND055";"Frutas, bayas y frutos de cáscara (excepto cítricos, uvas y fresas)";"Comunidad Foral de Navarra";"3867.18";"€/ha"
"SOC_CLND055";"Frutas, bayas y frutos de cáscara (excepto cítricos, uvas y fresas)";"Comunidad Autónoma del País Vasco";"2614.09";"€/ha"
"SOC_CLND055";"Frutas, bayas y frutos de cáscara (excepto cítricos, uvas y fresas)";"Comunidad Autónoma de La Rioja";"3487.34";"€/ha"
"SOC_CLND056";"Frutas de pepita";"Comunidad Autónoma de Andalucía";"8980.05";"€/ha"
"SOC_CLND056";"Frutas de pepita";"Comunidad Autónoma de Aragón";"11631.24";"€/ha"
"SOC_CLND056";"Frutas de pepita";"Principado de Asturias";"1403.96";"€/ha"
"SOC_CLND056";"Frutas de pepita";"Comunidad Autónoma de Illes Balears";"6307.32";"€/ha"
"SOC_CLND056";"Frutas de pepita";"Comunidad Autónoma de Canarias";"7974.75";"€/ha"
"SOC_CLND056";"Frutas de pepita";"Comunidad Autónoma de Cantabria";"8257.87";"€/ha"
"SOC_CLND056";"Frutas de pepita";"Comunidad Autónoma de Castilla y León";"9133.47";"€/ha"
"SOC_CLND056";"Frutas de pepita";"Comunidad Autónoma de Castilla-La Mancha";"4584.38";"€/ha"
"SOC_CLND056";"Frutas de pepita";"Comunidad Autónoma de Cataluña";"11119.07";"€/ha"
"SOC_CLND056";"Frutas de pepita";"Comunidad Valenciana";"12807.24";"€/ha"
"SOC_CLND056";"Frutas de pepita";"Comunidad Autónoma de Extremadura";"10687.9";"€/ha"
"SOC_CLND056";"Frutas de pepita";"Comunidad Autónoma de Galicia";"3370.64";"€/ha"
"SOC_CLND056";"Frutas de pepita";"Comunidad de Madrid";"7486.17";"€/ha"
"SOC_CLND056";"Frutas de pepita";"Región de Murcia";"16149.88";"€/ha"
"SOC_CLND056";"Frutas de pepita";"Comunidad Foral de Navarra";"9008.66";"€/ha"
"SOC_CLND056";"Frutas de pepita";"Comunidad Autónoma del País Vasco";"1779.9";"€/ha"
"SOC_CLND056";"Frutas de pepita";"Comunidad Autónoma de La Rioja";"11646.26";"€/ha"
"SOC_CLND056_057";"Frutales de zonas templadas";"Comunidad Autónoma de Andalucía";"9832.68";"€/ha"
"SOC_CLND056_057";"Frutales de zonas templadas";"Comunidad Autónoma de Aragón";"9366.18";"€/ha"
"SOC_CLND056_057";"Frutales de zonas templadas";"Principado de Asturias";"1409.31";"€/ha"
"SOC_CLND056_057";"Frutales de zonas templadas";"Comunidad Autónoma de Illes Balears";"2246.85";"€/ha"
"SOC_CLND056_057";"Frutales de zonas templadas";"Comunidad Autónoma de Canarias";"10111.29";"€/ha"
"SOC_CLND056_057";"Frutales de zonas templadas";"Comunidad Autónoma de Cantabria";"8258.06";"€/ha"
"SOC_CLND056_057";"Frutales de zonas templadas";"Comunidad Autónoma de Castilla y León";"6682.95";"€/ha"
"SOC_CLND056_057";"Frutales de zonas templadas";"Comunidad Autónoma de Castilla-La Mancha";"9268.68";"€/ha"
"SOC_CLND056_057";"Frutales de zonas templadas";"Comunidad Autónoma de Cataluña";"10796.29";"€/ha"
"SOC_CLND056_057";"Frutales de zonas templadas";"Comunidad Valenciana";"6799.92";"€/ha"
"SOC_CLND056_057";"Frutales de zonas templadas";"Comunidad Autónoma de Extremadura";"6684.68";"€/ha"
"SOC_CLND056_057";"Frutales de zonas templadas";"Comunidad Autónoma de Galicia";"3441.11";"€/ha"
"SOC_CLND056_057";"Frutales de zonas templadas";"Comunidad de Madrid";"3811.84";"€/ha"
"SOC_CLND056_057";"Frutales de zonas templadas";"Región de Murcia";"12506.33";"€/ha"
"SOC_CLND056_057";"Frutales de zonas templadas";"Comunidad Foral de Navarra";"9410.08";"€/ha"
"SOC_CLND056_057";"Frutales de zonas templadas";"Comunidad Autónoma del País Vasco";"1813.33";"€/ha"
"SOC_CLND056_057";"Frutales de zonas templadas";"Comunidad Autónoma de La Rioja";"11018.3";"€/ha"
"SOC_CLND057";"Frutas de hueso";"Comunidad Autónoma de Andalucía";"10194.72";"€/ha"
"SOC_CLND057";"Frutas de hueso";"Comunidad Autónoma de Aragón";"8859.2";"€/ha"
"SOC_CLND057";"Frutas de hueso";"Principado de Asturias";"6288.75";"€/ha"
"SOC_CLND057";"Frutas de hueso";"Comunidad Autónoma de Illes Balears";"1095.51";"€/ha"
"SOC_CLND057";"Frutas de hueso";"Comunidad Autónoma de Canarias";"12774.3";"€/ha"
"SOC_CLND057";"Frutas de hueso";"Comunidad Autónoma de Cantabria";"8277.24";"€/ha"
"SOC_CLND057";"Frutas de hueso";"Comunidad Autónoma de Castilla y León";"2338.91";"€/ha"
"SOC_CLND057";"Frutas de hueso";"Comunidad Autónoma de Castilla-La Mancha";"9516.14";"€/ha"
"SOC_CLND057";"Frutas de hueso";"Comunidad Autónoma de Cataluña";"10408.73";"€/ha"
"SOC_CLND057";"Frutas de hueso";"Comunidad Valenciana";"5560.84";"€/ha"
"SOC_CLND057";"Frutas de hueso";"Comunidad Autónoma de Extremadura";"6581.01";"€/ha"
"SOC_CLND057";"Frutas de hueso";"Comunidad Autónoma de Galicia";"3644.84";"€/ha"
"SOC_CLND057";"Frutas de hueso";"Comunidad de Madrid";"3738.43";"€/ha"
"SOC_CLND057";"Frutas de hueso";"Región de Murcia";"12263.96";"€/ha"
"SOC_CLND057";"Frutas de hueso";"Comunidad Foral de Navarra";"10148.62";"€/ha"
"SOC_CLND057";"Frutas de hueso";"Comunidad Autónoma del País Vasco";"3540.67";"€/ha"
"SOC_CLND057";"Frutas de hueso";"Comunidad Autónoma de La Rioja";"9354.77";"€/ha"
"SOC_CLND058";"Frutas de zonas de clima subtropical y tropical";"Comunidad Autónoma de Andalucía";"6683.51";"€/ha"
"SOC_CLND058";"Frutas de zonas de clima subtropical y tropical";"Comunidad Autónoma de Aragón";"9376.32";"€/ha"
"SOC_CLND058";"Frutas de zonas de clima subtropical y tropical";"Principado de Asturias";"7709.24";"€/ha"
"SOC_CLND058";"Frutas de zonas de clima subtropical y tropical";"Comunidad Autónoma de Illes Balears";"383.97";"€/ha"
"SOC_CLND058";"Frutas de zonas de clima subtropical y tropical";"Comunidad Autónoma de Canarias";"21760.89";"€/ha"
"SOC_CLND058";"Frutas de zonas de clima subtropical y tropical";"Comunidad Autónoma de Cantabria";"7709.24";"€/ha"
"SOC_CLND058";"Frutas de zonas de clima subtropical y tropical";"Comunidad Autónoma de Castilla y León";"12616.19";"€/ha"
"SOC_CLND058";"Frutas de zonas de clima subtropical y tropical";"Comunidad Autónoma de Castilla-La Mancha";"6692.67";"€/ha"
"SOC_CLND058";"Frutas de zonas de clima subtropical y tropical";"Comunidad Autónoma de Cataluña";"8738.77";"€/ha"
"SOC_CLND058";"Frutas de zonas de clima subtropical y tropical";"Comunidad Valenciana";"10957.8";"€/ha"
"SOC_CLND058";"Frutas de zonas de clima subtropical y tropical";"Comunidad Autónoma de Extremadura";"2289.72";"€/ha"
"SOC_CLND058";"Frutas de zonas de clima subtropical y tropical";"Comunidad Autónoma de Galicia";"3615.87";"€/ha"
"SOC_CLND058";"Frutas de zonas de clima subtropical y tropical";"Comunidad de Madrid";"2843.51";"€/ha"
"SOC_CLND058";"Frutas de zonas de clima subtropical y tropical";"Región de Murcia";"9082.67";"€/ha"
"SOC_CLND058";"Frutas de zonas de clima subtropical y tropical";"Comunidad Foral de Navarra";"8339.94";"€/ha"
"SOC_CLND058";"Frutas de zonas de clima subtropical y tropical";"Comunidad Autónoma del País Vasco";"7410.94";"€/ha"
"SOC_CLND058";"Frutas de zonas de clima subtropical y tropical";"Comunidad Autónoma de La Rioja";"9155.98";"€/ha"
"SOC_CLND059";"Bayas (excepto fresas)";"Comunidad Autónoma de Andalucía";"84533.99";"€/ha"
"SOC_CLND059";"Bayas (excepto fresas)";"Comunidad Autónoma de Aragón";"84628.2";"€/ha"
"SOC_CLND059";"Bayas (excepto fresas)";"Principado de Asturias";"21159.54";"€/ha"
"SOC_CLND059";"Bayas (excepto fresas)";"Comunidad Autónoma de Illes Balears";"84628.2";"€/ha"
"SOC_CLND059";"Bayas (excepto fresas)";"Comunidad Autónoma de Canarias";"64091.68";"€/ha"
"SOC_CLND059";"Bayas (excepto fresas)";"Comunidad Autónoma de Cantabria";"32976.97";"€/ha"
"SOC_CLND059";"Bayas (excepto fresas)";"Comunidad Autónoma de Castilla y León";"42472.36";"€/ha"
"SOC_CLND059";"Bayas (excepto fresas)";"Comunidad Autónoma de Castilla-La Mancha";"129543.92";"€/ha"
"SOC_CLND059";"Bayas (excepto fresas)";"Comunidad Autónoma de Cataluña";"81261";"€/ha"
"SOC_CLND059";"Bayas (excepto fresas)";"Comunidad Valenciana";"84628.2";"€/ha"
"SOC_CLND059";"Bayas (excepto fresas)";"Comunidad Autónoma de Extremadura";"10485.05";"€/ha"
"SOC_CLND059";"Bayas (excepto fresas)";"Comunidad Autónoma de Galicia";"14319.92";"€/ha"
"SOC_CLND059";"Bayas (excepto fresas)";"Comunidad de Madrid";"97986.45";"€/ha"
"SOC_CLND059";"Bayas (excepto fresas)";"Región de Murcia";"84628.2";"€/ha"
"SOC_CLND059";"Bayas (excepto fresas)";"Comunidad Foral de Navarra";"58539.62";"€/ha"
"SOC_CLND059";"Bayas (excepto fresas)";"Comunidad Autónoma del País Vasco";"64001.49";"€/ha"
"SOC_CLND059";"Bayas (excepto fresas)";"Comunidad Autónoma de La Rioja";"84628.2";"€/ha"
"SOC_CLND060";"Frutos de cáscara";"Comunidad Autónoma de Andalucía";"721.03";"€/ha"
"SOC_CLND060";"Frutos de cáscara";"Comunidad Autónoma de Aragón";"966.87";"€/ha"
"SOC_CLND060";"Frutos de cáscara";"Principado de Asturias";"852.15";"€/ha"
"SOC_CLND060";"Frutos de cáscara";"Comunidad Autónoma de Illes Balears";"131.7";"€/ha"
"SOC_CLND060";"Frutos de cáscara";"Comunidad Autónoma de Canarias";"841.06";"€/ha"
"SOC_CLND060";"Frutos de cáscara";"Comunidad Autónoma de Cantabria";"852.15";"€/ha"
"SOC_CLND060";"Frutos de cáscara";"Comunidad Autónoma de Castilla y León";"1351.59";"€/ha"
"SOC_CLND060";"Frutos de cáscara";"Comunidad Autónoma de Castilla-La Mancha";"793.71";"€/ha"
"SOC_CLND060";"Frutos de cáscara";"Comunidad Autónoma de Cataluña";"774.27";"€/ha"
"SOC_CLND060";"Frutos de cáscara";"Comunidad Valenciana";"466.82";"€/ha"
"SOC_CLND060";"Frutos de cáscara";"Comunidad Autónoma de Extremadura";"1734.43";"€/ha"
"SOC_CLND060";"Frutos de cáscara";"Comunidad Autónoma de Galicia";"4758.68";"€/ha"
"SOC_CLND060";"Frutos de cáscara";"Comunidad de Madrid";"1029.61";"€/ha"
"SOC_CLND060";"Frutos de cáscara";"Región de Murcia";"502.87";"€/ha"
"SOC_CLND060";"Frutos de cáscara";"Comunidad Foral de Navarra";"1035.61";"€/ha"
"SOC_CLND060";"Frutos de cáscara";"Comunidad Autónoma del País Vasco";"3455.09";"€/ha"
"SOC_CLND060";"Frutos de cáscara";"Comunidad Autónoma de La Rioja";"631.58";"€/ha"
"SOC_CLND061";"Cítricos";"Comunidad Autónoma de Andalucía";"7606.56";"€/ha"
"SOC_CLND061";"Cítricos";"Comunidad Autónoma de Aragón";"7040.79";"€/ha"
"SOC_CLND061";"Cítricos";"Principado de Asturias";"7040.79";"€/ha"
"SOC_CLND061";"Cítricos";"Comunidad Autónoma de Illes Balears";"2952.69";"€/ha"
"SOC_CLND061";"Cítricos";"Comunidad Autónoma de Canarias";"4266.26";"€/ha"
"SOC_CLND061";"Cítricos";"Comunidad Autónoma de Cantabria";"3346.62";"€/ha"
"SOC_CLND061";"Cítricos";"Comunidad Autónoma de Castilla y León";"7040.79";"€/ha"
"SOC_CLND061";"Cítricos";"Comunidad Autónoma de Castilla-La Mancha";"7040.79";"€/ha"
"SOC_CLND061";"Cítricos";"Comunidad Autónoma de Cataluña";"4535.93";"€/ha"
"SOC_CLND061";"Cítricos";"Comunidad Valenciana";"6405.11";"€/ha"
"SOC_CLND061";"Cítricos";"Comunidad Autónoma de Extremadura";"4864.95";"€/ha"
"SOC_CLND061";"Cítricos";"Comunidad Autónoma de Galicia";"8436.88";"€/ha"
"SOC_CLND061";"Cítricos";"Comunidad de Madrid";"7040.79";"€/ha"
"SOC_CLND061";"Cítricos";"Región de Murcia";"9453.41";"€/ha"
"SOC_CLND061";"Cítricos";"Comunidad Foral de Navarra";"7040.79";"€/ha"
"SOC_CLND061";"Cítricos";"Comunidad Autónoma del País Vasco";"799.76";"€/ha"
"SOC_CLND061";"Cítricos";"Comunidad Autónoma de La Rioja";"7040.79";"€/ha"
"SOC_CLND062";"Uvas";"Comunidad Autónoma de Andalucía";"2848.86";"€/ha"
"SOC_CLND062";"Uvas";"Comunidad Autónoma de Aragón";"2131.76";"€/ha"
"SOC_CLND062";"Uvas";"Principado de Asturias";"2256.85";"€/ha"
"SOC_CLND062";"Uvas";"Comunidad Autónoma de Illes Balears";"2324.38";"€/ha"
"SOC_CLND062";"Uvas";"Comunidad Autónoma de Canarias";"6962.29";"€/ha"
"SOC_CLND062";"Uvas";"Comunidad Autónoma de Cantabria";"2256.85";"€/ha"
"SOC_CLND062";"Uvas";"Comunidad Autónoma de Castilla y León";"2035.48";"€/ha"
"SOC_CLND062";"Uvas";"Comunidad Autónoma de Castilla-La Mancha";"2104.12";"€/ha"
"SOC_CLND062";"Uvas";"Comunidad Autónoma de Cataluña";"2898.44";"€/ha"
"SOC_CLND062";"Uvas";"Comunidad Valenciana";"2758.76";"€/ha"
"SOC_CLND062";"Uvas";"Comunidad Autónoma de Extremadura";"1352.78";"€/ha"
"SOC_CLND062";"Uvas";"Comunidad Autónoma de Galicia";"6250.93";"€/ha"
"SOC_CLND062";"Uvas";"Comunidad de Madrid";"1454.33";"€/ha"
"SOC_CLND062";"Uvas";"Región de Murcia";"6500.98";"€/ha"
"SOC_CLND062";"Uvas";"Comunidad Foral de Navarra";"2447.42";"€/ha"
"SOC_CLND062";"Uvas";"Comunidad Autónoma del País Vasco";"3744.06";"€/ha"
"SOC_CLND062";"Uvas";"Comunidad Autónoma de La Rioja";"2944.23";"€/ha"
"SOC_CLND063";"Uvas de vinificación";"Comunidad Autónoma de Andalucía";"2792.63";"€/ha"
"SOC_CLND063";"Uvas de vinificación";"Comunidad Autónoma de Aragón";"2063.23";"€/ha"
"SOC_CLND063";"Uvas de vinificación";"Principado de Asturias";"2256.85";"€/ha"
"SOC_CLND063";"Uvas de vinificación";"Comunidad Autónoma de Illes Balears";"2256.85";"€/ha"
"SOC_CLND063";"Uvas de vinificación";"Comunidad Autónoma de Canarias";"6853.11";"€/ha"
"SOC_CLND063";"Uvas de vinificación";"Comunidad Autónoma de Cantabria";"2256.85";"€/ha"
"SOC_CLND063";"Uvas de vinificación";"Comunidad Autónoma de Castilla y León";"2034.07";"€/ha"
"SOC_CLND063";"Uvas de vinificación";"Comunidad Autónoma de Castilla-La Mancha";"2098.67";"€/ha"
"SOC_CLND063";"Uvas de vinificación";"Comunidad Autónoma de Cataluña";"2894.55";"€/ha"
"SOC_CLND063";"Uvas de vinificación";"Comunidad Valenciana";"1957.76";"€/ha"
"SOC_CLND063";"Uvas de vinificación";"Comunidad Autónoma de Extremadura";"1334.85";"€/ha"
"SOC_CLND063";"Uvas de vinificación";"Comunidad Autónoma de Galicia";"6250.93";"€/ha"
"SOC_CLND063";"Uvas de vinificación";"Comunidad de Madrid";"1403.38";"€/ha"
"SOC_CLND063";"Uvas de vinificación";"Región de Murcia";"2002.14";"€/ha"
"SOC_CLND063";"Uvas de vinificación";"Comunidad Foral de Navarra";"2447.42";"€/ha"
"SOC_CLND063";"Uvas de vinificación";"Comunidad Autónoma del País Vasco";"3744.06";"€/ha"
"SOC_CLND063";"Uvas de vinificación";"Comunidad Autónoma de La Rioja";"2942.76";"€/ha"
"SOC_CLND064";"Uvas de vinificación para vinos con denominación de origen protegida (DOP)";"Comunidad Autónoma de Andalucía";"2895.84";"€/ha"
"SOC_CLND064";"Uvas de vinificación para vinos con denominación de origen protegida (DOP)";"Comunidad Autónoma de Aragón";"2347.72";"€/ha"
"SOC_CLND064";"Uvas de vinificación para vinos con denominación de origen protegida (DOP)";"Principado de Asturias";"2915.66";"€/ha"
"SOC_CLND064";"Uvas de vinificación para vinos con denominación de origen protegida (DOP)";"Comunidad Autónoma de Illes Balears";"2915.66";"€/ha"
"SOC_CLND064";"Uvas de vinificación para vinos con denominación de origen protegida (DOP)";"Comunidad Autónoma de Canarias";"21460.21";"€/ha"
"SOC_CLND064";"Uvas de vinificación para vinos con denominación de origen protegida (DOP)";"Comunidad Autónoma de Cantabria";"2915.66";"€/ha"
"SOC_CLND064";"Uvas de vinificación para vinos con denominación de origen protegida (DOP)";"Comunidad Autónoma de Castilla y León";"2793.1";"€/ha"
"SOC_CLND064";"Uvas de vinificación para vinos con denominación de origen protegida (DOP)";"Comunidad Autónoma de Castilla-La Mancha";"2335.09";"€/ha"
"SOC_CLND064";"Uvas de vinificación para vinos con denominación de origen protegida (DOP)";"Comunidad Autónoma de Cataluña";"3126.66";"€/ha"
"SOC_CLND064";"Uvas de vinificación para vinos con denominación de origen protegida (DOP)";"Comunidad Valenciana";"2038.34";"€/ha"
"SOC_CLND064";"Uvas de vinificación para vinos con denominación de origen protegida (DOP)";"Comunidad Autónoma de Extremadura";"1277.55";"€/ha"
"SOC_CLND064";"Uvas de vinificación para vinos con denominación de origen protegida (DOP)";"Comunidad Autónoma de Galicia";"14631.65";"€/ha"
"SOC_CLND064";"Uvas de vinificación para vinos con denominación de origen protegida (DOP)";"Comunidad de Madrid";"1393.32";"€/ha"
"SOC_CLND064";"Uvas de vinificación para vinos con denominación de origen protegida (DOP)";"Región de Murcia";"1912.92";"€/ha"
"SOC_CLND064";"Uvas de vinificación para vinos con denominación de origen protegida (DOP)";"Comunidad Foral de Navarra";"3474.68";"€/ha"
"SOC_CLND064";"Uvas de vinificación para vinos con denominación de origen protegida (DOP)";"Comunidad Autónoma del País Vasco";"6691.07";"€/ha"
"SOC_CLND064";"Uvas de vinificación para vinos con denominación de origen protegida (DOP)";"Comunidad Autónoma de La Rioja";"4927.67";"€/ha"
"SOC_CLND065";"Uvas de vinificación para vinos con indicación geográfica protegida (IGP)";"Comunidad Autónoma de Andalucía";"1853.62";"€/ha"
"SOC_CLND065";"Uvas de vinificación para vinos con indicación geográfica protegida (IGP)";"Comunidad Autónoma de Aragón";"1853.62";"€/ha"
"SOC_CLND065";"Uvas de vinificación para vinos con indicación geográfica protegida (IGP)";"Principado de Asturias";"1853.62";"€/ha"
"SOC_CLND065";"Uvas de vinificación para vinos con indicación geográfica protegida (IGP)";"Comunidad Autónoma de Illes Balears";"1853.62";"€/ha"
"SOC_CLND065";"Uvas de vinificación para vinos con indicación geográfica protegida (IGP)";"Comunidad Autónoma de Canarias";"1853.62";"€/ha"
"SOC_CLND065";"Uvas de vinificación para vinos con indicación geográfica protegida (IGP)";"Comunidad Autónoma de Cantabria";"1853.62";"€/ha"
"SOC_CLND065";"Uvas de vinificación para vinos con indicación geográfica protegida (IGP)";"Comunidad Autónoma de Castilla y León";"1853.62";"€/ha"
"SOC_CLND065";"Uvas de vinificación para vinos con indicación geográfica protegida (IGP)";"Comunidad Autónoma de Castilla-La Mancha";"1853.62";"€/ha"
"SOC_CLND065";"Uvas de vinificación para vinos con indicación geográfica protegida (IGP)";"Comunidad Autónoma de Cataluña";"1853.62";"€/ha"
"SOC_CLND065";"Uvas de vinificación para vinos con indicación geográfica protegida (IGP)";"Comunidad Valenciana";"1853.62";"€/ha"
"SOC_CLND065";"Uvas de vinificación para vinos con indicación geográfica protegida (IGP)";"Comunidad Autónoma de Extremadura";"1853.62";"€/ha"
"SOC_CLND065";"Uvas de vinificación para vinos con indicación geográfica protegida (IGP)";"Comunidad Autónoma de Galicia";"1853.62";"€/ha"
"SOC_CLND065";"Uvas de vinificación para vinos con indicación geográfica protegida (IGP)";"Comunidad de Madrid";"1853.62";"€/ha"
"SOC_CLND065";"Uvas de vinificación para vinos con indicación geográfica protegida (IGP)";"Región de Murcia";"1853.62";"€/ha"
"SOC_CLND065";"Uvas de vinificación para vinos con indicación geográfica protegida (IGP)";"Comunidad Foral de Navarra";"1853.62";"€/ha"
"SOC_CLND065";"Uvas de vinificación para vinos con indicación geográfica protegida (IGP)";"Comunidad Autónoma del País Vasco";"1853.62";"€/ha"
"SOC_CLND065";"Uvas de vinificación para vinos con indicación geográfica protegida (IGP)";"Comunidad Autónoma de La Rioja";"1853.62";"€/ha"
"SOC_CLND066";"Uvas de vinificación para otros vinos n.c.o.p. (sin DOP/IGP)";"Comunidad Autónoma de Andalucía";"2860.8";"€/ha"
"SOC_CLND066";"Uvas de vinificación para otros vinos n.c.o.p. (sin DOP/IGP)";"Comunidad Autónoma de Aragón";"1924.65";"€/ha"
"SOC_CLND066";"Uvas de vinificación para otros vinos n.c.o.p. (sin DOP/IGP)";"Principado de Asturias";"1924.65";"€/ha"
"SOC_CLND066";"Uvas de vinificación para otros vinos n.c.o.p. (sin DOP/IGP)";"Comunidad Autónoma de Illes Balears";"1924.65";"€/ha"
"SOC_CLND066";"Uvas de vinificación para otros vinos n.c.o.p. (sin DOP/IGP)";"Comunidad Autónoma de Canarias";"1924.65";"€/ha"
"SOC_CLND066";"Uvas de vinificación para otros vinos n.c.o.p. (sin DOP/IGP)";"Comunidad Autónoma de Cantabria";"1924.65";"€/ha"
"SOC_CLND066";"Uvas de vinificación para otros vinos n.c.o.p. (sin DOP/IGP)";"Comunidad Autónoma de Castilla y León";"1612.35";"€/ha"
"SOC_CLND066";"Uvas de vinificación para otros vinos n.c.o.p. (sin DOP/IGP)";"Comunidad Autónoma de Castilla-La Mancha";"1993.23";"€/ha"
"SOC_CLND066";"Uvas de vinificación para otros vinos n.c.o.p. (sin DOP/IGP)";"Comunidad Autónoma de Cataluña";"2900.89";"€/ha"
"SOC_CLND066";"Uvas de vinificación para otros vinos n.c.o.p. (sin DOP/IGP)";"Comunidad Valenciana";"1924.65";"€/ha"
"SOC_CLND066";"Uvas de vinificación para otros vinos n.c.o.p. (sin DOP/IGP)";"Comunidad Autónoma de Extremadura";"1297.35";"€/ha"
"SOC_CLND066";"Uvas de vinificación para otros vinos n.c.o.p. (sin DOP/IGP)";"Comunidad Autónoma de Galicia";"1924.65";"€/ha"
"SOC_CLND066";"Uvas de vinificación para otros vinos n.c.o.p. (sin DOP/IGP)";"Comunidad de Madrid";"1347.49";"€/ha"
"SOC_CLND066";"Uvas de vinificación para otros vinos n.c.o.p. (sin DOP/IGP)";"Región de Murcia";"2075";"€/ha"
"SOC_CLND066";"Uvas de vinificación para otros vinos n.c.o.p. (sin DOP/IGP)";"Comunidad Foral de Navarra";"1924.65";"€/ha"
"SOC_CLND066";"Uvas de vinificación para otros vinos n.c.o.p. (sin DOP/IGP)";"Comunidad Autónoma del País Vasco";"1924.65";"€/ha"
"SOC_CLND066";"Uvas de vinificación para otros vinos n.c.o.p. (sin DOP/IGP)";"Comunidad Autónoma de La Rioja";"1924.65";"€/ha"
"SOC_CLND067";"Uvas de mesa";"Comunidad Autónoma de Andalucía";"5124.89";"€/ha"
"SOC_CLND067";"Uvas de mesa";"Comunidad Autónoma de Aragón";"14809.74";"€/ha"
"SOC_CLND067";"Uvas de mesa";"Principado de Asturias";"14809.74";"€/ha"
"SOC_CLND067";"Uvas de mesa";"Comunidad Autónoma de Illes Balears";"5286.84";"€/ha"
"SOC_CLND067";"Uvas de mesa";"Comunidad Autónoma de Canarias";"14809.74";"€/ha"
"SOC_CLND067";"Uvas de mesa";"Comunidad Autónoma de Cantabria";"14809.74";"€/ha"
"SOC_CLND067";"Uvas de mesa";"Comunidad Autónoma de Castilla y León";"14809.74";"€/ha"
"SOC_CLND067";"Uvas de mesa";"Comunidad Autónoma de Castilla-La Mancha";"14809.74";"€/ha"
"SOC_CLND067";"Uvas de mesa";"Comunidad Autónoma de Cataluña";"13534.81";"€/ha"
"SOC_CLND067";"Uvas de mesa";"Comunidad Valenciana";"11447.19";"€/ha"
"SOC_CLND067";"Uvas de mesa";"Comunidad Autónoma de Extremadura";"6449.05";"€/ha"
"SOC_CLND067";"Uvas de mesa";"Comunidad Autónoma de Galicia";"14809.74";"€/ha"
"SOC_CLND067";"Uvas de mesa";"Comunidad de Madrid";"14809.74";"€/ha"
"SOC_CLND067";"Uvas de mesa";"Región de Murcia";"20901.64";"€/ha"
"SOC_CLND067";"Uvas de mesa";"Comunidad Foral de Navarra";"14809.74";"€/ha"
"SOC_CLND067";"Uvas de mesa";"Comunidad Autónoma del País Vasco";"14809.74";"€/ha"
"SOC_CLND067";"Uvas de mesa";"Comunidad Autónoma de La Rioja";"14809.74";"€/ha"
"SOC_CLND068";"Uvas para pasas";"Comunidad Autónoma de Andalucía";"1947";"€/ha"
"SOC_CLND068";"Uvas para pasas";"Comunidad Autónoma de Aragón";"2155.92";"€/ha"
"SOC_CLND068";"Uvas para pasas";"Principado de Asturias";"2155.92";"€/ha"
"SOC_CLND068";"Uvas para pasas";"Comunidad Autónoma de Illes Balears";"2155.92";"€/ha"
"SOC_CLND068";"Uvas para pasas";"Comunidad Autónoma de Canarias";"2155.92";"€/ha"
"SOC_CLND068";"Uvas para pasas";"Comunidad Autónoma de Cantabria";"2155.92";"€/ha"
"SOC_CLND068";"Uvas para pasas";"Comunidad Autónoma de Castilla y León";"2155.92";"€/ha"
"SOC_CLND068";"Uvas para pasas";"Comunidad Autónoma de Castilla-La Mancha";"2155.92";"€/ha"
"SOC_CLND068";"Uvas para pasas";"Comunidad Autónoma de Cataluña";"2155.92";"€/ha"
"SOC_CLND068";"Uvas para pasas";"Comunidad Valenciana";"2155.92";"€/ha"
"SOC_CLND068";"Uvas para pasas";"Comunidad Autónoma de Extremadura";"2155.92";"€/ha"
"SOC_CLND068";"Uvas para pasas";"Comunidad Autónoma de Galicia";"2155.92";"€/ha"
"SOC_CLND068";"Uvas para pasas";"Comunidad de Madrid";"2155.92";"€/ha"
"SOC_CLND068";"Uvas para pasas";"Región de Murcia";"2155.92";"€/ha"
"SOC_CLND068";"Uvas para pasas";"Comunidad Foral de Navarra";"2155.92";"€/ha"
"SOC_CLND068";"Uvas para pasas";"Comunidad Autónoma del País Vasco";"2155.92";"€/ha"
"SOC_CLND068";"Uvas para pasas";"Comunidad Autónoma de La Rioja";"2155.92";"€/ha"
"SOC_CLND069";"Aceitunas";"Comunidad Autónoma de Andalucía";"999.61";"€/ha"
"SOC_CLND069";"Aceitunas";"Comunidad Autónoma de Aragón";"1378.32";"€/ha"
"SOC_CLND069";"Aceitunas";"Principado de Asturias";"1466.97";"€/ha"
"SOC_CLND069";"Aceitunas";"Comunidad Autónoma de Illes Balears";"493.21";"€/ha"
"SOC_CLND069";"Aceitunas";"Comunidad Autónoma de Canarias";"1927.36";"€/ha"
"SOC_CLND069";"Aceitunas";"Comunidad Autónoma de Cantabria";"1499";"€/ha"
"SOC_CLND069";"Aceitunas";"Comunidad Autónoma de Castilla y León";"299.39";"€/ha"
"SOC_CLND069";"Aceitunas";"Comunidad Autónoma de Castilla-La Mancha";"411.76";"€/ha"
"SOC_CLND069";"Aceitunas";"Comunidad Autónoma de Cataluña";"591.32";"€/ha"
"SOC_CLND069";"Aceitunas";"Comunidad Valenciana";"792.78";"€/ha"
"SOC_CLND069";"Aceitunas";"Comunidad Autónoma de Extremadura";"1446.41";"€/ha"
"SOC_CLND069";"Aceitunas";"Comunidad Autónoma de Galicia";"1498.64";"€/ha"
"SOC_CLND069";"Aceitunas";"Comunidad de Madrid";"576.79";"€/ha"
"SOC_CLND069";"Aceitunas";"Región de Murcia";"554.29";"€/ha"
"SOC_CLND069";"Aceitunas";"Comunidad Foral de Navarra";"529.6";"€/ha"
"SOC_CLND069";"Aceitunas";"Comunidad Autónoma del País Vasco";"1499";"€/ha"
"SOC_CLND069";"Aceitunas";"Comunidad Autónoma de La Rioja";"1631.54";"€/ha"
"SOC_CLND069A";"Que producen normalmente aceitunas de mesa";"Comunidad Autónoma de Andalucía";"2585.52";"€/ha"
"SOC_CLND069A";"Que producen normalmente aceitunas de mesa";"Comunidad Autónoma de Aragón";"1975.62";"€/ha"
"SOC_CLND069A";"Que producen normalmente aceitunas de mesa";"Principado de Asturias";"1975.62";"€/ha"
"SOC_CLND069A";"Que producen normalmente aceitunas de mesa";"Comunidad Autónoma de Illes Balears";"939.02";"€/ha"
"SOC_CLND069A";"Que producen normalmente aceitunas de mesa";"Comunidad Autónoma de Canarias";"2440.68";"€/ha"
"SOC_CLND069A";"Que producen normalmente aceitunas de mesa";"Comunidad Autónoma de Cantabria";"1975.62";"€/ha"
"SOC_CLND069A";"Que producen normalmente aceitunas de mesa";"Comunidad Autónoma de Castilla y León";"588.44";"€/ha"
"SOC_CLND069A";"Que producen normalmente aceitunas de mesa";"Comunidad Autónoma de Castilla-La Mancha";"1634.45";"€/ha"
"SOC_CLND069A";"Que producen normalmente aceitunas de mesa";"Comunidad Autónoma de Cataluña";"1564.36";"€/ha"
"SOC_CLND069A";"Que producen normalmente aceitunas de mesa";"Comunidad Valenciana";"1301.28";"€/ha"
"SOC_CLND069A";"Que producen normalmente aceitunas de mesa";"Comunidad Autónoma de Extremadura";"1138.89";"€/ha"
"SOC_CLND069A";"Que producen normalmente aceitunas de mesa";"Comunidad Autónoma de Galicia";"1975.62";"€/ha"
"SOC_CLND069A";"Que producen normalmente aceitunas de mesa";"Comunidad de Madrid";"853.7";"€/ha"
"SOC_CLND069A";"Que producen normalmente aceitunas de mesa";"Región de Murcia";"3022.66";"€/ha"
"SOC_CLND069A";"Que producen normalmente aceitunas de mesa";"Comunidad Foral de Navarra";"1975.62";"€/ha"
"SOC_CLND069A";"Que producen normalmente aceitunas de mesa";"Comunidad Autónoma del País Vasco";"1975.62";"€/ha"
"SOC_CLND069A";"Que producen normalmente aceitunas de mesa";"Comunidad Autónoma de La Rioja";"1975.62";"€/ha"
"SOC_CLND069B";"Que producen normalmente aceitunas de almazara";"Comunidad Autónoma de Andalucía";"1888.86";"€/ha"
"SOC_CLND069B";"Que producen normalmente aceitunas de almazara";"Comunidad Autónoma de Aragón";"591.32";"€/ha"
"SOC_CLND069B";"Que producen normalmente aceitunas de almazara";"Principado de Asturias";"1466.97";"€/ha"
"SOC_CLND069B";"Que producen normalmente aceitunas de almazara";"Comunidad Autónoma de Illes Balears";"291.18";"€/ha"
"SOC_CLND069B";"Que producen normalmente aceitunas de almazara";"Comunidad Autónoma de Canarias";"1648.06";"€/ha"
"SOC_CLND069B";"Que producen normalmente aceitunas de almazara";"Comunidad Autónoma de Cantabria";"1466.97";"€/ha"
"SOC_CLND069B";"Que producen normalmente aceitunas de almazara";"Comunidad Autónoma de Castilla y León";"575.94";"€/ha"
"SOC_CLND069B";"Que producen normalmente aceitunas de almazara";"Comunidad Autónoma de Castilla-La Mancha";"792.31";"€/ha"
"SOC_CLND069B";"Que producen normalmente aceitunas de almazara";"Comunidad Autónoma de Cataluña";"489.24";"€/ha"
"SOC_CLND069B";"Que producen normalmente aceitunas de almazara";"Comunidad Valenciana";"550.65";"€/ha"
"SOC_CLND069B";"Que producen normalmente aceitunas de almazara";"Comunidad Autónoma de Extremadura";"950.48";"€/ha"
"SOC_CLND069B";"Que producen normalmente aceitunas de almazara";"Comunidad Autónoma de Galicia";"1466.97";"€/ha"
"SOC_CLND069B";"Que producen normalmente aceitunas de almazara";"Comunidad de Madrid";"409.96";"€/ha"
"SOC_CLND069B";"Que producen normalmente aceitunas de almazara";"Región de Murcia";"1382.57";"€/ha"
"SOC_CLND069B";"Que producen normalmente aceitunas de almazara";"Comunidad Foral de Navarra";"1631.54";"€/ha"
"SOC_CLND069B";"Que producen normalmente aceitunas de almazara";"Comunidad Autónoma del País Vasco";"529.6";"€/ha"
"SOC_CLND069B";"Que producen normalmente aceitunas de almazara";"Comunidad Autónoma de La Rioja";"1378.32";"€/ha"
"SOC_CLND070";"Viveros";"Comunidad Autónoma de Andalucía";"56978.52";"€/ha"
"SOC_CLND070";"Viveros";"Comunidad Autónoma de Aragón";"56978.52";"€/ha"
"SOC_CLND070";"Viveros";"Principado de Asturias";"56978.52";"€/ha"
"SOC_CLND070";"Viveros";"Comunidad Autónoma de Illes Balears";"56978.52";"€/ha"
"SOC_CLND070";"Viveros";"Comunidad Autónoma de Canarias";"56978.52";"€/ha"
"SOC_CLND070";"Viveros";"Comunidad Autónoma de Cantabria";"56978.52";"€/ha"
"SOC_CLND070";"Viveros";"Comunidad Autónoma de Castilla y León";"56978.52";"€/ha"
"SOC_CLND070";"Viveros";"Comunidad Autónoma de Castilla-La Mancha";"56978.52";"€/ha"
"SOC_CLND070";"Viveros";"Comunidad Autónoma de Cataluña";"56978.52";"€/ha"
"SOC_CLND070";"Viveros";"Comunidad Valenciana";"56978.52";"€/ha"
"SOC_CLND070";"Viveros";"Comunidad Autónoma de Extremadura";"56978.52";"€/ha"
"SOC_CLND070";"Viveros";"Comunidad Autónoma de Galicia";"56978.52";"€/ha"
"SOC_CLND070";"Viveros";"Comunidad de Madrid";"56978.52";"€/ha"
"SOC_CLND070";"Viveros";"Región de Murcia";"56978.52";"€/ha"
"SOC_CLND070";"Viveros";"Comunidad Foral de Navarra";"56978.52";"€/ha"
"SOC_CLND070";"Viveros";"Comunidad Autónoma del País Vasco";"56978.52";"€/ha"
"SOC_CLND070";"Viveros";"Comunidad Autónoma de La Rioja";"56978.52";"€/ha"
"SOC_CLND071";"Otros cultivos permanentes";"Comunidad Autónoma de Andalucía";"2140.57";"€/ha"
"SOC_CLND071";"Otros cultivos permanentes";"Comunidad Autónoma de Aragón";"945.88";"€/ha"
"SOC_CLND071";"Otros cultivos permanentes";"Principado de Asturias";"945.88";"€/ha"
"SOC_CLND071";"Otros cultivos permanentes";"Comunidad Autónoma de Illes Balears";"1049.37";"€/ha"
"SOC_CLND071";"Otros cultivos permanentes";"Comunidad Autónoma de Canarias";"945.88";"€/ha"
"SOC_CLND071";"Otros cultivos permanentes";"Comunidad Autónoma de Cantabria";"945.88";"€/ha"
"SOC_CLND071";"Otros cultivos permanentes";"Comunidad Autónoma de Castilla y León";"3461.45";"€/ha"
"SOC_CLND071";"Otros cultivos permanentes";"Comunidad Autónoma de Castilla-La Mancha";"7578.85";"€/ha"
"SOC_CLND071";"Otros cultivos permanentes";"Comunidad Autónoma de Cataluña";"1334.08";"€/ha"
"SOC_CLND071";"Otros cultivos permanentes";"Comunidad Valenciana";"583.15";"€/ha"
"SOC_CLND071";"Otros cultivos permanentes";"Comunidad Autónoma de Extremadura";"390.92";"€/ha"
"SOC_CLND071";"Otros cultivos permanentes";"Comunidad Autónoma de Galicia";"945.88";"€/ha"
"SOC_CLND071";"Otros cultivos permanentes";"Comunidad de Madrid";"945.88";"€/ha"
"SOC_CLND071";"Otros cultivos permanentes";"Región de Murcia";"791.03";"€/ha"
"SOC_CLND071";"Otros cultivos permanentes";"Comunidad Foral de Navarra";"945.88";"€/ha"
"SOC_CLND071";"Otros cultivos permanentes";"Comunidad Autónoma del País Vasco";"945.88";"€/ha"
"SOC_CLND071";"Otros cultivos permanentes";"Comunidad Autónoma de La Rioja";"945.88";"€/ha"
"SOC_CLND072";"Árboles de Navidad";"Comunidad Autónoma de Andalucía";"0";"€/ha"
"SOC_CLND072";"Árboles de Navidad";"Comunidad Autónoma de Aragón";"0";"€/ha"
"SOC_CLND072";"Árboles de Navidad";"Principado de Asturias";"0";"€/ha"
"SOC_CLND072";"Árboles de Navidad";"Comunidad Autónoma de Illes Balears";"0";"€/ha"
"SOC_CLND072";"Árboles de Navidad";"Comunidad Autónoma de Canarias";"0";"€/ha"
"SOC_CLND072";"Árboles de Navidad";"Comunidad Autónoma de Cantabria";"0";"€/ha"
"SOC_CLND072";"Árboles de Navidad";"Comunidad Autónoma de Castilla y León";"0";"€/ha"
"SOC_CLND072";"Árboles de Navidad";"Comunidad Autónoma de Castilla-La Mancha";"0";"€/ha"
"SOC_CLND072";"Árboles de Navidad";"Comunidad Autónoma de Cataluña";"0";"€/ha"
"SOC_CLND072";"Árboles de Navidad";"Comunidad Valenciana";"0";"€/ha"
"SOC_CLND072";"Árboles de Navidad";"Comunidad Autónoma de Extremadura";"0";"€/ha"
"SOC_CLND072";"Árboles de Navidad";"Comunidad Autónoma de Galicia";"0";"€/ha"
"SOC_CLND072";"Árboles de Navidad";"Comunidad de Madrid";"0";"€/ha"
"SOC_CLND072";"Árboles de Navidad";"Región de Murcia";"0";"€/ha"
"SOC_CLND072";"Árboles de Navidad";"Comunidad Foral de Navarra";"0";"€/ha"
"SOC_CLND072";"Árboles de Navidad";"Comunidad Autónoma del País Vasco";"0";"€/ha"
"SOC_CLND072";"Árboles de Navidad";"Comunidad Autónoma de La Rioja";"0";"€/ha"
"SOC_CLND073_085";"Huertos familiares y otras SAU en invernadero o bajo cubierta alta accesible n.c.o.p";"Comunidad Autónoma de Andalucía";"0";"€/ha"
"SOC_CLND073_085";"Huertos familiares y otras SAU en invernadero o bajo cubierta alta accesible n.c.o.p";"Comunidad Autónoma de Aragón";"0";"€/ha"
"SOC_CLND073_085";"Huertos familiares y otras SAU en invernadero o bajo cubierta alta accesible n.c.o.p";"Principado de Asturias";"0";"€/ha"
"SOC_CLND073_085";"Huertos familiares y otras SAU en invernadero o bajo cubierta alta accesible n.c.o.p";"Comunidad Autónoma de Illes Balears";"0";"€/ha"
"SOC_CLND073_085";"Huertos familiares y otras SAU en invernadero o bajo cubierta alta accesible n.c.o.p";"Comunidad Autónoma de Canarias";"0";"€/ha"
"SOC_CLND073_085";"Huertos familiares y otras SAU en invernadero o bajo cubierta alta accesible n.c.o.p";"Comunidad Autónoma de Cantabria";"0";"€/ha"
"SOC_CLND073_085";"Huertos familiares y otras SAU en invernadero o bajo cubierta alta accesible n.c.o.p";"Comunidad Autónoma de Castilla y León";"0";"€/ha"
"SOC_CLND073_085";"Huertos familiares y otras SAU en invernadero o bajo cubierta alta accesible n.c.o.p";"Comunidad Autónoma de Castilla-La Mancha";"0";"€/ha"
"SOC_CLND073_085";"Huertos familiares y otras SAU en invernadero o bajo cubierta alta accesible n.c.o.p";"Comunidad Autónoma de Cataluña";"0";"€/ha"
"SOC_CLND073_085";"Huertos familiares y otras SAU en invernadero o bajo cubierta alta accesible n.c.o.p";"Comunidad Valenciana";"0";"€/ha"
"SOC_CLND073_085";"Huertos familiares y otras SAU en invernadero o bajo cubierta alta accesible n.c.o.p";"Comunidad Autónoma de Extremadura";"0";"€/ha"
"SOC_CLND073_085";"Huertos familiares y otras SAU en invernadero o bajo cubierta alta accesible n.c.o.p";"Comunidad Autónoma de Galicia";"0";"€/ha"
"SOC_CLND073_085";"Huertos familiares y otras SAU en invernadero o bajo cubierta alta accesible n.c.o.p";"Comunidad de Madrid";"0";"€/ha"
"SOC_CLND073_085";"Huertos familiares y otras SAU en invernadero o bajo cubierta alta accesible n.c.o.p";"Región de Murcia";"0";"€/ha"
"SOC_CLND073_085";"Huertos familiares y otras SAU en invernadero o bajo cubierta alta accesible n.c.o.p";"Comunidad Foral de Navarra";"0";"€/ha"
"SOC_CLND073_085";"Huertos familiares y otras SAU en invernadero o bajo cubierta alta accesible n.c.o.p";"Comunidad Autónoma del País Vasco";"0";"€/ha"
"SOC_CLND073_085";"Huertos familiares y otras SAU en invernadero o bajo cubierta alta accesible n.c.o.p";"Comunidad Autónoma de La Rioja";"0";"€/ha"
"SOC_CLND079";"Setas cultivadas";"Comunidad Autónoma de Andalucía";"1270086";"€/ha"
"SOC_CLND079";"Setas cultivadas";"Comunidad Autónoma de Aragón";"1685391";"€/ha"
"SOC_CLND079";"Setas cultivadas";"Principado de Asturias";"1704177";"€/ha"
"SOC_CLND079";"Setas cultivadas";"Comunidad Autónoma de Illes Balears";"1218977";"€/ha"
"SOC_CLND079";"Setas cultivadas";"Comunidad Autónoma de Canarias";"470154";"€/ha"
"SOC_CLND079";"Setas cultivadas";"Comunidad Autónoma de Cantabria";"1704177";"€/ha"
"SOC_CLND079";"Setas cultivadas";"Comunidad Autónoma de Castilla y León";"1755210";"€/ha"
"SOC_CLND079";"Setas cultivadas";"Comunidad Autónoma de Castilla-La Mancha";"2153355";"€/ha"
"SOC_CLND079";"Setas cultivadas";"Comunidad Autónoma de Cataluña";"2114877";"€/ha"
"SOC_CLND079";"Setas cultivadas";"Comunidad Valenciana";"503736";"€/ha"
"SOC_CLND079";"Setas cultivadas";"Comunidad Autónoma de Extremadura";"1704177";"€/ha"
"SOC_CLND079";"Setas cultivadas";"Comunidad Autónoma de Galicia";"1704177";"€/ha"
"SOC_CLND079";"Setas cultivadas";"Comunidad de Madrid";"1704177";"€/ha"
"SOC_CLND079";"Setas cultivadas";"Región de Murcia";"1704177";"€/ha"
"SOC_CLND079";"Setas cultivadas";"Comunidad Foral de Navarra";"1420848";"€/ha"
"SOC_CLND079";"Setas cultivadas";"Comunidad Autónoma del País Vasco";"1704177";"€/ha"
"SOC_CLND079";"Setas cultivadas";"Comunidad Autónoma de La Rioja";"2179330";"€/ha"
"SOC_CLND081";"Hortalizas frescas (incluidos melones) y fresas cultivadas en invernadero o en abrigo alto accesible";"Comunidad Autónoma de Andalucía";"72754";"€/ha"
"SOC_CLND081";"Hortalizas frescas (incluidos melones) y fresas cultivadas en invernadero o en abrigo alto accesible";"Comunidad Autónoma de Aragón";"70332";"€/ha"
"SOC_CLND081";"Hortalizas frescas (incluidos melones) y fresas cultivadas en invernadero o en abrigo alto accesible";"Principado de Asturias";"70332";"€/ha"
"SOC_CLND081";"Hortalizas frescas (incluidos melones) y fresas cultivadas en invernadero o en abrigo alto accesible";"Comunidad Autónoma de Illes Balears";"36867";"€/ha"
"SOC_CLND081";"Hortalizas frescas (incluidos melones) y fresas cultivadas en invernadero o en abrigo alto accesible";"Comunidad Autónoma de Canarias";"55193";"€/ha"
"SOC_CLND081";"Hortalizas frescas (incluidos melones) y fresas cultivadas en invernadero o en abrigo alto accesible";"Comunidad Autónoma de Cantabria";"70332";"€/ha"
"SOC_CLND081";"Hortalizas frescas (incluidos melones) y fresas cultivadas en invernadero o en abrigo alto accesible";"Comunidad Autónoma de Castilla y León";"70332";"€/ha"
"SOC_CLND081";"Hortalizas frescas (incluidos melones) y fresas cultivadas en invernadero o en abrigo alto accesible";"Comunidad Autónoma de Castilla-La Mancha";"70332";"€/ha"
"SOC_CLND081";"Hortalizas frescas (incluidos melones) y fresas cultivadas en invernadero o en abrigo alto accesible";"Comunidad Autónoma de Cataluña";"60027";"€/ha"
"SOC_CLND081";"Hortalizas frescas (incluidos melones) y fresas cultivadas en invernadero o en abrigo alto accesible";"Comunidad Valenciana";"52964";"€/ha"
"SOC_CLND081";"Hortalizas frescas (incluidos melones) y fresas cultivadas en invernadero o en abrigo alto accesible";"Comunidad Autónoma de Extremadura";"70332";"€/ha"
"SOC_CLND081";"Hortalizas frescas (incluidos melones) y fresas cultivadas en invernadero o en abrigo alto accesible";"Comunidad Autónoma de Galicia";"69594";"€/ha"
"SOC_CLND081";"Hortalizas frescas (incluidos melones) y fresas cultivadas en invernadero o en abrigo alto accesible";"Comunidad de Madrid";"70332";"€/ha"
"SOC_CLND081";"Hortalizas frescas (incluidos melones) y fresas cultivadas en invernadero o en abrigo alto accesible";"Región de Murcia";"59547";"€/ha"
"SOC_CLND081";"Hortalizas frescas (incluidos melones) y fresas cultivadas en invernadero o en abrigo alto accesible";"Comunidad Foral de Navarra";"70332";"€/ha"
"SOC_CLND081";"Hortalizas frescas (incluidos melones) y fresas cultivadas en invernadero o en abrigo alto accesible";"Comunidad Autónoma del País Vasco";"173901";"€/ha"
"SOC_CLND081";"Hortalizas frescas (incluidos melones) y fresas cultivadas en invernadero o en abrigo alto accesible";"Comunidad Autónoma de La Rioja";"70332";"€/ha"
"SOC_CLND082";"Flores y plantas ornamentales (excepto viveros) cultivadas en invernadero o en abrigo alto accesible";"Comunidad Autónoma de Andalucía";"229998.55";"€/ha"
"SOC_CLND082";"Flores y plantas ornamentales (excepto viveros) cultivadas en invernadero o en abrigo alto accesible";"Comunidad Autónoma de Aragón";"171850.09";"€/ha"
"SOC_CLND082";"Flores y plantas ornamentales (excepto viveros) cultivadas en invernadero o en abrigo alto accesible";"Principado de Asturias";"104923.34";"€/ha"
"SOC_CLND082";"Flores y plantas ornamentales (excepto viveros) cultivadas en invernadero o en abrigo alto accesible";"Comunidad Autónoma de Illes Balears";"311171.59";"€/ha"
"SOC_CLND082";"Flores y plantas ornamentales (excepto viveros) cultivadas en invernadero o en abrigo alto accesible";"Comunidad Autónoma de Canarias";"100288.06";"€/ha"
"SOC_CLND082";"Flores y plantas ornamentales (excepto viveros) cultivadas en invernadero o en abrigo alto accesible";"Comunidad Autónoma de Cantabria";"237387.11";"€/ha"
"SOC_CLND082";"Flores y plantas ornamentales (excepto viveros) cultivadas en invernadero o en abrigo alto accesible";"Comunidad Autónoma de Castilla y León";"81973.37";"€/ha"
"SOC_CLND082";"Flores y plantas ornamentales (excepto viveros) cultivadas en invernadero o en abrigo alto accesible";"Comunidad Autónoma de Castilla-La Mancha";"171850.09";"€/ha"
"SOC_CLND082";"Flores y plantas ornamentales (excepto viveros) cultivadas en invernadero o en abrigo alto accesible";"Comunidad Autónoma de Cataluña";"243131.77";"€/ha"
"SOC_CLND082";"Flores y plantas ornamentales (excepto viveros) cultivadas en invernadero o en abrigo alto accesible";"Comunidad Valenciana";"155078.88";"€/ha"
"SOC_CLND082";"Flores y plantas ornamentales (excepto viveros) cultivadas en invernadero o en abrigo alto accesible";"Comunidad Autónoma de Extremadura";"57908.64";"€/ha"
"SOC_CLND082";"Flores y plantas ornamentales (excepto viveros) cultivadas en invernadero o en abrigo alto accesible";"Comunidad Autónoma de Galicia";"80171.86";"€/ha"
"SOC_CLND082";"Flores y plantas ornamentales (excepto viveros) cultivadas en invernadero o en abrigo alto accesible";"Comunidad de Madrid";"32368.19";"€/ha"
"SOC_CLND082";"Flores y plantas ornamentales (excepto viveros) cultivadas en invernadero o en abrigo alto accesible";"Región de Murcia";"144122.27";"€/ha"
"SOC_CLND082";"Flores y plantas ornamentales (excepto viveros) cultivadas en invernadero o en abrigo alto accesible";"Comunidad Foral de Navarra";"66911.31";"€/ha"
"SOC_CLND082";"Flores y plantas ornamentales (excepto viveros) cultivadas en invernadero o en abrigo alto accesible";"Comunidad Autónoma del País Vasco";"260063.19";"€/ha"
"SOC_CLND082";"Flores y plantas ornamentales (excepto viveros) cultivadas en invernadero o en abrigo alto accesible";"Comunidad Autónoma de La Rioja";"116704.99";"€/ha"
"SOC_CLND084";"Cultivos permanentes cultivados en invernadero o en abrigo alto accesible";"Comunidad Autónoma de Andalucía";"40876.91";"€/ha"
"SOC_CLND084";"Cultivos permanentes cultivados en invernadero o en abrigo alto accesible";"Comunidad Autónoma de Aragón";"40876.91";"€/ha"
"SOC_CLND084";"Cultivos permanentes cultivados en invernadero o en abrigo alto accesible";"Principado de Asturias";"40876.91";"€/ha"
"SOC_CLND084";"Cultivos permanentes cultivados en invernadero o en abrigo alto accesible";"Comunidad Autónoma de Illes Balears";"40876.91";"€/ha"
"SOC_CLND084";"Cultivos permanentes cultivados en invernadero o en abrigo alto accesible";"Comunidad Autónoma de Canarias";"40876.91";"€/ha"
"SOC_CLND084";"Cultivos permanentes cultivados en invernadero o en abrigo alto accesible";"Comunidad Autónoma de Cantabria";"40876.91";"€/ha"
"SOC_CLND084";"Cultivos permanentes cultivados en invernadero o en abrigo alto accesible";"Comunidad Autónoma de Castilla y León";"40876.91";"€/ha"
"SOC_CLND084";"Cultivos permanentes cultivados en invernadero o en abrigo alto accesible";"Comunidad Autónoma de Castilla-La Mancha";"40876.91";"€/ha"
"SOC_CLND084";"Cultivos permanentes cultivados en invernadero o en abrigo alto accesible";"Comunidad Autónoma de Cataluña";"40876.91";"€/ha"
"SOC_CLND084";"Cultivos permanentes cultivados en invernadero o en abrigo alto accesible";"Comunidad Valenciana";"40876.91";"€/ha"
"SOC_CLND084";"Cultivos permanentes cultivados en invernadero o en abrigo alto accesible";"Comunidad Autónoma de Extremadura";"40876.91";"€/ha"
"SOC_CLND084";"Cultivos permanentes cultivados en invernadero o en abrigo alto accesible";"Comunidad Autónoma de Galicia";"40876.91";"€/ha"
"SOC_CLND084";"Cultivos permanentes cultivados en invernadero o en abrigo alto accesible";"Comunidad de Madrid";"40876.91";"€/ha"
"SOC_CLND084";"Cultivos permanentes cultivados en invernadero o en abrigo alto accesible";"Región de Murcia";"40876.91";"€/ha"
"SOC_CLND084";"Cultivos permanentes cultivados en invernadero o en abrigo alto accesible";"Comunidad Foral de Navarra";"40876.91";"€/ha"
"SOC_CLND084";"Cultivos permanentes cultivados en invernadero o en abrigo alto accesible";"Comunidad Autónoma del País Vasco";"40876.91";"€/ha"
"SOC_CLND084";"Cultivos permanentes cultivados en invernadero o en abrigo alto accesible";"Comunidad Autónoma de La Rioja";"40876.91";"€/ha"
"SOC_CLVS001";"Bovinos de menos de un año";"Comunidad Autónoma de Andalucía";"943";"€/cabeza"
"SOC_CLVS001";"Bovinos de menos de un año";"Comunidad Autónoma de Aragón";"905";"€/cabeza"
"SOC_CLVS001";"Bovinos de menos de un año";"Principado de Asturias";"808";"€/cabeza"
"SOC_CLVS001";"Bovinos de menos de un año";"Comunidad Autónoma de Illes Balears";"905";"€/cabeza"
"SOC_CLVS001";"Bovinos de menos de un año";"Comunidad Autónoma de Canarias";"905";"€/cabeza"
"SOC_CLVS001";"Bovinos de menos de un año";"Comunidad Autónoma de Cantabria";"905";"€/cabeza"
"SOC_CLVS001";"Bovinos de menos de un año";"Comunidad Autónoma de Castilla y León";"907";"€/cabeza"
"SOC_CLVS001";"Bovinos de menos de un año";"Comunidad Autónoma de Castilla-La Mancha";"891";"€/cabeza"
"SOC_CLVS001";"Bovinos de menos de un año";"Comunidad Autónoma de Cataluña";"871";"€/cabeza"
"SOC_CLVS001";"Bovinos de menos de un año";"Comunidad Valenciana";"905";"€/cabeza"
"SOC_CLVS001";"Bovinos de menos de un año";"Comunidad Autónoma de Extremadura";"865";"€/cabeza"
"SOC_CLVS001";"Bovinos de menos de un año";"Comunidad Autónoma de Galicia";"907";"€/cabeza"
"SOC_CLVS001";"Bovinos de menos de un año";"Comunidad de Madrid";"905";"€/cabeza"
"SOC_CLVS001";"Bovinos de menos de un año";"Región de Murcia";"905";"€/cabeza"
"SOC_CLVS001";"Bovinos de menos de un año";"Comunidad Foral de Navarra";"1046";"€/cabeza"
"SOC_CLVS001";"Bovinos de menos de un año";"Comunidad Autónoma del País Vasco";"1018";"€/cabeza"
"SOC_CLVS001";"Bovinos de menos de un año";"Comunidad Autónoma de La Rioja";"905";"€/cabeza"
"SOC_CLVS003";"Bovinos machos de entre un año y menos de dos años";"Comunidad Autónoma de Andalucía";"966";"€/cabeza"
"SOC_CLVS003";"Bovinos machos de entre un año y menos de dos años";"Comunidad Autónoma de Aragón";"966";"€/cabeza"
"SOC_CLVS003";"Bovinos machos de entre un año y menos de dos años";"Principado de Asturias";"966";"€/cabeza"
"SOC_CLVS003";"Bovinos machos de entre un año y menos de dos años";"Comunidad Autónoma de Illes Balears";"966";"€/cabeza"
"SOC_CLVS003";"Bovinos machos de entre un año y menos de dos años";"Comunidad Autónoma de Canarias";"966";"€/cabeza"
"SOC_CLVS003";"Bovinos machos de entre un año y menos de dos años";"Comunidad Autónoma de Cantabria";"966";"€/cabeza"
"SOC_CLVS003";"Bovinos machos de entre un año y menos de dos años";"Comunidad Autónoma de Castilla y León";"966";"€/cabeza"
"SOC_CLVS003";"Bovinos machos de entre un año y menos de dos años";"Comunidad Autónoma de Castilla-La Mancha";"966";"€/cabeza"
"SOC_CLVS003";"Bovinos machos de entre un año y menos de dos años";"Comunidad Autónoma de Cataluña";"966";"€/cabeza"
"SOC_CLVS003";"Bovinos machos de entre un año y menos de dos años";"Comunidad Valenciana";"966";"€/cabeza"
"SOC_CLVS003";"Bovinos machos de entre un año y menos de dos años";"Comunidad Autónoma de Extremadura";"966";"€/cabeza"
"SOC_CLVS003";"Bovinos machos de entre un año y menos de dos años";"Comunidad Autónoma de Galicia";"966";"€/cabeza"
"SOC_CLVS003";"Bovinos machos de entre un año y menos de dos años";"Comunidad de Madrid";"966";"€/cabeza"
"SOC_CLVS003";"Bovinos machos de entre un año y menos de dos años";"Región de Murcia";"966";"€/cabeza"
"SOC_CLVS003";"Bovinos machos de entre un año y menos de dos años";"Comunidad Foral de Navarra";"966";"€/cabeza"
"SOC_CLVS003";"Bovinos machos de entre un año y menos de dos años";"Comunidad Autónoma del País Vasco";"966";"€/cabeza"
"SOC_CLVS003";"Bovinos machos de entre un año y menos de dos años";"Comunidad Autónoma de La Rioja";"966";"€/cabeza"
"SOC_CLVS004";"Terneras de entre un año y menos de dos años";"Comunidad Autónoma de Andalucía";"387";"€/cabeza"
"SOC_CLVS004";"Terneras de entre un año y menos de dos años";"Comunidad Autónoma de Aragón";"387";"€/cabeza"
"SOC_CLVS004";"Terneras de entre un año y menos de dos años";"Principado de Asturias";"387";"€/cabeza"
"SOC_CLVS004";"Terneras de entre un año y menos de dos años";"Comunidad Autónoma de Illes Balears";"387";"€/cabeza"
"SOC_CLVS004";"Terneras de entre un año y menos de dos años";"Comunidad Autónoma de Canarias";"387";"€/cabeza"
"SOC_CLVS004";"Terneras de entre un año y menos de dos años";"Comunidad Autónoma de Cantabria";"387";"€/cabeza"
"SOC_CLVS004";"Terneras de entre un año y menos de dos años";"Comunidad Autónoma de Castilla y León";"387";"€/cabeza"
"SOC_CLVS004";"Terneras de entre un año y menos de dos años";"Comunidad Autónoma de Castilla-La Mancha";"387";"€/cabeza"
"SOC_CLVS004";"Terneras de entre un año y menos de dos años";"Comunidad Autónoma de Cataluña";"387";"€/cabeza"
"SOC_CLVS004";"Terneras de entre un año y menos de dos años";"Comunidad Valenciana";"387";"€/cabeza"
"SOC_CLVS004";"Terneras de entre un año y menos de dos años";"Comunidad Autónoma de Extremadura";"387";"€/cabeza"
"SOC_CLVS004";"Terneras de entre un año y menos de dos años";"Comunidad Autónoma de Galicia";"387";"€/cabeza"
"SOC_CLVS004";"Terneras de entre un año y menos de dos años";"Comunidad de Madrid";"387";"€/cabeza"
"SOC_CLVS004";"Terneras de entre un año y menos de dos años";"Región de Murcia";"387";"€/cabeza"
"SOC_CLVS004";"Terneras de entre un año y menos de dos años";"Comunidad Foral de Navarra";"387";"€/cabeza"
"SOC_CLVS004";"Terneras de entre un año y menos de dos años";"Comunidad Autónoma del País Vasco";"387";"€/cabeza"
"SOC_CLVS004";"Terneras de entre un año y menos de dos años";"Comunidad Autónoma de La Rioja";"387";"€/cabeza"
"SOC_CLVS005";"Bovinos machos de dos años o más";"Comunidad Autónoma de Andalucía";"641";"€/cabeza"
"SOC_CLVS005";"Bovinos machos de dos años o más";"Comunidad Autónoma de Aragón";"641";"€/cabeza"
"SOC_CLVS005";"Bovinos machos de dos años o más";"Principado de Asturias";"641";"€/cabeza"
"SOC_CLVS005";"Bovinos machos de dos años o más";"Comunidad Autónoma de Illes Balears";"641";"€/cabeza"
"SOC_CLVS005";"Bovinos machos de dos años o más";"Comunidad Autónoma de Canarias";"641";"€/cabeza"
"SOC_CLVS005";"Bovinos machos de dos años o más";"Comunidad Autónoma de Cantabria";"641";"€/cabeza"
"SOC_CLVS005";"Bovinos machos de dos años o más";"Comunidad Autónoma de Castilla y León";"641";"€/cabeza"
"SOC_CLVS005";"Bovinos machos de dos años o más";"Comunidad Autónoma de Castilla-La Mancha";"641";"€/cabeza"
"SOC_CLVS005";"Bovinos machos de dos años o más";"Comunidad Autónoma de Cataluña";"641";"€/cabeza"
"SOC_CLVS005";"Bovinos machos de dos años o más";"Comunidad Valenciana";"641";"€/cabeza"
"SOC_CLVS005";"Bovinos machos de dos años o más";"Comunidad Autónoma de Extremadura";"641";"€/cabeza"
"SOC_CLVS005";"Bovinos machos de dos años o más";"Comunidad Autónoma de Galicia";"641";"€/cabeza"
"SOC_CLVS005";"Bovinos machos de dos años o más";"Comunidad de Madrid";"641";"€/cabeza"
"SOC_CLVS005";"Bovinos machos de dos años o más";"Región de Murcia";"641";"€/cabeza"
"SOC_CLVS005";"Bovinos machos de dos años o más";"Comunidad Foral de Navarra";"641";"€/cabeza"
"SOC_CLVS005";"Bovinos machos de dos años o más";"Comunidad Autónoma del País Vasco";"641";"€/cabeza"
"SOC_CLVS005";"Bovinos machos de dos años o más";"Comunidad Autónoma de La Rioja";"641";"€/cabeza"
"SOC_CLVS007";"Terneras de dos años o más";"Comunidad Autónoma de Andalucía";"679";"€/cabeza"
"SOC_CLVS007";"Terneras de dos años o más";"Comunidad Autónoma de Aragón";"679";"€/cabeza"
"SOC_CLVS007";"Terneras de dos años o más";"Principado de Asturias";"679";"€/cabeza"
"SOC_CLVS007";"Terneras de dos años o más";"Comunidad Autónoma de Illes Balears";"679";"€/cabeza"
"SOC_CLVS007";"Terneras de dos años o más";"Comunidad Autónoma de Canarias";"679";"€/cabeza"
"SOC_CLVS007";"Terneras de dos años o más";"Comunidad Autónoma de Cantabria";"679";"€/cabeza"
"SOC_CLVS007";"Terneras de dos años o más";"Comunidad Autónoma de Castilla y León";"679";"€/cabeza"
"SOC_CLVS007";"Terneras de dos años o más";"Comunidad Autónoma de Castilla-La Mancha";"679";"€/cabeza"
"SOC_CLVS007";"Terneras de dos años o más";"Comunidad Autónoma de Cataluña";"679";"€/cabeza"
"SOC_CLVS007";"Terneras de dos años o más";"Comunidad Valenciana";"679";"€/cabeza"
"SOC_CLVS007";"Terneras de dos años o más";"Comunidad Autónoma de Extremadura";"679";"€/cabeza"
"SOC_CLVS007";"Terneras de dos años o más";"Comunidad Autónoma de Galicia";"679";"€/cabeza"
"SOC_CLVS007";"Terneras de dos años o más";"Comunidad de Madrid";"679";"€/cabeza"
"SOC_CLVS007";"Terneras de dos años o más";"Región de Murcia";"679";"€/cabeza"
"SOC_CLVS007";"Terneras de dos años o más";"Comunidad Foral de Navarra";"679";"€/cabeza"
"SOC_CLVS007";"Terneras de dos años o más";"Comunidad Autónoma del País Vasco";"679";"€/cabeza"
"SOC_CLVS007";"Terneras de dos años o más";"Comunidad Autónoma de La Rioja";"679";"€/cabeza"
"SOC_CLVS008";"Vacas";"Comunidad Autónoma de Andalucía";"1488.08";"€/cabeza"
"SOC_CLVS008";"Vacas";"Comunidad Autónoma de Aragón";"1420.32";"€/cabeza"
"SOC_CLVS008";"Vacas";"Principado de Asturias";"1431.52";"€/cabeza"
"SOC_CLVS008";"Vacas";"Comunidad Autónoma de Illes Balears";"1458.48";"€/cabeza"
"SOC_CLVS008";"Vacas";"Comunidad Autónoma de Canarias";"1805.87";"€/cabeza"
"SOC_CLVS008";"Vacas";"Comunidad Autónoma de Cantabria";"1424.24";"€/cabeza"
"SOC_CLVS008";"Vacas";"Comunidad Autónoma de Castilla y León";"1542.4";"€/cabeza"
"SOC_CLVS008";"Vacas";"Comunidad Autónoma de Castilla-La Mancha";"1625.28";"€/cabeza"
"SOC_CLVS008";"Vacas";"Comunidad Autónoma de Cataluña";"1528.12";"€/cabeza"
"SOC_CLVS008";"Vacas";"Comunidad Valenciana";"1455.6";"€/cabeza"
"SOC_CLVS008";"Vacas";"Comunidad Autónoma de Extremadura";"1495.92";"€/cabeza"
"SOC_CLVS008";"Vacas";"Comunidad Autónoma de Galicia";"1264.48";"€/cabeza"
"SOC_CLVS008";"Vacas";"Comunidad de Madrid";"1441.2";"€/cabeza"
"SOC_CLVS008";"Vacas";"Región de Murcia";"1455.6";"€/cabeza"
"SOC_CLVS008";"Vacas";"Comunidad Foral de Navarra";"1504.6";"€/cabeza"
"SOC_CLVS008";"Vacas";"Comunidad Autónoma del País Vasco";"1603.92";"€/cabeza"
"SOC_CLVS008";"Vacas";"Comunidad Autónoma de La Rioja";"1455.6";"€/cabeza"
"SOC_CLVS009";"Vacas lecheras";"Comunidad Autónoma de Andalucía";"3314";"€/cabeza"
"SOC_CLVS009";"Vacas lecheras";"Comunidad Autónoma de Aragón";"3198";"€/cabeza"
"SOC_CLVS009";"Vacas lecheras";"Principado de Asturias";"3112";"€/cabeza"
"SOC_CLVS009";"Vacas lecheras";"Comunidad Autónoma de Illes Balears";"3198";"€/cabeza"
"SOC_CLVS009";"Vacas lecheras";"Comunidad Autónoma de Canarias";"3198";"€/cabeza"
"SOC_CLVS009";"Vacas lecheras";"Comunidad Autónoma de Cantabria";"3086";"€/cabeza"
"SOC_CLVS009";"Vacas lecheras";"Comunidad Autónoma de Castilla y León";"3508";"€/cabeza"
"SOC_CLVS009";"Vacas lecheras";"Comunidad Autónoma de Castilla-La Mancha";"3804";"€/cabeza"
"SOC_CLVS009";"Vacas lecheras";"Comunidad Autónoma de Cataluña";"3457";"€/cabeza"
"SOC_CLVS009";"Vacas lecheras";"Comunidad Valenciana";"3198";"€/cabeza"
"SOC_CLVS009";"Vacas lecheras";"Comunidad Autónoma de Extremadura";"3198";"€/cabeza"
"SOC_CLVS009";"Vacas lecheras";"Comunidad Autónoma de Galicia";"2878";"€/cabeza"
"SOC_CLVS009";"Vacas lecheras";"Comunidad de Madrid";"3198";"€/cabeza"
"SOC_CLVS009";"Vacas lecheras";"Región de Murcia";"3198";"€/cabeza"
"SOC_CLVS009";"Vacas lecheras";"Comunidad Foral de Navarra";"3373";"€/cabeza"
"SOC_CLVS009";"Vacas lecheras";"Comunidad Autónoma del País Vasco";"3198";"€/cabeza"
"SOC_CLVS009";"Vacas lecheras";"Comunidad Autónoma de La Rioja";"3198";"€/cabeza"
"SOC_CLVS010";"Vacas no lecheras";"Comunidad Autónoma de Andalucía";"834";"€/cabeza"
"SOC_CLVS010";"Vacas no lecheras";"Comunidad Autónoma de Aragón";"778";"€/cabeza"
"SOC_CLVS010";"Vacas no lecheras";"Principado de Asturias";"637";"€/cabeza"
"SOC_CLVS010";"Vacas no lecheras";"Comunidad Autónoma de Illes Balears";"778";"€/cabeza"
"SOC_CLVS010";"Vacas no lecheras";"Comunidad Autónoma de Canarias";"778";"€/cabeza"
"SOC_CLVS010";"Vacas no lecheras";"Comunidad Autónoma de Cantabria";"778";"€/cabeza"
"SOC_CLVS010";"Vacas no lecheras";"Comunidad Autónoma de Castilla y León";"782";"€/cabeza"
"SOC_CLVS010";"Vacas no lecheras";"Comunidad Autónoma de Castilla-La Mancha";"758";"€/cabeza"
"SOC_CLVS010";"Vacas no lecheras";"Comunidad Autónoma de Cataluña";"729";"€/cabeza"
"SOC_CLVS010";"Vacas no lecheras";"Comunidad Valenciana";"778";"€/cabeza"
"SOC_CLVS010";"Vacas no lecheras";"Comunidad Autónoma de Extremadura";"778";"€/cabeza"
"SOC_CLVS010";"Vacas no lecheras";"Comunidad Autónoma de Galicia";"782";"€/cabeza"
"SOC_CLVS010";"Vacas no lecheras";"Comunidad de Madrid";"778";"€/cabeza"
"SOC_CLVS010";"Vacas no lecheras";"Región de Murcia";"778";"€/cabeza"
"SOC_CLVS010";"Vacas no lecheras";"Comunidad Foral de Navarra";"984";"€/cabeza"
"SOC_CLVS010";"Vacas no lecheras";"Comunidad Autónoma del País Vasco";"778";"€/cabeza"
"SOC_CLVS010";"Vacas no lecheras";"Comunidad Autónoma de La Rioja";"778";"€/cabeza"
"SOC_CLVS011";"Búfalas";"Comunidad Autónoma de Andalucía";"1488.08";"€/cabeza"
"SOC_CLVS011";"Búfalas";"Comunidad Autónoma de Aragón";"1420.32";"€/cabeza"
"SOC_CLVS011";"Búfalas";"Principado de Asturias";"1431.52";"€/cabeza"
"SOC_CLVS011";"Búfalas";"Comunidad Autónoma de Illes Balears";"1458.48";"€/cabeza"
"SOC_CLVS011";"Búfalas";"Comunidad Autónoma de Canarias";"1805.87";"€/cabeza"
"SOC_CLVS011";"Búfalas";"Comunidad Autónoma de Cantabria";"1424.24";"€/cabeza"
"SOC_CLVS011";"Búfalas";"Comunidad Autónoma de Castilla y León";"1542.4";"€/cabeza"
"SOC_CLVS011";"Búfalas";"Comunidad Autónoma de Castilla-La Mancha";"1625.28";"€/cabeza"
"SOC_CLVS011";"Búfalas";"Comunidad Autónoma de Cataluña";"1528.12";"€/cabeza"
"SOC_CLVS011";"Búfalas";"Comunidad Valenciana";"1455.6";"€/cabeza"
"SOC_CLVS011";"Búfalas";"Comunidad Autónoma de Extremadura";"1495.92";"€/cabeza"
"SOC_CLVS011";"Búfalas";"Comunidad Autónoma de Galicia";"1264.48";"€/cabeza"
"SOC_CLVS011";"Búfalas";"Comunidad de Madrid";"1441.2";"€/cabeza"
"SOC_CLVS011";"Búfalas";"Región de Murcia";"1455.6";"€/cabeza"
"SOC_CLVS011";"Búfalas";"Comunidad Foral de Navarra";"1504.6";"€/cabeza"
"SOC_CLVS011";"Búfalas";"Comunidad Autónoma del País Vasco";"1603.92";"€/cabeza"
"SOC_CLVS011";"Búfalas";"Comunidad Autónoma de La Rioja";"1455.6";"€/cabeza"
"SOC_CLVS012";"Ovinos (todas las edades)";"Comunidad Autónoma de Andalucía";"125.72";"€/cabeza"
"SOC_CLVS012";"Ovinos (todas las edades)";"Comunidad Autónoma de Aragón";"125.72";"€/cabeza"
"SOC_CLVS012";"Ovinos (todas las edades)";"Principado de Asturias";"125.72";"€/cabeza"
"SOC_CLVS012";"Ovinos (todas las edades)";"Comunidad Autónoma de Illes Balears";"125.72";"€/cabeza"
"SOC_CLVS012";"Ovinos (todas las edades)";"Comunidad Autónoma de Canarias";"156.08";"€/cabeza"
"SOC_CLVS012";"Ovinos (todas las edades)";"Comunidad Autónoma de Cantabria";"125.72";"€/cabeza"
"SOC_CLVS012";"Ovinos (todas las edades)";"Comunidad Autónoma de Castilla y León";"189.88";"€/cabeza"
"SOC_CLVS012";"Ovinos (todas las edades)";"Comunidad Autónoma de Castilla-La Mancha";"169.76";"€/cabeza"
"SOC_CLVS012";"Ovinos (todas las edades)";"Comunidad Autónoma de Cataluña";"125.72";"€/cabeza"
"SOC_CLVS012";"Ovinos (todas las edades)";"Comunidad Valenciana";"125.72";"€/cabeza"
"SOC_CLVS012";"Ovinos (todas las edades)";"Comunidad Autónoma de Extremadura";"125.72";"€/cabeza"
"SOC_CLVS012";"Ovinos (todas las edades)";"Comunidad Autónoma de Galicia";"125.72";"€/cabeza"
"SOC_CLVS012";"Ovinos (todas las edades)";"Comunidad de Madrid";"125.72";"€/cabeza"
"SOC_CLVS012";"Ovinos (todas las edades)";"Región de Murcia";"125.72";"€/cabeza"
"SOC_CLVS012";"Ovinos (todas las edades)";"Comunidad Foral de Navarra";"101.72";"€/cabeza"
"SOC_CLVS012";"Ovinos (todas las edades)";"Comunidad Autónoma del País Vasco";"122.28";"€/cabeza"
"SOC_CLVS012";"Ovinos (todas las edades)";"Comunidad Autónoma de La Rioja";"125.72";"€/cabeza"
"SOC_CLVS013";"Ovejas reproductoras";"Comunidad Autónoma de Andalucía";"131";"€/cabeza"
"SOC_CLVS013";"Ovejas reproductoras";"Comunidad Autónoma de Aragón";"131";"€/cabeza"
"SOC_CLVS013";"Ovejas reproductoras";"Principado de Asturias";"131";"€/cabeza"
"SOC_CLVS013";"Ovejas reproductoras";"Comunidad Autónoma de Illes Balears";"131";"€/cabeza"
"SOC_CLVS013";"Ovejas reproductoras";"Comunidad Autónoma de Canarias";"170";"€/cabeza"
"SOC_CLVS013";"Ovejas reproductoras";"Comunidad Autónoma de Cantabria";"131";"€/cabeza"
"SOC_CLVS013";"Ovejas reproductoras";"Comunidad Autónoma de Castilla y León";"217";"€/cabeza"
"SOC_CLVS013";"Ovejas reproductoras";"Comunidad Autónoma de Castilla-La Mancha";"188";"€/cabeza"
"SOC_CLVS013";"Ovejas reproductoras";"Comunidad Autónoma de Cataluña";"131";"€/cabeza"
"SOC_CLVS013";"Ovejas reproductoras";"Comunidad Valenciana";"131";"€/cabeza"
"SOC_CLVS013";"Ovejas reproductoras";"Comunidad Autónoma de Extremadura";"131";"€/cabeza"
"SOC_CLVS013";"Ovejas reproductoras";"Comunidad Autónoma de Galicia";"131";"€/cabeza"
"SOC_CLVS013";"Ovejas reproductoras";"Comunidad de Madrid";"131";"€/cabeza"
"SOC_CLVS013";"Ovejas reproductoras";"Región de Murcia";"131";"€/cabeza"
"SOC_CLVS013";"Ovejas reproductoras";"Comunidad Foral de Navarra";"107";"€/cabeza"
"SOC_CLVS013";"Ovejas reproductoras";"Comunidad Autónoma del País Vasco";"135";"€/cabeza"
"SOC_CLVS013";"Ovejas reproductoras";"Comunidad Autónoma de La Rioja";"131";"€/cabeza"
"SOC_CLVS014";"Otros ovinos";"Comunidad Autónoma de Andalucía";"109";"€/cabeza"
"SOC_CLVS014";"Otros ovinos";"Comunidad Autónoma de Aragón";"109";"€/cabeza"
"SOC_CLVS014";"Otros ovinos";"Principado de Asturias";"109";"€/cabeza"
"SOC_CLVS014";"Otros ovinos";"Comunidad Autónoma de Illes Balears";"109";"€/cabeza"
"SOC_CLVS014";"Otros ovinos";"Comunidad Autónoma de Canarias";"112";"€/cabeza"
"SOC_CLVS014";"Otros ovinos";"Comunidad Autónoma de Cantabria";"109";"€/cabeza"
"SOC_CLVS014";"Otros ovinos";"Comunidad Autónoma de Castilla y León";"104";"€/cabeza"
"SOC_CLVS014";"Otros ovinos";"Comunidad Autónoma de Castilla-La Mancha";"112";"€/cabeza"
"SOC_CLVS014";"Otros ovinos";"Comunidad Autónoma de Cataluña";"109";"€/cabeza"
"SOC_CLVS014";"Otros ovinos";"Comunidad Valenciana";"109";"€/cabeza"
"SOC_CLVS014";"Otros ovinos";"Comunidad Autónoma de Extremadura";"109";"€/cabeza"
"SOC_CLVS014";"Otros ovinos";"Comunidad Autónoma de Galicia";"109";"€/cabeza"
"SOC_CLVS014";"Otros ovinos";"Comunidad de Madrid";"109";"€/cabeza"
"SOC_CLVS014";"Otros ovinos";"Región de Murcia";"109";"€/cabeza"
"SOC_CLVS014";"Otros ovinos";"Comunidad Foral de Navarra";"85";"€/cabeza"
"SOC_CLVS014";"Otros ovinos";"Comunidad Autónoma del País Vasco";"82";"€/cabeza"
"SOC_CLVS014";"Otros ovinos";"Comunidad Autónoma de La Rioja";"109";"€/cabeza"
"SOC_CLVS015";"Caprinos (todas las edades)";"Comunidad Autónoma de Andalucía";"209.26";"€/cabeza"
"SOC_CLVS015";"Caprinos (todas las edades)";"Comunidad Autónoma de Aragón";"191.32";"€/cabeza"
"SOC_CLVS015";"Caprinos (todas las edades)";"Principado de Asturias";"191.32";"€/cabeza"
"SOC_CLVS015";"Caprinos (todas las edades)";"Comunidad Autónoma de Illes Balears";"191.32";"€/cabeza"
"SOC_CLVS015";"Caprinos (todas las edades)";"Comunidad Autónoma de Canarias";"204.58";"€/cabeza"
"SOC_CLVS015";"Caprinos (todas las edades)";"Comunidad Autónoma de Cantabria";"191.32";"€/cabeza"
"SOC_CLVS015";"Caprinos (todas las edades)";"Comunidad Autónoma de Castilla y León";"206.14";"€/cabeza"
"SOC_CLVS015";"Caprinos (todas las edades)";"Comunidad Autónoma de Castilla-La Mancha";"191.32";"€/cabeza"
"SOC_CLVS015";"Caprinos (todas las edades)";"Comunidad Autónoma de Cataluña";"191.32";"€/cabeza"
"SOC_CLVS015";"Caprinos (todas las edades)";"Comunidad Valenciana";"191.32";"€/cabeza"
"SOC_CLVS015";"Caprinos (todas las edades)";"Comunidad Autónoma de Extremadura";"191.32";"€/cabeza"
"SOC_CLVS015";"Caprinos (todas las edades)";"Comunidad Autónoma de Galicia";"191.32";"€/cabeza"
"SOC_CLVS015";"Caprinos (todas las edades)";"Comunidad de Madrid";"191.32";"€/cabeza"
"SOC_CLVS015";"Caprinos (todas las edades)";"Región de Murcia";"191.32";"€/cabeza"
"SOC_CLVS015";"Caprinos (todas las edades)";"Comunidad Foral de Navarra";"191.32";"€/cabeza"
"SOC_CLVS015";"Caprinos (todas las edades)";"Comunidad Autónoma del País Vasco";"191.32";"€/cabeza"
"SOC_CLVS015";"Caprinos (todas las edades)";"Comunidad Autónoma de La Rioja";"191.32";"€/cabeza"
"SOC_CLVS016";"Cabras reproductoras";"Comunidad Autónoma de Andalucía";"268";"€/cabeza"
"SOC_CLVS016";"Cabras reproductoras";"Comunidad Autónoma de Aragón";"245";"€/cabeza"
"SOC_CLVS016";"Cabras reproductoras";"Principado de Asturias";"245";"€/cabeza"
"SOC_CLVS016";"Cabras reproductoras";"Comunidad Autónoma de Illes Balears";"245";"€/cabeza"
"SOC_CLVS016";"Cabras reproductoras";"Comunidad Autónoma de Canarias";"262";"€/cabeza"
"SOC_CLVS016";"Cabras reproductoras";"Comunidad Autónoma de Cantabria";"245";"€/cabeza"
"SOC_CLVS016";"Cabras reproductoras";"Comunidad Autónoma de Castilla y León";"264";"€/cabeza"
"SOC_CLVS016";"Cabras reproductoras";"Comunidad Autónoma de Castilla-La Mancha";"245";"€/cabeza"
"SOC_CLVS016";"Cabras reproductoras";"Comunidad Autónoma de Cataluña";"245";"€/cabeza"
"SOC_CLVS016";"Cabras reproductoras";"Comunidad Valenciana";"245";"€/cabeza"
"SOC_CLVS016";"Cabras reproductoras";"Comunidad Autónoma de Extremadura";"245";"€/cabeza"
"SOC_CLVS016";"Cabras reproductoras";"Comunidad Autónoma de Galicia";"245";"€/cabeza"
"SOC_CLVS016";"Cabras reproductoras";"Comunidad de Madrid";"245";"€/cabeza"
"SOC_CLVS016";"Cabras reproductoras";"Región de Murcia";"245";"€/cabeza"
"SOC_CLVS016";"Cabras reproductoras";"Comunidad Foral de Navarra";"245";"€/cabeza"
"SOC_CLVS016";"Cabras reproductoras";"Comunidad Autónoma del País Vasco";"245";"€/cabeza"
"SOC_CLVS016";"Cabras reproductoras";"Comunidad Autónoma de La Rioja";"245";"€/cabeza"
"SOC_CLVS017";"Otros caprinos";"Comunidad Autónoma de Andalucía";"47";"€/cabeza"
"SOC_CLVS017";"Otros caprinos";"Comunidad Autónoma de Aragón";"82";"€/cabeza"
"SOC_CLVS017";"Otros caprinos";"Principado de Asturias";"82";"€/cabeza"
"SOC_CLVS017";"Otros caprinos";"Comunidad Autónoma de Illes Balears";"82";"€/cabeza"
"SOC_CLVS017";"Otros caprinos";"Comunidad Autónoma de Canarias";"56";"€/cabeza"
"SOC_CLVS017";"Otros caprinos";"Comunidad Autónoma de Cantabria";"82";"€/cabeza"
"SOC_CLVS017";"Otros caprinos";"Comunidad Autónoma de Castilla y León";"64";"€/cabeza"
"SOC_CLVS017";"Otros caprinos";"Comunidad Autónoma de Castilla-La Mancha";"82";"€/cabeza"
"SOC_CLVS017";"Otros caprinos";"Comunidad Autónoma de Cataluña";"82";"€/cabeza"
"SOC_CLVS017";"Otros caprinos";"Comunidad Valenciana";"82";"€/cabeza"
"SOC_CLVS017";"Otros caprinos";"Comunidad Autónoma de Extremadura";"82";"€/cabeza"
"SOC_CLVS017";"Otros caprinos";"Comunidad Autónoma de Galicia";"82";"€/cabeza"
"SOC_CLVS017";"Otros caprinos";"Comunidad de Madrid";"82";"€/cabeza"
"SOC_CLVS017";"Otros caprinos";"Región de Murcia";"82";"€/cabeza"
"SOC_CLVS017";"Otros caprinos";"Comunidad Foral de Navarra";"82";"€/cabeza"
"SOC_CLVS017";"Otros caprinos";"Comunidad Autónoma del País Vasco";"82";"€/cabeza"
"SOC_CLVS017";"Otros caprinos";"Comunidad Autónoma de La Rioja";"82";"€/cabeza"
"SOC_CLVS018";"Lechones con un peso vivo de menos de 20 kg";"Comunidad Autónoma de Andalucía";"291";"€/cabeza"
"SOC_CLVS018";"Lechones con un peso vivo de menos de 20 kg";"Comunidad Autónoma de Aragón";"272";"€/cabeza"
"SOC_CLVS018";"Lechones con un peso vivo de menos de 20 kg";"Principado de Asturias";"272";"€/cabeza"
"SOC_CLVS018";"Lechones con un peso vivo de menos de 20 kg";"Comunidad Autónoma de Illes Balears";"272";"€/cabeza"
"SOC_CLVS018";"Lechones con un peso vivo de menos de 20 kg";"Comunidad Autónoma de Canarias";"272";"€/cabeza"
"SOC_CLVS018";"Lechones con un peso vivo de menos de 20 kg";"Comunidad Autónoma de Cantabria";"272";"€/cabeza"
"SOC_CLVS018";"Lechones con un peso vivo de menos de 20 kg";"Comunidad Autónoma de Castilla y León";"290";"€/cabeza"
"SOC_CLVS018";"Lechones con un peso vivo de menos de 20 kg";"Comunidad Autónoma de Castilla-La Mancha";"272";"€/cabeza"
"SOC_CLVS018";"Lechones con un peso vivo de menos de 20 kg";"Comunidad Autónoma de Cataluña";"272";"€/cabeza"
"SOC_CLVS018";"Lechones con un peso vivo de menos de 20 kg";"Comunidad Valenciana";"272";"€/cabeza"
"SOC_CLVS018";"Lechones con un peso vivo de menos de 20 kg";"Comunidad Autónoma de Extremadura";"367";"€/cabeza"
"SOC_CLVS018";"Lechones con un peso vivo de menos de 20 kg";"Comunidad Autónoma de Galicia";"272";"€/cabeza"
"SOC_CLVS018";"Lechones con un peso vivo de menos de 20 kg";"Comunidad de Madrid";"272";"€/cabeza"
"SOC_CLVS018";"Lechones con un peso vivo de menos de 20 kg";"Región de Murcia";"272";"€/cabeza"
"SOC_CLVS018";"Lechones con un peso vivo de menos de 20 kg";"Comunidad Foral de Navarra";"272";"€/cabeza"
"SOC_CLVS018";"Lechones con un peso vivo de menos de 20 kg";"Comunidad Autónoma del País Vasco";"272";"€/cabeza"
"SOC_CLVS018";"Lechones con un peso vivo de menos de 20 kg";"Comunidad Autónoma de La Rioja";"272";"€/cabeza"
"SOC_CLVS019";"Cerdas reproductoras con un peso vivo de 50 kg o más";"Comunidad Autónoma de Andalucía";"1022";"€/cabeza"
"SOC_CLVS019";"Cerdas reproductoras con un peso vivo de 50 kg o más";"Comunidad Autónoma de Aragón";"907";"€/cabeza"
"SOC_CLVS019";"Cerdas reproductoras con un peso vivo de 50 kg o más";"Principado de Asturias";"907";"€/cabeza"
"SOC_CLVS019";"Cerdas reproductoras con un peso vivo de 50 kg o más";"Comunidad Autónoma de Illes Balears";"907";"€/cabeza"
"SOC_CLVS019";"Cerdas reproductoras con un peso vivo de 50 kg o más";"Comunidad Autónoma de Canarias";"907";"€/cabeza"
"SOC_CLVS019";"Cerdas reproductoras con un peso vivo de 50 kg o más";"Comunidad Autónoma de Cantabria";"907";"€/cabeza"
"SOC_CLVS019";"Cerdas reproductoras con un peso vivo de 50 kg o más";"Comunidad Autónoma de Castilla y León";"1002";"€/cabeza"
"SOC_CLVS019";"Cerdas reproductoras con un peso vivo de 50 kg o más";"Comunidad Autónoma de Castilla-La Mancha";"907";"€/cabeza"
"SOC_CLVS019";"Cerdas reproductoras con un peso vivo de 50 kg o más";"Comunidad Autónoma de Cataluña";"907";"€/cabeza"
"SOC_CLVS019";"Cerdas reproductoras con un peso vivo de 50 kg o más";"Comunidad Valenciana";"907";"€/cabeza"
"SOC_CLVS019";"Cerdas reproductoras con un peso vivo de 50 kg o más";"Comunidad Autónoma de Extremadura";"1325";"€/cabeza"
"SOC_CLVS019";"Cerdas reproductoras con un peso vivo de 50 kg o más";"Comunidad Autónoma de Galicia";"907";"€/cabeza"
"SOC_CLVS019";"Cerdas reproductoras con un peso vivo de 50 kg o más";"Comunidad de Madrid";"907";"€/cabeza"
"SOC_CLVS019";"Cerdas reproductoras con un peso vivo de 50 kg o más";"Región de Murcia";"907";"€/cabeza"
"SOC_CLVS019";"Cerdas reproductoras con un peso vivo de 50 kg o más";"Comunidad Foral de Navarra";"907";"€/cabeza"
"SOC_CLVS019";"Cerdas reproductoras con un peso vivo de 50 kg o más";"Comunidad Autónoma del País Vasco";"907";"€/cabeza"
"SOC_CLVS019";"Cerdas reproductoras con un peso vivo de 50 kg o más";"Comunidad Autónoma de La Rioja";"907";"€/cabeza"
"SOC_CLVS020";"Otros porcinos";"Comunidad Autónoma de Andalucía";"352";"€/cabeza"
"SOC_CLVS020";"Otros porcinos";"Comunidad Autónoma de Aragón";"290";"€/cabeza"
"SOC_CLVS020";"Otros porcinos";"Principado de Asturias";"290";"€/cabeza"
"SOC_CLVS020";"Otros porcinos";"Comunidad Autónoma de Illes Balears";"290";"€/cabeza"
"SOC_CLVS020";"Otros porcinos";"Comunidad Autónoma de Canarias";"290";"€/cabeza"
"SOC_CLVS020";"Otros porcinos";"Comunidad Autónoma de Cantabria";"290";"€/cabeza"
"SOC_CLVS020";"Otros porcinos";"Comunidad Autónoma de Castilla y León";"386";"€/cabeza"
"SOC_CLVS020";"Otros porcinos";"Comunidad Autónoma de Castilla-La Mancha";"290";"€/cabeza"
"SOC_CLVS020";"Otros porcinos";"Comunidad Autónoma de Cataluña";"290";"€/cabeza"
"SOC_CLVS020";"Otros porcinos";"Comunidad Valenciana";"290";"€/cabeza"
"SOC_CLVS020";"Otros porcinos";"Comunidad Autónoma de Extremadura";"484";"€/cabeza"
"SOC_CLVS020";"Otros porcinos";"Comunidad Autónoma de Galicia";"290";"€/cabeza"
"SOC_CLVS020";"Otros porcinos";"Comunidad de Madrid";"290";"€/cabeza"
"SOC_CLVS020";"Otros porcinos";"Región de Murcia";"290";"€/cabeza"
"SOC_CLVS020";"Otros porcinos";"Comunidad Foral de Navarra";"290";"€/cabeza"
"SOC_CLVS020";"Otros porcinos";"Comunidad Autónoma del País Vasco";"290";"€/cabeza"
"SOC_CLVS020";"Otros porcinos";"Comunidad Autónoma de La Rioja";"290";"€/cabeza"
"SOC_CLVS021";"Pollos de engorde";"Comunidad Autónoma de Andalucía";"15.03";"€/cabeza"
"SOC_CLVS021";"Pollos de engorde";"Comunidad Autónoma de Aragón";"15.03";"€/cabeza"
"SOC_CLVS021";"Pollos de engorde";"Principado de Asturias";"15.03";"€/cabeza"
"SOC_CLVS021";"Pollos de engorde";"Comunidad Autónoma de Illes Balears";"15.03";"€/cabeza"
"SOC_CLVS021";"Pollos de engorde";"Comunidad Autónoma de Canarias";"15.03";"€/cabeza"
"SOC_CLVS021";"Pollos de engorde";"Comunidad Autónoma de Cantabria";"15.03";"€/cabeza"
"SOC_CLVS021";"Pollos de engorde";"Comunidad Autónoma de Castilla y León";"15.03";"€/cabeza"
"SOC_CLVS021";"Pollos de engorde";"Comunidad Autónoma de Castilla-La Mancha";"15.03";"€/cabeza"
"SOC_CLVS021";"Pollos de engorde";"Comunidad Autónoma de Cataluña";"12.95";"€/cabeza"
"SOC_CLVS021";"Pollos de engorde";"Comunidad Valenciana";"14.8";"€/cabeza"
"SOC_CLVS021";"Pollos de engorde";"Comunidad Autónoma de Extremadura";"15.3";"€/cabeza"
"SOC_CLVS021";"Pollos de engorde";"Comunidad Autónoma de Galicia";"16.45";"€/cabeza"
"SOC_CLVS021";"Pollos de engorde";"Comunidad de Madrid";"15.03";"€/cabeza"
"SOC_CLVS021";"Pollos de engorde";"Región de Murcia";"15.03";"€/cabeza"
"SOC_CLVS021";"Pollos de engorde";"Comunidad Foral de Navarra";"15.03";"€/cabeza"
"SOC_CLVS021";"Pollos de engorde";"Comunidad Autónoma del País Vasco";"15.03";"€/cabeza"
"SOC_CLVS021";"Pollos de engorde";"Comunidad Autónoma de La Rioja";"15.03";"€/cabeza"
"SOC_CLVS022";"Gallinas ponedoras";"Comunidad Autónoma de Andalucía";"22.77";"€/cabeza"
"SOC_CLVS022";"Gallinas ponedoras";"Comunidad Autónoma de Aragón";"29.24";"€/cabeza"
"SOC_CLVS022";"Gallinas ponedoras";"Principado de Asturias";"22.77";"€/cabeza"
"SOC_CLVS022";"Gallinas ponedoras";"Comunidad Autónoma de Illes Balears";"22.77";"€/cabeza"
"SOC_CLVS022";"Gallinas ponedoras";"Comunidad Autónoma de Canarias";"22.77";"€/cabeza"
"SOC_CLVS022";"Gallinas ponedoras";"Comunidad Autónoma de Cantabria";"22.77";"€/cabeza"
"SOC_CLVS022";"Gallinas ponedoras";"Comunidad Autónoma de Castilla y León";"26.96";"€/cabeza"
"SOC_CLVS022";"Gallinas ponedoras";"Comunidad Autónoma de Castilla-La Mancha";"19.36";"€/cabeza"
"SOC_CLVS022";"Gallinas ponedoras";"Comunidad Autónoma de Cataluña";"22.77";"€/cabeza"
"SOC_CLVS022";"Gallinas ponedoras";"Comunidad Valenciana";"22.77";"€/cabeza"
"SOC_CLVS022";"Gallinas ponedoras";"Comunidad Autónoma de Extremadura";"22.77";"€/cabeza"
"SOC_CLVS022";"Gallinas ponedoras";"Comunidad Autónoma de Galicia";"24.24";"€/cabeza"
"SOC_CLVS022";"Gallinas ponedoras";"Comunidad de Madrid";"22.77";"€/cabeza"
"SOC_CLVS022";"Gallinas ponedoras";"Región de Murcia";"22.77";"€/cabeza"
"SOC_CLVS022";"Gallinas ponedoras";"Comunidad Foral de Navarra";"22.77";"€/cabeza"
"SOC_CLVS022";"Gallinas ponedoras";"Comunidad Autónoma del País Vasco";"22.77";"€/cabeza"
"SOC_CLVS022";"Gallinas ponedoras";"Comunidad Autónoma de La Rioja";"22.77";"€/cabeza"
"SOC_CLVS023";"Otras aves de corral";"Comunidad Autónoma de Andalucía";"16.11";"€/cabeza"
"SOC_CLVS023";"Otras aves de corral";"Comunidad Autónoma de Aragón";"16.11";"€/cabeza"
"SOC_CLVS023";"Otras aves de corral";"Principado de Asturias";"16.11";"€/cabeza"
"SOC_CLVS023";"Otras aves de corral";"Comunidad Autónoma de Illes Balears";"16.11";"€/cabeza"
"SOC_CLVS023";"Otras aves de corral";"Comunidad Autónoma de Canarias";"16.11";"€/cabeza"
"SOC_CLVS023";"Otras aves de corral";"Comunidad Autónoma de Cantabria";"16.11";"€/cabeza"
"SOC_CLVS023";"Otras aves de corral";"Comunidad Autónoma de Castilla y León";"16.11";"€/cabeza"
"SOC_CLVS023";"Otras aves de corral";"Comunidad Autónoma de Castilla-La Mancha";"16.11";"€/cabeza"
"SOC_CLVS023";"Otras aves de corral";"Comunidad Autónoma de Cataluña";"16.11";"€/cabeza"
"SOC_CLVS023";"Otras aves de corral";"Comunidad Valenciana";"16.11";"€/cabeza"
"SOC_CLVS023";"Otras aves de corral";"Comunidad Autónoma de Extremadura";"16.11";"€/cabeza"
"SOC_CLVS023";"Otras aves de corral";"Comunidad Autónoma de Galicia";"16.11";"€/cabeza"
"SOC_CLVS023";"Otras aves de corral";"Comunidad de Madrid";"16.11";"€/cabeza"
"SOC_CLVS023";"Otras aves de corral";"Región de Murcia";"16.11";"€/cabeza"
"SOC_CLVS023";"Otras aves de corral";"Comunidad Foral de Navarra";"16.11";"€/cabeza"
"SOC_CLVS023";"Otras aves de corral";"Comunidad Autónoma del País Vasco";"16.11";"€/cabeza"
"SOC_CLVS023";"Otras aves de corral";"Comunidad Autónoma de La Rioja";"16.11";"€/cabeza"
"SOC_CLVS029";"Conejas reproductoras";"Comunidad Autónoma de Andalucía";"231";"€/cabeza"
"SOC_CLVS029";"Conejas reproductoras";"Comunidad Autónoma de Aragón";"231";"€/cabeza"
"SOC_CLVS029";"Conejas reproductoras";"Principado de Asturias";"231";"€/cabeza"
"SOC_CLVS029";"Conejas reproductoras";"Comunidad Autónoma de Illes Balears";"231";"€/cabeza"
"SOC_CLVS029";"Conejas reproductoras";"Comunidad Autónoma de Canarias";"391";"€/cabeza"
"SOC_CLVS029";"Conejas reproductoras";"Comunidad Autónoma de Cantabria";"231";"€/cabeza"
"SOC_CLVS029";"Conejas reproductoras";"Comunidad Autónoma de Castilla y León";"231";"€/cabeza"
"SOC_CLVS029";"Conejas reproductoras";"Comunidad Autónoma de Castilla-La Mancha";"231";"€/cabeza"
"SOC_CLVS029";"Conejas reproductoras";"Comunidad Autónoma de Cataluña";"231";"€/cabeza"
"SOC_CLVS029";"Conejas reproductoras";"Comunidad Valenciana";"231";"€/cabeza"
"SOC_CLVS029";"Conejas reproductoras";"Comunidad Autónoma de Extremadura";"231";"€/cabeza"
"SOC_CLVS029";"Conejas reproductoras";"Comunidad Autónoma de Galicia";"231";"€/cabeza"
"SOC_CLVS029";"Conejas reproductoras";"Comunidad de Madrid";"231";"€/cabeza"
"SOC_CLVS029";"Conejas reproductoras";"Región de Murcia";"231";"€/cabeza"
"SOC_CLVS029";"Conejas reproductoras";"Comunidad Foral de Navarra";"231";"€/cabeza"
"SOC_CLVS029";"Conejas reproductoras";"Comunidad Autónoma del País Vasco";"231";"€/cabeza"
"SOC_CLVS029";"Conejas reproductoras";"Comunidad Autónoma de La Rioja";"231";"€/cabeza"
"SOC_CLVS030";"Abejas";"Comunidad Autónoma de Andalucía";"63";"€/colmena"
"SOC_CLVS030";"Abejas";"Comunidad Autónoma de Aragón";"63";"€/colmena"
"SOC_CLVS030";"Abejas";"Principado de Asturias";"63";"€/colmena"
"SOC_CLVS030";"Abejas";"Comunidad Autónoma de Illes Balears";"63";"€/colmena"
"SOC_CLVS030";"Abejas";"Comunidad Autónoma de Canarias";"63";"€/colmena"
"SOC_CLVS030";"Abejas";"Comunidad Autónoma de Cantabria";"63";"€/colmena"
"SOC_CLVS030";"Abejas";"Comunidad Autónoma de Castilla y León";"63";"€/colmena"
"SOC_CLVS030";"Abejas";"Comunidad Autónoma de Castilla-La Mancha";"63";"€/colmena"
"SOC_CLVS030";"Abejas";"Comunidad Autónoma de Cataluña";"63";"€/colmena"
"SOC_CLVS030";"Abejas";"Comunidad Valenciana";"63";"€/colmena"
"SOC_CLVS030";"Abejas";"Comunidad Autónoma de Extremadura";"63";"€/colmena"
"SOC_CLVS030";"Abejas";"Comunidad Autónoma de Galicia";"63";"€/colmena"
"SOC_CLVS030";"Abejas";"Comunidad de Madrid";"63";"€/colmena"
"SOC_CLVS030";"Abejas";"Región de Murcia";"63";"€/colmena"
"SOC_CLVS030";"Abejas";"Comunidad Foral de Navarra";"63";"€/colmena"
"SOC_CLVS030";"Abejas";"Comunidad Autónoma del País Vasco";"63";"€/colmena"
"SOC_CLVS030";"Abejas";"Comunidad Autónoma de La Rioja";"63";"€/colmena"
