"Código SIEX";"Código asociación (NIF)";"Razón social";"Provincia";"Comunidad Autónoma";Fecha de alta;Fecha de modificación;Fecha de baja
"1";"F01005784";"Nª Sª De Ocon S. Coop. ";"Araba/Álava";"PAÍS VASCO";26/12/2023;;
"2";"F01006675";"Bod. San Roque S. Coop.";"Araba/Álava";"PAÍS VASCO";26/12/2023;;
"3";"F01007194";"Bod. Unión De Cosecheros De Labastida S. Coop.";"Araba/Álava";"PAÍS VASCO";26/12/2023;;
"4";"F01008689";"Anoga S. Coop.";"Araba/Álava";"PAÍS VASCO";26/12/2023;;
"5";"F01009323";"Lagunak S. Coop.";"Araba/Álava";"PAÍS VASCO";26/12/2023;;
"6";"F01014869";"Bod. Nª Sª Del Campo S. Coop.";"Araba/Álava";"PAÍS VASCO";26/12/2023;;
"7";"F01015957";"Bod. San Tirso S. Coop.";"Araba/Álava";"PAÍS VASCO";26/12/2023;;
"8";"F01020270";"Bod. San Sixto S. Coop.";"Araba/Álava";"PAÍS VASCO";26/12/2023;;
"9";"F01021096";"Bod. Comy S. Coop.";"Araba/Álava";"PAÍS VASCO";26/12/2023;;
"10";"F01024306";"Lacorzanilla S. Coop.";"Araba/Álava";"PAÍS VASCO";26/12/2023;;
"11";"F01024314";"Lantaron S. Coop.";"Araba/Álava";"PAÍS VASCO";26/12/2023;;
"12";"F01024470";"Behi Alde S. Coop.";"Araba/Álava";"PAÍS VASCO";26/12/2023;;
"13";"F01027523";"Arbel Kooperatiba";"Araba/Álava";"PAÍS VASCO";26/12/2023;;
"14";"F01031277";"Aga S. Coop.";"Araba/Álava";"PAÍS VASCO";26/12/2023;;
"15";"F01033125";"Cocefor S. Coop. ";"Araba/Álava";"PAÍS VASCO";26/12/2023;;
"16";"F01035278";"Garlan S. Coop.";"Araba/Álava";"PAÍS VASCO";26/12/2023;;
"17";"F01036185";"Agurain S. Coop.";"Araba/Álava";"PAÍS VASCO";26/12/2023;;
"18";"F01036748";"Valdegobia-Añana S. Coop.";"Araba/Álava";"PAÍS VASCO";26/12/2023;;
"19";"F01039023";"Artzai-Gazta S. Coop";"Gipuzkoa";"PAÍS VASCO";26/12/2023;;
"20";"F01049105";"Bod. Vinícola Lapuebla De Labarca S. Coop.";"Araba/Álava";"PAÍS VASCO";26/12/2023;;
"21";"F01052463";"Riberalta S. Coop.";"Araba/Álava";"PAÍS VASCO";26/12/2023;;
"22";"F01131978";"Udapa. Coop.";"Araba/Álava";"PAÍS VASCO";26/12/2023;;
"23";"F01160449";"Cuma Valles Alaveses S. Coop.";"Araba/Álava";"PAÍS VASCO";26/12/2023;;
"24";"F01168376";"Trujal La Equidad S. Coop.";"Araba/Álava";"PAÍS VASCO";26/12/2023;;
"25";"F01248996";"Cuma La Llanada S. Coop.";"Araba/Álava";"PAÍS VASCO";26/12/2023;;
"26";"F01265966";"Cuma Dulantzi S. Coop.";"Araba/Álava";"PAÍS VASCO";26/12/2023;;
"27";"F01268028";"Cuma Albina S. Coop.";"Araba/Álava";"PAÍS VASCO";26/12/2023;;
"28";"F01294131";"Asoloste S. Coop.";"Araba/Álava";"PAÍS VASCO";26/12/2023;;
"29";"F01322387";"Ceca Txulato S. Coop.";"Araba/Álava";"PAÍS VASCO";26/12/2023;;
"30";"F01359785";"Corporación Ovo 12 S. Coop.";"Araba/Álava";"PAÍS VASCO";26/12/2023;;
"31";"F01386937";"Cuma Pinta Entresierras S. Coop.";"Araba/Álava";"PAÍS VASCO";26/12/2023;;
"32";"F01491448";"Cuma Gorbeia S. Coop.";"Araba/Álava";"PAÍS VASCO";26/12/2023;;
"33";"F01520139";"Abere S. Coop";"Araba/Álava";"PAÍS VASCO";26/12/2023;;
"34";"F01534718";"Procesados de Patata Paturpat S. Coop";"Araba/Álava";"PAÍS VASCO";26/12/2023;;
"35";"F01537331";"Ekotarriko S. Coop. Pequeña";"Araba/Álava";"PAÍS VASCO";26/12/2023;;
"36";"F01551779";"Armendekia S. Coop. Pequeña";"Araba/Álava";"PAÍS VASCO";26/12/2023;;
"37";"F01556042";"Azkorra S. Coop. Pequeña";"Araba/Álava";"PAÍS VASCO";26/12/2023;;
"38";"F01607951";"SCA SAN LORENZO";"Huelva";"ANDALUCÍA";26/12/2023;;
"39";"F01664200";"Frutas de l'Urgell, SCCL";"Lleida";"CATALUÑA";26/12/2023;;
"40";"F01720655";"SCDAD. COOP. AGRARIA BESSONER";"Balears, Illes";"ISLAS BALEARES";26/12/2023;;
"41";"F02003200";"Cooperativa del Campo Santa Mónica S. Coop de CLM";"Albacete";"CASTILLA-LA MANCHA";26/12/2023;;
"42";"F02003218";" ""La Unión"" AB S. Coop de CLM";"Albacete";"CASTILLA-LA MANCHA";26/12/2023;;
"43";"F02003267";"Agraria Santa Quiteria S. Coop de CLM";"Albacete";"CASTILLA-LA MANCHA";26/12/2023;;
"44";"F02003275";"Bodegas San Gregorio Magno S. Coop de CLM";"Albacete";"CASTILLA-LA MANCHA";26/12/2023;;
"45";"F02003283";"Agraria San Isidro de Madrigueras S. Coop de CLM";"Albacete";"CASTILLA-LA MANCHA";26/12/2023;;
"46";"F02003333";"Nuestra Señora de Turruchel S. Coop de CLM";"Albacete";"CASTILLA-LA MANCHA";26/12/2023;;
"47";"F02003341";"San Miguel de Abengibre S. Coop de CLM";"Albacete";"CASTILLA-LA MANCHA";26/12/2023;;
"48";"F02003358";"San Isidro S. Coop de CLM";"Albacete";"CASTILLA-LA MANCHA";26/12/2023;;
"49";"F02003374";"Nuestra Señora de la Cabeza S. Coop de CLM";"Albacete";"CASTILLA-LA MANCHA";26/12/2023;;
"50";"F02003390";"Vitivinícola Santiago el Mayor S. Coop de CLM";"Albacete";"CASTILLA-LA MANCHA";26/12/2023;;
"51";"F02003457";"Bodegas San Dionisio S. Coop de CLM";"Albacete";"CASTILLA-LA MANCHA";26/12/2023;;
"52";"F02003473";"San Isidro S. Coop de CLM";"Albacete";"CASTILLA-LA MANCHA";26/12/2023;;
"53";"F02004091";"Agraria del Campo San Isidro S. Coop de CLM";"Albacete";"CASTILLA-LA MANCHA";26/12/2023;;
"54";"F02004109";"Comarcal Sierra del Segura S. Coop de CLM";"Albacete";"CASTILLA-LA MANCHA";26/12/2023;;
"55";"F02004117";"San Isidro Labrador S. Coop de CLM";"Albacete";"CASTILLA-LA MANCHA";26/12/2023;;
"56";"F02004125";"Nuestra Señora de las Cubas S. Coop de CLM";"Albacete";"CASTILLA-LA MANCHA";26/12/2023;;
"57";"F02004141";"Ontalba S. Coop de CLM";"Albacete";"CASTILLA-LA MANCHA";26/12/2023;;
"58";"F02004190";"Virgen de las Nieves S. Coop de CLM";"Albacete";"CASTILLA-LA MANCHA";26/12/2023;;
"59";"F02004224";"Ntra. Sra. De la Encarnación S. Coop de CLM";"Albacete";"CASTILLA-LA MANCHA";26/12/2023;;
"60";"F02004232";"La Alcalense S. Coop de CLM";"Albacete";"CASTILLA-LA MANCHA";26/12/2023;;
"61";"F02004257";"San Antonio Abad S. Coop de CLM";"Albacete";"CASTILLA-LA MANCHA";26/12/2023;;
"62";"F02004281";"Agraria San Antonio Abad S. Coop de CLM";"Albacete";"CASTILLA-LA MANCHA";26/12/2023;;
"63";"F02004414";"Santa Cruz de Alpera S. Coop de CLM";"Albacete";"CASTILLA-LA MANCHA";26/12/2023;;
"64";"F02004422";"Cereal Vinícola de la Encarnación S. Coop de CLM";"Albacete";"CASTILLA-LA MANCHA";26/12/2023;;
"65";"F02004455";"La Remediadora S. Coop de CLM";"Albacete";"CASTILLA-LA MANCHA";26/12/2023;;
"66";"F02004497";"Virgen del Rosario S. Coop de CLM";"Albacete";"CASTILLA-LA MANCHA";26/12/2023;;
"67";"F02004505";"San Isidro S. Coop de CLM";"Albacete";"CASTILLA-LA MANCHA";26/12/2023;;
"68";"F02004521";"Campo Santiago Apostol S. Coop de CLM";"Albacete";"CASTILLA-LA MANCHA";26/12/2023;;
"69";"F02004604";"La Manchega S. Coop de CLM";"Albacete";"CASTILLA-LA MANCHA";26/12/2023;;
"70";"F02004752";"Cooperativa Oleícola Santa Agueda y Nuestra Señora de Cortes S. Coop de CLM";"Albacete";"CASTILLA-LA MANCHA";26/12/2023;;
"71";"F02004786";"Vitivinos Anunciación S. Coop de CLM";"Albacete";"CASTILLA-LA MANCHA";26/12/2023;;
"72";"F02005080";"San Jorge S. Coop de CLM";"Albacete";"CASTILLA-LA MANCHA";26/12/2023;;
"73";"F02006062";"San Juan Bautista S. Coop de CLM";"Albacete";"CASTILLA-LA MANCHA";26/12/2023;;
"74";"F02009629";"Champinter S. Coop de CLM";"Albacete";"CASTILLA-LA MANCHA";26/12/2023;;
"75";"F02021053";"Agraria San Antón 84 S. Coop de CLM";"Albacete";"CASTILLA-LA MANCHA";26/12/2023;;
"76";"F02022143";"Villora S. Coop de CLM";"Albacete";"CASTILLA-LA MANCHA";26/12/2023;;
"77";"F02023976";"Secadema S. Coop de CLM";"Albacete";"CASTILLA-LA MANCHA";26/12/2023;;
"78";"F02042398";"Destilerías Manchegas S. Coop de CLM";"Albacete";"CASTILLA-LA MANCHA";26/12/2023;;
"79";"F02065878";"Coaba S. Coop de CLM";"Albacete";"CASTILLA-LA MANCHA";26/12/2023;;
"80";"F02066173";"Aguas Hondo de las Nogueras S. Coop de CLM";"Albacete";"CASTILLA-LA MANCHA";26/12/2023;;
"81";"F02070191";"Frigohortofruticola Caudetana, Sdad Coop.";"Albacete";"CASTILLA-LA MANCHA";26/12/2023;;
"82";"F02109197";"Sociedad Cooperativa de Castilla La Mancha Serpea";"Albacete";"CASTILLA-LA MANCHA";26/12/2023;;
"83";"F02111805";"Almazara Comarcal Sierra de Alcaraz S. Coop de CLM";"Albacete";"CASTILLA-LA MANCHA";26/12/2023;;
"84";"F02114122";"Frutos Secos Manchuela S. Coop de CLM";"Albacete";"CASTILLA-LA MANCHA";26/12/2023;;
"85";"F02116069";"El Parque de Aguas Nuevas S. Coop de CLM";"Albacete";"CASTILLA-LA MANCHA";26/12/2023;;
"86";"F02117547";"Ralcosa S. Coop de CLM";"Albacete";"CASTILLA-LA MANCHA";26/12/2023;;
"87";"F02120574";"Sat Productores de Almendra Vega Alta del Segura";"Albacete";"CASTILLA-LA MANCHA";26/12/2023;;
"88";"F02121929";"Almendras Sierra del Segura S. Coop de CLM";"Albacete";"CASTILLA-LA MANCHA";26/12/2023;;
"89";"F02126951";"Manchega de la Almendra S. Coop de CLM";"Albacete";"CASTILLA-LA MANCHA";26/12/2023;;
"90";"F02152726";"Nuestra Señora del Rosario S. Coop de CLM";"Albacete";"CASTILLA-LA MANCHA";26/12/2023;;
"91";"F02180719";"Cinegética de Alpera S. Coop de CLM";"Albacete";"CASTILLA-LA MANCHA";26/12/2023;;
"92";"F02182483";"Oleicola del Guadalimar S. Coop de CLM";"Albacete";"CASTILLA-LA MANCHA";26/12/2023;;
"93";"F02188340";"Pino Campo Villamalea S. Coop de CLM";"Albacete";"CASTILLA-LA MANCHA";26/12/2023;;
"94";"F02189942";"Frutales Santiago Apóstol S. Coop de CLM";"Albacete";"CASTILLA-LA MANCHA";26/12/2023;;
"95";"F02195071";"Nueva Sierra Agraria S. Coop de CLM";"Albacete";"CASTILLA-LA MANCHA";26/12/2023;;
"96";"F02195188";"San Roque de Tobarra S. Coop de CLM";"Albacete";"CASTILLA-LA MANCHA";26/12/2023;;
"97";"F02198992";"Sat Cañada de la hoz";"Albacete";"CASTILLA-LA MANCHA";26/12/2023;;
"98";"F02211019";"Hermanos García Romero S. Coop de CLM";"Albacete";"CASTILLA-LA MANCHA";26/12/2023;;
"99";"F02212470";"Agrícola y Forestal de Nerpio S. Coop de CLM";"Albacete";"CASTILLA-LA MANCHA";26/12/2023;;
"100";"F02216133";"Corymar S. Coop de CLM";"Albacete";"CASTILLA-LA MANCHA";26/12/2023;;
"101";"F02228096";"Vinícola Erzul S. Coop de CLM";"Albacete";"CASTILLA-LA MANCHA";26/12/2023;;
"102";"F02232155";"Villacham S. Coop de CLM";"Albacete";"CASTILLA-LA MANCHA";26/12/2023;;
"103";"F02240695";"Regantes Agua del Paraiso S. Coop de CLM";"Albacete";"CASTILLA-LA MANCHA";26/12/2023;;
"104";"F02258747";"Finca La Cañada de Valdeganga S. Coop de CLM";"Albacete";"CASTILLA-LA MANCHA";26/12/2023;;
"105";"F02269678";"Vinícola de Villarrobledo S. Coop de CLM";"Albacete";"CASTILLA-LA MANCHA";26/12/2023;;
"106";"F02289411";"Mercajucar S. Coop de CLM";"Albacete";"CASTILLA-LA MANCHA";26/12/2023;;
"107";"F02292399";"Montasa S. Coop de CLM";"Albacete";"CASTILLA-LA MANCHA";26/12/2023;;
"108";"F02293579";"Agraria Lucas Cerro S. Coop de CLM";"Albacete";"CASTILLA-LA MANCHA";26/12/2023;;
"109";"F02293587";"Agraria Casa del Río S. Coop de CLM";"Albacete";"CASTILLA-LA MANCHA";26/12/2023;;
"110";"F02308070";"Hermanos Gómez S. Coop de CLM";"Albacete";"CASTILLA-LA MANCHA";26/12/2023;;
"111";"F02308963";"Cunibañez S. Coop de CLM";"Albacete";"CASTILLA-LA MANCHA";26/12/2023;;
"112";"F02310415";"Cuarto Agustín S. Coop de CLM";"Albacete";"CASTILLA-LA MANCHA";26/12/2023;;
"113";"F02311652";"Isso 2000 S. Coop de CLM";"Albacete";"CASTILLA-LA MANCHA";26/12/2023;;
"114";"F02333433";"Toboso Picazo S. Coop de CLM";"Albacete";"CASTILLA-LA MANCHA";26/12/2023;;
"115";"F02334324";"Peyfel S. Coop de CLM";"Albacete";"CASTILLA-LA MANCHA";26/12/2023;;
"116";"F02346831";"Agro Casas S. Coop de CLM";"Albacete";"CASTILLA-LA MANCHA";26/12/2023;;
"117";"F02352573";"Hermanos Parreño, S.C.L.";"Albacete";"CASTILLA-LA MANCHA";26/12/2023;;
"118";"F02355956";"Ecoganadera de la Sierra del Segura S. Coop de CLM";"Albacete";"CASTILLA-LA MANCHA";26/12/2023;;
"119";"F02358620";"Samichamp S. Coop de CLM";"Albacete";"CASTILLA-LA MANCHA";26/12/2023;;
"120";"F02361707";"Hermanos Cuerda S. Coop de CLM";"Albacete";"CASTILLA-LA MANCHA";26/12/2023;;
"121";"F02363539";"Casa Alcocer S. Coop de CLM";"Albacete";"CASTILLA-LA MANCHA";26/12/2023;;
"122";"F02370310";"Hermanos Martínez López S. Coop de CLM";"Albacete";"CASTILLA-LA MANCHA";26/12/2023;;
"123";"F02372654";"Albaricoques Isso S. Coop de CLM";"Albacete";"CASTILLA-LA MANCHA";26/12/2023;;
"124";"F02374643";"Chamtra S. Coop de CLM";"Albacete";"CASTILLA-LA MANCHA";26/12/2023;;
"125";"F02377612";"Colladochamp S. Coop de CLM";"Albacete";"CASTILLA-LA MANCHA";26/12/2023;;
"126";"F02381218";"Champybueno S. Coop de CLM";"Albacete";"CASTILLA-LA MANCHA";26/12/2023;;
"127";"F02382018";"Cunimoti S. Coop de CLM";"Albacete";"CASTILLA-LA MANCHA";26/12/2023;;
"128";"F02386860";"Nutsachamp S. Coop de CLM";"Albacete";"CASTILLA-LA MANCHA";26/12/2023;;
"129";"F02394021";"Namar S. Coop de CLM";"Albacete";"CASTILLA-LA MANCHA";26/12/2023;;
"130";"F02409183";"Bataller Sociedad Cooperativa de Castilla La Mancha";"Albacete";"CASTILLA-LA MANCHA";26/12/2023;;
"131";"F02412062";"Abrilia S. Coop de CLM";"Albacete";"CASTILLA-LA MANCHA";26/12/2023;;
"132";"F02417657";"Sánchez Olmeda S. Coop de CLM";"Albacete";"CASTILLA-LA MANCHA";26/12/2023;;
"133";"F02442325";"Uvas Selectas de Navas S. Coop de CLM";"Albacete";"CASTILLA-LA MANCHA";26/12/2023;;
"134";"F02443323";"La Mora y los Toyos S. Coop de CLM";"Albacete";"CASTILLA-LA MANCHA";26/12/2023;;
"135";"F02450260";"Cultimar S. Coop de CLM";"Albacete";"CASTILLA-LA MANCHA";26/12/2023;;
"136";"F02450518";"Piñones de Albacete S. Coop de CLM";"Albacete";"CASTILLA-LA MANCHA";26/12/2023;;
"137";"F02451102";"Vidavi S. Coop de CLM";"Albacete";"CASTILLA-LA MANCHA";26/12/2023;;
"138";"F02451839";"Champicala S. Coop de CLM";"Albacete";"CASTILLA-LA MANCHA";26/12/2023;;
"139";"F02465367";"Finca La Palomera S. Coop de CLM";"Albacete";"CASTILLA-LA MANCHA";26/12/2023;;
"140";"F02468403";"Cañada de Valdemembra S. Coop de CLM";"Albacete";"CASTILLA-LA MANCHA";26/12/2023;;
"141";"F02474112";"Naturvilla S. Coop de CLM";"Albacete";"CASTILLA-LA MANCHA";26/12/2023;;
"142";"F02480408";"Hongofres S. Coop de CLM";"Albacete";"CASTILLA-LA MANCHA";26/12/2023;;
"143";"F02484889";"Picazo Sánchez-Moraga S. Coop de CLM";"Albacete";"CASTILLA-LA MANCHA";26/12/2023;;
"144";"F02503662";"Neofungi S. Coop de CLM";"Albacete";"CASTILLA-LA MANCHA";26/12/2023;;
"145";"F02508406";"Paños Asensio S. Coop de CLM";"Albacete";"CASTILLA-LA MANCHA";26/12/2023;;
"146";"F02518066";"Garcichamp, S. Coop de CLM";"Albacete";"CASTILLA-LA MANCHA";26/12/2023;;
"147";"F02521599";"Oleovinícola Campos de Munera S. Coop de CLM";"Albacete";"CASTILLA-LA MANCHA";26/12/2023;;
"148";"F02524973";"Vallejo de Los Lazos S. Coop de CLM";"Albacete";"CASTILLA-LA MANCHA";26/12/2023;;
"149";"F02539195";"Setas Santa Ana S. Coop de CLM";"Albacete";"CASTILLA-LA MANCHA";26/12/2023;;
"150";"F02545739";"Agrícola Mares S. Coop de CLM";"Albacete";"CASTILLA-LA MANCHA";26/12/2023;;
"151";"F02550010";"Pepema S. Coop de CLM";"Albacete";"CASTILLA-LA MANCHA";26/12/2023;;
"152";"F02554806";"Agroplaza S.C de CLM";"Albacete";"CASTILLA-LA MANCHA";26/12/2023;;
"153";"F02558856";"Corpeal Sociedad Cooperativa de Castilla La Mancha";"Albacete";"CASTILLA-LA MANCHA";26/12/2023;;
"154";"F02563195";"Setas Cocco Sociedad Cooperativa de Castilla-La Mancha";"Albacete";"CASTILLA-LA MANCHA";26/12/2023;;
"155";"F02582179";"Biochamp S. Coop. de CLM";"Albacete";"CASTILLA-LA MANCHA";26/12/2023;;
"156";"F02585495";"Azafrán Español S. Coop. de CLM";"Ciudad Real";"CASTILLA-LA MANCHA";26/12/2023;;
"157";"F02597086";"Manchuela Wines Group, S. Coop. de CLM";"Albacete";"CASTILLA-LA MANCHA";26/12/2023;;
"158";"F02602910";"El Altillo, S. Coop. de CLM";"Albacete";"CASTILLA-LA MANCHA";26/12/2023;;
"159";"F02609253";"Agro Solutions, S. Coop. de CLM";"Albacete";"CASTILLA-LA MANCHA";26/12/2023;;
"160";"F02614139";"Biocert S. Coop de CLM";"Albacete";"CASTILLA-LA MANCHA";26/12/2023;;
"161";"F02614865";"Martvic S. Coop de CLM";"Albacete";"CASTILLA-LA MANCHA";26/12/2023;;
"162";"F02615664";"Efichamp S. Coop de CLM";"Albacete";"CASTILLA-LA MANCHA";26/12/2023;;
"163";"F02739571";"SCA HABITAT AOVE";"Granada";"ANDALUCÍA";26/12/2023;;
"164";"F02998722";"Salazuri S. Coop. Pequeña";"Araba/Álava";"PAÍS VASCO";26/12/2023;;
"165";"F03013604";"Coop. Agric. Y Ganadera de Alicante, S.Coop.";"Alicante/Alacant";"COMUNIDAD VALENCIANA";26/12/2023;;
"166";"F03013745";"Cooperativa Valenciana del Campo de Benejama";"Alicante/Alacant";"COMUNIDAD VALENCIANA";26/12/2023;;
"167";"F03013794";"Coop. V. Labradores y Ganaderos Biar";"Alicante/Alacant";"COMUNIDAD VALENCIANA";26/12/2023;;
"168";"F03013828";"Coop. Agrícola Callosa d'En Sarrià Coop.V.";"Alicante/Alacant";"COMUNIDAD VALENCIANA";26/12/2023;;
"169";"F03013877";"Coop.V. del Campo de San Isidro Mirra, Coop.V.";"Alicante/Alacant";"COMUNIDAD VALENCIANA";26/12/2023;;
"170";"F03013893";"Bodega Cooperativa de Castalla, Coop.V.";"Alicante/Alacant";"COMUNIDAD VALENCIANA";26/12/2023;;
"171";"F03013919";"Cooperativa Agrícola Católica, Coop.V.";"Alicante/Alacant";"COMUNIDAD VALENCIANA";26/12/2023;;
"172";"F03013950";"Cooperativa del Campo ""Ilicitana"", Coop.V.";"Alicante/Alacant";"COMUNIDAD VALENCIANA";26/12/2023;;
"173";"F03014107";"Coop.V. Virgen Pobre de Xaló";"Alicante/Alacant";"COMUNIDAD VALENCIANA";26/12/2023;;
"174";"F03014198";"Cooperativa del Campo Sta. Mª Magdalena, Coop.V.";"Alicante/Alacant";"COMUNIDAD VALENCIANA";26/12/2023;;
"175";"F03014255";"Coop. Agrícola Valenciana ""El Progrés""";"Alicante/Alacant";"COMUNIDAD VALENCIANA";26/12/2023;;
"176";"F03014263";"Cooperativa Agrícola de Pego, Coop.V.";"Alicante/Alacant";"COMUNIDAD VALENCIANA";26/12/2023;;
"177";"F03014271";"Cooperativa Sant Blai, Coop.V.";"Alicante/Alacant";"COMUNIDAD VALENCIANA";26/12/2023;;
"178";"F03014289";"Cooperativa Agrícola de Petrer, C.V.";"Alicante/Alacant";"COMUNIDAD VALENCIANA";26/12/2023;;
"179";"F03014313";"La Bodega de Pinoso, Coop.V.";"Alicante/Alacant";"COMUNIDAD VALENCIANA";26/12/2023;;
"180";"F03014321";"Cooperativa Agrícola de Planes, Coop.V.";"Alicante/Alacant";"COMUNIDAD VALENCIANA";26/12/2023;;
"181";"F03014412";"Sdad. Coop.V. Ltda. Del Campo San Blas";"Alicante/Alacant";"COMUNIDAD VALENCIANA";26/12/2023;;
"182";"F03014545";"Agrícola Villena, Coop.V.";"Alicante/Alacant";"COMUNIDAD VALENCIANA";26/12/2023;;
"183";"F03014669";"Coop. Agrícola Católica de Orihuela, S.Coop.";"Alicante/Alacant";"COMUNIDAD VALENCIANA";26/12/2023;;
"184";"F03014735";"Coop. Agrícola de Altea, S.C.V.";"Alicante/Alacant";"COMUNIDAD VALENCIANA";26/12/2023;;
"185";"F03014776";"Coop. Virgen de la Cueva Santa, Coop.V.";"Alicante/Alacant";"COMUNIDAD VALENCIANA";26/12/2023;;
"186";"F03014792";"Cooperativa San Cristobal, C.V.";"Alicante/Alacant";"COMUNIDAD VALENCIANA";26/12/2023;;
"187";"F03014842";"Coop. Agr. Nuestra Señora de la Luz de Gayanes, Coop.V.";"Alicante/Alacant";"COMUNIDAD VALENCIANA";26/12/2023;;
"188";"F03014990";"Cooperativa de Labradores y Ganaderos Virgen de la Salud, Coop.V.";"Alicante/Alacant";"COMUNIDAD VALENCIANA";26/12/2023;;
"189";"F03015609";"Bodega Cooperativa de la Romana, Coop.V.";"Alicante/Alacant";"COMUNIDAD VALENCIANA";26/12/2023;;
"190";"F03015625";"SDAD COOP,VALENCIANA DE LABRADORES Y GANADEROS VGEN, PATROCINIO DE PENÀGUILA";"Alicante/Alacant";"COMUNIDAD VALENCIANA";26/12/2023;;
"191";"F03018058";"Bodega Ntra. Sra. De Las Virtudes, Coop.V.";"Alicante/Alacant";"COMUNIDAD VALENCIANA";26/12/2023;;
"192";"F03035672";"Bodega Cooperativa de Algueña, Coop.V.";"Alicante/Alacant";"COMUNIDAD VALENCIANA";26/12/2023;;
"193";"F03061066";"Cooperativa V. Agrícola Monforte del Cid";"Alicante/Alacant";"COMUNIDAD VALENCIANA";26/12/2023;;
"194";"F03061355";"ALBAFRUITS, Coop.V.";"Alicante/Alacant";"COMUNIDAD VALENCIANA";26/12/2023;;
"195";"F03064417";"Cooperativa del Campo Sant Jaume de Relleu, Coop.V.";"Alicante/Alacant";"COMUNIDAD VALENCIANA";26/12/2023;;
"196";"F03065604";"S.C.A. ""Montaña Vinalopó"", Coop.V.";"Alicante/Alacant";"COMUNIDAD VALENCIANA";26/12/2023;;
"197";"F03070794";"CAMBAYAS, Coop.V.";"Alicante/Alacant";"COMUNIDAD VALENCIANA";26/12/2023;;
"198";"F03071057";"Bodega Cooperativa Agrícola ""Divina Aurora"" Coop.V.";"Alicante/Alacant";"COMUNIDAD VALENCIANA";26/12/2023;;
"199";"F03125861";"S.A.T. 3.572 Almazara San Isidro de Beneixama";"Alicante/Alacant";"COMUNIDAD VALENCIANA";26/12/2023;;
"200";"F03145398";"Sociedad Cooperativa Agrícola Prov. Montañas de Alicante (SOCAPMA)";"Alicante/Alacant";"COMUNIDAD VALENCIANA";26/12/2023;;
"201";"F03164969";"Cerezas Montaña Alicante, Coop.V.";"Alicante/Alacant";"COMUNIDAD VALENCIANA";26/12/2023;;
"202";"F03245834";"Cítricos Bigastro, Coop.V.";"Alicante/Alacant";"COMUNIDAD VALENCIANA";26/12/2023;;
"203";"F03290871";"Bodegas BOCOPA";"Alicante/Alacant";"COMUNIDAD VALENCIANA";26/12/2023;;
"204";"F03551397";"Cooperativa Agrícola Olivarera de Muro de Alcoy";"Alicante/Alacant";"COMUNIDAD VALENCIANA";26/12/2023;;
"205";"F03849536";"Flomar, S.Coop.";"Alicante/Alacant";"COMUNIDAD VALENCIANA";26/12/2023;;
"206";"F04001152";"SCA CASI";"Almería";"ANDALUCÍA";26/12/2023;;
"207";"F04001780";"SCA CABASC";"Almería";"ANDALUCÍA";26/12/2023;;
"208";"F04002275";"SCA CAMPOSOL";"Almería";"ANDALUCÍA";26/12/2023;;
"209";"F04005336";"SCA SANTA MARÍA DEL ÁGUILA";"Almería";"ANDALUCÍA";26/12/2023;;
"210";"F04005344";"SCA SAN ISIDRO LABRADOR";"Almería";"ANDALUCÍA";26/12/2023;;
"211";"F04006110";"SCA EJIDOMAR";"Almería";"ANDALUCÍA";26/12/2023;;
"212";"F04008470";"SCA HORTAMAR";"Almería";"ANDALUCÍA";26/12/2023;;
"213";"F04010625";"SCA CAMPOEJIDO";"Almería";"ANDALUCÍA";26/12/2023;;
"214";"F04010955";"SCA CAMPOVICAR";"Almería";"ANDALUCÍA";26/12/2023;;
"215";"F04011375";"SCA VICASOL";"Almería";"ANDALUCÍA";26/12/2023;;
"216";"F04012365";"SCA BALERMAMAR";"Almería";"ANDALUCÍA";26/12/2023;;
"217";"F04013462";"SCA COHORSAN";"Almería";"ANDALUCÍA";26/12/2023;;
"218";"F04014825";"SCA COSUPRAL";"Almería";"ANDALUCÍA";26/12/2023;;
"219";"F04016333";"SCA LA PASTORA DE TABERNO";"Almería";"ANDALUCÍA";26/12/2023;;
"220";"F04017802";"SCA CAMPOADRA";"Almería";"ANDALUCÍA";26/12/2023;;
"221";"F04018024";"SCA LOS FILABRES";"Almería";"ANDALUCÍA";26/12/2023;;
"222";"F04026043";"SAT LAS HORTICHUELAS";"Almería";"ANDALUCÍA";26/12/2023;;
"223";"F04030672";"SCA SUCA";"Almería";"ANDALUCÍA";26/12/2023;;
"224";"F04034831";"SAT INVER";"Almería";"ANDALUCÍA";26/12/2023;;
"225";"F04043444";"SAT FERVA";"Almería";"ANDALUCÍA";26/12/2023;;
"226";"F04047783";"SCA COPROHNÍJAR";"Almería";"ANDALUCÍA";26/12/2023;;
"227";"F04057212";"SCA CONSUMOMAR";"Almería";"ANDALUCÍA";26/12/2023;;
"228";"F04150389";"SCA ANDALUZA DE EXPORTACIONES";"Almería";"ANDALUCÍA";26/12/2023;;
"229";"F04183570";"SCA PARQUE NATURAL";"Almería";"ANDALUCÍA";26/12/2023;;
"230";"F04212403";"SCA CASUR";"Almería";"ANDALUCÍA";26/12/2023;;
"231";"F04230165";"SCA FRAMI";"Almería";"ANDALUCÍA";26/12/2023;;
"232";"F04231429";"SAT DUNIAGRO";"Almería";"ANDALUCÍA";26/12/2023;;
"233";"F04241063";"SAT ALMERIFRESH";"Almería";"ANDALUCÍA";26/12/2023;;
"234";"F04248589";"SCA JENAFRUT";"Almería";"ANDALUCÍA";26/12/2023;;
"235";"F04256301";"SCA RUBIAGRO";"Almería";"ANDALUCÍA";26/12/2023;;
"236";"F04258901";"SAT GREEN COBI";"Almería";"ANDALUCÍA";26/12/2023;;
"237";"F04260139";"SAT CIRERA";"Almería";"ANDALUCÍA";26/12/2023;;
"238";"F04261210";"SAT DUNAMAR";"Almería";"ANDALUCÍA";26/12/2023;;
"239";"F04275087";"SCA SEMILLERO LA JOYA";"Almería";"ANDALUCÍA";26/12/2023;;
"240";"F04279741";"SAT HORTIHORTOFRUTÍCOLA";"Almería";"ANDALUCÍA";26/12/2023;;
"241";"F04279964";"SCA MURGI-IBÉRICA";"Almería";"ANDALUCÍA";26/12/2023;;
"242";"F04282505";"SCA COSTAFRUIT";"Almería";"ANDALUCÍA";26/12/2023;;
"243";"F04287850";"SCA GEOSUR ";"Almería";"ANDALUCÍA";26/12/2023;;
"244";"F04306205";"SCA VERDE IBÉRICA";"Almería";"ANDALUCÍA";26/12/2023;;
"245";"F04307104";"SAT COSTA DULCE";"Almería";"ANDALUCÍA";26/12/2023;;
"246";"F04314373";"SCA ISAMI";"Almería";"ANDALUCÍA";26/12/2023;;
"247";"F04323960";"SAT COSTA EJIDO";"Almería";"ANDALUCÍA";26/12/2023;;
"248";"F04324141";"SAT PISAÍCA DE LA VIRGEN";"Almería";"ANDALUCÍA";26/12/2023;;
"249";"F04354981";"SAT NATURE CHOICE";"Almería";"ANDALUCÍA";26/12/2023;;
"250";"F04364410";"SAT AGROFERVA";"Almería";"ANDALUCÍA";26/12/2023;;
"251";"F04368361";"SCA LA TAMARILLA";"Almería";"ANDALUCÍA";26/12/2023;;
"252";"F04418125";"SCA SANFRUIT";"Almería";"ANDALUCÍA";26/12/2023;;
"253";"F04473997";"SCA AGRÍCOLA RODRÍGUEZ";"Almería";"ANDALUCÍA";26/12/2023;;
"254";"F04532339";"SCA MURGIVERDE";"Almería";"ANDALUCÍA";26/12/2023;;
"255";"F04657466";"SCA ÚNICA GROUP";"Almería";"ANDALUCÍA";26/12/2023;;
"256";"F04943346";"Armoki, Koop. S. Txikia";"Araba/Álava";"PAÍS VASCO";26/12/2023;;
"257";"F05001243";"S. COOP. DEL CAMPO EL CASTILLO";"Ávila";"CASTILLA y LEÓN";26/12/2023;;
"258";"F05001276";"S. COOP. COLINA DE LA MORAÑA";"Ávila";"CASTILLA y LEÓN";26/12/2023;;
"259";"F05001664";"S. COOP. DEL CAMPO SANTO TOMAS";"Ávila";"CASTILLA y LEÓN";26/12/2023;;
"260";"F05006812";"S. COOP. ALTA MORAÑA";"Ávila";"CASTILLA y LEÓN";26/12/2023;;
"261";"F05007406";"S. COOP. TIERRA DE AREVALO";"Ávila";"CASTILLA y LEÓN";26/12/2023;;
"262";"F05029053";"S. COOP. ARVACAL";"Ávila";"CASTILLA y LEÓN";26/12/2023;;
"263";"F05116959";"S. COOP. LACTEA AREVALENSE";"Ávila";"CASTILLA y LEÓN";26/12/2023;;
"264";"F05152392";"S. COOP. GREDOSUR";"Ávila";"CASTILLA y LEÓN";26/12/2023;;
"265";"F05398789";"NOMA, S. MICROCOOP.";"Balears, Illes";"ISLAS BALEARES";26/12/2023;;
"266";"F05403241";"VAQUERIA DA LIMIA S.COOP.GALEGA";"Ourense";"GALICIA";26/12/2023;;
"267";"F06002802";"COOP. AGRÍCOLA DEL CAMPO CONSOLACIÓN";"Badajoz";"EXTREMADURA";26/12/2023;;
"268";"F06002828";"COOP. LA UNIDAD";"Badajoz";"EXTREMADURA";26/12/2023;;
"269";"F06002851";"COOP. LA BENEFICA ";"Badajoz";"EXTREMADURA";26/12/2023;;
"270";"F06002950";"COOP. SAN MAURO";"Badajoz";"EXTREMADURA";26/12/2023;;
"271";"F06003016";"COOP. OLIVAREROS DE RIBERA DEL FRESNO";"Badajoz";"EXTREMADURA";26/12/2023;;
"272";"F06003024";"COOP. SINDICAL DE REGANTES VEGAS ALTAS DEL GUADIANA";"Badajoz";"EXTREMADURA";26/12/2023;;
"273";"F06003065";"COOP. DEL CAMPO SAN ISIDRO ";"Badajoz";"EXTREMADURA";26/12/2023;;
"274";"F06003081";"COOP. SAN ISIDRO LABRADOR";"Badajoz";"EXTREMADURA";26/12/2023;;
"275";"F06003123";"COOP. STO. CRISTO DEL HUMILLADERO  ";"Badajoz";"EXTREMADURA";26/12/2023;;
"276";"F06003206";"COOP. SAN ISIDRO DE VILLAFRANCA  DE LOS BARROS";"Badajoz";"EXTREMADURA";26/12/2023;;
"277";"F06003271";"COOP. STO. CRISTO DEL ARCO TORAL ";"Badajoz";"EXTREMADURA";26/12/2023;;
"278";"F06003305";"SDAD. COOP. MONTEVIRGEN";"Badajoz";"EXTREMADURA";26/12/2023;;
"279";"F06003339";"COOP. DEL CAMPO  NUESTRO PADRE JESUS";"Badajoz";"EXTREMADURA";26/12/2023;;
"280";"F06003362";"VIRGEN DE LA ESTRELLA SDAD COOP  ";"Badajoz";"EXTREMADURA";26/12/2023;;
"281";"F06003404";"SDAD. COOP. AGRIC. SANTA MARTA VIRGEN ";"Badajoz";"EXTREMADURA";26/12/2023;;
"282";"F06003446";"COOP. CAVE  SAN JOSE";"Badajoz";"EXTREMADURA";26/12/2023;;
"283";"F06003537";"COOP. DEL CAMPO DE LA SERENA ";"Badajoz";"EXTREMADURA";26/12/2023;;
"284";"F06003842";"COOP. OLIVARERA SAN ANTONIO DE PADUA ";"Badajoz";"EXTREMADURA";26/12/2023;;
"285";"F06003883";"COOP. DEL CAMPO JUAN XXIII";"Badajoz";"EXTREMADURA";26/12/2023;;
"286";"F06003917";"COOP. NTRA. SRA. DE GUADALUPE";"Badajoz";"EXTREMADURA";26/12/2023;;
"287";"F06003925";"COOP. AGRÍCOLA COLONOS DE NOVELDA";"Badajoz";"EXTREMADURA";26/12/2023;;
"288";"F06003958";"COOP. SAN AGUSTIN OBANDO";"Badajoz";"EXTREMADURA";26/12/2023;;
"289";"F06004014";"COOP. CAMPO VEGAS ALTAS ";"Badajoz";"EXTREMADURA";26/12/2023;;
"290";"F06004030";"COOP. DEL CAMPO DE LA SAGRADA FAMILIA";"Badajoz";"EXTREMADURA";26/12/2023;;
"291";"F06004576";"COOP. DEL CAMPO SAN PEDRO ";"Badajoz";"EXTREMADURA";26/12/2023;;
"292";"F06004949";"COOP. DEL CAMPO SAN ISIDRO";"Badajoz";"EXTREMADURA";26/12/2023;;
"293";"F06005086";"COOP. CAMPO INDUSTRIAL GUADALPERALES";"Badajoz";"EXTREMADURA";26/12/2023;;
"294";"F06005094";"COOP. INMACULADA CONCEPCIÓN";"Badajoz";"EXTREMADURA";26/12/2023;;
"295";"F06005201";"SDAD. COOP. SAN JUAN ";"Badajoz";"EXTREMADURA";26/12/2023;;
"296";"F06007033";"COOP. NTRA SRA. DE PIEDRA ESCRITA";"Badajoz";"EXTREMADURA";26/12/2023;;
"297";"F06007223";"COOP. SANTA QUITERIA";"Badajoz";"EXTREMADURA";26/12/2023;;
"298";"F06009740";"COOP. NTRA. SRA. DE LA SOLEDAD";"Badajoz";"EXTREMADURA";26/12/2023;;
"299";"F06009898";"COOP. AMALIA DE SAJONIA";"Badajoz";"EXTREMADURA";26/12/2023;;
"300";"F06010490";"COOP. NTRA. SRA. DE LA CABEZA";"Badajoz";"EXTREMADURA";26/12/2023;;
"301";"F06010912";"COOP. RIO BURDALO";"Badajoz";"EXTREMADURA";26/12/2023;;
"302";"F06010995";"COOP. VEGAS BAJAS  ";"Badajoz";"EXTREMADURA";26/12/2023;;
"303";"F06011035";"STA. MARIA MAGDALENA, SDAD. COOP. LTDA.";"Badajoz";"EXTREMADURA";26/12/2023;;
"304";"F06011076";"COOP. STA MARIA EGIPCIACA";"Badajoz";"EXTREMADURA";26/12/2023;;
"305";"F06011225";"SDAD. COOP. MONTEMIEL ";"Badajoz";"EXTREMADURA";26/12/2023;;
"306";"F06011795";"SDAD. COOP. CORAZÓN DE JESÚS";"Badajoz";"EXTREMADURA";26/12/2023;;
"307";"F06012199";"COOP. TORREMEGIANA SAN ISIDRO LABRADOR";"Badajoz";"EXTREMADURA";26/12/2023;;
"308";"F06012355";"COOP. NUESTRA SEÑORA DE PERALES";"Badajoz";"EXTREMADURA";26/12/2023;;
"309";"F06013734";"SDAD. COOP. LMT. DEL CAMPO NTRA. SRA. DE BELEN ";"Badajoz";"EXTREMADURA";26/12/2023;;
"310";"F06013775";"COOP. SAN JOSE DE CALAMONTE";"Badajoz";"EXTREMADURA";26/12/2023;;
"311";"F06014484";"COOP. AGRÍCOLA DE MEDELLÍN";"Badajoz";"EXTREMADURA";26/12/2023;;
"312";"F06014567";"COOP. VIÑACANCHALOSA";"Badajoz";"EXTREMADURA";26/12/2023;;
"313";"F06014740";"SDAD. COOP. LTDA. TIERRAS GORDAS ";"Badajoz";"EXTREMADURA";26/12/2023;;
"314";"F06015283";"SDAD. COOP. LTDA. SAN ISIDRO";"Badajoz";"EXTREMADURA";26/12/2023;;
"315";"F06015556";"SDAD COOP LITDA.  DE HORNACHOS";"Badajoz";"EXTREMADURA";26/12/2023;;
"316";"F06019608";"COOP. COLONOS DE GEVORA ";"Badajoz";"EXTREMADURA";26/12/2023;;
"317";"F06020887";"COOP. AGRÍCOLA GANADERA DE CASTUERA";"Badajoz";"EXTREMADURA";26/12/2023;;
"318";"F06021067";"COOP. PEDRO DE ALVARADO";"Badajoz";"EXTREMADURA";26/12/2023;;
"319";"F06021737";"COOP. SAN JOAQUÍN";"Badajoz";"EXTREMADURA";26/12/2023;;
"320";"F06021976";"SAN VALERIANO EXTREMEÑO S.C.L";"Badajoz";"EXTREMADURA";26/12/2023;;
"321";"F06024475";"COOP. LTDA. DEL CAMPO SAN ISIDRO ";"Badajoz";"EXTREMADURA";26/12/2023;;
"322";"F06026207";"SDAD.. COOP. RINCÓN DE CAYA";"Badajoz";"EXTREMADURA";26/12/2023;;
"323";"F06026306";"ALANSER SDAD. COOP. LTDA.";"Badajoz";"EXTREMADURA";26/12/2023;;
"324";"F06028393";"COOP. AGRÍCOLA SAN ISIDRO";"Badajoz";"EXTREMADURA";26/12/2023;;
"325";"F06028625";"SDAD. COOP. LTDA. AGRICOLA GANADERA AL-KASERA ";"Badajoz";"EXTREMADURA";26/12/2023;;
"326";"F06028773";"SDAD. COOP. DEL CAMPO SAN MIGUEL DE VIVARES ";"Badajoz";"EXTREMADURA";26/12/2023;;
"327";"F06029466";"SDAD. COOP. LTDA. DEL CAMPO EL LACARA ";"Badajoz";"EXTREMADURA";26/12/2023;;
"328";"F06031801";"COOP. VEGAS DE PUEBLONUEVO";"Badajoz";"EXTREMADURA";26/12/2023;;
"329";"F06033567";"SDAD COOP GANADERA DE SALVALEON ";"Badajoz";"EXTREMADURA";26/12/2023;;
"330";"F06036107";"COOP. LA ENCINA ";"Badajoz";"EXTREMADURA";26/12/2023;;
"331";"F06036180";"COOP. SANTA CRUZ ";"Badajoz";"EXTREMADURA";26/12/2023;;
"332";"F06037386";"SDAD. COOP ALDEA DEL CONDE ";"Badajoz";"EXTREMADURA";26/12/2023;;
"333";"F06039341";"SDAD. COOP. LTDA. AGRICOLA GANADERA SAN GREGORIO ";"Badajoz";"EXTREMADURA";26/12/2023;;
"334";"F06039598";"COOP. NTRA. SRA. DE LA CARIDAD";"Badajoz";"EXTREMADURA";26/12/2023;;
"335";"F06041669";"MONTES DE SIRUELA SDAD. COOP. LTDA ";"Badajoz";"EXTREMADURA";26/12/2023;;
"336";"F06042089";"DIDAYMAZ SDAD. COOP.";"Badajoz";"EXTREMADURA";26/12/2023;;
"337";"F06047914";"COOP. EL SEÑORÍO";"Badajoz";"EXTREMADURA";26/12/2023;;
"338";"F06048946";"COOP. PRADILLO NTRA SRA DE GRACIA";"Badajoz";"EXTREMADURA";26/12/2023;;
"339";"F06058325";"COOP. CAMPO EN MARCHA";"Badajoz";"EXTREMADURA";26/12/2023;;
"340";"F06072243";"COOP. MATAQUINTEROS ";"Badajoz";"EXTREMADURA";26/12/2023;;
"341";"F06072615";"SDAD. COOP. NUEVAS INICIATIVAS SOCIALES ";"Badajoz";"EXTREMADURA";26/12/2023;;
"342";"F06111025";"FREGENAL GANADEROS DE LA SIERRA S. C. L.";"Badajoz";"EXTREMADURA";26/12/2023;;
"343";"F06122428";"SDAD. COOP. LA ENCINA DE PALAZUELO";"Badajoz";"EXTREMADURA";26/12/2023;;
"344";"F06125462";"CASTILLO DE HERRERA SDAD. COOP";"Badajoz";"EXTREMADURA";26/12/2023;;
"345";"F06132757";"COOP. OLIVARERA CABEZA DEL BUEY";"Badajoz";"EXTREMADURA";26/12/2023;;
"346";"F06133672";"SDAD. COOP. DEL CAMPO LA MILAGROSA ";"Badajoz";"EXTREMADURA";26/12/2023;;
"347";"F06139109";"ACOPAEX SDAD. COOP.";"Badajoz";"EXTREMADURA";26/12/2023;;
"348";"F06144661";"SDAD. COOP. ACEITUNERA SAN JOSÉ";"Badajoz";"EXTREMADURA";26/12/2023;;
"349";"F06153035";"ASAJA OLIVA DE LA FRONTERA, SDAD. COOP.";"Badajoz";"EXTREMADURA";26/12/2023;;
"350";"F06162150";"COOP. CAMPIÑA SUR";"Badajoz";"EXTREMADURA";26/12/2023;;
"351";"F06167894";"SDAD. COOP. CRISTO DE ORELLANA LA VIEJA ";"Badajoz";"EXTREMADURA";26/12/2023;;
"352";"F06177125";"COOP. GUADACHEL    ";"Badajoz";"EXTREMADURA";26/12/2023;;
"353";"F06181002";"COOP. SIERRA DE LAS CRUCES";"Badajoz";"EXTREMADURA";26/12/2023;;
"354";"F06191704";"COOP. SIERRA DE JEREZ ";"Badajoz";"EXTREMADURA";26/12/2023;;
"355";"F06208276";"SUMIFRUT SDAD. COOP. LTDA";"Badajoz";"EXTREMADURA";26/12/2023;;
"356";"F06209589";"SOC. COOP. AGRICOLA SAN VALENTIN";"Badajoz";"EXTREMADURA";26/12/2023;;
"357";"F06212666";"COOP. AGRIVAL";"Badajoz";"EXTREMADURA";26/12/2023;;
"358";"F06226989";"AGROCAM SDAD. COOP.";"Badajoz";"EXTREMADURA";26/12/2023;;
"359";"F06252704";"COOP. GANADERO DE SANCTI-SPIRITUS";"Badajoz";"EXTREMADURA";26/12/2023;;
"360";"F06268940";"ACOBA SDAD. COOP.";"Badajoz";"EXTREMADURA";26/12/2023;;
"361";"F06272512";"FRUTAEX SDAD. COOP";"Badajoz";"EXTREMADURA";26/12/2023;;
"362";"F06294169";"VIÑAOLIVA SDAD. COOP.";"Badajoz";"EXTREMADURA";26/12/2023;;
"363";"F06298038";"COOP. EL TOMATE";"Badajoz";"EXTREMADURA";26/12/2023;;
"364";"F06300271";"IBERICO COMERCIALIZACIÓN, SDAD. COOP. LTDA ";"Badajoz";"EXTREMADURA";26/12/2023;;
"365";"F06302087";"TROIL VEGAS ALTAS";"Badajoz";"EXTREMADURA";26/12/2023;;
"366";"F06312920";"EXTREMEÑA DE ARROCES SDAD. COOP";"Cáceres";"EXTREMADURA";26/12/2023;;
"367";"F06322887";"COOP. OLIVARERA DE LA ALBUERA ";"Badajoz";"EXTREMADURA";26/12/2023;;
"368";"F06323174";"COOP. VALDEMATE";"Badajoz";"EXTREMADURA";26/12/2023;;
"369";"F06329601";"AGROLLERENA Y COMARCA SDAD. COOP";"Badajoz";"EXTREMADURA";26/12/2023;;
"370";"F06336630";"COOP. SANTA ANA DEL CAYA";"Badajoz";"EXTREMADURA";26/12/2023;;
"371";"F06341648";"PHENIX EXTREMADURA S.C.L.";"Badajoz";"EXTREMADURA";26/12/2023;;
"372";"F06343453";"SDAD. COOP. AGRICULTORES Y GANADEROS DE AHILLONES ";"Badajoz";"EXTREMADURA";26/12/2023;;
"373";"F06351530";"TOMATES DEL GUADIANA SDAD. COOP.";"Badajoz";"EXTREMADURA";26/12/2023;;
"374";"F06352306";"EUROMIEL SCL";"Badajoz";"EXTREMADURA";26/12/2023;;
"375";"F06354054";"COOP. EL CHAPARRITO";"Badajoz";"EXTREMADURA";26/12/2023;;
"376";"F06357867";"GANADERA SIERRA DE SAN PEDRO ";"Badajoz";"EXTREMADURA";26/12/2023;;
"377";"F06361208";"COMERCIAL OVINOS S. C. L. ";"Badajoz";"EXTREMADURA";26/12/2023;;
"378";"F06387948";"TOMALIA";"Badajoz";"EXTREMADURA";26/12/2023;;
"379";"F06396667";"COOP KERKUS SUBER";"Badajoz";"EXTREMADURA";26/12/2023;;
"380";"F06399976";"COOP. EXTREMEÑA DE AJOS DE ACEUCHAL";"Badajoz";"EXTREMADURA";26/12/2023;;
"381";"F06402697";"COOP. PRONAT";"Badajoz";"EXTREMADURA";26/12/2023;;
"382";"F06415236";"COOP. AGRICOLA HORNIGUEL";"Badajoz";"EXTREMADURA";26/12/2023;;
"383";"F06418230";"ELAFRUEX ";"Badajoz";"EXTREMADURA";26/12/2023;;
"384";"F06607477";"AJOS TIERRA DE BARRO SDAD. COOP";"Badajoz";"EXTREMADURA";26/12/2023;;
"385";"F06614945";"EXPLUM, SDAD. COOP";"Badajoz";"EXTREMADURA";26/12/2023;;
"386";"F06675870";"SDAD. COOP. AGRO. PUEBLONUEVO";"Badajoz";"EXTREMADURA";26/12/2023;;
"387";"F06687156";"SDAD. COOP. SAN NICOLAS";"Badajoz";"EXTREMADURA";26/12/2023;;
"388";"F06693576";"COOP. VEGAS DEL RIO";"Badajoz";"EXTREMADURA";26/12/2023;;
"389";"F06910822";"SILVARES DE GROU, S. COOP. GALEGA";"Ourense";"GALICIA";26/12/2023;;
"390";"F07013303";"SANT BARTOMEU DE SOLLER SCL";"Balears, Illes";"ISLAS BALEARES";26/12/2023;;
"391";"F07013444";"AGRICOLA SAN ANTONIO SCL";"Balears, Illes";"ISLAS BALEARES";26/12/2023;;
"392";"F07013477";"COOPERATIVA AGRICOLA SANTA EULALIA";"Balears, Illes";"ISLAS BALEARES";26/12/2023;;
"393";"F07013485";"COOP. DEL CAMPO Y CAJA RURAL DE FORMENTERA";"Balears, Illes";"ISLAS BALEARES";26/12/2023;;
"394";"F07013592";"AGRICOLA DE PORRERES SCL";"Balears, Illes";"ISLAS BALEARES";26/12/2023;;
"395";"F07015548";"AGRICOLA MURENSE SCL";"Balears, Illes";"ISLAS BALEARES";26/12/2023;;
"396";"F07016728";"COOP. INSULAR GANADERA DE MENORCA (COINGA)";"Balears, Illes";"ISLAS BALEARES";26/12/2023;;
"397";"F07035405";"SOC. COOP. AGRICOLA SANT BARTOMEU";"Balears, Illes";"ISLAS BALEARES";26/12/2023;;
"398";"F07053259";"COOP. AGRICOLA SANT MARTÍ, SCL";"Balears, Illes";"ISLAS BALEARES";26/12/2023;;
"399";"F07073620";"AGRARIA ALPIRA D'ALGAIDA SCL";"Balears, Illes";"ISLAS BALEARES";26/12/2023;;
"400";"F07075195";"COOP. AGRICOLA DE ANDRAITX, S . COOP.";"Balears, Illes";"ISLAS BALEARES";26/12/2023;;
"401";"F07076441";"AGRI. I RAM. SANT SALVADOR SCL";"Balears, Illes";"ISLAS BALEARES";26/12/2023;;
"402";"F07077183";"AGRARIA PAGESA DE POLLENÇA SCL";"Balears, Illes";"ISLAS BALEARES";26/12/2023;;
"403";"F07082365";"AGRICOLA DE SANT JOAN SCL";"Balears, Illes";"ISLAS BALEARES";26/12/2023;;
"404";"F07082688";"AGRICOLA Y GANADERA DE LLUCMAJOR SCL";"Balears, Illes";"ISLAS BALEARES";26/12/2023;;
"405";"F07095896";"CAMP MALLORQUÍ SCL";"Balears, Illes";"ISLAS BALEARES";26/12/2023;;
"406";"F07097017";"AGRICOLA I RAMADERA DE PETRA SCL";"Balears, Illes";"ISLAS BALEARES";26/12/2023;;
"407";"F07098932";"PAGESA DE MALLORCA SCL";"Balears, Illes";"ISLAS BALEARES";26/12/2023;;
"408";"F07231186";"UCAME";"Balears, Illes";"ISLAS BALEARES";26/12/2023;;
"409";"F07887805";"AGROEIVISSA SOCIEDAD COOP.";"Balears, Illes";"ISLAS BALEARES";26/12/2023;;
"410";"F08173734";"Celler Cooperatiu de Moja, SCCL";"Barcelona";"CATALUÑA";26/12/2023;;
"411";"F08174963";"Covides, SCCL";"Barcelona";"CATALUÑA";26/12/2023;;
"412";"F08175457";"Celler Cooperatiu i Secció de Crèdit la Granada, SCCL";"Barcelona";"CATALUÑA";26/12/2023;;
"413";"F08232282";"Agrícola i Ramadera de Santpedor, SCCL";"Barcelona";"CATALUÑA";26/12/2023;;
"414";"F08235665";"Agrària Plana de Vic i Secció de Crèdit, SCCL";"Barcelona";"CATALUÑA";26/12/2023;;
"415";"F08239493";"Celler Cooperatiu de Salelles, SCCL";"Barcelona";"CATALUÑA";26/12/2023;;
"416";"F08262842";"Agro Igualada, SCCL";"Barcelona";"CATALUÑA";26/12/2023;;
"417";"F08668824";"Corma, SCCL";"Barcelona";"CATALUÑA";26/12/2023;;
"418";"F08751190";"Agropecuària Catalana, SCCL";"Barcelona";"CATALUÑA";26/12/2023;;
"419";"F08792269";"Agrària del Vallès, SCCL";"Barcelona";"CATALUÑA";26/12/2023;;
"420";"F09004003";"S. COOP. AVÍCOLA Y GANADERA DE BURGOS (COBUR)";"Burgos";"CASTILLA y LEÓN";26/12/2023;;
"421";"F09004920";"BODEGA SAN MAMES, S. COOP.";"Burgos";"CASTILLA y LEÓN";26/12/2023;;
"422";"F09005026";"BODEGA COOP. LA ASUNCION DE NTRA. SRA.";"Burgos";"CASTILLA y LEÓN";26/12/2023;;
"423";"F09005117";"BODEGA COOP. LA MILAGROSA";"Burgos";"CASTILLA y LEÓN";26/12/2023;;
"424";"F09005125";"BODEGA COOP. LOS OLMOS";"Burgos";"CASTILLA y LEÓN";26/12/2023;;
"425";"F09005158";"BODEGA TIERRA ARANDA, S. COOP.";"Burgos";"CASTILLA y LEÓN";26/12/2023;;
"426";"F09005208";"BODEGA COOP. SAN ROQUE DE LA ENCINA";"Burgos";"CASTILLA y LEÓN";26/12/2023;;
"427";"F09005349";"BODEGA COOP. NTRA. SRA. DE NAVA";"Burgos";"CASTILLA y LEÓN";26/12/2023;;
"428";"F09005356";"S. COOP. BODEGAS Y VIÑEDOS RAUDA";"Burgos";"CASTILLA y LEÓN";26/12/2023;;
"429";"F09005364";"S. COOP. NTRA. SRA. DE LOS REYES";"Burgos";"CASTILLA y LEÓN";26/12/2023;;
"430";"F09005455";"S. COOP. NTRA. SRA. DEL ROSARIO";"Burgos";"CASTILLA y LEÓN";26/12/2023;;
"431";"F09005471";"S. COOP. SANTO CRISTO DE REVECHE";"Burgos";"CASTILLA y LEÓN";26/12/2023;;
"432";"F09005521";"BODEGA COOP. SAN ANDRÉS";"Burgos";"CASTILLA y LEÓN";26/12/2023;;
"433";"F09005737";"S. COOP. SAN ANTONIO ABAD";"Burgos";"CASTILLA y LEÓN";26/12/2023;;
"434";"F09005760";"S. COOP. VIRGEN DE LA ASUNCIÓN";"Burgos";"CASTILLA y LEÓN";26/12/2023;;
"435";"F09005778";"BODEGA  COOP. SAN PEDRO REGALADO";"Burgos";"CASTILLA y LEÓN";26/12/2023;;
"436";"F09005836";"BODEGAS VILANO, S. COOP.";"Burgos";"CASTILLA y LEÓN";26/12/2023;;
"437";"F09005844";"BODEGAS TORREMORÓN, S. COOP.";"Burgos";"CASTILLA y LEÓN";26/12/2023;;
"438";"F09006230";"S. COOP. COMARCAL DEL CAMPO SANTA ISABEL";"Palencia";"CASTILLA y LEÓN";26/12/2023;;
"439";"F09007253";"S. COOP. VENTAS DE ARMENTIA";"Burgos";"CASTILLA y LEÓN";26/12/2023;;
"440";"F09009341";"S. COOP. LA CORRALA";"Burgos";"CASTILLA y LEÓN";26/12/2023;;
"441";"F09009432";"BODEGA ROQUE SAN S.COOP.";"Burgos";"CASTILLA y LEÓN";26/12/2023;;
"442";"F09012352";"S. COOP. DEL CAMPO VIRGEN DE ALTAMIRA";"Burgos";"CASTILLA y LEÓN";26/12/2023;;
"443";"F09014457";"S. COOP. DEL CAMPO SAN ISIDRO";"Burgos";"CASTILLA y LEÓN";26/12/2023;;
"444";"F09023763";"S. COOP. COMARCAL AGROPECUARIA PADRE FLOREZ";"Burgos";"CASTILLA y LEÓN";26/12/2023;;
"445";"F09023789";"S. COOP. AGROBUREBA";"Burgos";"CASTILLA y LEÓN";26/12/2023;;
"446";"F09023797";"S. COOP. VIRGEN DE BELEN";"Burgos";"CASTILLA y LEÓN";26/12/2023;;
"447";"F09023805";"ARLANZA S. COOP. PROVINCIAL";"Burgos";"CASTILLA y LEÓN";26/12/2023;;
"448";"F09023821";"S. COOP. REGIONAL LTDA. RIBERA DE DUERO (CORIDU)";"Burgos";"CASTILLA y LEÓN";26/12/2023;;
"449";"F09029489";"S. COOP. SAN ISIDRO DE LOSA ""COSIDEL""";"Burgos";"CASTILLA y LEÓN";26/12/2023;;
"450";"F09035916";"S. COOP. LIMITADA DEL CAMPO ODARPI";"Burgos";"CASTILLA y LEÓN";26/12/2023;;
"451";"F09059395";"S. COOP. SAN FORMERIO DE LA SIERRA";"Burgos";"CASTILLA y LEÓN";26/12/2023;;
"452";"F09065657";"S. COOP. BUREBA EBRO";"Burgos";"CASTILLA y LEÓN";26/12/2023;;
"453";"F09200189";"EL CARMEN DE MONTORIO, S. COOP.";"Burgos";"CASTILLA y LEÓN";26/12/2023;;
"454";"F09353996";"S. COOP. FRESNILLO";"Burgos";"CASTILLA y LEÓN";26/12/2023;;
"455";"F09384736";"S. COOP. COLEAR";"Burgos";"CASTILLA y LEÓN";26/12/2023;;
"456";"F09518747";"S. COOP. AVETOR";"Burgos";"CASTILLA y LEÓN";26/12/2023;;
"457";"F10003549";"COOP. DEL ALAGÓN (COPAL)";"Cáceres";"EXTREMADURA";26/12/2023;;
"458";"F10005122";"COOP. DEL CAMPO SAN BENITO ABAD";"Cáceres";"EXTREMADURA";26/12/2023;;
"459";"F10005130";"COOP. NTRA. SRA. DEL ROSARIO";"Cáceres";"EXTREMADURA";26/12/2023;;
"460";"F10005148";"COOP. GABRIEL Y GALÁN";"Cáceres";"EXTREMADURA";26/12/2023;;
"461";"F10005197";"COOP. DEL CAMPO SAN ROQUE ";"Cáceres";"EXTREMADURA";26/12/2023;;
"462";"F10005312";"COOP. DEL CAMPO SAN RAMON ";"Cáceres";"EXTREMADURA";26/12/2023;;
"463";"F10005494";"COOP. LA PILARICA ";"Cáceres";"EXTREMADURA";26/12/2023;;
"464";"F10005502";"COOP. LTDA. NTRA. SRA. PRADO ";"Cáceres";"EXTREMADURA";26/12/2023;;
"465";"F10005817";"COOP. DEL CAMPO NUESTRA SRA. DE LA LUZ ";"Cáceres";"EXTREMADURA";26/12/2023;;
"466";"F10005825";"COOP. SAN ISIDRO DE BROZAS ";"Cáceres";"EXTREMADURA";26/12/2023;;
"467";"F10005908";"COOP. SAN JUAN BAUTISTA ";"Cáceres";"EXTREMADURA";26/12/2023;;
"468";"F10006112";"COOP. DEL CAMPO SAN BLÁS ";"Cáceres";"EXTREMADURA";26/12/2023;;
"469";"F10006161";"COOP. DEL CAMPO LAS VILLUERCAS ";"Cáceres";"EXTREMADURA";26/12/2023;;
"470";"F10006625";"COOP. NTRA. SRA. DE LA BLANCA ";"Cáceres";"EXTREMADURA";26/12/2023;;
"471";"F10006633";"COOP. SAN ISIDRO LABRADOR TORREORGAZ ";"Cáceres";"EXTREMADURA";26/12/2023;;
"472";"F10006799";"COOP. CAMPANA DE LA MATA ";"Cáceres";"EXTREMADURA";26/12/2023;;
"473";"F10007151";"COOP. AGRICOLA SAN RAFAEL";"Cáceres";"EXTREMADURA";26/12/2023;;
"474";"F10013357";"COOP. DEL CAMPO  DE LAS NIEVES";"Cáceres";"EXTREMADURA";26/12/2023;;
"475";"F10014595";"COOP. SAN DAMASO";"Cáceres";"EXTREMADURA";26/12/2023;;
"476";"F10015063";"COOP. DEL CAMPO SAN FRANCISCO JAVIER ";"Cáceres";"EXTREMADURA";26/12/2023;;
"477";"F10015188";"COPRECA SDAD. COOP.";"Cáceres";"EXTREMADURA";26/12/2023;;
"478";"F10016327";"COOP. DEL CAMPO DIOS PADRE";"Cáceres";"EXTREMADURA";26/12/2023;;
"479";"F10017861";"SDAD. COOP. LTDA. SAN LUCAS ";"Cáceres";"EXTREMADURA";26/12/2023;;
"480";"F10018976";"UNION DE PRODUCTORES DE PIMENTÓN SDAD. COOP";"Cáceres";"EXTREMADURA";26/12/2023;;
"481";"F10019925";"COOP. SAN LORENZO ";"Cáceres";"EXTREMADURA";26/12/2023;;
"482";"F10020113";"COOP. NTRA SRA VALDEFUENTE";"Cáceres";"EXTREMADURA";26/12/2023;;
"483";"F10020154";"ACENORCA S. C. L. ";"Cáceres";"EXTREMADURA";26/12/2023;;
"484";"F10020485";"COOP. LTDA. NTRA. SRA. VIRGEN DE ARGAMASA";"Cáceres";"EXTREMADURA";26/12/2023;;
"485";"F10021343";"SAN ISIDRO DE MIAJADAS, SDAD. COOP. LTDA";"Cáceres";"EXTREMADURA";26/12/2023;;
"486";"F10021558";"SDAD. COOP. LTDA.  DEL CAMPO SAN JUAN";"Cáceres";"EXTREMADURA";26/12/2023;;
"487";"F10021780";"SDAD. COOP. NTRA. SRA. DE LOS ANGELES ";"Cáceres";"EXTREMADURA";26/12/2023;;
"488";"F10021939";"COOP. NTRA. SRA. DE PEÑAS ALBAS ";"Cáceres";"EXTREMADURA";26/12/2023;;
"489";"F10022143";"COOP. DEL VIRGEN DE FATIMA ";"Cáceres";"EXTREMADURA";26/12/2023;;
"490";"F10022333";"SDAD. COOP. SAN ANTONIO";"Cáceres";"EXTREMADURA";26/12/2023;;
"491";"F10022739";"COOP. SAN MIGUEL ARCANGEL";"Cáceres";"EXTREMADURA";26/12/2023;;
"492";"F10022747";"SDAD. COOP. CRUZ BENDITA ";"Cáceres";"EXTREMADURA";26/12/2023;;
"493";"F10022929";"COOP. ACEITUNAS VERDES DE MOHEDAS";"Cáceres";"EXTREMADURA";26/12/2023;;
"494";"F10022945";"COOP. VIRGEN DEL CARMEN ";"Cáceres";"EXTREMADURA";26/12/2023;;
"495";"F10022952";"COOP. VÍRGEN DE FÁTIMA    ";"Cáceres";"EXTREMADURA";26/12/2023;;
"496";"F10023026";"COOP. DEL CAMPO SAN SEBASTIAN ";"Cáceres";"EXTREMADURA";26/12/2023;;
"497";"F10023034";"COOP. SAN JOSÉ OBRERO";"Cáceres";"EXTREMADURA";26/12/2023;;
"498";"F10023075";"SDAD. COOP. CRISTO DE LOS REMEDIOS ";"Cáceres";"EXTREMADURA";26/12/2023;;
"499";"F10023208";"COOP. SAN JOSÉ ";"Cáceres";"EXTREMADURA";26/12/2023;;
"500";"F10023497";"COOP. DEL CAMPO SANTA LUCIA ";"Cáceres";"EXTREMADURA";26/12/2023;;
"501";"F10023505";"SDAD. COOP. LTDA. NTRA. SRA. DEL VISO";"Cáceres";"EXTREMADURA";26/12/2023;;
"502";"F10023513";"COOP. DEL CAMPO SAN ROQUE";"Cáceres";"EXTREMADURA";26/12/2023;;
"503";"F10023521";"SANTA CATALINA, SDAD. COOP.";"Cáceres";"EXTREMADURA";26/12/2023;;
"504";"F10023539";"COOP. DEL CAMPO SAN MIGUEL";"Cáceres";"EXTREMADURA";26/12/2023;;
"505";"F10023547";"COOP. SANTÍSIMO CRISTO DEL AMPARO ";"Cáceres";"EXTREMADURA";26/12/2023;;
"506";"F10023570";"COOP. DEL CAMPO SAN MARCO";"Cáceres";"EXTREMADURA";26/12/2023;;
"507";"F10023620";"COOLOSAR, S.C.A.";"Cáceres";"EXTREMADURA";26/12/2023;;
"508";"F10025815";"COOP. SAN BLAS ";"Cáceres";"EXTREMADURA";26/12/2023;;
"509";"F10026128";"AGRUPACIÓN COOP. VALLE DEL JERTE";"Cáceres";"EXTREMADURA";26/12/2023;;
"510";"F10026482";"COOP. LA ALAMEDA";"Cáceres";"EXTREMADURA";26/12/2023;;
"511";"F10026508";"SDAD. COOP. SAN ANDRES ";"Cáceres";"EXTREMADURA";26/12/2023;;
"512";"F10026706";"COOP. SAN ISIDRO DE ALCUESCAR";"Cáceres";"EXTREMADURA";26/12/2023;;
"513";"F10026896";"COOP. SAN MARCOS ";"Cáceres";"EXTREMADURA";26/12/2023;;
"514";"F10027035";"SDAD. COOP. UNIÓN OLIVARERA ";"Cáceres";"EXTREMADURA";26/12/2023;;
"515";"F10027100";"COOP. DEL CAMPO SAN ROQUE ";"Cáceres";"EXTREMADURA";26/12/2023;;
"516";"F10027423";"ACOREX S.C.L.";"Badajoz";"EXTREMADURA";26/12/2023;;
"517";"F10027852";"COOP. LA TORREÑA";"Cáceres";"EXTREMADURA";26/12/2023;;
"518";"F10027878";"COOP. SAN ISIDRO ";"Cáceres";"EXTREMADURA";26/12/2023;;
"519";"F10027886";"COOP. SAN UBALDO";"Cáceres";"EXTREMADURA";26/12/2023;;
"520";"F10028041";"SDAD. COOP. DEL CAMPO HERVAS ";"Cáceres";"EXTREMADURA";26/12/2023;;
"521";"F10028058";"COOP. SAN PABLO APOSTOL";"Cáceres";"EXTREMADURA";26/12/2023;;
"522";"F10028108";"COOP. DEL CAMPO SANTIAGO";"Cáceres";"EXTREMADURA";26/12/2023;;
"523";"F10028595";"COOP. NTRA. SRA. DE LOS HITOS";"Cáceres";"EXTREMADURA";26/12/2023;;
"524";"F10028629";"SDAD. COOP. SAN SALVADOR";"Cáceres";"EXTREMADURA";26/12/2023;;
"525";"F10028827";"SDAD. COOP. CRISTU BENDITU";"Cáceres";"EXTREMADURA";26/12/2023;;
"526";"F10028876";"COOP. SAN SEBASTIAN DE ARROYOMOLINO";"Cáceres";"EXTREMADURA";26/12/2023;;
"527";"F10029395";"COOP. DEL CAMPO SAN PEDRO DE ALCANTARA ";"Cáceres";"EXTREMADURA";26/12/2023;;
"528";"F10029452";"COOP. NTRA. SRA. DE LA CONSOLACIÓN ";"Cáceres";"EXTREMADURA";26/12/2023;;
"529";"F10030088";"COOP. SAN SEBASTIAN";"Cáceres";"EXTREMADURA";26/12/2023;;
"530";"F10031839";"SDAD. COOP. ALMAZARA ";"Cáceres";"EXTREMADURA";26/12/2023;;
"531";"F10032308";"SDAD. COOP. LA SANTA CRUZ ";"Cáceres";"EXTREMADURA";26/12/2023;;
"532";"F10032423";"SDAD. COOP. SAN JUÁN BAUTISTA ";"Cáceres";"EXTREMADURA";26/12/2023;;
"533";"F10032456";"COOP. REGADHIGOS";"Cáceres";"EXTREMADURA";26/12/2023;;
"534";"F10032662";"COOP.  ACEITUNERA SAN PEDRO DE ALCANTARA ";"Cáceres";"EXTREMADURA";26/12/2023;;
"535";"F10032944";"COOP. OLIVARERA VIRGEN DEL ENCINAR ";"Cáceres";"EXTREMADURA";26/12/2023;;
"536";"F10032951";"COOP. SANTO DOMINGO GUZMAN ";"Cáceres";"EXTREMADURA";26/12/2023;;
"537";"F10033306";"SDAD. COOP. GUALTAMINOS";"Cáceres";"EXTREMADURA";26/12/2023;;
"538";"F10033322";"COOP. AGRICOLA SAN PABLO";"Cáceres";"EXTREMADURA";26/12/2023;;
"539";"F10033462";"COOP. DEL CAMPO Y CAJA RURAL DEL SANTÍSIMO CRISTO DE LA VICTORIA ";"Cáceres";"EXTREMADURA";26/12/2023;;
"540";"F10033512";"COOP. SANTIAGO APOSTOL ";"Cáceres";"EXTREMADURA";26/12/2023;;
"541";"F10037463";"COOP Y CAJA RURAL SAN MATEOS ";"Cáceres";"EXTREMADURA";26/12/2023;;
"542";"F10040285";"COOP. DEL CAMPO GABRIEL Y GALAN ";"Cáceres";"EXTREMADURA";26/12/2023;;
"543";"F10040442";"COOP. NTRA. SRA. DE GUADALUPE";"Cáceres";"EXTREMADURA";26/12/2023;;
"544";"F10044238";"SDAD. COOP. SANTA CATALINA ";"Cáceres";"EXTREMADURA";26/12/2023;;
"545";"F10050359";"TABACO DE CACERES SDAD. COOP";"Cáceres";"EXTREMADURA";26/12/2023;;
"546";"F10055200";"COOP. AGRARIA DE NAVACONCEJO (COADENA)";"Cáceres";"EXTREMADURA";26/12/2023;;
"547";"F10055408";"COOP. LOS HUERTOS";"Cáceres";"EXTREMADURA";26/12/2023;;
"548";"F10055416";"COOP. EL BEREZAL";"Cáceres";"EXTREMADURA";26/12/2023;;
"549";"F10055424";"COOP. TIETAR ";"Cáceres";"EXTREMADURA";26/12/2023;;
"550";"F10055432";"COOP. VERA ALTA ";"Cáceres";"EXTREMADURA";26/12/2023;;
"551";"F10055440";"COOP. ROSALEJO";"Cáceres";"EXTREMADURA";26/12/2023;;
"552";"F10057016";"COOP. LOCAL DEL CAMPO NTRA. SRA. DEL CAMPO";"Cáceres";"EXTREMADURA";26/12/2023;;
"553";"F10065183";"SDAD. COOP. TABAQUERA LA UNIÓN";"Cáceres";"EXTREMADURA";26/12/2023;;
"554";"F10109296";"COTABACO";"Cáceres";"EXTREMADURA";26/12/2023;;
"555";"F10109361";"COOP. TABACOEX";"Cáceres";"EXTREMADURA";26/12/2023;;
"556";"F10140713";"COOP. CUATRO LUGARES";"Cáceres";"EXTREMADURA";26/12/2023;;
"557";"F10141653";"SOC. COOP. APIHURDES";"Cáceres";"EXTREMADURA";26/12/2023;;
"558";"F10149441";"COOP. UNEXTA ";"Cáceres";"EXTREMADURA";26/12/2023;;
"559";"F10155612";"COOP. LA JARA DEL ROMERAL ";"Cáceres";"EXTREMADURA";26/12/2023;;
"560";"F10162006";"SDAD. COOP. MOCARVA ";"Cáceres";"EXTREMADURA";26/12/2023;;
"561";"F10162964";"COOP. SAN JUAN  DE ALONSO DE OJEDA";"Cáceres";"EXTREMADURA";26/12/2023;;
"562";"F10171098";"COOP. UNION AGRICULTORES RIOLOBOS S.C.L.";"Cáceres";"EXTREMADURA";26/12/2023;;
"563";"F10180453";"SIERRA MIEL SDAD. COOP.";"Cáceres";"EXTREMADURA";26/12/2023;;
"564";"F10189751";"UCONOR";"Cáceres";"EXTREMADURA";26/12/2023;;
"565";"F10229599";"SDAD. COOP APROCEX";"Cáceres";"EXTREMADURA";26/12/2023;;
"566";"F10232619";"IBERTABACO, SDAD. COOP.";"Cáceres";"EXTREMADURA";26/12/2023;;
"567";"F10235133";"COOP. VIRGEN DEL TESO ";"Cáceres";"EXTREMADURA";26/12/2023;;
"568";"F10235554";"ACEITUNERA GRANADILLA SDAD COOP";"Cáceres";"EXTREMADURA";26/12/2023;;
"569";"F10235953";"SAT VERAFRU Nº 9940";"Cáceres";"EXTREMADURA";26/12/2023;;
"570";"F10251569";"COOP. HORTICOEX";"Cáceres";"EXTREMADURA";26/12/2023;;
"571";"F10258168";"COOP. AGROACE";"Cáceres";"EXTREMADURA";26/12/2023;;
"572";"F10259596";"COOP. COPRETAL ";"Cáceres";"EXTREMADURA";26/12/2023;;
"573";"F10262319";"IBERTABACO SDAD. COOP.";"Cáceres";"EXTREMADURA";26/12/2023;;
"574";"F10262442";"COOP. UNIÓN DE GANADEROS DE LAS TORRES";"Cáceres";"EXTREMADURA";26/12/2023;;
"575";"F10270247";"SDAD. COOP. GANADEROS DE CÁPARRA ";"Cáceres";"EXTREMADURA";26/12/2023;;
"576";"F10279552";"COOP. TORNAVALLE";"Cáceres";"EXTREMADURA";26/12/2023;;
"577";"F10319101";"SAN MARCOS DE MIAJADAS, SDAD. COOP. LTDA";"Cáceres";"EXTREMADURA";26/12/2023;;
"578";"F10368272";"COOP. RIO ALMONTE ";"Cáceres";"EXTREMADURA";26/12/2023;;
"579";"F10405058";"COOP. ALTO DE RUECAS ";"Cáceres";"EXTREMADURA";26/12/2023;;
"580";"F10436723";"BOBINO DE ESPAÑA. SDAD. COOP.";"Cáceres";"EXTREMADURA";26/12/2023;;
"581";"F11004694";"SCA EL AGRO";"Cádiz";"ANDALUCÍA";26/12/2023;;
"582";"F11004702";"SCA FRUSANA";"Cádiz";"ANDALUCÍA";26/12/2023;;
"583";"F11004744";"SCA VIRGEN DE LA CARIDAD";"Cádiz";"ANDALUCÍA";26/12/2023;;
"584";"F11004751";"SCA VIRGEN DEL ROCÍO";"Cádiz";"ANDALUCÍA";26/12/2023;;
"585";"F11004884";"COOPERATIVA AGRICOLA VIRGEN DE PALOMARES, S.C.A.";"Cádiz";"ANDALUCÍA";26/12/2023;;
"586";"F11006533";"SCA VITIVINÍCOLA SANLUQUEÑA (COVISÁN)";"Cádiz";"ANDALUCÍA";26/12/2023;;
"587";"F11010139";"SCA DIVINO SALVADOR";"Cádiz";"ANDALUCÍA";26/12/2023;;
"588";"F11012713";"SCA CAMPO DE SAN MARTÍN  DEL TESORILLO";"Cádiz";"ANDALUCÍA";26/12/2023;;
"589";"F11013653";"SCA NTRA. SRA. DEL ROSARIO";"Cádiz";"ANDALUCÍA";26/12/2023;;
"590";"F11014172";"SCA VITIVINÍCOLA ALBARIZAS";"Cádiz";"ANDALUCÍA";26/12/2023;;
"591";"F11017936";"SCA CAMPO GUADIARO";"Cádiz";"ANDALUCÍA";26/12/2023;;
"592";"F11035201";"SCA SOLIDARIDAD DE CABREROS";"Cádiz";"ANDALUCÍA";26/12/2023;;
"593";"F11050523";"COOP. AGRÍCOLA SAN PATRICIO DE CONIL SCA";"Cádiz";"ANDALUCÍA";26/12/2023;;
"594";"F11055563";"SCA AGRÍCOLA EUROPEOS";"Cádiz";"ANDALUCÍA";26/12/2023;;
"595";"F11203593";"SCA SANCHIFLOR";"Cádiz";"ANDALUCÍA";26/12/2023;;
"596";"F11284437";"SCA UNIÓN DE VITICULTORES CHICLANEROS";"Cádiz";"ANDALUCÍA";26/12/2023;;
"597";"F11367539";"SCA REMOLACHEROS DEL SUR";"Cádiz";"ANDALUCÍA";26/12/2023;;
"598";"F11479391";"SCA CAMPO DE ROTA";"Cádiz";"ANDALUCÍA";26/12/2023;;
"599";"F11603990";"SCA AGRÍCOLA ARCENSE";"Cádiz";"ANDALUCÍA";26/12/2023;;
"600";"F11604279";"SCA NTRA. SRA. DE LAS ANGUSTIAS";"Cádiz";"ANDALUCÍA";26/12/2023;;
"601";"F11604907";"S.C.A. LA SEMBRADORA EL TORNO";"Cádiz";"ANDALUCÍA";26/12/2023;;
"602";"F11604931";"SCA LA FLORIDA";"Cádiz";"ANDALUCÍA";26/12/2023;;
"603";"F11608668";"SCA VIRGEN DEL VALLE";"Cádiz";"ANDALUCÍA";26/12/2023;;
"604";"F11610144";"SCA AGRÍCOLA GANADERA SAN DIONISIO";"Cádiz";"ANDALUCÍA";26/12/2023;;
"605";"F11610680";"SCA ALCALDE NIÑO";"Cádiz";"ANDALUCÍA";26/12/2023;;
"606";"F11611035";"SCA DEL CAMPO DE VILLAMARTÍN";"Cádiz";"ANDALUCÍA";26/12/2023;;
"607";"F11612918";"SCA. SAN ISIDRO DEL GUADALETE";"Cádiz";"ANDALUCÍA";26/12/2023;;
"608";"F11927225";"SCA ALBA GANADEROS";"Granada";"ANDALUCÍA";26/12/2023;;
"609";"F12008892";"Coop.V. Agrícola de Betxí";"Castellón/Castelló";"COMUNIDAD VALENCIANA";26/12/2023;;
"610";"F12008900";"Coop. Agr. Benasalense, Coop.V.";"Castellón/Castelló";"COMUNIDAD VALENCIANA";26/12/2023;;
"611";"F12008934";"Coop. Católico Agraria Coop.V.";"Castellón/Castelló";"COMUNIDAD VALENCIANA";26/12/2023;;
"612";"F12009023";"Coop. Agr. Divina Pastora Coop.V.";"Castellón/Castelló";"COMUNIDAD VALENCIANA";26/12/2023;;
"613";"F12009049";"Coop. Agr. El Porvenir Coop.V.";"Castellón/Castelló";"COMUNIDAD VALENCIANA";26/12/2023;;
"614";"F12009056";"Coop. Agrícola El Progreso de Traiguera, Coop.V.";"Castellón/Castelló";"COMUNIDAD VALENCIANA";26/12/2023;;
"615";"F12009114";"RURALMONCOFA, COOP.V.";"Castellón/Castelló";"COMUNIDAD VALENCIANA";26/12/2023;;
"616";"F12009130";"Coop. Agr. La Unión Coop.V.";"Castellón/Castelló";"COMUNIDAD VALENCIANA";26/12/2023;;
"617";"F12009148";"Coop. Agr. La Unión de Calig Coop.V.";"Castellón/Castelló";"COMUNIDAD VALENCIANA";26/12/2023;;
"618";"F12009163";"Coop. Agr. Nª Sª del Buen Suceso de Cabanes, Coop.V.";"Castellón/Castelló";"COMUNIDAD VALENCIANA";26/12/2023;;
"619";"F12009197";"Coop. Ag. Nª Sra. Esperanza Coop.V.";"Castellón/Castelló";"COMUNIDAD VALENCIANA";26/12/2023;;
"620";"F12009213";"Coop. Agraria Sagrado Corazón De Jesús Coop.V.";"Castellón/Castelló";"COMUNIDAD VALENCIANA";26/12/2023;;
"621";"F12009239";"Coop. Agrícola San Antonio de Benicassim Coop.V.";"Castellón/Castelló";"COMUNIDAD VALENCIANA";26/12/2023;;
"622";"F12009254";"Coop. Agr. San Bartolomé, Coop.V.";"Castellón/Castelló";"COMUNIDAD VALENCIANA";26/12/2023;;
"623";"F12009262";"Coop. Ag. San Bartolomé de Adzaneta-Tossals de Penyagolossa";"Castellón/Castelló";"COMUNIDAD VALENCIANA";26/12/2023;;
"624";"F12009270";"Coop. Agrícola San Bartolomé de Torre Embesora Coop.V.";"Castellón/Castelló";"COMUNIDAD VALENCIANA";26/12/2023;;
"625";"F12009288";"Coop. Ag. Sant Bertomeu de Vilanova d'Alcolea, Coop.V.";"Castellón/Castelló";"COMUNIDAD VALENCIANA";26/12/2023;;
"626";"F12009338";"Coop. Agr. ""San Felipe Neri"" Useras";"Castellón/Castelló";"COMUNIDAD VALENCIANA";26/12/2023;;
"627";"F12009346";"Coop. Agr. San Isidro de Alcalá, Coop.V.";"Castellón/Castelló";"COMUNIDAD VALENCIANA";26/12/2023;;
"628";"F12009353";"Coop. Agr. San Isidro de Benicarló S.Coop.V.";"Castellón/Castelló";"COMUNIDAD VALENCIANA";26/12/2023;;
"629";"F12009361";"Coop. Agr. San Isidro de Canet Lo Roig, Coop.V.";"Castellón/Castelló";"COMUNIDAD VALENCIANA";26/12/2023;;
"630";"F12009379";"Coop. Agrícola San Isidro Castellón, Coop.V.";"Castellón/Castelló";"COMUNIDAD VALENCIANA";26/12/2023;;
"631";"F12009403";"Coop. A. San Isidro de Cervera del Maestre, Coop.V.";"Castellón/Castelló";"COMUNIDAD VALENCIANA";26/12/2023;;
"632";"F12009411";"Coop. Agro-Alimentaria Sant Isidre de Les Coves de Vinromà, S.Coop.";"Castellón/Castelló";"COMUNIDAD VALENCIANA";26/12/2023;;
"633";"F12009452";"Coop. Ag. San Isidro de Olocau del Rey Coop.V.";"Castellón/Castelló";"COMUNIDAD VALENCIANA";26/12/2023;;
"634";"F12009478";"Coop. Ag. San Isidro de San Jorge Coop.V.";"Castellón/Castelló";"COMUNIDAD VALENCIANA";26/12/2023;;
"635";"F12009486";"Coop. Agrícola San Isidro de Sant Mateu Coop.V.";"Castellón/Castelló";"COMUNIDAD VALENCIANA";26/12/2023;;
"636";"F12009502";"Coop. Ag. San Isidro de Tirig";"Castellón/Castelló";"COMUNIDAD VALENCIANA";26/12/2023;;
"637";"F12009510";"Coop. Agraria San Isidro Coop.V.";"Castellón/Castelló";"COMUNIDAD VALENCIANA";26/12/2023;;
"638";"F12009528";"Cooperativa Agraria San Isidro de Vall d'Alba, Coop.V.";"Castellón/Castelló";"COMUNIDAD VALENCIANA";26/12/2023;;
"639";"F12009536";"Coop. Ag. San Isidro de Vilafamés Coop.V.";"Castellón/Castelló";"COMUNIDAD VALENCIANA";26/12/2023;;
"640";"F12009544";"Coop. Ag. San Isidro de Vall d'Uixó Coop.V.";"Castellón/Castelló";"COMUNIDAD VALENCIANA";26/12/2023;;
"641";"F12009585";"Coop. Agrícola San Jaime de Alquerias Niño Perdido, S. Coop. V.";"Castellón/Castelló";"COMUNIDAD VALENCIANA";26/12/2023;;
"642";"F12009593";"Coop. Ag. San Jose de Artana Coop.V.";"Castellón/Castelló";"COMUNIDAD VALENCIANA";26/12/2023;;
"643";"F12009601";"Coop. Agr. San José de Almassora, Coop.V.";"Castellón/Castelló";"COMUNIDAD VALENCIANA";26/12/2023;;
"644";"F12009619";"Coop. Agrícola San José de Alcora Coop.V.";"Castellón/Castelló";"COMUNIDAD VALENCIANA";26/12/2023;;
"645";"F12009635";"Coop. Agr. San Jose de Burriana, Coop.V.";"Castellón/Castelló";"COMUNIDAD VALENCIANA";26/12/2023;;
"646";"F12009650";"Coop. Agricola San Jose dels Ibarsos Coop.V.";"Castellón/Castelló";"COMUNIDAD VALENCIANA";26/12/2023;;
"647";"F12009668";"Cooperativa Agrícola San Jose de Nules Coop.V.";"Castellón/Castelló";"COMUNIDAD VALENCIANA";26/12/2023;;
"648";"F12009726";"Coop. Ag. San Jose de Vilavella Coop.V.";"Castellón/Castelló";"COMUNIDAD VALENCIANA";26/12/2023;;
"649";"F12009734";"Coop. Agrícola San Juan Bautista de San Juan de Moró, Coop.V. ";"Castellón/Castelló";"COMUNIDAD VALENCIANA";26/12/2023;;
"650";"F12009783";"Coop. Ag. San Mateo Coop.V.";"Castellón/Castelló";"COMUNIDAD VALENCIANA";26/12/2023;;
"651";"F12009809";"Coop. del Camp Sant Miquel Coop.V. ";"Castellón/Castelló";"COMUNIDAD VALENCIANA";26/12/2023;;
"652";"F12009866";"Coop. Agr. San Roque de Almenara";"Castellón/Castelló";"COMUNIDAD VALENCIANA";26/12/2023;;
"653";"F12010195";"Intercoop Comercial Agropecuaria, Coop.V.";"Castellón/Castelló";"COMUNIDAD VALENCIANA";26/12/2023;;
"654";"F12010245";"Coop. Ag. Nª Sra. Asunción Coop.V.";"Castellón/Castelló";"COMUNIDAD VALENCIANA";26/12/2023;;
"655";"F12010252";"Coop. Ag. ""El Salvador"" Coop.V.";"Castellón/Castelló";"COMUNIDAD VALENCIANA";26/12/2023;;
"656";"F12010401";"Coop. Ag. San Isidro de Teresa Coop.V.";"Castellón/Castelló";"COMUNIDAD VALENCIANA";26/12/2023;;
"657";"F12010450";"COCALNI Coop.V.";"Castellón/Castelló";"COMUNIDAD VALENCIANA";26/12/2023;;
"658";"F12010500";"Coop. Agricola Sant Marc de Xert, Coop.V. ";"Castellón/Castelló";"COMUNIDAD VALENCIANA";26/12/2023;;
"659";"F12010658";"Sociedad Exportación Agrios Nº2 Moncofa Coop.V.";"Castellón/Castelló";"COMUNIDAD VALENCIANA";26/12/2023;;
"660";"F12011052";"Exportadora d'Agris d'Alcanar, SCCL";"Tarragona";"CATALUÑA";26/12/2023;;
"661";"F12011342";"Coop. Social Ganadera ""COSGA"", Coop. V.";"Castellón/Castelló";"COMUNIDAD VALENCIANA";26/12/2023;;
"662";"F12012860";"Coop. Ag. San Isidro de Santa Magdalena de Pulpis Coop.V.";"Castellón/Castelló";"COMUNIDAD VALENCIANA";26/12/2023;;
"663";"F12012985";"Coop. Ag. San Isidro Labrador de Lucena del Cid Coop.V.";"Castellón/Castelló";"COMUNIDAD VALENCIANA";26/12/2023;;
"664";"F12013074";"Cooperativa Frutícola de Betxí, Coop.V.";"Castellón/Castelló";"COMUNIDAD VALENCIANA";26/12/2023;;
"665";"F12013892";"Coop. Ag. San Vicente Ferrer Coop.V.";"Castellón/Castelló";"COMUNIDAD VALENCIANA";26/12/2023;;
"666";"F12015079";"S.A.T. 3054 San Bartolomé de Borriol";"Castellón/Castelló";"COMUNIDAD VALENCIANA";26/12/2023;;
"667";"F12016051";"VALLFRUT COOP.V.";"Castellón/Castelló";"COMUNIDAD VALENCIANA";26/12/2023;;
"668";"F12017596";"Cooperativa V. Ltda. Riegos Pla de Pinar";"Castellón/Castelló";"COMUNIDAD VALENCIANA";26/12/2023;;
"669";"F12027413";"CITRIAS, S.C.L. ";"Castellón/Castelló";"COMUNIDAD VALENCIANA";26/12/2023;;
"670";"F12031696";"Coop. de Riegos de Vall d'Uxó Coop.V.";"Castellón/Castelló";"COMUNIDAD VALENCIANA";26/12/2023;;
"671";"F12032736";"NULEXPORT COOP.V.";"Castellón/Castelló";"COMUNIDAD VALENCIANA";26/12/2023;;
"672";"F12038493";"Sdad. Cooperativa Obrera Rosellense";"Castellón/Castelló";"COMUNIDAD VALENCIANA";26/12/2023;;
"673";"F12064820";"Almazara Sierra Espadán, Coop.V.";"Castellón/Castelló";"COMUNIDAD VALENCIANA";26/12/2023;;
"674";"F12065496";"SAT 985 San Isidro Labrador de Azuebar";"Castellón/Castelló";"COMUNIDAD VALENCIANA";26/12/2023;;
"675";"F12079082";"Cooperativa Agrícola Castellnovo S.Coop.V";"Castellón/Castelló";"COMUNIDAD VALENCIANA";26/12/2023;;
"676";"F12082079";"Cooperativa Agrícola Castellnovo S.Coop.V";"Castellón/Castelló";"COMUNIDAD VALENCIANA";26/12/2023;;
"677";"F12236634";"Coop. Oleícola Serrana del Palancia, Coop. V";"Castellón/Castelló";"COMUNIDAD VALENCIANA";26/12/2023;;
"678";"F12240149";"Coop. Oleícola Alto Palancia Coop.V.";"Castellón/Castelló";"COMUNIDAD VALENCIANA";26/12/2023;;
"679";"F12289674";"Coop. Agr. Sant Pau d'Albocasser, Coop.V.";"Castellón/Castelló";"COMUNIDAD VALENCIANA";26/12/2023;;
"680";"F12351193";"ARTAN FRUT, Coop.V.";"Castellón/Castelló";"COMUNIDAD VALENCIANA";26/12/2023;;
"681";"F12354189";"SAT 9425 ""LA COSA""";"Castellón/Castelló";"COMUNIDAD VALENCIANA";26/12/2023;;
"682";"F12403291";"Almazara Olivarera Cervol S.Coop.V. 2º Grado";"Castellón/Castelló";"COMUNIDAD VALENCIANA";26/12/2023;;
"683";"F12438578";"AGROAL, Coop.V.";"Castellón/Castelló";"COMUNIDAD VALENCIANA";26/12/2023;;
"684";"F12445839";"Intercoop Consultoría, Coop.V.";"Castellón/Castelló";"COMUNIDAD VALENCIANA";26/12/2023;;
"685";"F12454187";"EUROCOCI, COOP.V.";"Castellón/Castelló";"COMUNIDAD VALENCIANA";26/12/2023;;
"686";"F12487187";"Envasadora oleicola Sierra Espadan, Coop.V.";"Castellón/Castelló";"COMUNIDAD VALENCIANA";26/12/2023;;
"687";"F12511135";"Real Export, Coop.V.";"Castellón/Castelló";"COMUNIDAD VALENCIANA";26/12/2023;;
"688";"F12535266";"Coop. Agrícola Les Alboredes de La Jana, Coop.V.";"Castellón/Castelló";"COMUNIDAD VALENCIANA";26/12/2023;;
"689";"F12550893";"Coop. Agraria Montan, Coop.V.";"Castellón/Castelló";"COMUNIDAD VALENCIANA";26/12/2023;;
"690";"F12570875";"Cooperativa de La Punta";"Castellón/Castelló";"COMUNIDAD VALENCIANA";26/12/2023;;
"691";"F12654596";"San Alfonso, Coop.V.";"Castellón/Castelló";"COMUNIDAD VALENCIANA";26/12/2023;;
"692";"F12707964";"Oleícola del Penyagolosa, Coop.V.";"Castellón/Castelló";"COMUNIDAD VALENCIANA";26/12/2023;;
"693";"F13002498";"San Lorenzo S. Coop de CLM";"Ciudad Real";"CASTILLA-LA MANCHA";26/12/2023;;
"694";"F13002522";"La Unión S. Coop de CLM";"Ciudad Real";"CASTILLA-LA MANCHA";26/12/2023;;
"695";"F13002571";"Ntra Señora del Rosario Sdad CLM";"Ciudad Real";"CASTILLA-LA MANCHA";26/12/2023;;
"696";"F13002605";"Nuestra Señora de las Nieves S. Coop de CLM";"Ciudad Real";"CASTILLA-LA MANCHA";26/12/2023;;
"697";"F13002639";"San Gregorio S. Coop de CLM";"Ciudad Real";"CASTILLA-LA MANCHA";26/12/2023;;
"698";"F13002654";"Virgen del Carmen S. Coop de CLM";"Ciudad Real";"CASTILLA-LA MANCHA";26/12/2023;;
"699";"F13002670";"San Bernabé Apostol S. Coop de CLM";"Ciudad Real";"CASTILLA-LA MANCHA";26/12/2023;;
"700";"F13002688";"Nuestra Señora de Peñarroya S. Coop de CLM";"Ciudad Real";"CASTILLA-LA MANCHA";26/12/2023;;
"701";"F13002704";"Cristo de Orense S. Coop de CLM";"Ciudad Real";"CASTILLA-LA MANCHA";26/12/2023;;
"702";"F13002746";"Bodegas Simbolo Sdad Coop de CLM Ntra Sra de Criptana";"Ciudad Real";"CASTILLA-LA MANCHA";26/12/2023;;
"703";"F13002753";"Vinícola del Carmen S. Coop de CLM";"Ciudad Real";"CASTILLA-LA MANCHA";26/12/2023;;
"704";"F13002795";"San José S. Coop de CLM";"Ciudad Real";"CASTILLA-LA MANCHA";26/12/2023;;
"705";"F13002803";"Santísimo Cristo de la Misericordia S. Coop de CLM";"Ciudad Real";"CASTILLA-LA MANCHA";26/12/2023;;
"706";"F13002811";"Nuestra Señora del Pilar S. Coop de CLM";"Ciudad Real";"CASTILLA-LA MANCHA";26/12/2023;;
"707";"F13002852";"San Isidro Labrador de Ciudad Real S. Coop de CLM";"Ciudad Real";"CASTILLA-LA MANCHA";26/12/2023;;
"708";"F13002944";"Nuestra Señora de los Baños S. Coop de CLM";"Ciudad Real";"CASTILLA-LA MANCHA";26/12/2023;;
"709";"F13002951";"Nuestra Señora de la Fe S. Coop de CLM";"Ciudad Real";"CASTILLA-LA MANCHA";26/12/2023;;
"710";"F13002969";"El Santo Cristo S. Coop de CLM";"Ciudad Real";"CASTILLA-LA MANCHA";26/12/2023;;
"711";"F13002977";"Nuestra Señora de la Encarnación S. Coop de CLM";"Ciudad Real";"CASTILLA-LA MANCHA";26/12/2023;;
"712";"F13003025";"San Isidro Labrador S. Coop de CLM";"Ciudad Real";"CASTILLA-LA MANCHA";26/12/2023;;
"713";"F13003033";"Santísimo Cristo del Espíritu Santo S. Coop de CLM";"Ciudad Real";"CASTILLA-LA MANCHA";26/12/2023;;
"714";"F13003066";"Jesús Del Perdón Bodegas Yuntero S. Coop de CLM";"Ciudad Real";"CASTILLA-LA MANCHA";26/12/2023;;
"715";"F13003116";"Tierra de Calatrava de Miguelturra S. Coop de CLM";"Ciudad Real";"CASTILLA-LA MANCHA";26/12/2023;;
"716";"F13003132";"Bodegas San Isidro de Pedro Muñoz S. Coop de CLM";"Ciudad Real";"CASTILLA-LA MANCHA";26/12/2023;;
"717";"F13003140";"Santo Cristo de la Antigua S. Coop de CLM";"Ciudad Real";"CASTILLA-LA MANCHA";26/12/2023;;
"718";"F13003157";"Nuestra Señora de los Santos S. Coop de CLM";"Ciudad Real";"CASTILLA-LA MANCHA";26/12/2023;;
"719";"F13003165";"Nuestra Señora de Mairena S. Coop de CLM";"Ciudad Real";"CASTILLA-LA MANCHA";26/12/2023;;
"720";"F13003223";"Cristo de la Vega S. Coop de CLM";"Ciudad Real";"CASTILLA-LA MANCHA";26/12/2023;;
"721";"F13003249";"Agraria Vinícola Virgen de las Viñas S. Coop de CLM";"Ciudad Real";"CASTILLA-LA MANCHA";26/12/2023;;
"722";"F13003264";"Olivarera San Isidro S. Coop de CLM";"Ciudad Real";"CASTILLA-LA MANCHA";26/12/2023;;
"723";"F13003306";"Agraria San José S. Coop de CLM";"Ciudad Real";"CASTILLA-LA MANCHA";26/12/2023;;
"724";"F13003314";"San Isidro Labrador S. Coop de CLM";"Ciudad Real";"CASTILLA-LA MANCHA";26/12/2023;;
"725";"F13003322";"Nuestra Señora de la Antigua y Santo Tomás de Villanueva S. Coop de CLM";"Ciudad Real";"CASTILLA-LA MANCHA";26/12/2023;;
"726";"F13003330";"Nuestra Señora de la Paz S. Coop de CLM";"Ciudad Real";"CASTILLA-LA MANCHA";26/12/2023;;
"727";"F13003355";"El Progreso S. Coop de CLM";"Ciudad Real";"CASTILLA-LA MANCHA";26/12/2023;;
"728";"F13003389";"Virgen del Valle S. Coop de CLM";"Ciudad Real";"CASTILLA-LA MANCHA";26/12/2023;;
"729";"F13003397";"San Jorge Martir S. Coop de CLM";"Ciudad Real";"CASTILLA-LA MANCHA";26/12/2023;;
"730";"F13003413";"La Soconcagua S. Coop de CLM";"Ciudad Real";"CASTILLA-LA MANCHA";26/12/2023;;
"731";"F13003447";"Santiago Apostol S. Coop de CLM";"Ciudad Real";"CASTILLA-LA MANCHA";26/12/2023;;
"732";"F13003660";"Cózar de la Sierra S. Coop de CLM";"Ciudad Real";"CASTILLA-LA MANCHA";26/12/2023;;
"733";"F13003868";"Nuestra Señora de la Encarnación S. Coop de CLM";"Ciudad Real";"CASTILLA-LA MANCHA";26/12/2023;;
"734";"F13004015";"Sat Grupo Cervantino";"Ciudad Real";"CASTILLA-LA MANCHA";26/12/2023;;
"735";"F13004130";"Nuestra Señora del Socorro S. Coop de CLM";"Ciudad Real";"CASTILLA-LA MANCHA";26/12/2023;;
"736";"F13004361";"Santísimo Cristo Del Valle S. Coop de CLM";"Ciudad Real";"CASTILLA-LA MANCHA";26/12/2023;;
"737";"F13004734";"La Amistad S. Coop de CLM";"Ciudad Real";"CASTILLA-LA MANCHA";26/12/2023;;
"738";"F13004957";"Olivarera de Valdepeñas ""Colival"" S. Coop de CLM";"Ciudad Real";"CASTILLA-LA MANCHA";26/12/2023;;
"739";"F13005293";"Santa Catalina S. Coop de CLM";"Ciudad Real";"CASTILLA-LA MANCHA";26/12/2023;;
"740";"F13005467";"Agraria Santisimo Cristo de Villajos S. Coop de CLM";"Ciudad Real";"CASTILLA-LA MANCHA";26/12/2023;;
"741";"F13006002";"Sat 3756CM San José";"Ciudad Real";"CASTILLA-LA MANCHA";26/12/2023;;
"742";"F13006069";"Vitivinícola San José S. Coop de CLM";"Ciudad Real";"CASTILLA-LA MANCHA";26/12/2023;;
"743";"F13006309";"Nuestra Señora de Oreto y Zuqueca S. Coop de CLM";"Ciudad Real";"CASTILLA-LA MANCHA";26/12/2023;;
"744";"F13006408";"Sat Coloman 3753";"Ciudad Real";"CASTILLA-LA MANCHA";26/12/2023;;
"745";"F13006598";"San Bartolomé Apóstol S. Coop de CLM";"Ciudad Real";"CASTILLA-LA MANCHA";26/12/2023;;
"746";"F13007901";"SAT La Carmela Nº3824";"Ciudad Real";"CASTILLA-LA MANCHA";26/12/2023;;
"747";"F13008016";"Santiago Apóstol de Tomelloso S. Coop de CLM";"Ciudad Real";"CASTILLA-LA MANCHA";26/12/2023;;
"748";"F13010897";"Sdad Coop Agraria de CLM El Robledo";"Ciudad Real";"CASTILLA-LA MANCHA";26/12/2023;;
"749";"F13011358";"Sat Nº 3.888 Virgen de Loreto";"Ciudad Real";"CASTILLA-LA MANCHA";26/12/2023;;
"750";"F13013578";"El Torreón S. Coop de CLM";"Ciudad Real";"CASTILLA-LA MANCHA";26/12/2023;;
"751";"F13016001";"Nuestra Señora del Castillo de Chillón S. Coop de CLM";"Ciudad Real";"CASTILLA-LA MANCHA";26/12/2023;;
"752";"F13017173";"Hortícola La Moraleja S. Coop de CLM";"Ciudad Real";"CASTILLA-LA MANCHA";26/12/2023;;
"753";"F13020607";"Agropecuaria La Fuente S. Coop de CLM";"Ciudad Real";"CASTILLA-LA MANCHA";26/12/2023;;
"754";"F13020755";"Los Llanos S. Coop de CLM";"Ciudad Real";"CASTILLA-LA MANCHA";26/12/2023;;
"755";"F13021985";"Rosela S. Coop de CLM";"Ciudad Real";"CASTILLA-LA MANCHA";26/12/2023;;
"756";"F13025044";"Agricola y Ganadera San Pantaleón S. Coop de CLM";"Ciudad Real";"CASTILLA-LA MANCHA";26/12/2023;;
"757";"F13026463";"Los Pozos de Daimiel S. Coop de CLM";"Ciudad Real";"CASTILLA-LA MANCHA";26/12/2023;;
"758";"F13031653";"Molino de Habar S. Coop de CLM";"Ciudad Real";"CASTILLA-LA MANCHA";26/12/2023;;
"759";"F13032123";"Ganaderos Manchegos S. Coop de CLM";"Ciudad Real";"CASTILLA-LA MANCHA";26/12/2023;;
"760";"F13034038";"Santo Domingo de Guzmán S. Coop de CLM";"Ciudad Real";"CASTILLA-LA MANCHA";26/12/2023;;
"761";"F13036116";"Sat Juan Pablo II";"Ciudad Real";"CASTILLA-LA MANCHA";26/12/2023;;
"762";"F13036173";"Vinícola de Tomelloso S. Coop de CLM";"Ciudad Real";"CASTILLA-LA MANCHA";26/12/2023;;
"763";"F13040035";"Agraria La Peana S. Coop de CLM";"Ciudad Real";"CASTILLA-LA MANCHA";26/12/2023;;
"764";"F13044144";"Ganaderos de Agudo S. Coop de CLM";"Ciudad Real";"CASTILLA-LA MANCHA";26/12/2023;;
"765";"F13045174";"Espigas y Reses S. Coop de CLM";"Ciudad Real";"CASTILLA-LA MANCHA";26/12/2023;;
"766";"F13110390";"Sánchez Sobrino S. Coop de CLM";"Ciudad Real";"CASTILLA-LA MANCHA";26/12/2023;;
"767";"F13120522";"Sertyman S. Coop de CLM";"Ciudad Real";"CASTILLA-LA MANCHA";26/12/2023;;
"768";"F13123229";"Ganaderos de Chillón S. Coop de CLM";"Ciudad Real";"CASTILLA-LA MANCHA";26/12/2023;;
"769";"F13143938";"Virgen del Monte de Agricultores y Ganaderos S. Coop de CLM";"Ciudad Real";"CASTILLA-LA MANCHA";26/12/2023;;
"770";"F13153895";"El Arriero S. Coop de CLM";"Ciudad Real";"CASTILLA-LA MANCHA";26/12/2023;;
"771";"F13153911";"El Rubial S. Coop de CLM";"Ciudad Real";"CASTILLA-LA MANCHA";26/12/2023;;
"772";"F13182522";"Campo de Montiel S. Coop de CLM";"Ciudad Real";"CASTILLA-LA MANCHA";26/12/2023;;
"773";"F13189667";"Montes Norte S. Coop de CLM";"Ciudad Real";"CASTILLA-LA MANCHA";26/12/2023;;
"774";"F13191994";"Agraria Orden de Calatrava S. Coop de CLM";"Ciudad Real";"CASTILLA-LA MANCHA";26/12/2023;;
"775";"F13230388";"Sat 9775CM Hortiman";"Ciudad Real";"CASTILLA-LA MANCHA";26/12/2023;;
"776";"F13251491";"El Asilo S. Coop de CLM";"Ciudad Real";"CASTILLA-LA MANCHA";26/12/2023;;
"777";"F13254354";"Las Envidias S. Coop de CLM";"Ciudad Real";"CASTILLA-LA MANCHA";26/12/2023;;
"778";"F13269824";"Agro-Ureña S. Coop de CLM";"Ciudad Real";"CASTILLA-LA MANCHA";26/12/2023;;
"779";"F13300181";"Montes de Cabañeros S. Coop de CLM";"Ciudad Real";"CASTILLA-LA MANCHA";26/12/2023;;
"780";"F13300272";"Río Cañamares S. Coop de CLM";"Ciudad Real";"CASTILLA-LA MANCHA";26/12/2023;;
"781";"F13306279";"Castillo de Salvatierra S. Coop de CLM";"Ciudad Real";"CASTILLA-LA MANCHA";26/12/2023;;
"782";"F13333877";"Sat Los Auriles";"Ciudad Real";"CASTILLA-LA MANCHA";26/12/2023;;
"783";"F13341441";"Sat Alifer";"Ciudad Real";"CASTILLA-LA MANCHA";26/12/2023;;
"784";"F13347034";"Valle de Alcudia S. Coop de CLM";"Ciudad Real";"CASTILLA-LA MANCHA";26/12/2023;;
"785";"F13372438";"Castillo de Montiel S. Coop de CLM";"Ciudad Real";"CASTILLA-LA MANCHA";26/12/2023;;
"786";"F13372719";"Olivarera de Socuéllamos S. Coop de CLM";"Ciudad Real";"CASTILLA-LA MANCHA";26/12/2023;;
"787";"F13378005";"Oleovinícola Campo de Calatrava S. Coop de CLM";"Ciudad Real";"CASTILLA-LA MANCHA";26/12/2023;;
"788";"F13396080";"Los Tirsos S. Coop de CLM";"Ciudad Real";"CASTILLA-LA MANCHA";26/12/2023;;
"789";"F13397070";"Hercoliva S. Coop de CLM";"Ciudad Real";"CASTILLA-LA MANCHA";26/12/2023;;
"790";"F13399662";"Olivicultores de Cabezarrubias del Puerto S. Coop de CLM";"Ciudad Real";"CASTILLA-LA MANCHA";26/12/2023;;
"791";"F13402037";"Finca La Dehesa S. Coop de CLM";"Ciudad Real";"CASTILLA-LA MANCHA";26/12/2023;;
"792";"F13402557";"Llanos de Guadalmez S. Coop de CLM";"Ciudad Real";"CASTILLA-LA MANCHA";26/12/2023;;
"793";"F13408323";"Cooperativa Estrecho de Peñarroya S. Coop de CLM";"Ciudad Real";"CASTILLA-LA MANCHA";26/12/2023;;
"794";"F13449970";"Suministros Agrícolas de Pedro Muñoz S. Coop de CLM";"Ciudad Real";"CASTILLA-LA MANCHA";26/12/2023;;
"795";"F13463146";"Galán de Membrilla Bodegas Rezuelo S. Coop de CLM";"Ciudad Real";"CASTILLA-LA MANCHA";26/12/2023;;
"796";"F13466347";"Agroexplotaciones Gil Serrano S. Coop de CLM";"Ciudad Real";"CASTILLA-LA MANCHA";26/12/2023;;
"797";"F13467287";"Unión Santiago y San Miguel S. Coop de CLM";"Ciudad Real";"CASTILLA-LA MANCHA";26/12/2023;;
"798";"F13467295";"Oleovinícola Laboreña S. Coop de CLM";"Ciudad Real";"CASTILLA-LA MANCHA";26/12/2023;;
"799";"F13498928";"Cooperativa de Castellar de Santiago de 2º Grado S. Coop de CLM";"Ciudad Real";"CASTILLA-LA MANCHA";26/12/2023;;
"800";"F13499009";"Hermanos Ruíz Navarro S. Coop de CLM";"Ciudad Real";"CASTILLA-LA MANCHA";26/12/2023;;
"801";"F13524988";"Ovinos Entrefinos Monte Sur S. Coop de CLM";"Ciudad Real";"CASTILLA-LA MANCHA";26/12/2023;;
"802";"F13537329";"Ganaderias Sostenibles S. Coop de CLM";"Ciudad Real";"CASTILLA-LA MANCHA";26/12/2023;;
"803";"F13590666";"Vinícola de Valdepeñas S. Coop de CLM";"Ciudad Real";"CASTILLA-LA MANCHA";26/12/2023;;
"804";"F13602719";"Vidasol, S. Coop. de CLM";"Ciudad Real";"CASTILLA-LA MANCHA";26/12/2023;;
"805";"F13626452";"Oleo Vidabol S. Coop de CLM";"Ciudad Real";"CASTILLA-LA MANCHA";26/12/2023;;
"806";"F14010664";"S.COOP.AND. OLIVARERA SANTIAGO APÓSTOL ";"Córdoba";"ANDALUCÍA";26/12/2023;;
"807";"F14010730";"S.COOP.AND. OLIVARERA NTRA. SRA. DEL CARMEN";"Córdoba";"ANDALUCÍA";26/12/2023;;
"808";"F14010755";"S.COOP.AND. NTRA. SRA. CONSOLACIÓN";"Córdoba";"ANDALUCÍA";26/12/2023;;
"809";"F14010763";"S.COOP.AND. NTRA. SRA. DEL ROSARIO ";"Córdoba";"ANDALUCÍA";26/12/2023;;
"810";"F14010771";"S.COOP.AND.  OLIV. Y  CEREAL. SAN SEBASTIÁN";"Córdoba";"ANDALUCÍA";26/12/2023;;
"811";"F14010862";"S.COOP.AND. VITIVINÍCOLA SAN ACACIO";"Córdoba";"ANDALUCÍA";26/12/2023;;
"812";"F14011100";"S.COOP.AND.  NTRA. SRA. DE GUÍA";"Córdoba";"ANDALUCÍA";26/12/2023;;
"813";"F14011134";"S.COOP.AND. DE LABRADORES Y GANADEROS";"Córdoba";"ANDALUCÍA";26/12/2023;;
"814";"F14011217";"S.COOP.AND. AGRICOLA LA AURORA";"Córdoba";"ANDALUCÍA";26/12/2023;;
"815";"F14011241";"S.COOP.AND. NTRA. SRA. PERPETUO SOCORRO";"Córdoba";"ANDALUCÍA";26/12/2023;;
"816";"F14011464";"S.COOP.AND. COOP. AGRÍC. NTRA. MADRE DEL SOL";"Córdoba";"ANDALUCÍA";26/12/2023;;
"817";"F14011522";"S.COOP.AND. DEL CAMPO NTRA. SRA. DE GRACIA";"Córdoba";"ANDALUCÍA";26/12/2023;;
"818";"F14011530";"S.COOP.AND. OLIVARERA VIRGEN DEL CAMPO";"Córdoba";"ANDALUCÍA";26/12/2023;;
"819";"F14011548";"S.COOP.AND. NTRA. SRA. DE LOS DESAMPARADOS";"Córdoba";"ANDALUCÍA";26/12/2023;;
"820";"F14011555";"S.COOP.AND. OLIV. NTRA. SRA. DE LUNA  ";"Córdoba";"ANDALUCÍA";26/12/2023;;
"821";"F14011563";"S.COOP.AND. COOP. AGRICOLA DE REGANTES";"Córdoba";"ANDALUCÍA";26/12/2023;;
"822";"F14011662";"S.COOP.AND. COOPERATIVA GANADERA  CORDOBESA";"Córdoba";"ANDALUCÍA";26/12/2023;;
"823";"F14011688";"S.COOP.AND. COOP. AGRICOLA DE RUTE";"Córdoba";"ANDALUCÍA";26/12/2023;;
"824";"F14011712";"S.COOP.AND. DEL CAMPO SAN ANTONIO ABAD ";"Córdoba";"ANDALUCÍA";26/12/2023;;
"825";"F14012108";"S.COOP.AND. OLIV. LTDA. JESÚS NAZARENO";"Córdoba";"ANDALUCÍA";26/12/2023;;
"826";"F14012116";"S.COOP.AND. OLIVARERA DE CABRA";"Córdoba";"ANDALUCÍA";26/12/2023;;
"827";"F14012124";"S.COOP.AND. NTRO. PADRE JESUS DE LAS PENAS";"Córdoba";"ANDALUCÍA";26/12/2023;;
"828";"F14012132";"S.COOP.AND. OLIVARERA DE LUCENA";"Córdoba";"ANDALUCÍA";26/12/2023;;
"829";"F14012140";"S.COOP.AND. OLIV. Y CER. NTRO. PADRE JESÚS";"Córdoba";"ANDALUCÍA";26/12/2023;;
"830";"F14012157";"S.COOP.AND. OLIV. CEREALISTA NTRA. SRA DEL VALLE";"Córdoba";"ANDALUCÍA";26/12/2023;;
"831";"F14012165";"S.COOP.AND.  NTRA. SRA. DEL ROSARIO ";"Córdoba";"ANDALUCÍA";26/12/2023;;
"832";"F14012215";"S.COOP.AND. OLIV. JESÚS NAZARENO";"Córdoba";"ANDALUCÍA";26/12/2023;;
"833";"F14012223";"S.COOP.AND. N. SRA. DEL CARMEN";"Córdoba";"ANDALUCÍA";26/12/2023;;
"834";"F14012264";"S.COOP.AND.  OLIV. VIRGEN DE LA ESTRELLA";"Córdoba";"ANDALUCÍA";26/12/2023;;
"835";"F14012280";"S.COOP.AND. NTRA. SRA. DEL ROSARIO";"Córdoba";"ANDALUCÍA";26/12/2023;;
"836";"F14012298";"S.COOP.AND. ALMAZARA DE LUQUE";"Córdoba";"ANDALUCÍA";26/12/2023;;
"837";"F14012306";"S.COOP.AND. OLIVARERA LOS PEDROCHES";"Córdoba";"ANDALUCÍA";26/12/2023;;
"838";"F14012314";"S.COOP.AND. OLIVARERA PONTANENSE";"Córdoba";"ANDALUCÍA";26/12/2023;;
"839";"F14012322";"S.COOP.AND. OLIVARERA LA PURÍSIMA";"Córdoba";"ANDALUCÍA";26/12/2023;;
"840";"F14012330";"S.COOP.AND. OLIVARERA SAN ISIDRO ";"Córdoba";"ANDALUCÍA";26/12/2023;;
"841";"F14012348";"S.COOP.AND. COOP OLIVARERA SAN ISIDRO ";"Córdoba";"ANDALUCÍA";26/12/2023;;
"842";"F14012355";"S.COOP.AND. OLIVARERA SAN ISIDRO";"Córdoba";"ANDALUCÍA";26/12/2023;;
"843";"F14012371";"S.COOP.AND. SANTA MARINA DE AGUAS SANTAS";"Córdoba";"ANDALUCÍA";26/12/2023;;
"844";"F14012397";"S.COOP.AND.  OLIVARERA DEL GUADIATO";"Córdoba";"ANDALUCÍA";26/12/2023;;
"845";"F14012900";"S.COOP.AND.  OLIV. SAN JOSÉ";"Córdoba";"ANDALUCÍA";26/12/2023;;
"846";"F14012983";"S.COOP.AND. OLIV. NTRA. SRA. DE GUADALUPE";"Córdoba";"ANDALUCÍA";26/12/2023;;
"847";"F14013023";"S.COOP.AND. AGR. NTRA. SRA. DE LA CABEZA";"Córdoba";"ANDALUCÍA";26/12/2023;;
"848";"F14013130";"S.COOP.AND. AGR. NTRA. SRA. DE LA SALUD";"Córdoba";"ANDALUCÍA";26/12/2023;;
"849";"F14013221";"S.COOP.AND. OLIV. NTRA. SRA. DE ARACELI";"Córdoba";"ANDALUCÍA";26/12/2023;;
"850";"F14013239";"S.COOP.AND.  NTRA. SRA. DE LA ASUNCIÓN";"Córdoba";"ANDALUCÍA";26/12/2023;;
"851";"F14013601";"S.COOP.AND. NTRA. SRA. DE LA MERCED ";"Córdoba";"ANDALUCÍA";26/12/2023;;
"852";"F14014245";"S.COOP.AND. COVAP";"Córdoba";"ANDALUCÍA";26/12/2023;;
"853";"F14014310";"S.COOP.AND. AGROPECUARIA SAN ISIDRO";"Córdoba";"ANDALUCÍA";26/12/2023;;
"854";"F14014328";"S.COOP.AND. AGR. ABEN-CALEZ";"Córdoba";"ANDALUCÍA";26/12/2023;;
"855";"F14014955";"S.COOP.AND. COOP. AGR. DE REGANTES SAN RAFAEL  ";"Córdoba";"ANDALUCÍA";26/12/2023;;
"856";"F14015036";"S.COOP.AND. VITIVINÍCOLA LOCAL";"Córdoba";"ANDALUCÍA";26/12/2023;;
"857";"F14015168";"S.COOP.AND. OLIV. NTRA. SRA. DE LA SALUD";"Córdoba";"ANDALUCÍA";26/12/2023;;
"858";"F14015234";"S.COOP.AND. VITIV. SAN JERÓNIMO";"Córdoba";"ANDALUCÍA";26/12/2023;;
"859";"F14015242";"S.COOP.AND. BODEGAS JESÚS NAZARENO";"Córdoba";"ANDALUCÍA";26/12/2023;;
"860";"F14015622";"S.COOP.AND. AGROP. SAN FRANCISCO DE BORJA ";"Córdoba";"ANDALUCÍA";26/12/2023;;
"861";"F14015986";"S.COOP.AND. OLIVARERA DE MONTORO";"Córdoba";"ANDALUCÍA";26/12/2023;;
"862";"F14016232";"S.COOP.AND. OLIV. SAN JOSÉ";"Córdoba";"ANDALUCÍA";26/12/2023;;
"863";"F14016547";"S.COOP.AND. VITIVINICOLA  LA PURÍSIMA ";"Córdoba";"ANDALUCÍA";26/12/2023;;
"864";"F14016729";"S.COOP.AND. OLEÍCOLA EL TEJAR N.S. ARACELI";"Córdoba";"ANDALUCÍA";26/12/2023;;
"865";"F14017065";"S.COOP.AND. NTRA SRA. DEL VALLE RICO";"Córdoba";"ANDALUCÍA";26/12/2023;;
"866";"F14017305";"S.COOP.AND. VITIV. NTRA. SRA. DEL ROSARIO";"Córdoba";"ANDALUCÍA";26/12/2023;;
"867";"F14017461";"S.COOP.AND. OLIVARERA GERMÁN BAENA";"Córdoba";"ANDALUCÍA";26/12/2023;;
"868";"F14017511";"S.COOP.AND. NTRA. SRA. DE LA PIEDAD";"Córdoba";"ANDALUCÍA";26/12/2023;;
"869";"F14017842";"S.A.T. ALBARIZAS Nº 2.423";"Córdoba";"ANDALUCÍA";26/12/2023;;
"870";"F14018022";"S.COOP.AND. VIRGEN DE LA TORRE";"Córdoba";"ANDALUCÍA";26/12/2023;;
"871";"F14019988";"S.COOP.AND. SAN JOSÉ";"Córdoba";"ANDALUCÍA";26/12/2023;;
"872";"F14020440";"S.COOP.AND. AGRÍC. SAN ISIDRO LABRADOR";"Córdoba";"ANDALUCÍA";26/12/2023;;
"873";"F14024103";"S.COOP.AND. ADEREZOLIVA";"Córdoba";"ANDALUCÍA";26/12/2023;;
"874";"F14025605";"S.A.T. Nº 1187 SAN ANTONIO ";"Córdoba";"ANDALUCÍA";26/12/2023;;
"875";"F14025977";"S.COOP.AND. SAN ROQUE";"Córdoba";"ANDALUCÍA";26/12/2023;;
"876";"F14026249";"S.COOP.AND. LA UNIÓN DE BUJALANCE";"Córdoba";"ANDALUCÍA";26/12/2023;;
"877";"F14027007";"S.COOP.AND. ALMAZARA SAN BARTOLOMÉ";"Córdoba";"ANDALUCÍA";26/12/2023;;
"878";"F14028849";"S.COOP.AND. LA UNIÓN DE MONTILLA";"Córdoba";"ANDALUCÍA";26/12/2023;;
"879";"F14063648";"S.COOP.AND. CORPEDROCHES";"Córdoba";"ANDALUCÍA";26/12/2023;;
"880";"F14063804";"S.COOP.AND. VIRGEN DE ALCANTARILLA";"Córdoba";"ANDALUCÍA";26/12/2023;;
"881";"F14087100";"S.COOP.AND. EL CAJILÓN";"Córdoba";"ANDALUCÍA";26/12/2023;;
"882";"F14104905";"S.COOP.AND. SAN ISIDRO LABRADOR";"Córdoba";"ANDALUCÍA";26/12/2023;;
"883";"F14205843";"S.COOP.AND. AGRARIA NATALIO RIVAS";"Córdoba";"ANDALUCÍA";26/12/2023;;
"884";"F14219265";"S.COOP.AND. HORTOFRUTICOLA LAS HUERTAS";"Córdoba";"ANDALUCÍA";26/12/2023;;
"885";"F14221121";"S.COOP.AND. AGROPECUARIA DE PEDROCHE";"Córdoba";"ANDALUCÍA";26/12/2023;;
"886";"F14500870";"S.COOP.AND. DEHESA DE LOS PEDROCHES";"Córdoba";"ANDALUCÍA";26/12/2023;;
"887";"F14537849";"S.A.T. VIRGEN DE LA OLIVA";"Córdoba";"ANDALUCÍA";26/12/2023;;
"888";"F14571483";"S.COOP.AND.  LAS CINCO VILLAS";"Córdoba";"ANDALUCÍA";26/12/2023;;
"889";"F14615983";"S.A.T. OLEOPALMA";"Córdoba";"ANDALUCÍA";26/12/2023;;
"890";"F14803241";"S.COOP.AND . ALMAZARA DE LA SUBBÉTICA S.C.A";"Córdoba";"ANDALUCÍA";26/12/2023;;
"891";"F14825343";"FEDEPROL CÓRDOBA S.COOP.AND.  2º GRADO";"Córdoba";"ANDALUCÍA";26/12/2023;;
"892";"F14833982";"S.COOP.AND. CERESUR ";"Córdoba";"ANDALUCÍA";26/12/2023;;
"893";"F14880736";"S.COOP.AND. SUFECO";"Córdoba";"ANDALUCÍA";26/12/2023;;
"894";"F14890339";"S.COOP.AND. MERINO DEL SUR";"Córdoba";"ANDALUCÍA";26/12/2023;;
"895";"F14968499";"EA GROUP S.C";"Badajoz";"EXTREMADURA";26/12/2023;;
"896";"F15000177";"COOPERATIVA AGRARIA PROVINCIAL DE A CORUÑA, S. COOP. GALEGA";"Coruña, A";"GALICIA";26/12/2023;;
"897";"F15013915";"COOPERATIVA AGRARIA DE MEIRÁS, S. COOP. GALEGA";"Coruña, A";"GALICIA";26/12/2023;;
"898";"F15017007";"A CAPELA, S. COOP. GALEGA";"Coruña, A";"GALICIA";26/12/2023;;
"899";"F15020290";"XALLAS- SANTA COMBA, S. COOP. GALEGA";"Coruña, A";"GALICIA";26/12/2023;;
"900";"F15021272";"PLANTEL DE BETANZOS, S. COOP. GALEGA";"Coruña, A";"GALICIA";26/12/2023;;
"901";"F15022817";"SAN VICENTE DE VILABOA, S. COOP. GALEGA";"Coruña, A";"GALICIA";26/12/2023;;
"902";"F15025810";"CUSOVIAME, S. COOP. GALEGA";"Coruña, A";"GALICIA";26/12/2023;;
"903";"F15030141";"COOPERATIVA DE LAGO, S. COOP. GALEGA";"Coruña, A";"GALICIA";26/12/2023;;
"904";"F15044407";"VALXESTOSO, S. COOP. GALEGA";"Coruña, A";"GALICIA";26/12/2023;;
"905";"F15049638";"COBA DE VALES, S. COOP. GALEGA";"Coruña, A";"GALICIA";26/12/2023;;
"906";"F15076862";"AGROFLOR, S. COOP. GALEGA";"Coruña, A";"GALICIA";26/12/2023;;
"907";"F15083785";"COPORC, S. COOP. GALEGA";"Coruña, A";"GALICIA";26/12/2023;;
"908";"F15110430";"LEITEIRA PICO-SACRO, S. COOP. GALEGA";"Coruña, A";"GALICIA";26/12/2023;;
"909";"F15232937";"ERICA MEL, S. COOP. GALEGA";"Coruña, A";"GALICIA";26/12/2023;;
"910";"F15505787";"PRODUCTORES TERNERA GALLEGA ""PROTERGA"", S.COOP.GALEGA";"Lugo";"GALICIA";26/12/2023;;
"911";"F15575087";"ARTESANS GANDEIROS, S. COOP. GALEGA";"Lugo";"GALICIA";26/12/2023;;
"912";"F15964943";"GANXABAR, S. COOP. GALEGA";"Coruña, A";"GALICIA";26/12/2023;;
"913";"F16002511";"San Isidro Labrador S. Coop de CLM";"Cuenca";"CASTILLA-LA MANCHA";26/12/2023;;
"914";"F16002545";"Dulce Nombre de Jesús S. Coop de CLM";"Cuenca";"CASTILLA-LA MANCHA";26/12/2023;;
"915";"F16002578";"Nuestra Señora de la Asunción S. Coop de CLM";"Cuenca";"CASTILLA-LA MANCHA";26/12/2023;;
"916";"F16002602";"La Aliaguillera S. Coop de CLM";"Cuenca";"CASTILLA-LA MANCHA";26/12/2023;;
"917";"F16002628";"San Andrés Apostol S. Coop de CLM";"Cuenca";"CASTILLA-LA MANCHA";26/12/2023;;
"918";"F16002644";"San Isidro S. Coop de CLM";"Cuenca";"CASTILLA-LA MANCHA";26/12/2023;;
"919";"F16002750";"San Antonio de Padua S. Coop de CLM";"Cuenca";"CASTILLA-LA MANCHA";26/12/2023;;
"920";"F16002826";"Nuestra Señora de la Estrella S. Coop de CLM";"Cuenca";"CASTILLA-LA MANCHA";26/12/2023;;
"921";"F16002834";"Fuen María S. Coop de CLM";"Cuenca";"CASTILLA-LA MANCHA";26/12/2023;;
"922";"F16002842";"Santo Cristo de la Salud S. Coop de CLM";"Cuenca";"CASTILLA-LA MANCHA";26/12/2023;;
"923";"F16002859";"San Antonio Abad S. Coop de CLM";"Cuenca";"CASTILLA-LA MANCHA";26/12/2023;;
"924";"F16002917";"Nuestro Padre Jesús de Nazareno S. Coop de CLM";"Cuenca";"CASTILLA-LA MANCHA";26/12/2023;;
"925";"F16002925";"Nuestra Señora de Riansares S. Coop de CLM";"Cuenca";"CASTILLA-LA MANCHA";26/12/2023;;
"926";"F16002974";"La Vid y la Espiga S. Coop de CLM";"Cuenca";"CASTILLA-LA MANCHA";26/12/2023;;
"927";"F16002990";"Imperio S. Coop de CLM";"Cuenca";"CASTILLA-LA MANCHA";26/12/2023;;
"928";"F16003022";"Nuestra Señora del Rosario S. Coop de CLM";"Cuenca";"CASTILLA-LA MANCHA";26/12/2023;;
"929";"F16003030";"San Isidro de Ledaña S. Coop de CLM";"Cuenca";"CASTILLA-LA MANCHA";26/12/2023;;
"930";"F16003048";"Nuestra Señora de Manjavacas S. Coop de CLM";"Cuenca";"CASTILLA-LA MANCHA";26/12/2023;;
"931";"F16003063";"Santa Ana S. Coop de CLM";"Cuenca";"CASTILLA-LA MANCHA";26/12/2023;;
"932";"F16003071";"Inmaculada Concepción S. Coop de CLM";"Cuenca";"CASTILLA-LA MANCHA";26/12/2023;;
"933";"F16003147";"Unión Campesina Iniestense S. Coop de CLM";"Cuenca";"CASTILLA-LA MANCHA";26/12/2023;;
"934";"F16003253";"Agraria San Isidro S. Coop de CLM";"Cuenca";"CASTILLA-LA MANCHA";26/12/2023;;
"935";"F16003287";"San Isidro Labrador de Ranera S. Coop de CLM";"Cuenca";"CASTILLA-LA MANCHA";26/12/2023;;
"936";"F16003345";"Nuestra Señora del Espino S. Coop de CLM";"Cuenca";"CASTILLA-LA MANCHA";26/12/2023;;
"937";"F16003386";"San Antonio de Padua S. Coop de CLM";"Cuenca";"CASTILLA-LA MANCHA";26/12/2023;;
"938";"F16003428";"Dulce Nombre de Jesús S. Coop de CLM";"Cuenca";"CASTILLA-LA MANCHA";26/12/2023;;
"939";"F16003444";"San Ginés S. Coop de CLM";"Cuenca";"CASTILLA-LA MANCHA";26/12/2023;;
"940";"F16003469";"Purísima Concepción S. Coop de CLM";"Cuenca";"CASTILLA-LA MANCHA";26/12/2023;;
"941";"F16003501";"Nuestra Señora de la Cabeza S. Coop de CLM";"Cuenca";"CASTILLA-LA MANCHA";26/12/2023;;
"942";"F16003568";"S.C.A Nuestra Señora de Rus";"Cuenca";"CASTILLA-LA MANCHA";26/12/2023;;
"943";"F16003741";"Santa Ana S. Coop de CLM";"Cuenca";"CASTILLA-LA MANCHA";26/12/2023;;
"944";"F16003790";"La Magdalena S. Coop de CLM";"Cuenca";"CASTILLA-LA MANCHA";26/12/2023;;
"945";"F16004012";"Santísimo Cristo del Amparo S. Coop de CLM";"Cuenca";"CASTILLA-LA MANCHA";26/12/2023;;
"946";"F16004038";"Campo San Fernando S. Coop de CLM";"Cuenca";"CASTILLA-LA MANCHA";26/12/2023;;
"947";"F16004046";"San Isidro Labrador S. Coop de CLM";"Cuenca";"CASTILLA-LA MANCHA";26/12/2023;;
"948";"F16004608";"San Isidro Labrador S. Coop de CLM";"Cuenca";"CASTILLA-LA MANCHA";26/12/2023;;
"949";"F16005274";"Nuestra Señora de la Soledad S. Coop de CLM";"Cuenca";"CASTILLA-LA MANCHA";26/12/2023;;
"950";"F16005290";"Santo Niño de la Bola S. Coop de CLM";"Cuenca";"CASTILLA-LA MANCHA";26/12/2023;;
"951";"F16005498";"El Vitor S. Coop de CLM";"Cuenca";"CASTILLA-LA MANCHA";26/12/2023;;
"952";"F16005803";"Sat San Miguel";"Cuenca";"CASTILLA-LA MANCHA";26/12/2023;;
"953";"F16005811";"Sat Nuestra Señora del Valle";"Cuenca";"CASTILLA-LA MANCHA";26/12/2023;;
"954";"F16006066";"Sat Santa Rita";"Cuenca";"CASTILLA-LA MANCHA";26/12/2023;;
"955";"F16007189";"Sat Virgen de los Llanos";"Cuenca";"CASTILLA-LA MANCHA";26/12/2023;;
"956";"F16007338";"Agraria San Julián S. Coop de CLM";"Cuenca";"CASTILLA-LA MANCHA";26/12/2023;;
"957";"F16007346";"Pasaconsol S. Coop de CLM";"Cuenca";"CASTILLA-LA MANCHA";26/12/2023;;
"958";"F16007874";"Ajos San Isidro Labrador S. Coop de CLM";"Cuenca";"CASTILLA-LA MANCHA";26/12/2023;;
"959";"F16008211";"Santos Sebastián e Isidro S. Coop de CLM";"Cuenca";"CASTILLA-LA MANCHA";26/12/2023;;
"960";"F16008559";"La Candelaria S. Coop de CLM";"Cuenca";"CASTILLA-LA MANCHA";26/12/2023;;
"961";"F16008666";"Champiniesta S. Coop de CLM";"Cuenca";"CASTILLA-LA MANCHA";26/12/2023;;
"962";"F16010829";"Champicasa Sat 4864";"Cuenca";"CASTILLA-LA MANCHA";26/12/2023;;
"963";"F16012304";"San Pedro Magaceda S. Coop de CLM";"Cuenca";"CASTILLA-LA MANCHA";26/12/2023;;
"964";"F16012726";"Alta Alcarria S. Coop de CLM";"Cuenca";"CASTILLA-LA MANCHA";26/12/2023;;
"965";"F16012734";"Sat San Marcos";"Cuenca";"CASTILLA-LA MANCHA";26/12/2023;;
"966";"F16013591";"Agrícola Horcajo Manchega S. Coop de CLM";"Cuenca";"CASTILLA-LA MANCHA";26/12/2023;;
"967";"F16015877";"Manchaflor S. Coop de CLM";"Cuenca";"CASTILLA-LA MANCHA";26/12/2023;;
"968";"F16016289";"Motillana de Cultivo en Común S. Coop de CLM";"Cuenca";"CASTILLA-LA MANCHA";26/12/2023;;
"969";"F16016990";"Ajoman S. Coop de CLM";"Cuenca";"CASTILLA-LA MANCHA";26/12/2023;;
"970";"F16017758";"Champimarro S. Coop de CLM";"Cuenca";"CASTILLA-LA MANCHA";26/12/2023;;
"971";"F16018624";"San Juan de El Provencio S. Coop de CLM";"Cuenca";"CASTILLA-LA MANCHA";26/12/2023;;
"972";"F16022964";"Coopaman S. Coop de CLM";"Cuenca";"CASTILLA-LA MANCHA";26/12/2023;;
"973";"F16026353";"Juan XXIII Casas de Haro S. Coop de CLM";"Cuenca";"CASTILLA-LA MANCHA";26/12/2023;;
"974";"F16030850";"Las Tortolas S. Coop de CLM";"Cuenca";"CASTILLA-LA MANCHA";26/12/2023;;
"975";"F16031320";"La Chopera Sociedad Cooperativa de CLM";"Cuenca";"CASTILLA-LA MANCHA";26/12/2023;;
"976";"F16100604";"San Isidro el Santo S. Coop de CLM";"Cuenca";"CASTILLA-LA MANCHA";26/12/2023;;
"977";"F16101867";"San Sebastián de Alarcón S. Coop de CLM";"Cuenca";"CASTILLA-LA MANCHA";26/12/2023;;
"978";"F16104390";"Agrupación Castellano Manchega de Frutos Secos S. Coop de CLM";"Cuenca";"CASTILLA-LA MANCHA";26/12/2023;;
"979";"F16121675";"Ercávica S. Coop de CLM";"Cuenca";"CASTILLA-LA MANCHA";26/12/2023;;
"980";"F16124125";"Fermín Caballero Agropecuaria S. Coop de CLM";"Cuenca";"CASTILLA-LA MANCHA";26/12/2023;;
"981";"F16132508";"Hino-Orden S. Coop de CLM";"Cuenca";"CASTILLA-LA MANCHA";26/12/2023;;
"982";"F16133068";"Unión de Ganaderos Conquenses S. Coop de CLM";"Cuenca";"CASTILLA-LA MANCHA";26/12/2023;;
"983";"F16138588";"Cereales Alcamancha S. Coop de CLM";"Cuenca";"CASTILLA-LA MANCHA";26/12/2023;;
"984";"F16141566";"S.C.A. Viagra de CLM";"Cuenca";"CASTILLA-LA MANCHA";26/12/2023;;
"985";"F16146193";"El Campichuelo S.Coop de CLM";"Cuenca";"CASTILLA-LA MANCHA";26/12/2023;;
"986";"F16158834";"Abonos Recomsa S. Coop de CLM";"Cuenca";"CASTILLA-LA MANCHA";26/12/2023;;
"987";"F16161119";"Viña Futuro S. Coop de CLM";"Cuenca";"CASTILLA-LA MANCHA";26/12/2023;;
"988";"F16173817";"Agrícola Serra Turia S. Coop de CLM";"Cuenca";"CASTILLA-LA MANCHA";26/12/2023;;
"989";"F16176992";"Miroliva S. Coop de CLM";"Cuenca";"CASTILLA-LA MANCHA";26/12/2023;;
"990";"F16181612";"Cerro Moreno S. Coop de CLM";"Cuenca";"CASTILLA-LA MANCHA";26/12/2023;;
"991";"F16182271";"Vinos y Alcoholes Conquenses S. Coop de CLM";"Cuenca";"CASTILLA-LA MANCHA";26/12/2023;;
"992";"F16187148";"Aceites Manchuela Conquense S. Coop de CLM";"Cuenca";"CASTILLA-LA MANCHA";26/12/2023;;
"993";"F16188278";"Los Cominares S. Coop de CLM";"Cuenca";"CASTILLA-LA MANCHA";26/12/2023;;
"994";"F16191272";"Segobricense S. Coop de CLM";"Cuenca";"CASTILLA-LA MANCHA";26/12/2023;;
"995";"F16193690";"Compost de Setas La Manchuela S. Coop de CLM";"Cuenca";"CASTILLA-LA MANCHA";26/12/2023;;
"996";"F16197618";"Conservas Iniesta de Champiñones S. Coop de CLM";"Cuenca";"CASTILLA-LA MANCHA";26/12/2023;;
"997";"F16198897";"Cebosan S. Coop de CLM";"Cuenca";"CASTILLA-LA MANCHA";26/12/2023;;
"998";"F16201071";"CordobaChamp S. Coop de CLM";"Cuenca";"CASTILLA-LA MANCHA";26/12/2023;;
"999";"F16202087";"CultiChamp S. Coop de CLM";"Cuenca";"CASTILLA-LA MANCHA";26/12/2023;;
"1000";"F16205585";"La Matarala S. Coop de CLM";"Cuenca";"CASTILLA-LA MANCHA";26/12/2023;;
"1001";"F16206567";"S. Coop. Integral Montalbanejo S. Coop de CLM";"Cuenca";"CASTILLA-LA MANCHA";26/12/2023;;
"1002";"F16211427";"El Pistal S. Coop de CLM";"Cuenca";"CASTILLA-LA MANCHA";26/12/2023;;
"1003";"F16213225";"Cupla S. Coop de CLM";"Cuenca";"CASTILLA-LA MANCHA";26/12/2023;;
"1004";"F16218091";"Champigraja S. Coop de CLM";"Cuenca";"CASTILLA-LA MANCHA";26/12/2023;;
"1005";"F16218422";"Agricultura Herráiz S. Coop de CLM";"Cuenca";"CASTILLA-LA MANCHA";26/12/2023;;
"1006";"F16223190";"Espaljúcar S. Coop de CLM";"Cuenca";"CASTILLA-LA MANCHA";26/12/2023;;
"1007";"F16226078";"Explotación Agrícola La Joya S. Coop de CLM";"Cuenca";"CASTILLA-LA MANCHA";26/12/2023;;
"1008";"F16226417";"Los Marianetes S. Coop de CLM";"Cuenca";"CASTILLA-LA MANCHA";26/12/2023;;
"1009";"F16227993";"Aragon Hijos 2002 S. Coop de CLM";"Cuenca";"CASTILLA-LA MANCHA";26/12/2023;;
"1010";"F16229353";"Asperilla S. Coop de CLM";"Cuenca";"CASTILLA-LA MANCHA";26/12/2023;;
"1011";"F16229478";"Naturcuenca S. Coop de CLM";"Cuenca";"CASTILLA-LA MANCHA";26/12/2023;;
"1012";"F16230138";"Villarejo Periesteban S. Coop de CLM";"Cuenca";"CASTILLA-LA MANCHA";26/12/2023;;
"1013";"F16230898";"Ajos de Las Pedroñeras S. Coop de CLM";"Cuenca";"CASTILLA-LA MANCHA";26/12/2023;;
"1014";"F16233678";"Serrachamp S. Coop de CLM";"Cuenca";"CASTILLA-LA MANCHA";26/12/2023;;
"1015";"F16234478";"Altamán S. Coop de CLM";"Cuenca";"CASTILLA-LA MANCHA";26/12/2023;;
"1016";"F16235210";"San Martín de Cañaveras S. Coop de CLM";"Cuenca";"CASTILLA-LA MANCHA";26/12/2023;;
"1017";"F16237927";"La Palomareña S. Coop de CLM";"Cuenca";"CASTILLA-LA MANCHA";26/12/2023;;
"1018";"F16238982";"La Losilla S. Coop de CLM";"Cuenca";"CASTILLA-LA MANCHA";26/12/2023;;
"1019";"F16240228";"Agrícola Tresjuncos S.Coop de CLM ";"Cuenca";"CASTILLA-LA MANCHA";26/12/2023;;
"1020";"F16244717";"Agrícola La Cepa S. Coop de CLM";"Cuenca";"CASTILLA-LA MANCHA";26/12/2023;;
"1021";"F16246050";"Champiñones Cañavate S. Coop de CLM";"Cuenca";"CASTILLA-LA MANCHA";26/12/2023;;
"1022";"F16246159";"La Candelaria de Cervera del Llano S. Coop de CLM";"Cuenca";"CASTILLA-LA MANCHA";26/12/2023;;
"1023";"F16246464";"Vega de Trabaque S. Coop de CLM";"Cuenca";"CASTILLA-LA MANCHA";26/12/2023;;
"1024";"F16246894";"Nuestra Señora de la Cabeza de Villar de Cañas S. Coop de CLM";"Cuenca";"CASTILLA-LA MANCHA";26/12/2023;;
"1025";"F16248635";"Viñedos del Júcar S. Coop de CLM";"Cuenca";"CASTILLA-LA MANCHA";26/12/2023;;
"1026";"F16251662";"Tiberio S. Coop de CLM";"Cuenca";"CASTILLA-LA MANCHA";26/12/2023;;
"1027";"F16253833";"Seroque S. Coop de CLM";"Cuenca";"CASTILLA-LA MANCHA";26/12/2023;;
"1028";"F16262214";"Agro-Horcajo de Cuenca S. Coop de CLM";"Cuenca";"CASTILLA-LA MANCHA";26/12/2023;;
"1029";"F16264111";"MicoChamp S. Coop de CLM";"Cuenca";"CASTILLA-LA MANCHA";26/12/2023;;
"1030";"F16266918";"Topechamp S. Coop de CLM";"Cuenca";"CASTILLA-LA MANCHA";26/12/2023;;
"1031";"F16267643";"Ganados Santiago Chumillas S. Coop de CLM";"Cuenca";"CASTILLA-LA MANCHA";26/12/2023;;
"1032";"F16272262";"Agricola Osa de la Vega";"Cuenca";"CASTILLA-LA MANCHA";26/12/2023;;
"1033";"F16272551";"Champiñones Rey S. Coop de CLM";"Cuenca";"CASTILLA-LA MANCHA";26/12/2023;;
"1034";"F16279986";"Servicios Agricolas Quintanar S. Coop de CLM";"Cuenca";"CASTILLA-LA MANCHA";26/12/2023;;
"1035";"F16280943";"Cruz Cerrada S.Coop";"Cuenca";"CASTILLA-LA MANCHA";26/12/2023;;
"1036";"F16286056";"Separ S. Coop de CLM";"Cuenca";"CASTILLA-LA MANCHA";26/12/2023;;
"1037";"F16286718";"Champiñones Los Villares S. Coop de CLM";"Cuenca";"CASTILLA-LA MANCHA";26/12/2023;;
"1038";"F16287120";"Ovialcarria S. Coop de CLM";"Cuenca";"CASTILLA-LA MANCHA";26/12/2023;;
"1039";"F16290728";"El Guijarral  S.Coop de CLM ";"Cuenca";"CASTILLA-LA MANCHA";26/12/2023;;
"1040";"F16295198";"Abonos Orgánicos L.V. S. Coop de CLM";"Cuenca";"CASTILLA-LA MANCHA";26/12/2023;;
"1041";"F16296477";"Castijorge S. Coop de CLM";"Cuenca";"CASTILLA-LA MANCHA";26/12/2023;;
"1042";"F16297046";"La Trilla Peraleña S. Coop de CLM";"Cuenca";"CASTILLA-LA MANCHA";26/12/2023;;
"1043";"F16297285";"Juncar S. Coop de CLM";"Cuenca";"CASTILLA-LA MANCHA";26/12/2023;;
"1044";"F16297624";"San Marcos de la Osa S.Coop de CLM ";"Cuenca";"CASTILLA-LA MANCHA";26/12/2023;;
"1045";"F16305658";"Mealvaes S. Coop de CLM";"Cuenca";"CASTILLA-LA MANCHA";26/12/2023;;
"1046";"F16307092";"Ovizáncara S. Coop de CLM";"Cuenca";"CASTILLA-LA MANCHA";26/12/2023;;
"1047";"F16319816";"Entre Uvas S. Coop de CLM";"Cuenca";"CASTILLA-LA MANCHA";26/12/2023;;
"1048";"F16320079";"Hispanica de Comercialización, S.Coop de CLM";"Cuenca";"CASTILLA-LA MANCHA";26/12/2023;;
"1049";"F16336422";"Agrocortes S. Coop. de CLM";"Cuenca";"CASTILLA-LA MANCHA";26/12/2023;;
"1050";"F16345217";"Agricultura la Maza, S. Coop de CLM";"Cuenca";"CASTILLA-LA MANCHA";26/12/2023;;
"1051";"F16346066";"Casas de la Ribera, S. Coop. De CLM";"Cuenca";"CASTILLA-LA MANCHA";26/12/2023;;
"1052";"F16346330";"Agro blasque S. Coop de CLM";"Cuenca";"CASTILLA-LA MANCHA";26/12/2023;;
"1053";"F16671752";"TRAMUNTANA VIVA MALLORCA, S. COOP. EXPLOTACIO COMUNITARIA DE LA TERRA";"Balears, Illes";"ISLAS BALEARES";26/12/2023;;
"1054";"F17008368";"Agrícola de Banyoles, SCCL";"Girona";"CATALUÑA";26/12/2023;;
"1055";"F17008400";"Agrícola de Palau Saverdera, SCCL";"Girona";"CATALUÑA";26/12/2023;;
"1056";"F17008657";"Camp d'Olot, SCCL";"Girona";"CATALUÑA";26/12/2023;;
"1057";"F17008772";"Celler Cooperatiu d'Espolla, SCCL";"Girona";"CATALUÑA";26/12/2023;;
"1058";"F17008848";"Agrícola de Castelló d'Empúries, SCCL";"Girona";"CATALUÑA";26/12/2023;;
"1059";"F17008871";"Agrícola de Mollet de Peralada, SCCL";"Girona";"CATALUÑA";26/12/2023;;
"1060";"F17011651";"Empordàlia, SCCL";"Girona";"CATALUÑA";26/12/2023;;
"1061";"F17015033";"Agrícola de Garriguella i Rabós, SCCL";"Girona";"CATALUÑA";26/12/2023;;
"1062";"F17021676";"Girona Fruits, SCCL";"Girona";"CATALUÑA";26/12/2023;;
"1063";"F17049537";"Agropecuària de Vallfogona de Ripollès, SCCL";"Girona";"CATALUÑA";26/12/2023;;
"1064";"F17050220";"SAT la Vall d'en Bas";"Girona";"CATALUÑA";26/12/2023;;
"1065";"F17063629";"La Fageda, SCCL";"Girona";"CATALUÑA";26/12/2023;;
"1066";"F17101395";"Lletera de l'Empordà, SCCL";"Girona";"CATALUÑA";26/12/2023;;
"1067";"F17243031";"Ramaders del Baix Empordà, SCCL";"Girona";"CATALUÑA";26/12/2023;;
"1068";"F17445487";"Lletera Campllong, SCCL";"Girona";"CATALUÑA";26/12/2023;;
"1069";"F18004499";"SCA NTRA. SRA. DE LOS DOLORES DE FREILA";"Granada";"ANDALUCÍA";26/12/2023;;
"1070";"F18004572";"SCA SAN ROQUE DE PINOS DEL VALLE";"Granada";"ANDALUCÍA";26/12/2023;;
"1071";"F18004648";"SCA UNIÓN AGRÍCOLA SAN JOSÉ";"Granada";"ANDALUCÍA";26/12/2023;;
"1072";"F18004655";"SCA NTRA. SRA. DE LA CABEZA DE ZÚJAR";"Granada";"ANDALUCÍA";26/12/2023;;
"1073";"F18004689";"SCA AGRÍCOLA SAN ROGELIO DE ÍLLORA";"Granada";"ANDALUCÍA";26/12/2023;;
"1074";"F18004705";"SCA NTRA. SRA. DEL PILAR DE COLOMERA";"Granada";"ANDALUCÍA";26/12/2023;;
"1075";"F18004887";"SCA SAN ISIDRO DE LOJA";"Granada";"ANDALUCÍA";26/12/2023;;
"1076";"F18004911";"SCA AGRÍCOLA SANTA ANA DE SÁLAR";"Granada";"ANDALUCÍA";26/12/2023;;
"1077";"F18004986";"SCA AGRÍCOLA SAN FRANCISCO";"Granada";"ANDALUCÍA";26/12/2023;;
"1078";"F18005009";"SCA VIRGEN DE LA CABEZA";"Granada";"ANDALUCÍA";26/12/2023;;
"1079";"F18006197";"SCA SAN ISIDRO DE DEIFONTES";"Granada";"ANDALUCÍA";26/12/2023;;
"1080";"F18006312";"SCA SANTA ISABEL DE CAMPOTÉJAR";"Granada";"ANDALUCÍA";26/12/2023;;
"1081";"F18006379";"SCA SAN ILDEFONSO DE PELIGROS";"Granada";"ANDALUCÍA";26/12/2023;;
"1082";"F18006528";"SCA SAN SEBASTIÁN DE BENALÚA";"Granada";"ANDALUCÍA";26/12/2023;;
"1083";"F18006833";"SCA NTRA. SRA. DE LA CABEZA DE CÚLLAR";"Granada";"ANDALUCÍA";26/12/2023;;
"1084";"F18007120";"SCA SANTIAGO APÓSTOL";"Granada";"ANDALUCÍA";26/12/2023;;
"1085";"F18007229";"SCA AGRÍCOLA SANTA BÁRBARA DE BAZA";"Granada";"ANDALUCÍA";26/12/2023;;
"1086";"F18008136";"SCA NTRO. SEÑOR DE LAS TRES MARÍAS";"Granada";"ANDALUCÍA";26/12/2023;;
"1087";"F18008292";"SCA NTRA. SRA. DE LOS REMEDIOS DE CAMPOTÉJAR";"Granada";"ANDALUCÍA";26/12/2023;;
"1088";"F18008441";"SCA NTRA. SRA. DE LOS DOLORES";"Granada";"ANDALUCÍA";26/12/2023;;
"1089";"F18008482";"SCA NTRA. SRA. DE LOS REMEDIOS DE IZNALLOZ";"Granada";"ANDALUCÍA";26/12/2023;;
"1090";"F18009068";"SCA AGRO-OLIVARERA NTRA. SRA. DE LA SOLEDAD DE HUÉSCAR";"Granada";"ANDALUCÍA";26/12/2023;;
"1091";"F18009241";"SCA NTRA. SRA. DEL ROSARIO DE CASTRIL";"Granada";"ANDALUCÍA";26/12/2023;;
"1092";"F18009258";"SCA SAN ANTONIO DE COGOLLOS";"Granada";"ANDALUCÍA";26/12/2023;;
"1093";"F18009753";"SCA SAN LORENZO DE ZAGRA";"Granada";"ANDALUCÍA";26/12/2023;;
"1094";"F18010520";"SCA SAN FRANCISCO DE ASÍS";"Granada";"ANDALUCÍA";26/12/2023;;
"1095";"F18013664";"SCA EL GRUPO";"Granada";"ANDALUCÍA";26/12/2023;;
"1096";"F18013748";"SCA GRANADA LA PALMA";"Granada";"ANDALUCÍA";26/12/2023;;
"1097";"F18019091";"SCA CENTRO SUR";"Granada";"ANDALUCÍA";26/12/2023;;
"1098";"F18023903";"SCA ALMENDRAS ALHAMBRA";"Granada";"ANDALUCÍA";26/12/2023;;
"1099";"F18024067";"SCA SANTA MÓNICA DE PÍÑAR";"Granada";"ANDALUCÍA";26/12/2023;;
"1100";"F18027391";"SCA NTRA. SRA. DEL ROSARIO DE DEHESAS VIEJAS";"Granada";"ANDALUCÍA";26/12/2023;;
"1101";"F18028191";"SCA MAITENA DEL GENIL";"Granada";"ANDALUCÍA";26/12/2023;;
"1102";"F18029579";"SCA AGRÍCOLA LOS TAJOS";"Granada";"ANDALUCÍA";26/12/2023;;
"1103";"F18032144";"SCA HERCOFRUT";"Granada";"ANDALUCÍA";26/12/2023;;
"1104";"F18034686";"SCA PROCAM";"Granada";"ANDALUCÍA";26/12/2023;;
"1105";"F18036152";"SCA SAN SEBASTIÁN DE ALFACAR";"Granada";"ANDALUCÍA";26/12/2023;;
"1106";"F18038067";"SAT HORTOVENTAS";"Granada";"ANDALUCÍA";26/12/2023;;
"1107";"F18041467";"SAT LODAISA";"Granada";"ANDALUCÍA";26/12/2023;;
"1108";"F18042846";"SCA CAMPO AGRO-OLIVARERA";"Granada";"ANDALUCÍA";26/12/2023;;
"1109";"F18061523";"SCA AGRARIA CERRO GORDO";"Granada";"ANDALUCÍA";26/12/2023;;
"1110";"F18061713";"SCA LA ESPERANZA DEL CAMPO";"Granada";"ANDALUCÍA";26/12/2023;;
"1111";"F18063131";"SCA SOTO DE FUENTEVAQUEROS";"Granada";"ANDALUCÍA";26/12/2023;;
"1112";"F18063289";"SCA NTRA. SRA. DEL PERPETUO SOCORRO";"Granada";"ANDALUCÍA";26/12/2023;;
"1113";"F18068221";"SCA LOS PALMARES";"Granada";"ANDALUCÍA";26/12/2023;;
"1114";"F18213439";"SCA EL LLANETE";"Granada";"ANDALUCÍA";26/12/2023;;
"1115";"F18230698";"SCA ALMENDRAS GRANADA";"Granada";"ANDALUCÍA";26/12/2023;;
"1116";"F18274894";"SCA ALMENDRAS DEL NORTE DE GRANADA";"Granada";"ANDALUCÍA";26/12/2023;;
"1117";"F18319350";"SCA ARAMA";"Granada";"ANDALUCÍA";26/12/2023;;
"1118";"F18322198";"SCA ALMAZARA DE MONTILLANA";"Granada";"ANDALUCÍA";26/12/2023;;
"1119";"F18326900";"SAT TABACOS GRANADA ASOCIACIÓN";"Granada";"ANDALUCÍA";26/12/2023;;
"1120";"F18340893";"SCA ALMAZARA NTRA. SRA. DE LOS REMEDIOS";"Granada";"ANDALUCÍA";26/12/2023;;
"1121";"F18355446";"SCA PUERTO LOPE";"Granada";"ANDALUCÍA";26/12/2023;;
"1122";"F18379628";"SCA LOS GALLOMBARES";"Granada";"ANDALUCÍA";26/12/2023;;
"1123";"F18389593";"SCA PRODUCTORES AGRARIOS DE BENALÚA DE GUADIX ";"Granada";"ANDALUCÍA";26/12/2023;;
"1124";"F18401307";"SCA GRANAGENIL";"Granada";"ANDALUCÍA";26/12/2023;;
"1125";"F18401943";"SCA LOS FRESNOS";"Granada";"ANDALUCÍA";26/12/2023;;
"1126";"F18412049";"SCA AGROLACHAR";"Granada";"ANDALUCÍA";26/12/2023;;
"1127";"F18420794";"SCA VEGACHAUCHINA";"Granada";"ANDALUCÍA";26/12/2023;;
"1128";"F18422055";"SCA AGROMESÍAS";"Granada";"ANDALUCÍA";26/12/2023;;
"1129";"F18449215";"SCA AGROPECUARIA GRANADINA ";"Granada";"ANDALUCÍA";26/12/2023;;
"1130";"F18450635";"SAT HORTOFRUTÍCOLA LA CAÑA";"Granada";"ANDALUCÍA";26/12/2023;;
"1131";"F18462895";"SCA OLIJAYENA";"Granada";"ANDALUCÍA";26/12/2023;;
"1132";"F18467423";"SCA VARAILA DE DOMINGO PÉREZ";"Granada";"ANDALUCÍA";26/12/2023;;
"1133";"F18472456";"SCA ACEITES FUENTES DE CESNA";"Granada";"ANDALUCÍA";26/12/2023;;
"1134";"F18473561";"SCA TEMPLEOLIVA";"Granada";"ANDALUCÍA";26/12/2023;;
"1135";"F18532978";"SCA ESPARRAGOS DE MONTEFRIO";"Granada";"ANDALUCÍA";26/12/2023;;
"1136";"F18572354";"SCA ACEITES ALGARINEJO";"Granada";"ANDALUCÍA";26/12/2023;;
"1137";"F18580852";"SAT TRAMA Y AZAHAR";"Granada";"ANDALUCÍA";26/12/2023;;
"1138";"F18594317";"SCA SAN FRANCISCO SERRANO";"Granada";"ANDALUCÍA";26/12/2023;;
"1139";"F18595835";"SCA ACEITES EL CORTIJILLO";"Granada";"ANDALUCÍA";26/12/2023;;
"1140";"F18615484";"SCA AGRUPA EL VALLE DE LECRÍN";"Granada";"ANDALUCÍA";26/12/2023;;
"1141";"F18616292";"SCA COMERCIALIZADORA SEGUREÑA";"Granada";"ANDALUCÍA";26/12/2023;;
"1142";"F18659649";"SCA VINÍCOLA ALHAMEÑA SIERRA DE TEJEDA";"Granada";"ANDALUCÍA";26/12/2023;;
"1143";"F18663674";"SCA OLEOTROPIC";"Granada";"ANDALUCÍA";26/12/2023;;
"1144";"F18669549";"SCA ESPÁRRAGO DE GRANADA 2º GRADO";"Granada";"ANDALUCÍA";26/12/2023;;
"1145";"F18675090";"SCA ESPARRAGO DE CARTUJA";"Granada";"ANDALUCÍA";26/12/2023;;
"1146";"F18708891";"SCA HORTOVILLA";"Granada";"ANDALUCÍA";26/12/2023;;
"1147";"F18709352";"SAT LA UNIÓN DE ANDALUCÍA";"Granada";"ANDALUCÍA";26/12/2023;;
"1148";"F18713057";"SCA ESPAFRÓN";"Granada";"ANDALUCÍA";26/12/2023;;
"1149";"F18715060";"SAT ALMENCASTRIL OPF";"Granada";"ANDALUCÍA";26/12/2023;;
"1150";"F18769885";"SCA BIO DON FADRIQUE";"Granada";"ANDALUCÍA";26/12/2023;;
"1151";"F18991539";"SCA BARRANCO DEL CIGARRAL";"Granada";"ANDALUCÍA";26/12/2023;;
"1152";"F18995829";"SCA COMERCIALIZADORA CRIADORES DE OVINO ECOLÓGICO";"Granada";"ANDALUCÍA";26/12/2023;;
"1153";"F19002021";"Asunción de Nuestra Señora S. Coop de CLM";"Guadalajara";"CASTILLA-LA MANCHA";26/12/2023;;
"1154";"F19002237";"Agrícola Local de Cogolludo S. Coop de CLM";"Guadalajara";"CASTILLA-LA MANCHA";26/12/2023;;
"1155";"F19002245";"Santa María Magdalena S. Coop de CLM";"Guadalajara";"CASTILLA-LA MANCHA";26/12/2023;;
"1156";"F19002252";"Agricultores y Ganaderos Nuestra Señora de Granja S. Coop de CLM";"Guadalajara";"CASTILLA-LA MANCHA";26/12/2023;;
"1157";"F19002419";"San Isidro y la Inmaculada S. Coop de CLM";"Guadalajara";"CASTILLA-LA MANCHA";26/12/2023;;
"1158";"F19003003";"Nuestra Señora de las Nieves S. Coop de CLM";"Guadalajara";"CASTILLA-LA MANCHA";26/12/2023;;
"1159";"F19015197";"Sat Cotonuevo";"Guadalajara";"CASTILLA-LA MANCHA";26/12/2023;;
"1160";"F19019686";"Sat Coagral";"Guadalajara";"CASTILLA-LA MANCHA";26/12/2023;;
"1161";"F19024702";"Sociedad Cooperativa Agropecuaria de Castilla La Mancha San Isidro Labrador";"Guadalajara";"CASTILLA-LA MANCHA";26/12/2023;;
"1162";"F19150127";"Forestal Alcarreña S. Coop de CLm";"Guadalajara";"CASTILLA-LA MANCHA";26/12/2023;;
"1163";"F19314517";"Comecosano S. Coop de CLM";"Guadalajara";"CASTILLA-LA MANCHA";26/12/2023;;
"1164";"F19513761";"SCA HERMANOS GARCÍA GUTIÉRREZ";"Granada";"ANDALUCÍA";26/12/2023;;
"1165";"F19559517";"SCA ESPALORQUIANA";"Granada";"ANDALUCÍA";26/12/2023;;
"1166";"F19578673";"SCA OLEOMONTES 2015";"Granada";"ANDALUCÍA";26/12/2023;;
"1167";"F19646058";"SCA AGROPECUARIA DE ALTURA";"Granada";"ANDALUCÍA";26/12/2023;;
"1168";"F20022083";"Ineko S. Coop.";"Gipuzkoa";"PAÍS VASCO";26/12/2023;;
"1169";"F20023164";"Alkartasuna S. Coop";"Gipuzkoa";"PAÍS VASCO";26/12/2023;;
"1170";"F20026985";"Ibai Eder S. Coop.";"Gipuzkoa";"PAÍS VASCO";26/12/2023;;
"1171";"F20035846";"Lurgintza S. Coop.";"Gipuzkoa";"PAÍS VASCO";26/12/2023;;
"1172";"F20163762";"Urkaiko S. Coop.";"Gipuzkoa";"PAÍS VASCO";26/12/2023;;
"1173";"F20188892";"Lastur S. Coop. ";"Gipuzkoa";"PAÍS VASCO";26/12/2023;;
"1174";"F20493508";"Enaro S. Coop.";"Gipuzkoa";"PAÍS VASCO";26/12/2023;;
"1175";"F20655916";"Kaiku S. Coop.";"Gipuzkoa";"PAÍS VASCO";26/12/2023;;
"1176";"F20835609";"Abelur Koop. Elkartea";"Gipuzkoa";"PAÍS VASCO";26/12/2023;;
"1177";"F20849543";"Basatxerri S. Coop.";"Gipuzkoa";"PAÍS VASCO";26/12/2023;;
"1178";"F20849675";"Euskaber Koop S.";"Gipuzkoa";"PAÍS VASCO";26/12/2023;;
"1179";"F21003223";"SCA INMACULADA CONCEPCIÓN";"Huelva";"ANDALUCÍA";26/12/2023;;
"1180";"F21003330";"SCA NTRA. SRA. DE LA OLIVA";"Huelva";"ANDALUCÍA";26/12/2023;;
"1181";"F21003355";"SCA NTRA. SRA. DEL PUERTO";"Huelva";"ANDALUCÍA";26/12/2023;;
"1182";"F21003363";"SCA NTRA. SRA. DEL REPOSO";"Huelva";"ANDALUCÍA";26/12/2023;;
"1183";"F21003413";"SCA OLIVARERA BARTOLINA";"Huelva";"ANDALUCÍA";26/12/2023;;
"1184";"F21003447";"SCA SANTA ÁGUEDA";"Huelva";"ANDALUCÍA";26/12/2023;;
"1185";"F21003462";"SCA SAN ANTONIO ABAD";"Huelva";"ANDALUCÍA";26/12/2023;;
"1186";"F21003488";"SCA SAN BARTOLOMÉ";"Huelva";"ANDALUCÍA";26/12/2023;;
"1187";"F21003496";"SCA OLIVARERA SAN BARTOLOMÉ";"Huelva";"ANDALUCÍA";26/12/2023;;
"1188";"F21003520";"SCA ALMAZARA SAN ISIDRO";"Huelva";"ANDALUCÍA";26/12/2023;;
"1189";"F21003538";"SCA SAN ISIDRO LABRADOR";"Huelva";"ANDALUCÍA";26/12/2023;;
"1190";"F21003587";"SCA VINÍCOLA DEL CONDADO";"Huelva";"ANDALUCÍA";26/12/2023;;
"1191";"F21003611";"SCA SANTA MARÍA SALOMÉ";"Huelva";"ANDALUCÍA";26/12/2023;;
"1192";"F21003710";"SCA VIRGEN DE FÁTIMA";"Huelva";"ANDALUCÍA";26/12/2023;;
"1193";"F21004700";"SCA NTRA. SRA. DEL SOCORRO";"Huelva";"ANDALUCÍA";26/12/2023;;
"1194";"F21004841";"SCA NTRA. SRA. DE LA ESTRELLA";"Huelva";"ANDALUCÍA";26/12/2023;;
"1195";"F21004858";"SCA NTRA. SRA. DE LA BELLA";"Huelva";"ANDALUCÍA";26/12/2023;;
"1196";"F21005244";"SCA AGRÍCOLA OLIVARERA DE VILLARRASA";"Huelva";"ANDALUCÍA";26/12/2023;;
"1197";"F21005475";"SCA VIRGEN DEL VALLE";"Huelva";"ANDALUCÍA";26/12/2023;;
"1198";"F21006622";"SCA VINÍCOLA MANZANILLERA";"Huelva";"ANDALUCÍA";26/12/2023;;
"1199";"F21007067";"SCA NTRA. SRA. DE LOS REMEDIOS";"Huelva";"ANDALUCÍA";26/12/2023;;
"1200";"F21007083";"SCA DEL CAMPO NTRA. SRA. DE LA GUÍA";"Huelva";"ANDALUCÍA";26/12/2023;;
"1201";"F21007166";"SCA SEPROCOOP";"Huelva";"ANDALUCÍA";26/12/2023;;
"1202";"F21008925";"SCA CAMPO UNIÓN LABRADORA";"Huelva";"ANDALUCÍA";26/12/2023;;
"1203";"F21008933";"SCA SAN BENITO";"Huelva";"ANDALUCÍA";26/12/2023;;
"1204";"F21010111";"SCA CORCHERA SAN JOSÉ";"Huelva";"ANDALUCÍA";26/12/2023;;
"1205";"F21012331";"SCA CAMPO DE TEJADA";"Huelva";"ANDALUCÍA";26/12/2023;;
"1206";"F21014063";"SCA COSTA DE HUELVA";"Huelva";"ANDALUCÍA";26/12/2023;;
"1207";"F21017983";"SCA PONCIANA";"Huelva";"ANDALUCÍA";26/12/2023;;
"1208";"F21018114";"SCA SANTA MARÍA DE LA RÁBIDA";"Huelva";"ANDALUCÍA";26/12/2023;;
"1209";"F21020789";"SCA SAN ISIDRO DE BEAS";"Huelva";"ANDALUCÍA";26/12/2023;;
"1210";"F21021183";"SCA FRUTOS DEL CONDADO";"Huelva";"ANDALUCÍA";26/12/2023;;
"1211";"F21022561";"SAT GRUFESA";"Huelva";"ANDALUCÍA";26/12/2023;;
"1212";"F21023585";"SCA HORTOFRUTÍCOLA DE BONARES";"Huelva";"ANDALUCÍA";26/12/2023;;
"1213";"F21028733";"SCA CASTAÑERA SERRANA";"Huelva";"ANDALUCÍA";26/12/2023;;
"1214";"F21030473";"SAT CONDADO DE HUELVA";"Huelva";"ANDALUCÍA";26/12/2023;;
"1215";"F21031257";"SCA SENABRA";"Huelva";"ANDALUCÍA";26/12/2023;;
"1216";"F21031810";"SAT SAN LORENZO";"Huelva";"ANDALUCÍA";26/12/2023;;
"1217";"F21045125";"SCA CAMPO DE PATERNA";"Huelva";"ANDALUCÍA";26/12/2023;;
"1218";"F21047329";"SCA HORTOFRUTÍCOLA DE CARTAYA";"Huelva";"ANDALUCÍA";26/12/2023;;
"1219";"F21047758";"SCA AGROMOLINILLO";"Huelva";"ANDALUCÍA";26/12/2023;;
"1220";"F21057039";"SCA CUNA DE PLATERO";"Huelva";"ANDALUCÍA";26/12/2023;;
"1221";"F21100458";"SCA FRESAFLOR";"Huelva";"ANDALUCÍA";26/12/2023;;
"1222";"F21149703";"SCA OVIPOR";"Huelva";"ANDALUCÍA";26/12/2023;;
"1223";"F21166558";"SCA CIUDAD DEL CARMEN";"Huelva";"ANDALUCÍA";26/12/2023;;
"1224";"F21233135";"SCA VALLE ANCHO";"Huelva";"ANDALUCÍA";26/12/2023;;
"1225";"F21236211";"SCA FRUTAS EL PINAR";"Huelva";"ANDALUCÍA";26/12/2023;;
"1226";"F21269907";"SCA FRESLUCENA";"Huelva";"ANDALUCÍA";26/12/2023;;
"1227";"F21277587";"SCA FRUTAS DE BONARES";"Huelva";"ANDALUCÍA";26/12/2023;;
"1228";"F21298211";"SCA CEREALISTA DE LA PALMA";"Huelva";"ANDALUCÍA";26/12/2023;;
"1229";"F21299383";"SCA AGROALIMENTARIA VIRGEN DEL ROCÍO";"Huelva";"ANDALUCÍA";26/12/2023;;
"1230";"F21365630";"SCA ONUBAFRUIT";"Huelva";"ANDALUCÍA";26/12/2023;;
"1231";"F21567540";"SCA OLEOBLANCA";"Huelva";"ANDALUCÍA";26/12/2023;;
"1232";"F22001770";"Cooperativa San Isidro de Albeda SCL";"Huesca";"ARAGÓN";26/12/2023;;
"1233";"F22001788";"Sdad. Coop. Agrícola de Alcampell";"Huesca";"ARAGÓN";26/12/2023;;
"1234";"F22001820";"Cooperativa del Campo San Lorenzo";"Huesca";"ARAGÓN";26/12/2023;;
"1235";"F22001838";"Soc. Coop. del Campo Ltda. de Fonz";"Huesca";"ARAGÓN";26/12/2023;;
"1236";"F22002000";"Soc. Coop. del Campo Santa Leticia";"Huesca";"ARAGÓN";26/12/2023;;
"1237";"F22002034";"Cooperativa del Campo San Isidro";"Huesca";"ARAGÓN";26/12/2023;;
"1238";"F22002331";"Cooperativa Comarcal del Campo Virgen de la Corona";"Huesca";"ARAGÓN";26/12/2023;;
"1239";"F22002463";"Soc. Coop. Ltda. Agrícola";"Huesca";"ARAGÓN";26/12/2023;;
"1240";"F22002687";"Cooperativa Osca de Agricultores Arroceros";"Huesca";"ARAGÓN";26/12/2023;;
"1241";"F22002851";"S. Coop. del Campo San Marcos Binacetense Ltda.";"Huesca";"ARAGÓN";26/12/2023;;
"1242";"F22003693";"Cooperativa Frutícola de la Litera";"Huesca";"ARAGÓN";26/12/2023;;
"1243";"F22003719";"Coop. Frutícola San Bartolomé S.C.L.";"Huesca";"ARAGÓN";26/12/2023;;
"1244";"F22003875";"Los Monegros Soc. Coop. Ltda.";"Huesca";"ARAGÓN";26/12/2023;;
"1245";"F22004022";"Soc. Coop. Interprovincial Agraria Sta. Orosia";"Huesca";"ARAGÓN";26/12/2023;;
"1246";"F22007827";"SAT nº 580 Secadero Cereales Santiago";"Huesca";"ARAGÓN";26/12/2023;;
"1247";"F22007983";"Agropecuaria del Cinca S.C.L.";"Huesca";"ARAGÓN";26/12/2023;;
"1248";"F22014716";"San Blas Soc. Coop. Ltda.";"Huesca";"ARAGÓN";26/12/2023;;
"1249";"F22025563";"S.C.L. AGRÍCOLA OSSO DE CINCA";"Huesca";"ARAGÓN";26/12/2023;;
"1250";"F22030605";"USATA Soc. Coop. Ltda.";"Huesca";"ARAGÓN";26/12/2023;;
"1251";"F22108658";"S. Ginés de Lupiñén SCL";"Huesca";"ARAGÓN";26/12/2023;;
"1252";"F22146369";"Cooperativa Agrícola La Menorca SCAL";"Huesca";"ARAGÓN";26/12/2023;;
"1253";"F22157580";"Fitoagro S.C.A.L.";"Huesca";"ARAGÓN";26/12/2023;;
"1254";"F22159347";"Soc. Coop. Ltda. Agraria de Lanaja";"Huesca";"ARAGÓN";26/12/2023;;
"1255";"F22160451";"FRAGAFRUIT Soc. Coop. Ltda.";"Huesca";"ARAGÓN";26/12/2023;;
"1256";"F22184196";"Arrocera del Pirineo Soc. Coop. Ltd.";"Zaragoza";"ARAGÓN";26/12/2023;;
"1257";"F22199178";"Frutos del Cinca, S.C.P. nº 585";"Huesca";"ARAGÓN";26/12/2023;;
"1258";"F22243208";"Coop. Val Cuerna SCL de Peñalba";"Huesca";"ARAGÓN";26/12/2023;;
"1259";"F22339212";"Sierra de Alcubierre Sdad. Coop. Ltda.";"Huesca";"ARAGÓN";26/12/2023;;
"1260";"F22374052";"Summer Fruit S.C.A.";"Huesca";"ARAGÓN";26/12/2023;;
"1261";"F23004955";"SCA NTRA. SRA. DE LA ASUNCIÓN";"Jaén";"ANDALUCÍA";26/12/2023;;
"1262";"F23004963";"SCA NTRA SRA DEL CASTILLO";"Jaén";"ANDALUCÍA";26/12/2023;;
"1263";"F23004971";"SCA LA BÉTICA ACEITERA";"Jaén";"ANDALUCÍA";26/12/2023;;
"1264";"F23005036";"SCA SANTA ÁGUEDA";"Jaén";"ANDALUCÍA";26/12/2023;;
"1265";"F23005044";"SCA JESÚS DE NAZARET";"Jaén";"ANDALUCÍA";26/12/2023;;
"1266";"F23005069";"SCA NTRA SRA DE GUADALUPE";"Jaén";"ANDALUCÍA";26/12/2023;;
"1267";"F23005077";"SCA NTRA SRA  DEL COLLADO";"Jaén";"ANDALUCÍA";26/12/2023;;
"1268";"F23005085";"SCA SAN ISIDRO";"Jaén";"ANDALUCÍA";26/12/2023;;
"1269";"F23005093";"SCA SAN MARCOS";"Jaén";"ANDALUCÍA";26/12/2023;;
"1270";"F23005101";"SCA NTRO PADRE JESÚS DEL LLANO";"Jaén";"ANDALUCÍA";26/12/2023;;
"1271";"F23005119";"SCA SAN JOSÉ";"Jaén";"ANDALUCÍA";26/12/2023;;
"1272";"F23005135";"SCA SAN JUAN DE LA CRUZ";"Jaén";"ANDALUCÍA";26/12/2023;;
"1273";"F23005143";"SCA NTRA SRA DE LA CABEZA";"Jaén";"ANDALUCÍA";26/12/2023;;
"1274";"F23005168";"SCA SAN ISIDRO";"Jaén";"ANDALUCÍA";26/12/2023;;
"1275";"F23005176";"SCA UNIÓN DE ÚBEDA";"Jaén";"ANDALUCÍA";26/12/2023;;
"1276";"F23005184";"SCA NUESTRA SRA DE LA CONSOLACIÓN";"Jaén";"ANDALUCÍA";26/12/2023;;
"1277";"F23005192";"SCA SAN FERNANDO";"Jaén";"ANDALUCÍA";26/12/2023;;
"1278";"F23005218";"SCA SAN JOSÉ";"Jaén";"ANDALUCÍA";26/12/2023;;
"1279";"F23005242";"SCA SAN JUAN BAUTISTA";"Jaén";"ANDALUCÍA";26/12/2023;;
"1280";"F23005267";"SCA NTRO  PADRE JESUS DE JABALQUINTO";"Jaén";"ANDALUCÍA";26/12/2023;;
"1281";"F23005283";"SCA ACEITES SAN BENITO";"Jaén";"ANDALUCÍA";26/12/2023;;
"1282";"F23005291";"SCA LA VERA CRUZ";"Jaén";"ANDALUCÍA";26/12/2023;;
"1283";"F23005416";"SCA CRISTO DE LA VERACRUZ";"Jaén";"ANDALUCÍA";26/12/2023;;
"1284";"F23005424";"SCA SAN ANTONIO ABAD";"Jaén";"ANDALUCÍA";26/12/2023;;
"1285";"F23005440";"SCA NTRA SRA DE LA FUENSANTA";"Jaén";"ANDALUCÍA";26/12/2023;;
"1286";"F23005457";"SCA STMO CRISTO DE LA MISERICORDIA";"Jaén";"ANDALUCÍA";26/12/2023;;
"1287";"F23005473";"SCA NTRA SRA DE LA CABEZA";"Jaén";"ANDALUCÍA";26/12/2023;;
"1288";"F23005481";"SCA LA PURÍSIMA CONCEPCIÓN";"Jaén";"ANDALUCÍA";26/12/2023;;
"1289";"F23005499";"SCA VIRGEN DE LA ESTRELLA";"Jaén";"ANDALUCÍA";26/12/2023;;
"1290";"F23005531";"SCA NTRA SRA DE LA ASUNCIÓN Y SAN JOSÉ";"Jaén";"ANDALUCÍA";26/12/2023;;
"1291";"F23005549";"SCA NTRA SRA DEL ROSARIO Y SAN BLAS";"Jaén";"ANDALUCÍA";26/12/2023;;
"1292";"F23005556";"SCA SANTA ELENA";"Jaén";"ANDALUCÍA";26/12/2023;;
"1293";"F23005564";"SCA DEL CAMPO EL ALCÁZAR";"Jaén";"ANDALUCÍA";26/12/2023;;
"1294";"F23005572";"SCA NTRA SRA DEL LORITE";"Jaén";"ANDALUCÍA";26/12/2023;;
"1295";"F23005606";"SCA BEDMARENSE";"Jaén";"ANDALUCÍA";26/12/2023;;
"1296";"F23005622";"SCA VIRGEN DEL CARMEN";"Jaén";"ANDALUCÍA";26/12/2023;;
"1297";"F23005655";"SCA SAN ROQUE";"Jaén";"ANDALUCÍA";26/12/2023;;
"1298";"F23005689";"SCA SAN ISIDRO";"Jaén";"ANDALUCÍA";26/12/2023;;
"1299";"F23005705";"SCA NTRA SRA DE LA PAZ";"Jaén";"ANDALUCÍA";26/12/2023;;
"1300";"F23005713";"SCA SAN ISIDRO";"Jaén";"ANDALUCÍA";26/12/2023;;
"1301";"F23005747";"SCA NTRA SRA DE LA CONSOLACION";"Jaén";"ANDALUCÍA";26/12/2023;;
"1302";"F23005754";"SCA SANTA LUCÍA";"Jaén";"ANDALUCÍA";26/12/2023;;
"1303";"F23005770";"SCA SAN JUAN";"Jaén";"ANDALUCÍA";26/12/2023;;
"1304";"F23005788";"SCA SAN ISIDRO LABRADOR";"Jaén";"ANDALUCÍA";26/12/2023;;
"1305";"F23005796";"SCA DEL C AMPO SAN BLAS";"Jaén";"ANDALUCÍA";26/12/2023;;
"1306";"F23005812";"SCA LA PURÍSIMA CONCEPCIÓN";"Jaén";"ANDALUCÍA";26/12/2023;;
"1307";"F23005820";"SCA SAN FRANCISCO";"Jaén";"ANDALUCÍA";26/12/2023;;
"1308";"F23005838";"SCA NTRA SRA DEL CAMPILLO";"Jaén";"ANDALUCÍA";26/12/2023;;
"1309";"F23005846";"SCA SAN ISIDRO";"Jaén";"ANDALUCÍA";26/12/2023;;
"1310";"F23005853";"SCA SAN ISIDRO LABRADOR";"Jaén";"ANDALUCÍA";26/12/2023;;
"1311";"F23005879";"SCA SAN ISIDRO LABRADOR";"Jaén";"ANDALUCÍA";26/12/2023;;
"1312";"F23005887";"SCA NTRA SRA DEL ROSARIO";"Jaén";"ANDALUCÍA";26/12/2023;;
"1313";"F23005895";"SCA SANTA CLARA";"Jaén";"ANDALUCÍA";26/12/2023;;
"1314";"F23005903";"SCA  VIRGEN DEL CAMPO";"Jaén";"ANDALUCÍA";26/12/2023;;
"1315";"F23005952";"SCA SAN RAFAEL";"Jaén";"ANDALUCÍA";26/12/2023;;
"1316";"F23005986";"SCA SAN ANTONIO ABAD";"Jaén";"ANDALUCÍA";26/12/2023;;
"1317";"F23006034";"SCA SAN FELIPE APÓSTOL";"Jaén";"ANDALUCÍA";26/12/2023;;
"1318";"F23006067";"SCA OLEICOLA LA LOPERANA";"Jaén";"ANDALUCÍA";26/12/2023;;
"1319";"F23006125";"SCA NTRA SRA  DEL ROSARIO";"Jaén";"ANDALUCÍA";26/12/2023;;
"1320";"F23006133";"SCA NTRA SRA DE NAZARET";"Jaén";"ANDALUCÍA";26/12/2023;;
"1321";"F23006158";"SCA SAN ISIDRO";"Jaén";"ANDALUCÍA";26/12/2023;;
"1322";"F23006190";"SCA STMO CRISTO DE LA VERA-CRUZ";"Jaén";"ANDALUCÍA";26/12/2023;;
"1323";"F23006208";"SCA NTRA SRA DE LA PAZ";"Jaén";"ANDALUCÍA";26/12/2023;;
"1324";"F23006232";"SCA SAN JUAN BAUTISTA ";"Jaén";"ANDALUCÍA";26/12/2023;;
"1325";"F23006257";"SCA NTRO PADRE JESÚS DE LA COLUMNA";"Jaén";"ANDALUCÍA";26/12/2023;;
"1326";"F23006299";"SCA SAN MARCOS";"Jaén";"ANDALUCÍA";26/12/2023;;
"1327";"F23006315";"SCA DEL CAMPO SAN AGUSTÍN";"Jaén";"ANDALUCÍA";26/12/2023;;
"1328";"F23006323";"SCA SAN FRANCISCO";"Jaén";"ANDALUCÍA";26/12/2023;;
"1329";"F23006356";"SCA SAN JOSÉ";"Jaén";"ANDALUCÍA";26/12/2023;;
"1330";"F23006422";"SCA CRISTO DE LA SALUD";"Jaén";"ANDALUCÍA";26/12/2023;;
"1331";"F23006463";"SCA VIRGEN DEL PERPETUO SOCORRO";"Jaén";"ANDALUCÍA";26/12/2023;;
"1332";"F23006539";"SCA SAN ROQUE DE CARCHELEJO";"Jaén";"ANDALUCÍA";26/12/2023;;
"1333";"F23006620";"SCA SAN PEDRO APÓSTOL";"Jaén";"ANDALUCÍA";26/12/2023;;
"1334";"F23006638";"SCA GUTAMARTA";"Jaén";"ANDALUCÍA";26/12/2023;;
"1335";"F23006653";"SCA MARTÍNEZ MONTAÑÉS";"Jaén";"ANDALUCÍA";26/12/2023;;
"1336";"F23006869";"SCA SAN JUAN BAUTISTA";"Jaén";"ANDALUCÍA";26/12/2023;;
"1337";"F23006901";"SCA NTRA SRA DE LA FUENSANTA";"Jaén";"ANDALUCÍA";26/12/2023;;
"1338";"F23006992";"SCA SAN JUAN BAUTISTA";"Jaén";"ANDALUCÍA";26/12/2023;;
"1339";"F23007024";"SCA VIRGEN DEL CAMPO";"Jaén";"ANDALUCÍA";26/12/2023;;
"1340";"F23007057";"SCA SAN BLAS";"Jaén";"ANDALUCÍA";26/12/2023;;
"1341";"F23007164";"SCA DEL CAMPO SAN ISIDRO";"Jaén";"ANDALUCÍA";26/12/2023;;
"1342";"F23007313";"SCA SAGRADO CORAZÓN DE JESÚS";"Jaén";"ANDALUCÍA";26/12/2023;;
"1343";"F23007537";"SCA JESUS DEL GRAN PODER";"Jaén";"ANDALUCÍA";26/12/2023;;
"1344";"F23007545";"SCA SAN BARTOLOMÉ";"Jaén";"ANDALUCÍA";26/12/2023;;
"1345";"F23007693";"SCA SANTA CLOTILDE";"Jaén";"ANDALUCÍA";26/12/2023;;
"1346";"F23007719";"SCA NTRA SRA DEL PILAR";"Jaén";"ANDALUCÍA";26/12/2023;;
"1347";"F23007735";"SCA SAN VICENTE";"Jaén";"ANDALUCÍA";26/12/2023;;
"1348";"F23007743";"SCA SAN ANTÓN";"Jaén";"ANDALUCÍA";26/12/2023;;
"1349";"F23007750";"SCA DEL CAMPO SAN ISIDRO";"Jaén";"ANDALUCÍA";26/12/2023;;
"1350";"F23007875";"SCA VIRGEN DEL PILAR";"Jaén";"ANDALUCÍA";26/12/2023;;
"1351";"F23007891";"SCA SAN ISIDRO";"Jaén";"ANDALUCÍA";26/12/2023;;
"1352";"F23007990";"SCA NTRA SRA DE LOS REMEDIOS";"Jaén";"ANDALUCÍA";26/12/2023;;
"1353";"F23008253";"SCA SAN RAFAEL";"Jaén";"ANDALUCÍA";26/12/2023;;
"1354";"F23008279";"SCA NUESTRA SEÑORA DEL CARMEN";"Jaén";"ANDALUCÍA";26/12/2023;;
"1355";"F23008444";"SCA SAN GINÉS Y SAN ISIDRO";"Jaén";"ANDALUCÍA";26/12/2023;;
"1356";"F23008485";"SCA SAN BENITO";"Jaén";"ANDALUCÍA";26/12/2023;;
"1357";"F23008501";"SCA LA PURÍSIMA CONCEPCIÓN";"Jaén";"ANDALUCÍA";26/12/2023;;
"1358";"F23008543";"SCA SANTA TERESA DE JESUS";"Jaén";"ANDALUCÍA";26/12/2023;;
"1359";"F23008576";"SCA SAN MARCOS";"Jaén";"ANDALUCÍA";26/12/2023;;
"1360";"F23008626";"SCA SAN FRANCISCO";"Jaén";"ANDALUCÍA";26/12/2023;;
"1361";"F23008683";"SCA NTRA SRA DE LA ASUNCIÓN";"Jaén";"ANDALUCÍA";26/12/2023;;
"1362";"F23008832";"SCA SANTA MARÍA ";"Jaén";"ANDALUCÍA";26/12/2023;;
"1363";"F23008980";"SCA SAN ADOLFO";"Jaén";"ANDALUCÍA";26/12/2023;;
"1364";"F23009228";"SCA SAN ANTONIO";"Jaén";"ANDALUCÍA";26/12/2023;;
"1365";"F23009244";"SCA NTRA SRA  DEL ROSARIO";"Jaén";"ANDALUCÍA";26/12/2023;;
"1366";"F23009251";"SCA AGRICOLA OLIVARERA SAN ANTONIO";"Jaén";"ANDALUCÍA";26/12/2023;;
"1367";"F23009269";"SCA NTRA SRA DE LA ENCARNACIÓN";"Jaén";"ANDALUCÍA";26/12/2023;;
"1368";"F23009798";"SCA NTRA SRA DE LA ASUNCIÓN";"Jaén";"ANDALUCÍA";26/12/2023;;
"1369";"F23009806";"SCA SAN FRANCISCO";"Jaén";"ANDALUCÍA";26/12/2023;;
"1370";"F23009897";"SCA SAN FRANCISCO";"Jaén";"ANDALUCÍA";26/12/2023;;
"1371";"F23009905";"SAT LA CONCEPCIÓN Nº 3.355";"Jaén";"ANDALUCÍA";26/12/2023;;
"1372";"F23009970";"SCA HORTOFRUTÍCOLA SAN MARCOS";"Jaén";"ANDALUCÍA";26/12/2023;;
"1373";"F23010036";"SCA NTRA SRA DEL ROSARIO";"Jaén";"ANDALUCÍA";26/12/2023;;
"1374";"F23010051";"SCA NTRA SRA DEL OLIVO";"Jaén";"ANDALUCÍA";26/12/2023;;
"1375";"F23010143";"SCA DEL CAMPO LA CARRERA";"Jaén";"ANDALUCÍA";26/12/2023;;
"1376";"F23010275";"SCA SANTA ISABEL";"Jaén";"ANDALUCÍA";26/12/2023;;
"1377";"F23010291";"SCA SAN BONOSO Y SAN MAXIMIAMO";"Jaén";"ANDALUCÍA";26/12/2023;;
"1378";"F23010382";"SCA VIRGEN DE ALHARILLA";"Jaén";"ANDALUCÍA";26/12/2023;;
"1379";"F23010499";"SCA SAN SEBASTIÁN";"Jaén";"ANDALUCÍA";26/12/2023;;
"1380";"f23011331";"SCA DESARROLLO LOPERANO";"Jaén";"ANDALUCÍA";26/12/2023;;
"1381";"F23011877";"SCA NTRA SRA DE LOS REMEDIOS ";"Jaén";"ANDALUCÍA";26/12/2023;;
"1382";"F23012768";"SCA NTRA SRA DEL ROSARIO";"Jaén";"ANDALUCÍA";26/12/2023;;
"1383";"F23012776";"SCA DOMINGO SOLÍS";"Jaén";"ANDALUCÍA";26/12/2023;;
"1384";"F23013071";"SCA SAN ISIDRO LABRADOR";"Jaén";"ANDALUCÍA";26/12/2023;;
"1385";"F23014731";"SCA SANTA EULALIA";"Jaén";"ANDALUCÍA";26/12/2023;;
"1386";"F23015001";"SCA SAN FRANCISCO DE ASÍS";"Jaén";"ANDALUCÍA";26/12/2023;;
"1387";"F23023864";"SCA NUEVA ESPERANZA";"Jaén";"ANDALUCÍA";26/12/2023;;
"1388";"F23028343";"SAT NTRA SRA DEL CAMINO Nº  2.785";"Jaén";"ANDALUCÍA";26/12/2023;;
"1389";"F23030224";"SCA LOS TOSCARES";"Jaén";"ANDALUCÍA";26/12/2023;;
"1390";"F23034911";"SCA AGRARIA DE PORCUNA";"Jaén";"ANDALUCÍA";26/12/2023;;
"1391";"F23035280";"SAT nº 5645 EL OLIVO";"Jaén";"ANDALUCÍA";26/12/2023;;
"1392";"F23045016";"SCA NTRA SRA DE LOS MILAGROS";"Jaén";"ANDALUCÍA";26/12/2023;;
"1393";"F23053630";"SCA JAENCOOP 2º GRADO";"Jaén";"ANDALUCÍA";26/12/2023;;
"1394";"F23059371";"SCA TORREDONJIMENO";"Jaén";"ANDALUCÍA";26/12/2023;;
"1395";"F23212871";"SCA SIERRA DE GÉNAVE";"Jaén";"ANDALUCÍA";26/12/2023;;
"1396";"F23297179";"SCA LA BOBADILLA";"Jaén";"ANDALUCÍA";26/12/2023;;
"1397";"F23332356";"SCA SAN MARCOS EVANGELISTA";"Jaén";"ANDALUCÍA";26/12/2023;;
"1398";"F23332414";"SCA OLEOXA ACEITES DE JAÉN";"Jaén";"ANDALUCÍA";26/12/2023;;
"1399";"F23340698";"SCA OLEÍCOLA BAEZA";"Jaén";"ANDALUCÍA";26/12/2023;;
"1400";"F23387319";"SCA LA REMEDIADORA";"Jaén";"ANDALUCÍA";26/12/2023;;
"1401";"F23392384";"SCA AGROSEGURA";"Jaén";"ANDALUCÍA";26/12/2023;;
"1402";"F23395148";"SCA SIERRA DE SAN PEDRO";"Jaén";"ANDALUCÍA";26/12/2023;;
"1403";"F23424070";"SCA ZUMOLIVA";"Jaén";"ANDALUCÍA";26/12/2023;;
"1404";"F23496821";"SCA LA VICARÍA";"Jaén";"ANDALUCÍA";26/12/2023;;
"1405";"F23502800";"SCA LA VEGA DE VILLANUEVA";"Jaén";"ANDALUCÍA";26/12/2023;;
"1406";"F23503436";"SCA UNIÓN OLEÍCOLA CAMBIL";"Jaén";"ANDALUCÍA";26/12/2023;;
"1407";"F23527708";"SCA SIERRA DE LA PANDERA";"Jaén";"ANDALUCÍA";26/12/2023;;
"1408";"F23572423";"SCA FUENTE DEL ROSAL";"Jaén";"ANDALUCÍA";26/12/2023;;
"1409";"F23579147";"SCA LA UNIÓN DE CHILLUÉVAR";"Jaén";"ANDALUCÍA";26/12/2023;;
"1410";"F23583032";"SCA COBIOSUR";"Jaén";"ANDALUCÍA";26/12/2023;;
"1411";"F23656028";"SCA AGRÍCOLA DE BAILÉN VIRGEN DE ZOCUECA";"Jaén";"ANDALUCÍA";26/12/2023;;
"1412";"F23661200";"SCA ACEITES GUADALQUIVIR";"Jaén";"ANDALUCÍA";26/12/2023;;
"1413";"F23671316";"SCA OLEÍCOLA VALDEPEÑAS DE JAEN";"Jaén";"ANDALUCÍA";26/12/2023;;
"1414";"F23788854";"SCA CASTILLO DE HORNOS";"Jaén";"ANDALUCÍA";26/12/2023;;
"1415";"F23791510";"SCA LA UNIÓN DEL SANTO CRISTO";"Jaén";"ANDALUCÍA";26/12/2023;;
"1416";"F23791635";"SCA CIUDAD DE JAÉN";"Jaén";"ANDALUCÍA";26/12/2023;;
"1417";"F23801046";"SCA HORTÍCOLAS DEL GUADALQUIVIR";"Jaén";"ANDALUCÍA";26/12/2023;;
"1418";"F24006918";"VINOS DEL BIERZO, S. COOP.";"León";"CASTILLA y LEÓN";26/12/2023;;
"1419";"F24006991";"BODEGAS CEPAS DEL BIERZO, S. COOP.";"León";"CASTILLA y LEÓN";26/12/2023;;
"1420";"F24007015";"S. COOP. VIÑAS DEL BIERZO";"León";"CASTILLA y LEÓN";26/12/2023;;
"1421";"F24008237";"S. COOP. LECHERA LAR";"León";"CASTILLA y LEÓN";26/12/2023;;
"1422";"F24011058";"S. COOP. VINOS DE LA RIBERA DEL CEA";"León";"CASTILLA y LEÓN";26/12/2023;;
"1423";"F24012940";"S. COOP. VINICOLA COMARCAL DE VALDEVIMBRE";"León";"CASTILLA y LEÓN";26/12/2023;;
"1424";"F24016966";"S. COOP. VALDEVEGA";"León";"CASTILLA y LEÓN";26/12/2023;;
"1425";"F24019739";"S. COOP. COLENOR";"León";"CASTILLA y LEÓN";26/12/2023;;
"1426";"F24020604";"CENTRAL HORTOFRUTICOLA DEL BIERZO";"León";"CASTILLA y LEÓN";26/12/2023;;
"1427";"F24048332";"S. COOP. VEGA ESLA";"León";"CASTILLA y LEÓN";26/12/2023;;
"1428";"F24078487";"CENTRAL HORTOF. DE CARRACEDELO, S. COOP.";"León";"CASTILLA y LEÓN";26/12/2023;;
"1429";"F24245870";"S. COOP.  GANADERA DEL SUR DE LEÓN (COVISURLE)";"León";"CASTILLA y LEÓN";26/12/2023;;
"1430";"F24267098";"S. COOP. UCOGAL";"León";"CASTILLA y LEÓN";26/12/2023;;
"1431";"F24280059";"S. COOP. FRUTIBER";"León";"CASTILLA y LEÓN";26/12/2023;;
"1432";"F24300378";"S. COOP. FRUTICULTORES DEL BIERZO (COFRUBI)";"León";"CASTILLA y LEÓN";26/12/2023;;
"1433";"F24300451";"S. COOP. CERES LEONESA";"León";"CASTILLA y LEÓN";26/12/2023;;
"1434";"F24316291";"S. COOP. AGRARIA GISTREDO";"León";"CASTILLA y LEÓN";26/12/2023;;
"1435";"F24342958";"S.COOP. VALDUEBRO";"León";"CASTILLA y LEÓN";26/12/2023;;
"1436";"F24399990";"S. COOP. MONTAÑA DEL TELENO";"León";"CASTILLA y LEÓN";26/12/2023;;
"1437";"F24430282";"LACTOCEA, S. COOP.";"León";"CASTILLA y LEÓN";26/12/2023;;
"1438";"F24694648";"S. COOP. OPCYL";"León";"CASTILLA y LEÓN";26/12/2023;;
"1439";"F25002338";"Cadí, SCCL";"Lleida";"CATALUÑA";26/12/2023;;
"1440";"F25003252";"Camp de Gimenells, SCCL";"Lleida";"CATALUÑA";26/12/2023;;
"1441";"F25003260";"Linyola Agropecuària i Secció de Crèdit, SCCL";"Lleida";"CATALUÑA";26/12/2023;;
"1442";"F25003393";"Camp La Fraternal d'Albagés, SCCL";"Lleida";"CATALUÑA";26/12/2023;;
"1443";"F25003401";"Agrícola d'Albatàrrec, SCCL";"Lleida";"CATALUÑA";26/12/2023;;
"1444";"F25003419";"Agrícola de l'Albi, SCCL";"Lleida";"CATALUÑA";26/12/2023;;
"1445";"F25003435";"Agroserveis d'Almacelles, SCCL";"Lleida";"CATALUÑA";26/12/2023;;
"1446";"F25003518";"Camp i Secció de Crèdit Sant Isidre de Bellcaire d'Urgell, SCCL";"Lleida";"CATALUÑA";26/12/2023;;
"1447";"F25003542";"Camp de Bovera, SCCL";"Lleida";"CATALUÑA";26/12/2023;;
"1448";"F25003559";"Sant Isidre de les Borges Blanques i Secció de Crèdit, SCCL";"Lleida";"CATALUÑA";26/12/2023;;
"1449";"F25003625";"Camp de Cervià de les Garrigues i Secció de Crèdit, SCCL";"Lleida";"CATALUÑA";26/12/2023;;
"1450";"F25003674";"Cooperativa la Granadella i Secció de Crèdit de Sant Antoni Abad, SCCL";"Lleida";"CATALUÑA";26/12/2023;;
"1451";"F25003716";"Agrícola Sant Isidre i Secció de Crèdit de Juncosa de les Garrigues, SCCL";"Lleida";"CATALUÑA";26/12/2023;;
"1452";"F25003740";"Camp de Maldà, SCCL";"Lleida";"CATALUÑA";26/12/2023;;
"1453";"F25003757";"Camp Foment Maialenc i Secció de Crèdit, SCCL";"Lleida";"CATALUÑA";26/12/2023;;
"1454";"F25003765";"Agrària de Miralcamp, SCCL";"Lleida";"CATALUÑA";26/12/2023;;
"1455";"F25003815";"Agrària Sant Roc de Palau d'Anglesola, SCCL";"Lleida";"CATALUÑA";26/12/2023;;
"1456";"F25003872";"Fru-Rose, SCCL";"Lleida";"CATALUÑA";26/12/2023;;
"1457";"F25003914";"Cooperativa Agrícola de el Soleràs, SCCL";"Lleida";"CATALUÑA";26/12/2023;;
"1458";"F25003922";"Agrària Ramadera Pallars de Sort, SCCL";"Lleida";"CATALUÑA";26/12/2023;;
"1459";"F25003955";"Camp i Secció de Crèdit d'els Torms, SCCL";"Lleida";"CATALUÑA";26/12/2023;;
"1460";"F25003989";"Foment Agrícola les Planes, SCCL";"Lleida";"CATALUÑA";26/12/2023;;
"1461";"F25004037";"Camp de Vinaixa, SCCL";"Lleida";"CATALUÑA";26/12/2023;;
"1462";"F25004045";"Camp d'Alcarràs i Secció de Crèdit, SCCL";"Lleida";"CATALUÑA";26/12/2023;;
"1463";"F25004086";"Agrària i Secció de Crèdit la Borgenca, SCCL";"Lleida";"CATALUÑA";26/12/2023;;
"1464";"F25004169";"Agrupació del Camp Sant Isidre Llaurador, SCCL";"Lleida";"CATALUÑA";26/12/2023;;
"1465";"F25004409";"Cooperativa d'Ivars i Secció de Crèdit, SCCL";"Lleida";"CATALUÑA";26/12/2023;;
"1466";"F25004482";"Agrària de Vallbona de les Monges, SCCL";"Lleida";"CATALUÑA";26/12/2023;;
"1467";"F25005562";"Agrària Verge de Carrassumada i Secció de Crèdit, SCCL";"Lleida";"CATALUÑA";26/12/2023;;
"1468";"F25005570";"Camp i Secció de Crèdit de Massalcoreig, SCCL";"Lleida";"CATALUÑA";26/12/2023;;
"1469";"F25005588";"Camp Sant Salvador d'Alfés, SCCL";"Lleida";"CATALUÑA";26/12/2023;;
"1470";"F25007295";"Agrícola i Secció de Crèdit d'Alcoletge, SCCL";"Lleida";"CATALUÑA";26/12/2023;;
"1471";"F25007469";"Frutera Segrià, SCCL";"Lleida";"CATALUÑA";26/12/2023;;
"1472";"F25007741";"Agrària Progressiva de Benavent-Portella, SCCL";"Lleida";"CATALUÑA";26/12/2023;;
"1473";"F25008285";"Agropecuària de Soses, SCCL";"Lleida";"CATALUÑA";26/12/2023;;
"1474";"F25008749";"Seròs-Fruits, SCCL";"Lleida";"CATALUÑA";26/12/2023;;
"1475";"F25009739";"Camp Sant Faust d'Alguaire i Secció de Crèdit, SCCL";"Lleida";"CATALUÑA";26/12/2023;;
"1476";"F25009762";"Del Camp Sant Gaietà d'Almenar, SCCL";"Lleida";"CATALUÑA";26/12/2023;;
"1477";"F25009770";"Agropecuària i Secció de Crèdit Verge de les Sogues de Bellvís, SCCL";"Lleida";"CATALUÑA";26/12/2023;;
"1478";"F25011800";"Camp de Sunyer, SCCL";"Lleida";"CATALUÑA";26/12/2023;;
"1479";"F25012196";"Fructícola de Torrefarrera, SCCL";"Lleida";"CATALUÑA";26/12/2023;;
"1480";"F25012261";"Agrària Espluguense i Secció de Crèdit, SCCL";"Lleida";"CATALUÑA";26/12/2023;;
"1481";"F25012311";"Sant Miquel de Bell-lloc, SCCL";"Lleida";"CATALUÑA";26/12/2023;;
"1482";"F25012501";"Agropecuària d'Artesa de Segre, SCCL";"Lleida";"CATALUÑA";26/12/2023;;
"1483";"F25013624";"Agrària i Secció de Crèdit Sant Roc d'Albesa, SCCL";"Lleida";"CATALUÑA";26/12/2023;;
"1484";"F25015678";"Almenar Fruits, SCCL";"Lleida";"CATALUÑA";26/12/2023;;
"1485";"F25015769";"Agropecuària i Secció de Crèdit de Juneda, SCCL";"Lleida";"CATALUÑA";26/12/2023;;
"1486";"F25015900";"Cooperativa del Camp Sant Gaietà d'Aitona, SCCL";"Lleida";"CATALUÑA";26/12/2023;;
"1487";"F25016452";"Camp de Térmens, SCCL ";"Lleida";"CATALUÑA";26/12/2023;;
"1488";"F25019548";"Fruitera i Secció de Crèdit de Torrelameu, SCCL";"Lleida";"CATALUÑA";26/12/2023;;
"1489";"F25023938";"Actel, SCCL";"Lleida";"CATALUÑA";26/12/2023;;
"1490";"F25026451";"Miralcamp Fruits, SCCL";"Lleida";"CATALUÑA";26/12/2023;;
"1491";"F25029174";"Cotecnica, SCCL";"Lleida";"CATALUÑA";26/12/2023;;
"1492";"F25076852";"Transalfals & la Vispesa, SCCL";"Lleida";"CATALUÑA";26/12/2023;;
"1493";"F25220104";"Cooperativa Fruits Secs de les Garrigues, SCCL";"Lleida";"CATALUÑA";26/12/2023;;
"1494";"F25284209";"Grup Cooperatiu Fruits de Ponent SCCL";"Lleida";"CATALUÑA";26/12/2023;;
"1495";"F25285024";"Trecoop Fruites, SCCL";"Lleida";"CATALUÑA";26/12/2023;;
"1496";"F25506023";"Ramaders de Juncosa, SCCL";"Lleida";"CATALUÑA";26/12/2023;;
"1497";"F25578055";"Fruitera de Corbins i Secció de Crèdit, SCCL";"Lleida";"CATALUÑA";26/12/2023;;
"1498";"F25686478";"Arbequina i Secció de Crèdit, SCCL";"Lleida";"CATALUÑA";26/12/2023;;
"1499";"F25848151";"Gestió Agroramadera de Ponent GAP, SCCL";"Lleida";"CATALUÑA";26/12/2023;;
"1500";"F26005751";"BODEGA NTRA. SEÑORA DE VICO, S. COOP.";"Rioja, La";"LA RIOJA";26/12/2023;;
"1501";"F26005843";"BODEGA SAN ISIDRO LABRADOR, S. COOP.";"Rioja, La";"LA RIOJA";26/12/2023;;
"1502";"F26005868";"BODEGA NTRA. SRA ANUNCIACIÓN, S. COOP.";"Rioja, La";"LA RIOJA";26/12/2023;;
"1503";"F26006056";"BODEGA REAL DE NÁJERA. S. COOP.";"Rioja, La";"LA RIOJA";26/12/2023;;
"1504";"F26006221";"COOPERATIVA VIRGEN DE CARRAVIESO";"Rioja, La";"LA RIOJA";26/12/2023;;
"1505";"F26006445";"BODEGA ARCA DE NOÉ, S. COOP.";"Rioja, La";"LA RIOJA";26/12/2023;;
"1506";"F26006742";"BODEGA SAN MIGUEL, S. COOP.";"Rioja, La";"LA RIOJA";26/12/2023;;
"1507";"F26006833";"BODEGAS TARÓN, S. COOP.";"Rioja, La";"LA RIOJA";26/12/2023;;
"1508";"F26006940";"BODEGA VINICOLA RIOJANA DE ALCANADRE, SOC. COOP.";"Rioja, La";"LA RIOJA";26/12/2023;;
"1509";"F26006957";"BODEGA VIÑEDOS DE ALDEANUEVA, S. COOP.";"Rioja, La";"LA RIOJA";26/12/2023;;
"1510";"F26007005";"BODEGAS MARQUÉS DE REINOSA, S. COOP.";"Rioja, La";"LA RIOJA";26/12/2023;;
"1511";"F26007450";"BODEGA INT. SANTIAGO APOSTOL, S. COOP.";"Rioja, La";"LA RIOJA";26/12/2023;;
"1512";"F26008060";"BODEGA SAN PEDRO APOSTOL, S. COOP.";"Rioja, La";"LA RIOJA";26/12/2023;;
"1513";"F26009118";"BODEGA SAN COSME Y SAN DAMIAN, S. COOP.";"Rioja, La";"LA RIOJA";26/12/2023;;
"1514";"F26013227";"BODEGAS NAJERILLA, S. COOP.";"Rioja, La";"LA RIOJA";26/12/2023;;
"1515";"F26014472";"BODEGA SAN ESTEBAN PROTOMARTIR, S. COOP.";"Rioja, La";"LA RIOJA";26/12/2023;;
"1516";"F26024620";"COOPERATIVA GARU, S. COOP.";"Rioja, La";"LA RIOJA";26/12/2023;;
"1517";"F26040717";"BODEGAS PATROCINIO, S. COOP.";"Rioja, La";"LA RIOJA";26/12/2023;;
"1518";"F26049957";"BODEGA VINICOLA DAVALILLO, S.C.L.";"Rioja, La";"LA RIOJA";26/12/2023;;
"1519";"F26104919";"BODEGA COMARCAL DE NAVARRETE, S. COOP.";"Rioja, La";"LA RIOJA";26/12/2023;;
"1520";"F26273672";"BODEGA COOP. SAN CEBRÍN, S.C.L.";"Rioja, La";"LA RIOJA";26/12/2023;;
"1521";"F26288951";"BODEGA HERMEDAÑA, S. COOP.";"Rioja, La";"LA RIOJA";26/12/2023;;
"1522";"F26292581";"BODEGA SDAD. COOP. VITIVINICOLA DE SOTES";"Rioja, La";"LA RIOJA";26/12/2023;;
"1523";"F26296780";"BODEGA SEÑORÍO DE VALBORNEDO, S. COOP.";"Rioja, La";"LA RIOJA";26/12/2023;;
"1524";"F27004357";"CAMPO DE PÁRAMO, S. COOP. GALEGA";"Lugo";"GALICIA";26/12/2023;;
"1525";"F27013739";"LEMOS, S. COOP. GALEGA";"Lugo";"GALICIA";26/12/2023;;
"1526";"F27022797";"CODEIRA, S. COOP. GALEGA";"Lugo";"GALICIA";26/12/2023;;
"1527";"F27027218";"CAXIGO, S. COOP. GALEGA";"Lugo";"GALICIA";26/12/2023;;
"1528";"F27030279";"O CAXIGO, S. COOP. GALEGA";"Lugo";"GALICIA";26/12/2023;;
"1529";"F27140565";"O PEREIRO, S. COOP. GALEGA";"Lugo";"GALICIA";26/12/2023;;
"1530";"F27176775";"A CARQUEIXA, S. COOP. GALEGA";"Lugo";"GALICIA";26/12/2023;;
"1531";"F27207323";"O XEIXO, S. COOP. GALEGA";"Lugo";"GALICIA";26/12/2023;;
"1532";"F27230184";"VILAXUSTE, S. COOP. GALEGA";"Lugo";"GALICIA";26/12/2023;;
"1533";"F27317593";"AIRA S. COOP. GALEGA";"Lugo";"GALICIA";26/12/2023;;
"1534";"F27339043";"LEIRA S. COOP. GALEGA";"Lugo";"GALICIA";26/12/2023;;
"1535";"F27388594";"CODEGUI, S. COOP. GALEGA";"Lugo";"GALICIA";26/12/2023;;
"1536";"F27430511";"ALMOGA, S. COOP. GALEGA";"Lugo";"GALICIA";26/12/2023;;
"1537";"F27453208";"TERRAS DO MIÑO, S. COOP. GALEGA";"Lugo";"GALICIA";26/12/2023;;
"1538";"F27453844";"TERRAS DA MARIÑA, S. COOP. GALEGA";"Lugo";"GALICIA";26/12/2023;;
"1539";"F28140259";"Vinícola de Arganda Sociedad Cooperativa";"Madrid";"MADRID";26/12/2023;;
"1540";"F28140267";"Aceitera de Arganda Sociedad Cooperativa";"Madrid";"MADRID";26/12/2023;;
"1541";"F28150662";"Cooperativa Nuestra Señora de la Soledad";"Madrid";"MADRID";26/12/2023;;
"1542";"F28154482";"Cooperativa Aceitera de Tielmes";"Madrid";"MADRID";26/12/2023;;
"1543";"F28154573";"Cooperativa Aceitera del Campo";"Madrid";"MADRID";26/12/2023;;
"1544";"F28154607";"Virgen de la Oliva Sociedad Cooperativa";"Madrid";"MADRID";26/12/2023;;
"1545";"F28155976";"Cooperativa Vinícola San Roque";"Madrid";"MADRID";26/12/2023;;
"1546";"F28157907";"Sociedad Cooperativa Castellana de Ganaderos";"Madrid";"MADRID";26/12/2023;;
"1547";"F28188902";"Cooperativa del Campo Santo Cristo";"Madrid";"MADRID";26/12/2023;;
"1548";"F28254555";"Cooperativa del Campo Vinícola San Isidro";"Madrid";"MADRID";26/12/2023;;
"1549";"F28354868";"SAT 2906 Don Álvaro de Luna";"Madrid";"MADRID";26/12/2023;;
"1550";"F28354892";"Cooperativa San Isidro";"Madrid";"MADRID";26/12/2023;;
"1551";"F28354918";"SAT 2908 Santa Lucía";"Madrid";"MADRID";26/12/2023;;
"1552";"F28354926";"SAT 1431 San Esteban Protomártir";"Madrid";"MADRID";26/12/2023;;
"1553";"F28354934";"SAT 1433 La Peraleña";"Madrid";"MADRID";26/12/2023;;
"1554";"F28354983";"SAT 1679 Virgen de la Poveda";"Madrid";"MADRID";26/12/2023;;
"1555";"F28355410";"SAT 1680 Santiago Apóstol";"Madrid";"MADRID";26/12/2023;;
"1556";"F28365237";"Bodega Cooperatova San Andrés";"Madrid";"MADRID";26/12/2023;;
"1557";"F28418275";"Recespaña Sociedad Cooperativa";"Madrid";"MADRID";26/12/2023;;
"1558";"F28436939";"Cooperativa Comendador de Castilla";"Madrid";"MADRID";26/12/2023;;
"1559";"F28578425";"SAT 2900 El Arco";"Madrid";"MADRID";26/12/2023;;
"1560";"F28802577";"SAT Virgen de la Nueva";"Madrid";"MADRID";26/12/2023;;
"1561";"F28870400";"SAT 4479 Nuestra Señora de la Concepción";"Madrid";"MADRID";26/12/2023;;
"1562";"F29007242";"SCA AGRÍCOLA DE CÓMPETA";"Málaga";"ANDALUCÍA";26/12/2023;;
"1563";"F29007267";"SCA COOPECAN";"Málaga";"ANDALUCÍA";26/12/2023;;
"1564";"F29007291";"SCA OLIVARERA LA PURÍSIMA";"Málaga";"ANDALUCÍA";26/12/2023;;
"1565";"F29007358";"SCA OLIVARERA SAN JUSTO Y NTRA. SRA. DEL CARMEN";"Málaga";"ANDALUCÍA";26/12/2023;;
"1566";"F29007416";"SCA OLIVARERA Y FRUTERA SAN ISIDRO";"Málaga";"ANDALUCÍA";26/12/2023;;
"1567";"F29007440";"SCA AGRÍCOLA DE ESTEPONA";"Málaga";"ANDALUCÍA";26/12/2023;;
"1568";"F29007549";"SCA AGRO-OLIVARERA SAGRADO CORAZÓN";"Málaga";"ANDALUCÍA";26/12/2023;;
"1569";"F29007655";"SCA OLIVARERA NTRA. SRA. DE GRACIA";"Málaga";"ANDALUCÍA";26/12/2023;;
"1570";"F29007663";"SCA AGRO-OLIVARERA PURÍSIMA SANTIAGO (COPUSAN)";"Málaga";"ANDALUCÍA";26/12/2023;;
"1571";"F29007697";"SCA AGRARIA VIRGEN DE LAS VIRTUDES";"Málaga";"ANDALUCÍA";26/12/2023;;
"1572";"F29007747";"SCA OLIVARERA SAN JUAN BAUTISTA";"Málaga";"ANDALUCÍA";26/12/2023;;
"1573";"F29007820";"SCA AGROPECUARIA DE ANTEQUERA NTRA. SRA. DE LOS REMEDIOS";"Málaga";"ANDALUCÍA";26/12/2023;;
"1574";"F29007879";"SCA OLIVARERA NTRA. SRA. DEL ROSARIO";"Málaga";"ANDALUCÍA";26/12/2023;;
"1575";"F29008547";"SCA AGRÍCOLA SANTA TERESA DE JESÚS";"Málaga";"ANDALUCÍA";26/12/2023;;
"1576";"F29008828";"SCA AGRÍCOLA NUESTRA SEÑORA DEL CARMEN";"Málaga";"ANDALUCÍA";26/12/2023;;
"1577";"F29010634";"SCA AGRÍCOLA DE FRIGILIANA";"Málaga";"ANDALUCÍA";26/12/2023;;
"1578";"F29010857";"SCA OLIVARERA SAN JOSÉ ARTESANO";"Málaga";"ANDALUCÍA";26/12/2023;;
"1579";"F29011269";"SCA AGRO-OLIVARERA SAN COSME Y SAN DAMIÁN";"Málaga";"ANDALUCÍA";26/12/2023;;
"1580";"F29011277";"SCA AGRICOLA OLIVARERA NTRA. SRA. DEL ROSARIO";"Málaga";"ANDALUCÍA";26/12/2023;;
"1581";"F29011285";"SCA OLIVARERA SAN BENITO DE CAMPILLOS";"Málaga";"ANDALUCÍA";26/12/2023;;
"1582";"F29012861";"SCA AGRÍCOLA GANADERA NTRA. SRA. DE LA CABEZA";"Málaga";"ANDALUCÍA";26/12/2023;;
"1583";"F29013216";"SCA AGRÍCOLA SAN JUAN";"Málaga";"ANDALUCÍA";26/12/2023;;
"1584";"F29013224";"SCA OLIVARERA G.C. NTRA.SRA.CANDELARIA";"Málaga";"ANDALUCÍA";26/12/2023;;
"1585";"F29013794";"SCA SAN SEBASTIÁN";"Málaga";"ANDALUCÍA";26/12/2023;;
"1586";"F29013950";"SCA AGRÍCOLA SAN ISIDRO";"Málaga";"ANDALUCÍA";26/12/2023;;
"1587";"F29014073";"SCA AGRÍCOLA ALMAZARA DE RONDA";"Málaga";"ANDALUCÍA";26/12/2023;;
"1588";"F29016417";"SCA AGRÍCOLA SANTA CATALINA MÁRTIR";"Málaga";"ANDALUCÍA";26/12/2023;;
"1589";"F29018496";"SCA AGRÍCOLA COAMAR";"Málaga";"ANDALUCÍA";26/12/2023;;
"1590";"F29029659";"SCA NTRA. SRA. DE MONSALUD";"Málaga";"ANDALUCÍA";26/12/2023;;
"1591";"F29035151";"SCA SANTO CRISTO DE LA BANDA VERDE";"Málaga";"ANDALUCÍA";26/12/2023;;
"1592";"F29036787";"SAT AGUACATES ROYAL Nº 1.771";"Málaga";"ANDALUCÍA";26/12/2023;;
"1593";"F29038908";"SCA AGRÍCOLA VIRGEN DE LA OLIVA";"Málaga";"ANDALUCÍA";26/12/2023;;
"1594";"F29040623";"SCA ALMENDRERA DEL SUR";"Málaga";"ANDALUCÍA";26/12/2023;;
"1595";"F29041589";"SCA OLIVARERA DEL CAMPO SANTA RITA";"Málaga";"ANDALUCÍA";26/12/2023;;
"1596";"F29044575";"SCA NTRA. SRA. DE LAS NIEVES";"Málaga";"ANDALUCÍA";26/12/2023;;
"1597";"F29062171";"SCA LA SERRANA";"Málaga";"ANDALUCÍA";26/12/2023;;
"1598";"F29071115";"SAT AVICULTORES MALAGUEÑOS ASOCIADOS Nº 955 (AMA)";"Málaga";"ANDALUCÍA";26/12/2023;;
"1599";"F29072816";"SCA UCOPAXA";"Málaga";"ANDALUCÍA";26/12/2023;;
"1600";"F29084977";"SCA CEREALISTA DE ACINIPO";"Málaga";"ANDALUCÍA";26/12/2023;;
"1601";"F29088812";"SCA AGASUR";"Málaga";"ANDALUCÍA";26/12/2023;;
"1602";"F29095288";"SCA HORTICULTORES EL TORCAL";"Málaga";"ANDALUCÍA";26/12/2023;;
"1603";"F29114444";"SCA SAN ISIDRO DE  SAYALONGA";"Málaga";"ANDALUCÍA";26/12/2023;;
"1604";"F29153152";"SCA AGRUPACIÓN DE GANADEROS DE LOS MONTES DE MÁLAGA (AGAMMA)";"Málaga";"ANDALUCÍA";26/12/2023;;
"1605";"F29193182";"SCA PRODUCTORES DE CASTAÑAS DE LA SERRANÍA DE RONDA";"Málaga";"ANDALUCÍA";26/12/2023;;
"1606";"F29199650";"SCA VEGA DE ARCHIDONA (ARVEGA)";"Málaga";"ANDALUCÍA";26/12/2023;;
"1607";"F29211315";"SCA SAN ISIDRO";"Málaga";"ANDALUCÍA";26/12/2023;;
"1608";"F29213642";"SCA LOS LLANOS";"Málaga";"ANDALUCÍA";26/12/2023;;
"1609";"F29222221";"SCA PRODUCTORES DEL CAMPO, PROCAMPO";"Málaga";"ANDALUCÍA";26/12/2023;;
"1610";"F29232105";"SCA CASTAÑAS DE GENALGUACIL";"Málaga";"ANDALUCÍA";26/12/2023;;
"1611";"F29235769";"SCA FRUTOS SUBTROPICALES MICOMA";"Málaga";"ANDALUCÍA";26/12/2023;;
"1612";"F29249018";"SCA DCOOP";"Málaga";"ANDALUCÍA";26/12/2023;;
"1613";"F29350469";"SCA AGRARIA DEL TURÓN";"Málaga";"ANDALUCÍA";26/12/2023;;
"1614";"F29364999";"SAT CÍTRICOS DE MÁLAGA (CITRIMASAT) Nº 8.243";"Málaga";"ANDALUCÍA";26/12/2023;;
"1615";"F29481579";"SCA AGROPECUARIA DE NESCANIA";"Málaga";"ANDALUCÍA";26/12/2023;;
"1616";"F29527868";"SCA SAN ANTONIO";"Málaga";"ANDALUCÍA";26/12/2023;;
"1617";"F29626272";"SCA SURAGRO";"Málaga";"ANDALUCÍA";26/12/2023;;
"1618";"F29634805";"SCA LA PURÍSIMA CONCEPCIÓN DE ALAMEDA";"Málaga";"ANDALUCÍA";26/12/2023;;
"1619";"F29675808";"SCA CASTAÑAS VALLE DEL GENAL";"Málaga";"ANDALUCÍA";26/12/2023;;
"1620";"F29854916";"SCA OLIVARERA MANZANILLA ALOREÑA";"Málaga";"ANDALUCÍA";26/12/2023;;
"1621";"F29865276";"SCA OLEOALGAIDAS";"Málaga";"ANDALUCÍA";26/12/2023;;
"1622";"F30003412";"NTRA SRA DEL ROSARIO DE BULLAS SCOOP";"Murcia";"REGIÓN DE MURCIA";26/12/2023;;
"1623";"F30003420";"SAN ISIDRO SCOOP";"Murcia";"REGIÓN DE MURCIA";26/12/2023;;
"1624";"F30005193";"LA PURISIMA SCOOP";"Murcia";"REGIÓN DE MURCIA";26/12/2023;;
"1625";"F30007991";"VIRGEN DE LA ESPERANZA SCOOP";"Murcia";"REGIÓN DE MURCIA";26/12/2023;;
"1626";"F30012579";"SURESCO SCCOP";"Murcia";"REGIÓN DE MURCIA";26/12/2023;;
"1627";"F30017271";"SAN DIEGO SCOOP";"Murcia";"REGIÓN DE MURCIA";26/12/2023;;
"1628";"F30032858";"THADER SCOOP";"Murcia";"REGIÓN DE MURCIA";26/12/2023;;
"1629";"F30034490";"PIENSOS LOMAS DE LA CRUZ SCOOP";"Murcia";"REGIÓN DE MURCIA";26/12/2023;;
"1630";"F30036628";"GREGAL SCOOP";"Murcia";"REGIÓN DE MURCIA";26/12/2023;;
"1631";"F30046411";"HORTAMIRA SCOOP";"Murcia";"REGIÓN DE MURCIA";26/12/2023;;
"1632";"F30051643";"EL LIMONAR DE SANTOMERA SCOOP";"Murcia";"REGIÓN DE MURCIA";26/12/2023;;
"1633";"F30056097";"FRANCISCO PALAO SCOOP";"Murcia";"REGIÓN DE MURCIA";26/12/2023;;
"1634";"F30063317";"INMACULADA SCOOP";"Murcia";"REGIÓN DE MURCIA";26/12/2023;;
"1635";"F30092985";"VEGA DE PLIEGO SCOOP";"Murcia";"REGIÓN DE MURCIA";26/12/2023;;
"1636";"F30099667";"CAMPOS DE JUMILLA SCOOP";"Murcia";"REGIÓN DE MURCIA";26/12/2023;;
"1637";"F30142202";"SACOJE SCOOP";"Murcia";"REGIÓN DE MURCIA";26/12/2023;;
"1638";"F30148498";"FRUTAS IBAÑEZ SCOOP";"Murcia";"REGIÓN DE MURCIA";26/12/2023;;
"1639";"F30153860";"AGRA SCOOP";"Murcia";"REGIÓN DE MURCIA";26/12/2023;;
"1640";"F30155519";"COTA 120 SCOOP";"Murcia";"REGIÓN DE MURCIA";26/12/2023;;
"1641";"F30158984";"YEFRUT SCOOP";"Murcia";"REGIÓN DE MURCIA";26/12/2023;;
"1642";"F30167035";"FRUTAS Y CITRICOS DE MULA SCOOP";"Murcia";"REGIÓN DE MURCIA";26/12/2023;;
"1643";"F30168934";"FRUTAS CARAVACA SCOOP";"Murcia";"REGIÓN DE MURCIA";26/12/2023;;
"1644";"F30200471";"COBUCO SCOOP";"Murcia";"REGIÓN DE MURCIA";26/12/2023;;
"1645";"F30200489";"AGROCHACON SCOOP ";"Murcia";"REGIÓN DE MURCIA";26/12/2023;;
"1646";"F30209498";"ALBARICOQUERO SCOOP";"Murcia";"REGIÓN DE MURCIA";26/12/2023;;
"1647";"F30217004";"CANARAFLOR SCOOP";"Murcia";"REGIÓN DE MURCIA";26/12/2023;;
"1648";"F30220776";"ALMENDRAS MURCIANAS, S.COOP";"Murcia";"REGIÓN DE MURCIA";26/12/2023;;
"1649";"F30237994";"ALMENDRAS DEL SURESTE SCOOP";"Murcia";"REGIÓN DE MURCIA";26/12/2023;;
"1650";"F30332415";"COSECHEROS ALBARICOQUE MORATALLA SCOOP";"Murcia";"REGIÓN DE MURCIA";26/12/2023;;
"1651";"F30366942";"LA SULTANA SCOOP";"Murcia";"REGIÓN DE MURCIA";26/12/2023;;
"1652";"F30367239";"VEGA DE CIEZA SCOOP";"Murcia";"REGIÓN DE MURCIA";26/12/2023;;
"1653";"F30368559";"HOYAMAR SCOOP";"Murcia";"REGIÓN DE MURCIA";26/12/2023;;
"1654";"F30372544";"COAGRAL SCOOP";"Murcia";"REGIÓN DE MURCIA";26/12/2023;;
"1655";"F30408942";"FRUSEMUR SCOOP";"Murcia";"REGIÓN DE MURCIA";26/12/2023;;
"1656";"F30440499";"AGRICOLA EL DISCO SCOOP ";"Murcia";"REGIÓN DE MURCIA";26/12/2023;;
"1657";"F30454623";"AGRICOLA JUMILLANA SCOOP";"Murcia";"REGIÓN DE MURCIA";26/12/2023;;
"1658";"F30474506";"FRUVEG SCOOP";"Murcia";"REGIÓN DE MURCIA";26/12/2023;;
"1659";"F30509384";"COALOR SCOOP";"Murcia";"REGIÓN DE MURCIA";26/12/2023;;
"1660";"F30529127";"FRUTHORALT SCOOP";"Murcia";"REGIÓN DE MURCIA";26/12/2023;;
"1661";"F30572143";"CREMOFRUIT, S.C.2º";"Murcia";"REGIÓN DE MURCIA";26/12/2023;;
"1662";"F30581276";"EXPOAGUILAS SCOOP";"Murcia";"REGIÓN DE MURCIA";26/12/2023;;
"1663";"F30597751";" LOS MARINES ";"Murcia";"REGIÓN DE MURCIA";26/12/2023;;
"1664";"F30711899";"LEVANTE SUR SCOOP";"Murcia";"REGIÓN DE MURCIA";26/12/2023;;
"1665";"F30725865";"COAGACART SCOOP";"Murcia";"REGIÓN DE MURCIA";26/12/2023;;
"1666";"F30798870";"FRUTAS ESPARZA SCOOP";"Murcia";"REGIÓN DE MURCIA";26/12/2023;;
"1667";"F31003772";"LA ESTRELLA DE CAMPOS S. COOP.";"Palencia";"CASTILLA y LEÓN";26/12/2023;;
"1668";"F31014897";"S.C.Agrícola el Saso";"Navarra";"NAVARRA";26/12/2023;;
"1669";"F31016140";"Coop. Agrícola Caja Rural";"Navarra";"NAVARRA";26/12/2023;;
"1670";"F31018476";"Bod.  San Gregorio S. Coop.";"Navarra";"NAVARRA";26/12/2023;;
"1671";"F31018617";"Agrícola Santo Cristo S. Coop.";"Navarra";"NAVARRA";26/12/2023;;
"1672";"F31019060";"Coop. del Campo de Lodosa";"Navarra";"NAVARRA";26/12/2023;;
"1673";"F31019276";"S.Coop.Agrícola San Esteban";"Navarra";"NAVARRA";26/12/2023;;
"1674";"F31019573";"Coop. Agrícola de Berbinzana";"Navarra";"NAVARRA";26/12/2023;;
"1675";"F31019912";"S.Coop. Agrícola de Falces";"Navarra";"NAVARRA";26/12/2023;;
"1676";"F31019920";"S.Coop. Agricola San Fco. Javier";"Navarra";"NAVARRA";26/12/2023;;
"1677";"F31020399";"Valdevilloco S.Coop.";"Navarra";"NAVARRA";26/12/2023;;
"1678";"F31020480";"Agrícola San Isidro labrador";"Navarra";"NAVARRA";26/12/2023;;
"1679";"F31020696";"S.Coop. San Isidro";"Navarra";"NAVARRA";26/12/2023;;
"1680";"F31020753";"Agrícola San Blasde Ribaforada S.C.";"Navarra";"NAVARRA";26/12/2023;;
"1681";"F31020829";"Coop. Agrícola San Isidro";"Navarra";"NAVARRA";26/12/2023;;
"1682";"F31020860";"S.C.Agropecuaria la Sarda";"Navarra";"NAVARRA";26/12/2023;;
"1683";"F31021140";"S.C. del Campo San Isidro";"Navarra";"NAVARRA";26/12/2023;;
"1684";"F31021165";"Agricola de Cortes S.C.L.";"Navarra";"NAVARRA";26/12/2023;;
"1685";"F31021231";"Hermandad de Labradores S.C.";"Navarra";"NAVARRA";26/12/2023;;
"1686";"F31021249";"Coop. Agricola el campo";"Navarra";"NAVARRA";26/12/2023;;
"1687";"F31021306";"Agrícola San Isidro de Villafranca S.C.";"Navarra";"NAVARRA";26/12/2023;;
"1688";"F31021371";"Agrícola San Isidro en Carcastillo S.C.";"Navarra";"NAVARRA";26/12/2023;;
"1689";"F31021454";"S.Coop. Santiago Apostol";"Navarra";"NAVARRA";26/12/2023;;
"1690";"F31021595";"Coop. Agropec.San Miguel de Aralar";"Navarra";"NAVARRA";26/12/2023;;
"1691";"F31021751";"Asociación de Labradores S.C.";"Navarra";"NAVARRA";26/12/2023;;
"1692";"F31021793";"S.C. Agrícola la Esperanza";"Navarra";"NAVARRA";26/12/2023;;
"1693";"F31021835";"Bod. Coop.Ntra. Sra. del Rosario";"Navarra";"NAVARRA";26/12/2023;;
"1694";"F31021843";"Bod. Coop.Sto.Cristo del Amparo";"Navarra";"NAVARRA";26/12/2023;;
"1695";"F31021868";"Bod. San Sebastian S.Coop.";"Navarra";"NAVARRA";26/12/2023;;
"1696";"F31021918";"Bod. Coop.S.Fco. Javier";"Navarra";"NAVARRA";26/12/2023;;
"1697";"F31022007";"Bod. Ntra. Sra. del Romero S.C.";"Navarra";"NAVARRA";26/12/2023;;
"1698";"F31022015";"Bod. Cirbonera S.C.L.";"Navarra";"NAVARRA";26/12/2023;;
"1699";"F31022023";"Bod. Coop. San Cristobal";"Navarra";"NAVARRA";26/12/2023;;
"1700";"F31022072";"Bodega Coop. San Miguel ";"Navarra";"NAVARRA";26/12/2023;;
"1701";"F31022106";"Sdad. Coop. San Raimundo Abad";"Navarra";"NAVARRA";26/12/2023;;
"1702";"F31022171";"S.Coop. vinícola  San Fco. Javier";"Navarra";"NAVARRA";26/12/2023;;
"1703";"F31022205";"Bod. Coop. San Isidro";"Navarra";"NAVARRA";26/12/2023;;
"1704";"F31022213";"Bodega Coop. La Cruz";"Navarra";"NAVARRA";26/12/2023;;
"1705";"F31022304";"Bodegas Campos de Enanzo S.C.";"Navarra";"NAVARRA";26/12/2023;;
"1706";"F31022338";"Bodega Cosecheros Reunidos S.C.";"Navarra";"NAVARRA";26/12/2023;;
"1707";"F31022403";"Bodega San Fco. Javier de Sada de Sanguesa.";"Navarra";"NAVARRA";26/12/2023;;
"1708";"F31022429";"Bodega Coop. San Martín de Unx";"Navarra";"NAVARRA";26/12/2023;;
"1709";"F31022452";"Bodega san Adrian S.C.";"Navarra";"NAVARRA";26/12/2023;;
"1710";"F31022494";"Bodega C.Sta.Mª Magdalena";"Navarra";"NAVARRA";26/12/2023;;
"1711";"F31022692";"Trujal Coop. Ntra. Sra. de la Barda";"Navarra";"NAVARRA";26/12/2023;;
"1712";"F31022932";"Agralco S.Coop.L.";"Navarra";"NAVARRA";26/12/2023;;
"1713";"F31023062";"Coop. Agrícola Sta. Bárbara";"Navarra";"NAVARRA";26/12/2023;;
"1714";"F31055882";"S.Coop.San Isidro Labrador";"Navarra";"NAVARRA";26/12/2023;;
"1715";"F31072382";"Baztandarra S.Coop.";"Navarra";"NAVARRA";26/12/2023;;
"1716";"F31082001";"S. Coop. Yerri";"Navarra";"NAVARRA";26/12/2023;;
"1717";"F31084726";"S.C.L. Cerealista Litxarra";"Navarra";"NAVARRA";26/12/2023;;
"1718";"F31097280";"AN, S.COOP.";"Navarra";"NAVARRA";26/12/2023;;
"1719";"F31099278";"Agrícola San Isidro de Cadreita S.C.L.";"Navarra";"NAVARRA";26/12/2023;;
"1720";"F31099328";"Agrupación Hortícola de Carcar S.Coop.";"Navarra";"NAVARRA";26/12/2023;;
"1721";"F31099336";"COSENA";"Navarra";"NAVARRA";26/12/2023;;
"1722";"F31101116";"S.Coop. Agricola San Isidro";"Navarra";"NAVARRA";26/12/2023;;
"1723";"F31128382";"S.C.L.Cerealista de Urroz";"Navarra";"NAVARRA";26/12/2023;;
"1724";"F31134760";"S.Coop. L.Cerealista el Arga";"Navarra";"NAVARRA";26/12/2023;;
"1725";"F31136294";"S.Coop.Cerealista Sierra de Leyre";"Navarra";"NAVARRA";26/12/2023;;
"1726";"F31145162";"Granero local de Pitillas S.C.";"Navarra";"NAVARRA";26/12/2023;;
"1727";"F31159510";"Bortzak-Bat S.Coop.";"Navarra";"NAVARRA";26/12/2023;;
"1728";"F31168404";"Riberega s.coop.";"Navarra";"NAVARRA";26/12/2023;;
"1729";"F31169717";"Cerealista Ezkibel S.Coop.";"Navarra";"NAVARRA";26/12/2023;;
"1730";"F31175714";"S.Coop. L. Cerealista de Caseda";"Navarra";"NAVARRA";26/12/2023;;
"1731";"F31175755";"S.C.L. Cerealista Odron";"Navarra";"NAVARRA";26/12/2023;;
"1732";"F31178064";"S.C.L. Cerealista Valdorba";"Navarra";"NAVARRA";26/12/2023;;
"1733";"F31181787";"S.C.L. Cerealista Loquiz";"Navarra";"NAVARRA";26/12/2023;;
"1734";"F31208002";"Cooperativa de Ovino y Vacuno de Navarra, S. Coop";"Navarra";"NAVARRA";26/12/2023;;
"1735";"F31210701";"Coop. Agrícola San Isidro";"Navarra";"NAVARRA";26/12/2023;;
"1736";"F31219637";"S.Coop. Rizana";"Navarra";"NAVARRA";26/12/2023;;
"1737";"F31219645";"S.Coop. Urederra";"Navarra";"NAVARRA";26/12/2023;;
"1738";"F31259633";"S.C. Los Remedios";"Navarra";"NAVARRA";26/12/2023;;
"1739";"F31367014";"Figueras S.Coop.";"Navarra";"NAVARRA";26/12/2023;;
"1740";"F31389372";"S.C.A. Orvalaiz";"Navarra";"NAVARRA";26/12/2023;;
"1741";"F31409196";"Trujal Mendía S.Coop.";"Navarra";"NAVARRA";26/12/2023;;
"1742";"F31419823";"S.Coop. Nekeas";"Navarra";"NAVARRA";26/12/2023;;
"1743";"F31420698";"Bodegas Piedemonte S.C.";"Navarra";"NAVARRA";26/12/2023;;
"1744";"F31487606";"CUMA Uadesa S.Coop.";"Navarra";"NAVARRA";26/12/2023;;
"1745";"F31499197";"CUMA Marucho S.Coop.";"Navarra";"NAVARRA";26/12/2023;;
"1746";"F31499213";"CUMA Jaramica S.Coop.";"Navarra";"NAVARRA";26/12/2023;;
"1747";"F31505464";"Ganaderos de Navarra S.Coop.";"Navarra";"NAVARRA";26/12/2023;;
"1748";"F31541196";"Urlusa S.Coop.";"Navarra";"NAVARRA";26/12/2023;;
"1749";"F31570815";"CUMA El Puente s.Coop.";"Navarra";"NAVARRA";26/12/2023;;
"1750";"F31599921";"CUMA Larraga S.Coop.";"Navarra";"NAVARRA";26/12/2023;;
"1751";"F31614324";"CUMA G.A.M. S. Coop.";"Navarra";"NAVARRA";26/12/2023;;
"1752";"F31624125";"Agrícola la Noria S.Coop.";"Navarra";"NAVARRA";26/12/2023;;
"1753";"F31624141";"Agrícola Tamariz S.Coop.";"Navarra";"NAVARRA";26/12/2023;;
"1754";"F31649858";"CUMA Peralta S.Coop.";"Navarra";"NAVARRA";26/12/2023;;
"1755";"F31652035";"Bodegas Vega del Castillo";"Navarra";"NAVARRA";26/12/2023;;
"1756";"F31653058";"CUMA La Escalera S.Coop.";"Navarra";"NAVARRA";26/12/2023;;
"1757";"F31663412";"CUMA Arrotar S.Coop.";"Navarra";"NAVARRA";26/12/2023;;
"1758";"F31671142";"CUMA Lugorría S.Coop.";"Navarra";"NAVARRA";26/12/2023;;
"1759";"F31673858";"Almazara del Ebro S.Coop.";"Navarra";"NAVARRA";26/12/2023;;
"1760";"F31680580";"CUMA Ortxagal S.Coop.";"Navarra";"NAVARRA";26/12/2023;;
"1761";"F31683964";"CUMA Gambarro S.Coop.";"Navarra";"NAVARRA";26/12/2023;;
"1762";"F31694169";"CUMA Aldamara S.Coop.";"Navarra";"NAVARRA";26/12/2023;;
"1763";"F31694177";"CUMA Sanguibel S.Coop.";"Navarra";"NAVARRA";26/12/2023;;
"1764";"F31698327";"CUMA El Trillo S.Coop.";"Navarra";"NAVARRA";26/12/2023;;
"1765";"F31724628";"CUMA Santa Ana S.Coop.";"Navarra";"NAVARRA";26/12/2023;;
"1766";"F31728421";"CUMA Aurino S.Coop.";"Navarra";"NAVARRA";26/12/2023;;
"1767";"F31748882";"CUMA Sta. Cruz S.Coop.";"Navarra";"NAVARRA";26/12/2023;;
"1768";"F31754369";"CUMA Viñas Vanguardia S.Coop.";"Navarra";"NAVARRA";26/12/2023;;
"1769";"F31754377";"CUMA San Miguel S.Coop.";"Navarra";"NAVARRA";26/12/2023;;
"1770";"F31760432";"CUMA Rozair S.Coop.";"Navarra";"NAVARRA";26/12/2023;;
"1771";"F31779051";"CUMA Olabar S. Coop.";"Navarra";"NAVARRA";26/12/2023;;
"1772";"F31779085";"CUMA Agrup.Cidacos Aragon S.Coop.";"Navarra";"NAVARRA";26/12/2023;;
"1773";"F31779119";"CUMA Aibar S. Coop.";"Navarra";"NAVARRA";26/12/2023;;
"1774";"F31779135";"CUMA Valdetina S.Coop.";"Navarra";"NAVARRA";26/12/2023;;
"1775";"F31779150";"CUMA Idoate S.Coop.";"Navarra";"NAVARRA";26/12/2023;;
"1776";"F31789159";"CUMA El Carmen S.Coop.";"Navarra";"NAVARRA";26/12/2023;;
"1777";"F31797004";"Traibuenas S.Coop.";"Navarra";"NAVARRA";26/12/2023;;
"1778";"F31804255";"CUMA Loreto S. Coop.";"Navarra";"NAVARRA";26/12/2023;;
"1779";"F31804263";"CUMA la Meta S.Coop.";"Navarra";"NAVARRA";26/12/2023;;
"1780";"F31808173";"CUMA Taoliz s.Coop.";"Navarra";"NAVARRA";26/12/2023;;
"1781";"F31808199";"CUMA Zaldinaga S.Coop.";"Navarra";"NAVARRA";26/12/2023;;
"1782";"F31812563";"CUMA Viñedos de Azagra S.Coop.";"Navarra";"NAVARRA";26/12/2023;;
"1783";"F31813934";"CUMA Valdorba  S.Coop.";"Navarra";"NAVARRA";26/12/2023;;
"1784";"F31816705";"CUMA Salomé S.Coop.";"Navarra";"NAVARRA";26/12/2023;;
"1785";"F31819204";"CUMA Ntra.Sra. Virgen del Olmo S.Coop.";"Navarra";"NAVARRA";26/12/2023;;
"1786";"F31819212";"CUMA Urraul Alto S.Coop.";"Navarra";"NAVARRA";26/12/2023;;
"1787";"F31820889";"CUMA Bornax S. Coop.";"Navarra";"NAVARRA";26/12/2023;;
"1788";"F31823180";"CUMA Uxue S.coop.";"Navarra";"NAVARRA";26/12/2023;;
"1789";"F31871064";"CUMA Arrondo S.Coop.";"Navarra";"NAVARRA";26/12/2023;;
"1790";"F31871254";"S.A.T. Nº 685 NA Lacturale";"Navarra";"NAVARRA";26/12/2023;;
"1791";"F31874746";"CUMA Ribazcacho S. Coop.";"Navarra";"NAVARRA";26/12/2023;;
"1792";"F31885767";"Centex Agrícola Ganadera S.Coop.";"Navarra";"NAVARRA";26/12/2023;;
"1793";"F31914559";"CUMA Zubieta S. Coop.";"Navarra";"NAVARRA";26/12/2023;;
"1794";"F32001976";"COREN, S. COOP. GALEGA";"Ourense";"GALICIA";26/12/2023;;
"1795";"F32002081";"BODEGA COOPERATIVA VIRGEN DE LAS VIÑAS S. COOP. GALEGA";"Ourense";"GALICIA";26/12/2023;;
"1796";"F32002230";"VIÑA COSTEIRA, S. Coop. Galega";"Ourense";"GALICIA";26/12/2023;;
"1797";"F32002248";"B.C. JESÚS NAZARENO, S. COOP. GALEGA";"Ourense";"GALICIA";26/12/2023;;
"1798";"F32135451";"SCA AGRÍCOLA ALOMARTEÑA";"Granada";"ANDALUCÍA";26/12/2023;;
"1799";"F32214355";"POSTOIRO, S. COOP. GALEGA";"Ourense";"GALICIA";26/12/2023;;
"1800";"F32237505";"BIOCOOP, S. COOP. GALEGA";"Ourense";"GALICIA";26/12/2023;;
"1801";"F32337123";"CUME DO AVIA, S. COOP. GALEGA";"Ourense";"GALICIA";26/12/2023;;
"1802";"F33010547";"AGROVALDES SOC COOP ASTURIANA LIMITADA";"Asturias";"PRINCIPADO DE ASTURIAS";26/12/2023;;
"1803";"F33010711";"CORVERA SOCIEDAD COOPERATIVA ASTURIANA";"Asturias";"PRINCIPADO DE ASTURIAS";26/12/2023;;
"1804";"F33012915";"CENTRAL LECHERA ASTURIANA SAT 471";"Asturias";"PRINCIPADO DE ASTURIAS";26/12/2023;;
"1805";"F33013434";"LA ALLANDESA SOC. COOP. ASTURIANA";"Asturias";"PRINCIPADO DE ASTURIAS";26/12/2023;;
"1806";"F33018896";"SEARES S. COOP ASTUR";"Asturias";"PRINCIPADO DE ASTURIAS";26/12/2023;;
"1807";"F33054602";"QUESOS PEÑAMELLERA S COOP ASTUR";"Asturias";"PRINCIPADO DE ASTURIAS";26/12/2023;;
"1808";"F33064940";"BUSMAYOR S. COOP. ASTUR";"Asturias";"PRINCIPADO DE ASTURIAS";26/12/2023;;
"1809";"F33092370";"ASTURIANA DE CONTROL LECHERO S.Coop.Astur.";"Asturias";"PRINCIPADO DE ASTURIAS";26/12/2023;;
"1810";"F34002535";"S. COOP. AGRÍCOLA REGIONAL (CAR)";"Palencia";"CASTILLA y LEÓN";26/12/2023;;
"1811";"F34002964";"S. COOP. NTRA. SRA. DE LA ANTIGUA";"Palencia";"CASTILLA y LEÓN";26/12/2023;;
"1812";"F34003343";"S. COOP. AGRÍCOLA SANTA MARINA";"Palencia";"CASTILLA y LEÓN";26/12/2023;;
"1813";"F34003772";"LA ESTRELLA DE CAMPOS S. COOP.";"Palencia";"CASTILLA y LEÓN";26/12/2023;;
"1814";"F34003889";"AGROPAL S. COOP.";"Palencia";"CASTILLA y LEÓN";26/12/2023;;
"1815";"F34005389";"S. COOP. DE PIENSOS TIERRA DE CAMPOS";"Palencia";"CASTILLA y LEÓN";26/12/2023;;
"1816";"F34007419";"S. COOP. ALTO UCIEZA";"Palencia";"CASTILLA y LEÓN";26/12/2023;;
"1817";"F34007732";"S. COOP. NTRA. SRA. DEL POPULO";"Palencia";"CASTILLA y LEÓN";26/12/2023;;
"1818";"F34028720";"S. COOP. AGROTOBALINESA";"Burgos";"CASTILLA y LEÓN";26/12/2023;;
"1819";"F34033332";"S. COOP. SOCOTEM";"Palencia";"CASTILLA y LEÓN";26/12/2023;;
"1820";"F34037812";"S. COOP. RIO VALDAVIA";"Palencia";"CASTILLA y LEÓN";26/12/2023;;
"1821";"F34130781";"S. COOP. CORTECAM";"Palencia";"CASTILLA y LEÓN";26/12/2023;;
"1822";"F34137141";"S. COOP. LACTO UNION";"Palencia";"CASTILLA y LEÓN";26/12/2023;;
"1823";"F36014835";"PORTA DO RÍO MIÑO, S. COOP. GALEGA";"Pontevedra";"GALICIA";26/12/2023;;
"1824";"F36030518";"COGAL, S. COOP. GALEGA";"Pontevedra";"GALICIA";26/12/2023;;
"1825";"F36031169";"VITICULTORES MARTÍN CÓDAX, S. COOP. GALEGA";"Pontevedra";"GALICIA";26/12/2023;;
"1826";"F36031821";"PROPORSI, S. COOP. GALEGA";"Pontevedra";"GALICIA";26/12/2023;;
"1827";"F36033132";"HORSAL, S. COOP. GALEGA";"Pontevedra";"GALICIA";26/12/2023;;
"1828";"F36045532";"ADEGA CONDES DE ALBAREI, S. COOP. GALEGA";"Pontevedra";"GALICIA";26/12/2023;;
"1829";"F36047058";"CAMPODEZA, S. COOP. GALEGA";"Pontevedra";"GALICIA";26/12/2023;;
"1830";"F36100782";"O RODO, S. COOP. GALEGA";"Pontevedra";"GALICIA";26/12/2023;;
"1831";"F36173599";"COAFOR, S. COOP. GALEGA";"Pontevedra";"GALICIA";26/12/2023;;
"1832";"F36191708";"HORTA DE GALICIA, S. COOP. GALEGA";"Pontevedra";"GALICIA";26/12/2023;;
"1833";"F36211019";"COBIDEZA, S. COOP. GALEGA";"Pontevedra";"GALICIA";26/12/2023;;
"1834";"F36277747";"CONDADO PARADANTA, S. COOP. GALEGA";"Pontevedra";"GALICIA";26/12/2023;;
"1835";"F36373587";"VIÑA ALMIRANTE S. COOP. GALEGA";"Pontevedra";"GALICIA";26/12/2023;;
"1836";"F36430106";"BODEGAS EIDOSELA, S. COOP. GALEGA";"Pontevedra";"GALICIA";26/12/2023;;
"1837";"F36477354";"COOPERATIVA VITIVINÍCOLA AROUSANA S. COOP. GALEGA";"Pontevedra";"GALICIA";26/12/2023;;
"1838";"F36493179";"VIÑA MORAIMA, S. COOP. GALEGA";"Pontevedra";"GALICIA";26/12/2023;;
"1839";"F37003969";"S. COOP. COPASA";"Salamanca";"CASTILLA y LEÓN";26/12/2023;;
"1840";"F37007754";"S. COOP. SAN ISIDRO";"Salamanca";"CASTILLA y LEÓN";26/12/2023;;
"1841";"F37064631";"S. COOP. ROMERO SOTOSERRANO";"Salamanca";"CASTILLA y LEÓN";26/12/2023;;
"1842";"F37211513";"S. COOP. GANAD. SALMANTINOS DE PORCINO IBERICO";"Salamanca";"CASTILLA y LEÓN";26/12/2023;;
"1843";"F37253507";"S. COOP. PECOGASA";"Salamanca";"CASTILLA y LEÓN";26/12/2023;;
"1844";"F37275187";"S. COOP. MACOTERA-SAN ISIDRO";"Salamanca";"CASTILLA y LEÓN";26/12/2023;;
"1845";"F37319852";"S. COOP. REINA KILAMA";"Salamanca";"CASTILLA y LEÓN";26/12/2023;;
"1846";"F37337342";"S.COOP.EL MANJUELO";"Salamanca";"CASTILLA y LEÓN";26/12/2023;;
"1847";"F37346590";"TIERRA CHARRA MORAÑA S. COOP.";"Salamanca";"CASTILLA y LEÓN";26/12/2023;;
"1848";"F37358207";"S. COOP. ARANPINO DE SALAMANCA";"Salamanca";"CASTILLA y LEÓN";26/12/2023;;
"1849";"F37364890";"S. COOP. DEHESA GRANDE";"Salamanca";"CASTILLA y LEÓN";26/12/2023;;
"1850";"F39644000";"AGROCANTABRIA SOCIEDAD COOPERATIVA";"Cantabria";"CANTABRIA";26/12/2023;;
"1851";"F40051393";"S. COOP. AVICOLA Y GANADERA SEGOVIANA (AVIGASE)";"Segovia";"CASTILLA y LEÓN";26/12/2023;;
"1852";"F40051781";"AGRARIA SAN MIGUEL S. COOP.";"Segovia";"CASTILLA y LEÓN";26/12/2023;;
"1853";"F40101362";"S. COOP.  MESTA";"Segovia";"CASTILLA y LEÓN";26/12/2023;;
"1854";"F40162224";"S. COOP. VIVERO EL PINAR";"Segovia";"CASTILLA y LEÓN";26/12/2023;;
"1855";"F40165193";"S. COOP. VIVEROS CAMPIÑAS";"Segovia";"CASTILLA y LEÓN";26/12/2023;;
"1856";"F41006115";"AGROPECUARIA INDUSTRIAL DE ECIJA SCA";"Sevilla";"ANDALUCÍA";26/12/2023;;
"1857";"F41013079";"S.C.A. OLIVARERA LA CAMPANA";"Sevilla";"ANDALUCÍA";26/12/2023;;
"1858";"F41013137";"NTRA. SRA. DE LAS ANGUSTIAS SCA";"Sevilla";"ANDALUCÍA";26/12/2023;;
"1859";"F41013145";"AGRICOLA INDUSTRIAL EL VISO SCA";"Sevilla";"ANDALUCÍA";26/12/2023;;
"1860";"F41013178";"JESUS DE LA CAÑADA SCA";"Sevilla";"ANDALUCÍA";26/12/2023;;
"1861";"F41013244";"NTRA. SRA. DEL ROSARIO SCA";"Sevilla";"ANDALUCÍA";26/12/2023;;
"1862";"F41013491";"NTRA. SRA. DE LOS ANGELES SCA";"Sevilla";"ANDALUCÍA";26/12/2023;;
"1863";"F41014424";"OLIVARERA SANLUCAR LA MAYOR SCA";"Sevilla";"ANDALUCÍA";26/12/2023;;
"1864";"F41014838";"COOPERATIVA AGRICOLA VIRGEN DE BELEN";"Sevilla";"ANDALUCÍA";26/12/2023;;
"1865";"F41015934";"OLIVARERA SAN SEBASTIAN SCA";"Sevilla";"ANDALUCÍA";26/12/2023;;
"1866";"F41018961";"VIRGEN DEL ROBLEDO SCA";"Sevilla";"ANDALUCÍA";26/12/2023;;
"1867";"F41019977";"SCA SAN ISIDRO LABRADOR";"Sevilla";"ANDALUCÍA";26/12/2023;;
"1868";"F41020611";"S.C.A. OLIVARERA NTRA.SRA. DE LA FUENSANTA";"Sevilla";"ANDALUCÍA";26/12/2023;;
"1869";"F41020975";"SAN JUAN BAUTISTA SCA";"Sevilla";"ANDALUCÍA";26/12/2023;;
"1870";"F41021304";"VIRGEN DE LORETO SCA";"Sevilla";"ANDALUCÍA";26/12/2023;;
"1871";"F41021320";"SCA. AGRARIA SAN LUIS";"Sevilla";"ANDALUCÍA";26/12/2023;;
"1872";"F41021338";"SAN ROQUE SCA";"Sevilla";"ANDALUCÍA";26/12/2023;;
"1873";"f41021346";"S.C.A. OLIVARERA LA PURISIMA";"Sevilla";"ANDALUCÍA";26/12/2023;;
"1874";"F41021437";"SCA NTRA SRA DEL ROSARIO";"Sevilla";"ANDALUCÍA";26/12/2023;;
"1875";"F41021486";"SCA SAN SEBASTIAN";"Sevilla";"ANDALUCÍA";26/12/2023;;
"1876";"F41021544";"PRODUCTORES DEL CAMPO, SCA";"Sevilla";"ANDALUCÍA";26/12/2023;;
"1877";"F41024779";"SAN ANTON SCA";"Sevilla";"ANDALUCÍA";26/12/2023;;
"1878";"F41025719";"OLEICOLA CORIPEÑA SCA";"Sevilla";"ANDALUCÍA";26/12/2023;;
"1879";"F41027418";"OLIVARERA SOR ANGELA DE LA CRUZ DE ESTEPA S COOP AND";"Sevilla";"ANDALUCÍA";26/12/2023;;
"1880";"F41027772";"S.A.T. 4430 VIRGEN DEL ESPINO";"Sevilla";"ANDALUCÍA";26/12/2023;;
"1881";"F41027780";"OLIVARERA SAN JOSE SCA";"Sevilla";"ANDALUCÍA";26/12/2023;;
"1882";"F41028242";"OLIVARERA SAN ISIDRO DE GILENA, S.C.A.";"Sevilla";"ANDALUCÍA";26/12/2023;;
"1883";"F41028580";"LAS PALMERAS S. COOP. AND.";"Sevilla";"ANDALUCÍA";26/12/2023;;
"1884";"F41028648";"SANTA TERESA SAT";"Sevilla";"ANDALUCÍA";26/12/2023;;
"1885";"F41028655";"S.C.A. VIRGEN DE LAS HUERTAS";"Sevilla";"ANDALUCÍA";26/12/2023;;
"1886";"F41028952";"INMACULADA CONCEPCION SCA";"Sevilla";"ANDALUCÍA";26/12/2023;;
"1887";"F41029752";"SANTA MARIA MAGDALENA SCA";"Sevilla";"ANDALUCÍA";26/12/2023;;
"1888";"F41029901";"PURICON SCA";"Sevilla";"ANDALUCÍA";26/12/2023;;
"1889";"F41030099";"OLIVARERA SAN PLÁCIDO, S.C.A.";"Sevilla";"ANDALUCÍA";26/12/2023;;
"1890";"F41030586";"COOP. OLIVARERA SAN NICOLÁS DE MARINALEDA, S.COOP.AND.";"Sevilla";"ANDALUCÍA";26/12/2023;;
"1891";"F41031162";"AGRICOLA RODA, SCA";"Sevilla";"ANDALUCÍA";26/12/2023;;
"1892";"F41034935";"S.C.A. ADEREZO GETSEMANI";"Sevilla";"ANDALUCÍA";26/12/2023;;
"1893";"F41047960";"NTRA. SRA. DE LA PAZ SCA";"Sevilla";"ANDALUCÍA";26/12/2023;;
"1894";"F41051764";"OLIVARERA DEL GENIL, S.C.A.";"Sevilla";"ANDALUCÍA";26/12/2023;;
"1895";"F41053307";"AGROPECUARIA DE HERRERA, SCA";"Sevilla";"ANDALUCÍA";26/12/2023;;
"1896";"F41057464";"COESAGRO, S.C.A.";"Sevilla";"ANDALUCÍA";26/12/2023;;
"1897";"F41074220";"LAS MARISMAS SCA";"Sevilla";"ANDALUCÍA";26/12/2023;;
"1898";"F41089012";"SAT N 3253 SAN ARCADIO";"Sevilla";"ANDALUCÍA";26/12/2023;;
"1899";"F41102245";"VALEME SCA";"Sevilla";"ANDALUCÍA";26/12/2023;;
"1900";"F41107541";"TRAJANO, S.C.A.";"Sevilla";"ANDALUCÍA";26/12/2023;;
"1901";"F41111659";"AGRICOLA DE PARADAS SCA";"Sevilla";"ANDALUCÍA";26/12/2023;;
"1902";"F41114141";"AGRO SEVILLA ACEITUNAS S.C.A.";"Sevilla";"ANDALUCÍA";26/12/2023;;
"1903";"F41149048";"CORSEVILLA SCA";"Sevilla";"ANDALUCÍA";26/12/2023;;
"1904";"F41162546";"ARROCEROS DEL BAJO GUADALQUIVIR S.C.A.";"Sevilla";"ANDALUCÍA";26/12/2023;;
"1905";"F41183328";"COCEREALES, S. COOP. AND.";"Sevilla";"ANDALUCÍA";26/12/2023;;
"1906";"F41185117";"OLEOESTEPA, S.COOP.AND.";"Sevilla";"ANDALUCÍA";26/12/2023;;
"1907";"F41209933";"NTRA. SRA. DE LAS NIEVES SCA";"Sevilla";"ANDALUCÍA";26/12/2023;;
"1908";"F41211327";"SCA LA CAMPIÑA DE LEBRIJA";"Sevilla";"ANDALUCÍA";26/12/2023;;
"1909";"F41213653";"LABRADORES DE LA CAMPIÑA SCA";"Sevilla";"ANDALUCÍA";26/12/2023;;
"1910";"F41223553";"FONTALEVA SCA";"Sevilla";"ANDALUCÍA";26/12/2023;;
"1911";"F41225384";"LA CARROSALEÑA S.C.A ";"Sevilla";"ANDALUCÍA";26/12/2023;;
"1912";"F41228503";"CAMPO DE GERENA SCA";"Sevilla";"ANDALUCÍA";26/12/2023;;
"1913";"F41230657";"OLIVARERA DE ALCOLEA SCA";"Sevilla";"ANDALUCÍA";26/12/2023;;
"1914";"F41246877";"MARIBAÑEZ-ADRIANO, S.C.A.";"Sevilla";"ANDALUCÍA";26/12/2023;;
"1915";"F41262163";"AGRICOLA CARMONENSE SCA";"Sevilla";"ANDALUCÍA";26/12/2023;;
"1916";"F41486697";"ARROCEROS DE PUEBLA DEL RIO SCA";"Sevilla";"ANDALUCÍA";26/12/2023;;
"1917";"F41538919";"MANCERA SOC. COOP. AGRARIA";"Sevilla";"ANDALUCÍA";26/12/2023;;
"1918";"F41567991";"COOPERATIVA OLIVARERA DE PEDRERA, SCA";"Sevilla";"ANDALUCÍA";26/12/2023;;
"1919";"F41592320";"LOS CAMPAÑAS SCA";"Sevilla";"ANDALUCÍA";26/12/2023;;
"1920";"F41647223";"AGRICOLA LANTEJUELA SCA";"Sevilla";"ANDALUCÍA";26/12/2023;;
"1921";"F41662016";"LA DEHESA SCA";"Sevilla";"ANDALUCÍA";26/12/2023;;
"1922";"F41683962";"COOPERATIVA OLIVARERA DE CASARICHE SCA";"Sevilla";"ANDALUCÍA";26/12/2023;;
"1923";"F41867482";"HORTOFRUTÍCOLA NARANJALES DEL GUADALQUIVIR, S.C.A.";"Sevilla";"ANDALUCÍA";26/12/2023;;
"1924";"F41925439";"AGRECA, S.C.A";"Sevilla";"ANDALUCÍA";26/12/2023;;
"1925";"F41993874";"SIERRA DEL TERRIL SCA";"Sevilla";"ANDALUCÍA";26/12/2023;;
"1926";"F42000844";"COPISO SORIA S. COOP";"Soria";"CASTILLA y LEÓN";26/12/2023;;
"1927";"F42011270";"S. COOP.  UNION COMARCAL AGREDANA";"Soria";"CASTILLA y LEÓN";26/12/2023;;
"1928";"F43010727";"Agropecuària Coperal i Secció de Crèdit, SCCL";"Tarragona";"CATALUÑA";26/12/2023;;
"1929";"F43010933";"Càmara Arrossera del Montsià i Secció de Crèdit, SCCL";"Tarragona";"CATALUÑA";26/12/2023;;
"1930";"F43011238";"Agrícola i Secció de Crèdit d'Albinyana, SCCL";"Tarragona";"CATALUÑA";26/12/2023;;
"1931";"F43011287";"Unió Nuts, SCCL";"TARRAGONA";"CATALUÑA";26/12/2023;;
"1932";"F43011378";"Agrícola d'Alcover, SCCL";"Tarragona";"CATALUÑA";26/12/2023;;
"1933";"F43011386";"Agrícola Catalana de l'Aldea, SCCL";"Tarragona";"CATALUÑA";26/12/2023;;
"1934";"F43011402";"Alforja Agrària i Secció de Crèdit, SCCL";"Tarragona";"CATALUÑA";26/12/2023;;
"1935";"F43011410";"Agrícola d'Alió, SCCL";"Tarragona";"CATALUÑA";26/12/2023;;
"1936";"F43011469";"Agrícola de l'Argilaga, SCCL";"Tarragona";"CATALUÑA";26/12/2023;;
"1937";"F43011527";"Agrícola i Secció de Crèdit de la Bisbal de Falset, SCCL";"Tarragona";"CATALUÑA";26/12/2023;;
"1938";"F43011568";"Agrícola Les Borges del Camp, SCCL";"Tarragona";"CATALUÑA";26/12/2023;;
"1939";"F43011576";"Agrícola i Secció de Crèdit Sant Josep, SCCL";"Tarragona";"CATALUÑA";26/12/2023;;
"1940";"F43011592";"Agrícola i Secció de Crèdit de Bràfim, SCCL";"Tarragona";"CATALUÑA";26/12/2023;;
"1941";"F43011600";"Agrícola i Secció de Crèdit de Cabacés, SCCL";"Tarragona";"CATALUÑA";26/12/2023;;
"1942";"F43011618";"Agrícola de Cabra del Camp, SCCL ";"Tarragona";"CATALUÑA";26/12/2023;;
"1943";"F43011626";"Agrícola de Calafell, SCCL";"Tarragona";"CATALUÑA";26/12/2023;;
"1944";"F43011659";"Celler de Capçanes, SCCL";"Tarragona";"CATALUÑA";26/12/2023;;
"1945";"F43011667";"Agrícola i Secció de Crèdit de Castellvell del Camp, SCCL";"Tarragona";"CATALUÑA";26/12/2023;;
"1946";"F43011675";"Agrícola de la Sénia, SCCL";"Tarragona";"CATALUÑA";26/12/2023;;
"1947";"F43011691";"Agrícola ''Sant Isidre'' de Constantí, SCCL";"Tarragona";"CATALUÑA";26/12/2023;;
"1948";"F43011717";"Agrícola i Secció de Crèdit Comarcal del Priorat, SCCL";"Tarragona";"CATALUÑA";26/12/2023;;
"1949";"F43011725";"Agrícola Verge de les Neus, SCCL";"Tarragona";"CATALUÑA";26/12/2023;;
"1950";"F43011758";"Agrícola de la Conca, SCCL";"Tarragona";"CATALUÑA";26/12/2023;;
"1951";"F43011766";"Agrícola Falset-Marçà i Secció de Crèdit, Afalma, SCCL";"Tarragona";"CATALUÑA";26/12/2023;;
"1952";"F43011782";"Agrícola Aubacs i Solans, SCCL";"Tarragona";"CATALUÑA";26/12/2023;;
"1953";"F43011816";"Celler Cooperatiu i Secció de Crèdit de Gandesa, SCCL";"Tarragona";"CATALUÑA";26/12/2023;;
"1954";"F43011824";"Agrícola de Garcia, SCCL";"Tarragona";"CATALUÑA";26/12/2023;;
"1955";"F43011832";"Agrícola i Secció de Crèdit la Ginesta, SCCL";"Tarragona";"CATALUÑA";26/12/2023;;
"1956";"F43011840";"Agrícola Catalana i Secció de Crèdit de Godall, SCCL";"Tarragona";"CATALUÑA";26/12/2023;;
"1957";"F43011907";"Agrícola i Secció de Crèdit de Llorenç del Penedès, SCCL";"Tarragona";"CATALUÑA";26/12/2023;;
"1958";"F43011931";"Agrícola Bonmas, SCCL";"Tarragona";"CATALUÑA";26/12/2023;;
"1959";"F43011956";"Agrícola Sant Isidre de Maspujols, SCCL";"Tarragona";"CATALUÑA";26/12/2023;;
"1960";"F43011964";"Celler Masroig i Secció Crèdit, SCCL";"Tarragona";"CATALUÑA";26/12/2023;;
"1961";"F43011998";"Agrícola de Montbrió del Camp, SCCL";"Tarragona";"CATALUÑA";26/12/2023;;
"1962";"F43012079";"Vinícola i Secció de Crèdit Sant Isidre de Nulles, SCCL";"Tarragona";"CATALUÑA";26/12/2023;;
"1963";"F43012087";"Agrícola i Secció de Crèdit la Palma, SCCL";"Tarragona";"CATALUÑA";26/12/2023;;
"1964";"F43012103";"Agrícola de Sant Roc, SCCL";"Tarragona";"CATALUÑA";26/12/2023;;
"1965";"F43012129";"Agrícola Catalana Sant Isidre de el Perelló, SCCL";"Tarragona";"CATALUÑA";26/12/2023;;
"1966";"F43012186";"Agrícola Sant Isidre de la Pobla de Montornès, SCCL";"Tarragona";"CATALUÑA";26/12/2023;;
"1967";"F43012202";"Agrícola el Pont d'Armentera, SCCL";"Tarragona";"CATALUÑA";26/12/2023;;
"1968";"F43012236";"Agrícola i Secció de Crèdit de Pratdip, SCCL";"Tarragona";"CATALUÑA";26/12/2023;;
"1969";"F43012244";"Agrícola Sant Isidre de Puigpelat, SCCL";"Tarragona";"CATALUÑA";26/12/2023;;
"1970";"F43012293";"Unió Fruits, SCCL";"Tarragona";"CATALUÑA";26/12/2023;;
"1971";"F43012301";"Unió Origen, SCCL";"Tarragona";"CATALUÑA";26/12/2023;;
"1972";"F43012319";"Agrícola i Secció de Crèdit de Riudecanyes, SCCL";"Tarragona";"CATALUÑA";26/12/2023;;
"1973";"F43012327";"Agrícola de Riudecols, SCCL";"Tarragona";"CATALUÑA";26/12/2023;;
"1974";"F43012350";"Agrícola de Salomó, SCCL";"Tarragona";"CATALUÑA";26/12/2023;;
"1975";"F43012384";"Cellers Domenys i Secció de Crèdit, SCCL  ";"Tarragona";"CATALUÑA";26/12/2023;;
"1976";"F43012442";"COSELVA-Agrícola i Secció de Crèdit de la Selva del Camp, SCCL";"Tarragona";"CATALUÑA";26/12/2023;;
"1977";"F43012491";"Agrícola i Secció de Crèdit de la Torre de l'Espanyol, SCCL";"Tarragona";"CATALUÑA";26/12/2023;;
"1978";"F43012525";"Agrícola d'Ulldecona, SCCL";"Tarragona";"CATALUÑA";26/12/2023;;
"1979";"F43012533";"Agrícola d'Ulldemolins Sant Jaume, SCCL";"Tarragona";"CATALUÑA";26/12/2023;;
"1980";"F43012541";"Agrícola de Vandellòs, SCCL";"Tarragona";"CATALUÑA";26/12/2023;;
"1981";"F43012558";"Societat Agrícola i Secció de Crèdit de Valls, SCCL";"Tarragona";"CATALUÑA";26/12/2023;;
"1982";"F43012566";"Agrícola i Secció de Crèdit de Sant Isidre de Vilabella, SCCL";"Tarragona";"CATALUÑA";26/12/2023;;
"1983";"F43012574";"Agrícola i Secció de Crèdit de Vilallonga, SCCL";"Tarragona";"CATALUÑA";26/12/2023;;
"1984";"F43012608";"Celler Cooperatiu i Secció de Crèdit de Vila-rodona, SCCL";"Tarragona";"CATALUÑA";26/12/2023;;
"1985";"F43012616";"Agrícola de Vila-seca, SCCL";"Tarragona";"CATALUÑA";26/12/2023;;
"1986";"F43013010";"Celler Cooperatiu de Sant Miquel de Batea, SCCL";"Tarragona";"CATALUÑA";26/12/2023;;
"1987";"F43013283";"COVILALBA, SCCL";"Tarragona";"CATALUÑA";26/12/2023;;
"1988";"F43013408";"Celler Agrícola i Secció de Crèdit de Bellvei del Penedès, SCCL";"Tarragona";"CATALUÑA";26/12/2023;;
"1989";"F43013424";"Tuliesa, SCCL";"Tarragona";"CATALUÑA";26/12/2023;;
"1990";"F43013432";"Celler Cooperatiu el Molar, SCCL";"Tarragona";"CATALUÑA";26/12/2023;;
"1991";"F43013457";"Vinícola de Sarral i Secció de Crèdit, Covisal, SCCL";"Tarragona";"CATALUÑA";26/12/2023;;
"1992";"F43013531";"Agrícola de Vallmoll, SCCL";"Tarragona";"CATALUÑA";26/12/2023;;
"1993";"F43013671";"Agrícola i Secció de Crèdit Terra Alta, SCCL";"Tarragona";"CATALUÑA";26/12/2023;;
"1994";"F43013879";"Agrícola Catalana i Secció de Crèdit de la Galera, SCCL";"Tarragona";"CATALUÑA";26/12/2023;;
"1995";"F43013937";"Agrícola de Fontscaldes, SCCL";"Tarragona";"CATALUÑA";26/12/2023;;
"1996";"F43013945";"Agrícola i Secció de Crèdit de Riudoms, SCCL";"Tarragona";"CATALUÑA";26/12/2023;;
"1997";"F43013952";"Agrícola de Catllar, SCCL";"Tarragona";"CATALUÑA";26/12/2023;;
"1998";"F43013994";"Agrícola de Corbera d'Ebre, SCCL";"Tarragona";"CATALUÑA";26/12/2023;;
"1999";"F43014034";"Agrícola Sant Isidre de Mas de Barberans, SCCL";"Tarragona";"CATALUÑA";26/12/2023;;
"2000";"F43014216";"Celler Cooperatiu Cornudella, SCCL";"Tarragona";"CATALUÑA";26/12/2023;;
"2001";"F43014224";"Agrícola de Barberà, SCCL";"Tarragona";"CATALUÑA";26/12/2023;;
"2002";"F43014281";"Agrícola Sant Isidre de Caseres, SCCL";"Tarragona";"CATALUÑA";26/12/2023;;
"2003";"F43014307";"Olivarera del Baix Ebre, SCCL";"Tarragona";"CATALUÑA";26/12/2023;;
"2004";"F43016393";"Agrària l'Ametlla de Mar, SCCL";"Tarragona";"CATALUÑA";26/12/2023;;
"2005";"F43020106";"Agrícola Sant Gregori de Santa Bàrbara, SCCL";"Tarragona";"CATALUÑA";26/12/2023;;
"2006";"F43022086";"Grup Fruiter de Benissanet, SCCL";"Tarragona";"CATALUÑA";26/12/2023;;
"2007";"F43039361";"Apícola Tarragonina, SCCL";"Tarragona";"CATALUÑA";26/12/2023;;
"2008";"F43046614";"Vinícola del Priorat i Secció de Crèdit, SCCL";"Tarragona";"CATALUÑA";26/12/2023;;
"2009";"F43065697";"Arrossaires del Delta de l'Ebre i Secció de Crèdit, SCCL";"Tarragona";"CATALUÑA";26/12/2023;;
"2010";"F43070226";"CEVIPE, Grup Cooperatiu, SCCL";"Tarragona";"CATALUÑA";26/12/2023;;
"2011";"F43074855";"L'Avellanera i Secció de Crèdit, SCCL";"Tarragona";"CATALUÑA";26/12/2023;;
"2012";"F43129436";"Centre Oleícola del Penedès, SCCL, CEOLPE, SCCL";"TARRAGONA";"CATALUÑA";26/12/2023;;
"2013";"F43135185";"Comercial Garrofa, Comgar, SCCL";"TARRAGONA";"CATALUÑA";26/12/2023;;
"2014";"F43329028";"Agrícola del Camp Santa Bàrbara, SCCL";"Tarragona";"CATALUÑA";26/12/2023;;
"2015";"F43440759";"Soldebre, SCCL";"Tarragona";"CATALUÑA";26/12/2023;;
"2016";"F43721380";"Viticultors Bateans, SCCL";"Tarragona";"CATALUÑA";26/12/2023;;
"2017";"F44001949";"Soc. Coop. de Labradores";"Teruel";"ARAGÓN";26/12/2023;;
"2018";"F44001980";"San Isidro Labrador  S. Coop.";"Teruel";"ARAGÓN";26/12/2023;;
"2019";"F44002004";"S. Coop. del Campo Ntra. Sra. de los Pueyos";"Teruel";"ARAGÓN";26/12/2023;;
"2020";"F44002079";"Cooperativa del Campo San Isidro";"Teruel";"ARAGÓN";26/12/2023;;
"2021";"F44002277";"San Braulio Soc. Coop. Ltda.";"Teruel";"ARAGÓN";26/12/2023;;
"2022";"F44002335";"Soc. Coop. del Campo San Roque";"Teruel";"ARAGÓN";26/12/2023;;
"2023";"F44002467";"San Isidro S. Coop. Ltda.";"Teruel";"ARAGÓN";26/12/2023;;
"2024";"F44002475";"Cooperativa del Campo San Miguel";"Teruel";"ARAGÓN";26/12/2023;;
"2025";"F44002632";"Soc. Coop. Agraria del Campo ""San Macario""";"Teruel";"ARAGÓN";26/12/2023;;
"2026";"F44002681";"Bodega San Isidro Soc. Cop. Ltda. de Muniesa";"Teruel";"ARAGÓN";26/12/2023;;
"2027";"F44002699";"San Antonio Abad Soc. Coop. Ltda.";"Teruel";"ARAGÓN";26/12/2023;;
"2028";"F44002707";"Soc. Coop. Agraria del Campo ""San Blas""";"Teruel";"ARAGÓN";26/12/2023;;
"2029";"F44002723";"Sociedad Cooperativa del Campo San Antonio";"Teruel";"ARAGÓN";26/12/2023;;
"2030";"F44003028";"Soc. Coop. del Campo ""San Isidro""";"Teruel";"ARAGÓN";26/12/2023;;
"2031";"F44003069";"Coop. del Campo ""San Pedro""";"Teruel";"ARAGÓN";26/12/2023;;
"2032";"F44003101";"San Miguel Soc. Coop.";"Teruel";"ARAGÓN";26/12/2023;;
"2033";"F44003127";" S. Coop. del Campo San Miguel ""COFRUVAL""";"Teruel";"ARAGÓN";26/12/2023;;
"2034";"F44003291";"Cooperativa del Campo San Miguel";"Teruel";"ARAGÓN";26/12/2023;;
"2035";"F44004869";"La Calandina Soc. Coop. Ltda.";"Teruel";"ARAGÓN";26/12/2023;;
"2036";"F44006187";"S.A.T. 2180-Ganadera Unida Comarcal (GUCO)";"Teruel";"ARAGÓN";26/12/2023;;
"2037";"F44006450";"Frutos Secos Alcañiz S. Coop. Ltda.";"Teruel";"ARAGÓN";26/12/2023;;
"2038";"F44009116";"SAT San Fabián y San Sebastián nº3681";"Teruel";"ARAGÓN";26/12/2023;;
"2039";"F44014918";"Carnes Oviaragón S.C.L.";"Zaragoza";"ARAGÓN";26/12/2023;;
"2040";"F44020055";"SAT 6997 SOINCAR";"Teruel";"ARAGÓN";26/12/2023;;
"2041";"F44028793";"Aceites del Matarraña Soc. Coop. Ltda.";"Teruel";"ARAGÓN";26/12/2023;;
"2042";"F44031896";"Cereales Teruel Soc. Coop.";"Teruel";"ARAGÓN";26/12/2023;;
"2043";"F44101574";"INDUSTRIAL DEL CONEJO SAT 8403";"Teruel";"ARAGÓN";26/12/2023;;
"2044";"F44152213";"Sersuco S. Coop.";"Teruel";"ARAGÓN";26/12/2023;;
"2045";"F44170165";"Soc. Coop. Oleícola Aragonesa de Valdealgorfa";"Teruel";"ARAGÓN";26/12/2023;;
"2046";"F44174944";"El Perillán Sdad. Coop. Ltda.";"Teruel";"ARAGÓN";26/12/2023;;
"2047";"F44188019";"Odón San Marcos SCL";"Teruel";"ARAGÓN";26/12/2023;;
"2048";"F44192144";"CENRO Sdad. Coop.";"Teruel";"ARAGÓN";26/12/2023;;
"2049";"F44231769";"Cooperativa Comarcal Carnes del Maestrazgo S. Coop.";"Teruel";"ARAGÓN";26/12/2023;;
"2050";"F44270171";"Cunitres S. Coop";"Teruel";"ARAGÓN";26/12/2023;;
"2051";"F45000452";"S.C. SAN ISIDRO LABRADOR SDAD. COOP. CLM";"Toledo";"CASTILLA-LA MANCHA";26/12/2023;;
"2052";"F45000536";"La Humildad S. COOP. De CLM";"Toledo";"CASTILLA-LA MANCHA";26/12/2023;;
"2053";"F45000650";"San Isidro S. Coop de CLM";"Toledo";"CASTILLA-LA MANCHA";26/12/2023;;
"2054";"F45000726";"Nuestra Señora de Ronda S. Coop de CLM";"Toledo";"CASTILLA-LA MANCHA";26/12/2023;;
"2055";"F45000742";"San Isidro Labrador S. Coop de CLM";"Toledo";"CASTILLA-LA MANCHA";26/12/2023;;
"2056";"F45000817";"San Isidro Labrador S. Coop de CLM";"Toledo";"CASTILLA-LA MANCHA";26/12/2023;;
"2057";"F45000833";"Nuestra Señora de la Piedad S. Coop de CLM";"Toledo";"CASTILLA-LA MANCHA";26/12/2023;;
"2058";"F45000841";"Nuestra Señora del Rosario S. Coop de CLM";"Toledo";"CASTILLA-LA MANCHA";26/12/2023;;
"2059";"F45000874";"Nuestra Señora del Egido S. Coop de CLM";"Toledo";"CASTILLA-LA MANCHA";26/12/2023;;
"2060";"F45000882";"San Antonio Abad S. Coop de CLM";"Toledo";"CASTILLA-LA MANCHA";26/12/2023;;
"2061";"F45000932";"Nuestra Señora del Carmen S. Coop de CLM";"Toledo";"CASTILLA-LA MANCHA";26/12/2023;;
"2062";"F45000957";"San Isidro Labrador S. Coop de CLM";"Toledo";"CASTILLA-LA MANCHA";26/12/2023;;
"2063";"F45000965";"San Isidro S. Coop de CLM";"Toledo";"CASTILLA-LA MANCHA";26/12/2023;;
"2064";"F45000981";"La Fe S. Coop de CLM";"Toledo";"CASTILLA-LA MANCHA";26/12/2023;;
"2065";"F45001005";"Padre Jesús de Nazareno S. Coop de CLM";"Toledo";"CASTILLA-LA MANCHA";26/12/2023;;
"2066";"F45001013";"San Sebastián Soc. Coop. de C-LM";"Toledo";"CASTILLA-LA MANCHA";26/12/2023;;
"2067";"F45001021";"Nuestra Señora de la Blanca S. Coop de CLM";"Toledo";"CASTILLA-LA MANCHA";26/12/2023;;
"2068";"F45001062";"Santísimo Cristo de la Piedad S. Coop de CLM";"Toledo";"CASTILLA-LA MANCHA";26/12/2023;;
"2069";"F45001096";"Santo Niño de la Guardia S . Coop de CLM";"Toledo";"CASTILLA-LA MANCHA";26/12/2023;;
"2070";"F45001120";"Nuestra Señora de la Asunción S. Coop de CLM";"Toledo";"CASTILLA-LA MANCHA";26/12/2023;;
"2071";"F45001153";"Santa Quiteria S. Coop de CLM";"Toledo";"CASTILLA-LA MANCHA";26/12/2023;;
"2072";"F45001179";"San Isidro Labrador S. Coop de CLM";"Toledo";"CASTILLA-LA MANCHA";26/12/2023;;
"2073";"F45001203";"Nuestra Señora de la Oliva S. Coop de CLM";"Toledo";"CASTILLA-LA MANCHA";26/12/2023;;
"2074";"F45001245";"Santa Ana S. Coop de CLM";"Toledo";"CASTILLA-LA MANCHA";26/12/2023;;
"2075";"F45001302";"Nuestra Señora del Rosario S. Coop de CLM";"Toledo";"CASTILLA-LA MANCHA";26/12/2023;;
"2076";"F45001369";"San Roque S. Coop de CLM";"Toledo";"CASTILLA-LA MANCHA";26/12/2023;;
"2077";"F45001377";"Cristo de Santa Ana S. Coop de CLM";"Toledo";"CASTILLA-LA MANCHA";26/12/2023;;
"2078";"F45001385";"San Francisco de Asís S. Coop de CLM";"Toledo";"CASTILLA-LA MANCHA";26/12/2023;;
"2079";"F45001419";"Santo Cristo del Prado S. Coop de CLM";"Toledo";"CASTILLA-LA MANCHA";26/12/2023;;
"2080";"F45001476";"San Isidro Labrador S. Coop de CLM";"Toledo";"CASTILLA-LA MANCHA";26/12/2023;;
"2081";"F45001518";"Santa Justina S. Coop de CLM";"Toledo";"CASTILLA-LA MANCHA";26/12/2023;;
"2082";"F45001617";"Nuestra Señora de la Natividad S. Coop de CLM";"Toledo";"CASTILLA-LA MANCHA";26/12/2023;;
"2083";"F45001633";"Nuestra Señora de la Paz S. Coop de CLM";"Toledo";"CASTILLA-LA MANCHA";26/12/2023;;
"2084";"F45002292";"Nuestra Señora de la Antigua S. Coop de CLM";"Toledo";"CASTILLA-LA MANCHA";26/12/2023;;
"2085";"F45002318";"Nuestra Señora de la Paz S. Coop de CLM";"Toledo";"CASTILLA-LA MANCHA";26/12/2023;;
"2086";"F45002425";"Nuestra Señora de la Paz S. Coop de CLM";"Toledo";"CASTILLA-LA MANCHA";26/12/2023;;
"2087";"F45002458";"San Antonio de Padua S. Coop de CLM";"Toledo";"CASTILLA-LA MANCHA";26/12/2023;;
"2088";"F45002557";"Nuestra Señora de la Piedad S. Coop de CLM";"Toledo";"CASTILLA-LA MANCHA";26/12/2023;;
"2089";"F45002573";"Santo Domingo de Guzmán S. Coop de CLM";"Toledo";"CASTILLA-LA MANCHA";26/12/2023;;
"2090";"F45003001";"San Miguel Arcángel S. Coop de CLM";"Toledo";"CASTILLA-LA MANCHA";26/12/2023;;
"2091";"F45003019";"Nuestra Señora de Castellar S. Coop de CLM";"Toledo";"CASTILLA-LA MANCHA";26/12/2023;;
"2092";"F45003290";"Santísimo Cristo de las Injurias S. Coop de CLM";"Toledo";"CASTILLA-LA MANCHA";26/12/2023;;
"2093";"F45003324";"Virgen de Gracia S. Coop de CLM";"Toledo";"CASTILLA-LA MANCHA";26/12/2023;;
"2094";"F45003332";"UTECO-Toledo S. Coop de CLM";"Toledo";"CASTILLA-LA MANCHA";26/12/2023;;
"2095";"F45003399";"Nuestra Señora de la Antigua S. Coop de CLM";"Toledo";"CASTILLA-LA MANCHA";26/12/2023;;
"2096";"F45003431";"Nuestra Señora de la Soledad S. Coop de CLM";"Toledo";"CASTILLA-LA MANCHA";26/12/2023;;
"2097";"F45003696";"Ganadera Avicon S. Coop de CLM";"Toledo";"CASTILLA-LA MANCHA";26/12/2023;;
"2098";"F45003761";"San Miguel Arcángel S. Coop de CLM";"Toledo";"CASTILLA-LA MANCHA";26/12/2023;;
"2099";"F45004058";"Angel del Alcázar S. Coop de CLM";"Toledo";"CASTILLA-LA MANCHA";26/12/2023;;
"2100";"F45004066";"Santos Tomás Canturiense S. Coop de CLM";"Toledo";"CASTILLA-LA MANCHA";26/12/2023;;
"2101";"F45004199";"Nuestra Señora del Pilar S. Coop de CLM";"Toledo";"CASTILLA-LA MANCHA";26/12/2023;;
"2102";"F45004447";"San Sebastián de Pusa S. Coop de CLM";"Toledo";"CASTILLA-LA MANCHA";26/12/2023;;
"2103";"F45004454";"Nuestra Señora de la Asunción S. Coop de CLM";"Toledo";"CASTILLA-LA MANCHA";26/12/2023;;
"2104";"F45004470";"Nuestra Señora de las Saleras S. Coop de CLM";"Toledo";"CASTILLA-LA MANCHA";26/12/2023;;
"2105";"F45004512";"Virgen de la Oliva S. Coop de CLM";"Toledo";"CASTILLA-LA MANCHA";26/12/2023;;
"2106";"F45004561";"Santo Cristo de la Salud S. Coop de CLM";"Toledo";"CASTILLA-LA MANCHA";26/12/2023;;
"2107";"F45004603";"Santo Cristo de Veracruz S. Coop de CLM";"Toledo";"CASTILLA-LA MANCHA";26/12/2023;;
"2108";"F45004777";"Nuestra Señora de Linares S. Coop de CLM";"Toledo";"CASTILLA-LA MANCHA";26/12/2023;;
"2109";"F45005071";"Santísimo Cristo del Consuelo S. Coop de CLM";"Toledo";"CASTILLA-LA MANCHA";26/12/2023;;
"2110";"F45005659";"Nuestra Señora de Piedraescrita S. Coop de CLM";"Toledo";"CASTILLA-LA MANCHA";26/12/2023;;
"2111";"F45005667";"Jaramontes S. Coop de CLM";"Toledo";"CASTILLA-LA MANCHA";26/12/2023;;
"2112";"F45006160";"Nuestra Señora de la Soledad S. Coop de CLM";"Toledo";"CASTILLA-LA MANCHA";26/12/2023;;
"2113";"F45006293";"Santo Domingo de Guzmán S. Coop de CLM";"Toledo";"CASTILLA-LA MANCHA";26/12/2023;;
"2114";"F45006673";"Condes de Fuensalida S. Coop de CLM";"Toledo";"CASTILLA-LA MANCHA";26/12/2023;;
"2115";"F45006798";"Virgen del Carmen Tin-blan S. Coop de CLM";"Toledo";"CASTILLA-LA MANCHA";26/12/2023;;
"2116";"F45007309";"Agropecuaria Santo Cristo S. Coop de CLM";"Toledo";"CASTILLA-LA MANCHA";26/12/2023;;
"2117";"F45009339";"Nuestra Señora de la Muela y la Paz";"Toledo";"CASTILLA-LA MANCHA";26/12/2023;;
"2118";"F45009461";"Bodegas Alcardet / Ntra. Sra. Del Pilar S. Coop de CLM";"Toledo";"CASTILLA-LA MANCHA";26/12/2023;;
"2119";"F45009529";"Valle de Mena S. Coop de CLM";"Toledo";"CASTILLA-LA MANCHA";26/12/2023;;
"2120";"F45010998";"San Antón S. Coop de CLM";"Toledo";"CASTILLA-LA MANCHA";26/12/2023;;
"2121";"F45011749";"Comarcal del Campo Montes de Toledo S. Coop de CLM";"Toledo";"CASTILLA-LA MANCHA";26/12/2023;;
"2122";"F45011970";"Nuestra Señora de Gracia S. Coop de CLM";"Toledo";"CASTILLA-LA MANCHA";26/12/2023;;
"2123";"F45012291";"Piensos San Antón de Pulgar S. Coop de CLM";"Toledo";"CASTILLA-LA MANCHA";26/12/2023;;
"2124";"F45012697";"Nuestra Señora de la Salud S. Coop de CLM";"Toledo";"CASTILLA-LA MANCHA";26/12/2023;;
"2125";"F45013018";"Nuestra Señora del Campo S. Coop de CLM";"Toledo";"CASTILLA-LA MANCHA";26/12/2023;;
"2126";"F45013414";"La Sagra Soc Coop CLM";"Toledo";"CASTILLA-LA MANCHA";26/12/2023;;
"2127";"F45013422";"San Antón S. Coop de CLM";"Toledo";"CASTILLA-LA MANCHA";26/12/2023;;
"2128";"F45013802";"Nuestra Señora del Milagro S. Coop de CLM";"Toledo";"CASTILLA-LA MANCHA";26/12/2023;;
"2129";"F45014479";"Nuestra Señora de Valdehierro S. Coop de CLM";"Toledo";"CASTILLA-LA MANCHA";26/12/2023;;
"2130";"F45014800";"Piensos Nuestra Señora de Gracia S. Coop de CLM";"Toledo";"CASTILLA-LA MANCHA";26/12/2023;;
"2131";"F45015393";"Fuente de Bartolo S. Coop de CLM";"Toledo";"CASTILLA-LA MANCHA";26/12/2023;;
"2132";"F45015849";"El Vaquerito S. Coop de CLM";"Toledo";"CASTILLA-LA MANCHA";26/12/2023;;
"2133";"F45016094";"La Centinela S. Coop de CLM";"Toledo";"CASTILLA-LA MANCHA";26/12/2023;;
"2134";"F45016144";"La Madridejense S. Coop de CLM";"Toledo";"CASTILLA-LA MANCHA";26/12/2023;;
"2135";"F45016300";"San Sebastián S. Coop de CLM";"Toledo";"CASTILLA-LA MANCHA";26/12/2023;;
"2136";"F45016375";"Las Minas S. Coop de CLM";"Toledo";"CASTILLA-LA MANCHA";26/12/2023;;
"2137";"F45016607";"La Hontanilla Sociedad Cooperativa de Castilla La Mancha";"Toledo";"CASTILLA-LA MANCHA";26/12/2023;;
"2138";"F45016615";"Vinícola Coconia S. Coop de CLM";"Toledo";"CASTILLA-LA MANCHA";26/12/2023;;
"2139";"F45016755";"Sat Don Fadrique";"Toledo";"CASTILLA-LA MANCHA";26/12/2023;;
"2140";"F45016847";"Nuestra Señora del Pilar S. Coop de CLM";"Toledo";"CASTILLA-LA MANCHA";26/12/2023;;
"2141";"F45017738";"San Isidro Labrador S. Coop de CLM";"Toledo";"CASTILLA-LA MANCHA";26/12/2023;;
"2142";"F45018009";"Almoroxana del Campo San Antón S. Coop de CLM";"Toledo";"CASTILLA-LA MANCHA";26/12/2023;;
"2143";"F45019361";"Acevín S. Coop de CLM";"Toledo";"CASTILLA-LA MANCHA";26/12/2023;;
"2144";"F45019601";"Amartajo S. Coop. de CLM";"Toledo";"CASTILLA-LA MANCHA";26/12/2023;;
"2145";"F45019981";"Comarcal del Campo San Sebastián S. Coop de CLM";"Toledo";"CASTILLA-LA MANCHA";26/12/2023;;
"2146";"F45020187";"La Asunción de Nuestra Señora S. Coop de CLM";"Toledo";"CASTILLA-LA MANCHA";26/12/2023;;
"2147";"F45020237";"San Esteban S. Coop de CLM";"Toledo";"CASTILLA-LA MANCHA";26/12/2023;;
"2148";"F45021771";"Tesoro de Guarrazar S. Coop de CLM";"Toledo";"CASTILLA-LA MANCHA";26/12/2023;;
"2149";"F45023447";"Piensos Herreruela S. Coop de CLM";"Toledo";"CASTILLA-LA MANCHA";26/12/2023;;
"2150";"F45026366";"Tío Gartera S. Coop de CLM";"Toledo";"CASTILLA-LA MANCHA";26/12/2023;;
"2151";"F45030673";"Vinícola Castillo de Consuegra S. Coop de CLM";"Toledo";"CASTILLA-LA MANCHA";26/12/2023;;
"2152";"F45033719";"San Ildefonso S. Coop de CLM";"Toledo";"CASTILLA-LA MANCHA";26/12/2023;;
"2153";"F45034170";"Aceites y Frutas de Cebolla S. Coop de CLM";"Toledo";"CASTILLA-LA MANCHA";26/12/2023;;
"2154";"F45037454";"Agrupación Ganadera San Blas S. Coop de CLM";"Toledo";"CASTILLA-LA MANCHA";26/12/2023;;
"2155";"F45042058";"Altomira S. Coop de CLM";"Toledo";"CASTILLA-LA MANCHA";26/12/2023;;
"2156";"F45043106";"Sat El Barro";"Toledo";"CASTILLA-LA MANCHA";26/12/2023;;
"2157";"F45045127";"Nuestra Señora de Finibusterre S. Coop de CLM";"Toledo";"CASTILLA-LA MANCHA";26/12/2023;;
"2158";"F45046117";"El Sangrera S. Coop de CLM";"Toledo";"CASTILLA-LA MANCHA";26/12/2023;;
"2159";"F45047735";"El Quintillo S. Coop de CLM";"Toledo";"CASTILLA-LA MANCHA";26/12/2023;;
"2160";"F45048220";"Sat Hermanos Librán Avila";"Toledo";"CASTILLA-LA MANCHA";26/12/2023;;
"2161";"F45053857";"Acoaga S. Coop de CLM";"Toledo";"CASTILLA-LA MANCHA";26/12/2023;;
"2162";"F45055449";"Oleícola San Nicasio S. Coop de CLM";"Toledo";"CASTILLA-LA MANCHA";26/12/2023;;
"2163";"F45064987";"Cristo del Olvido S. Coop de CLM";"Toledo";"CASTILLA-LA MANCHA";26/12/2023;;
"2164";"F45066743";"Sat Monte La Villa";"Toledo";"CASTILLA-LA MANCHA";26/12/2023;;
"2165";"F45067675";"Cristo de la Palma S. Coop de CLM";"Toledo";"CASTILLA-LA MANCHA";26/12/2023;;
"2166";"F45068319";"Agrupación Ganadera Montes de Yébenes S. Coop de CLM";"Toledo";"CASTILLA-LA MANCHA";26/12/2023;;
"2167";"F45069044";"Rivera del Tajo Ganadera S. Coop de CLM";"Toledo";"CASTILLA-LA MANCHA";26/12/2023;;
"2168";"F45069671";"La Unión de Santa Cruz S. Coop de CLM";"Toledo";"CASTILLA-LA MANCHA";26/12/2023;;
"2169";"F45073640";"Alpamasa Agrícola S. Coop de CLM";"Toledo";"CASTILLA-LA MANCHA";26/12/2023;;
"2170";"F45076833";"Patatas y Aceites de Sonseca S. Coop de CLM";"Toledo";"CASTILLA-LA MANCHA";26/12/2023;;
"2171";"F45077963";"Cerpinos S. Coop de CLM";"Toledo";"CASTILLA-LA MANCHA";26/12/2023;;
"2172";"F45079746";"Santiago Apóstol de Aldeanueva de Barbarroya S. Coop de CLM";"Toledo";"CASTILLA-LA MANCHA";26/12/2023;;
"2173";"F45201134";"Cooperativa Vinícola de Los Yébenes S. Coop de CLM";"Toledo";"CASTILLA-LA MANCHA";26/12/2023;;
"2174";"F45201233";"Lillo S. Coop de CLM";"Toledo";"CASTILLA-LA MANCHA";26/12/2023;;
"2175";"F45201795";"El Quijote S. Coop de CLM";"Toledo";"CASTILLA-LA MANCHA";26/12/2023;;
"2176";"F45209038";"Valdelpozo S. Coop de CLM";"Toledo";"CASTILLA-LA MANCHA";26/12/2023;;
"2177";"F45214392";"Ocho Villas S. Coop de CLM";"Toledo";"CASTILLA-LA MANCHA";26/12/2023;;
"2178";"F45216397";"Matadero Firgorifico Montes de Toledo S. Coop de CLM";"Toledo";"CASTILLA-LA MANCHA";26/12/2023;;
"2179";"F45216942";"Almazara Nuestra Señora de Los Llanos S. Coop de CLM";"Toledo";"CASTILLA-LA MANCHA";26/12/2023;;
"2180";"F45229135";"Santo Domingo S. Coop de CLM";"Toledo";"CASTILLA-LA MANCHA";26/12/2023;;
"2181";"F45237831";"Cereales Los Majanares S. Coop de CLM";"Toledo";"CASTILLA-LA MANCHA";26/12/2023;;
"2182";"F45237849";"Agroinfantes S. Coop de CLM";"Toledo";"CASTILLA-LA MANCHA";26/12/2023;;
"2183";"F45250164";"La Cosecha S. Coop de CLM";"Toledo";"CASTILLA-LA MANCHA";26/12/2023;;
"2184";"F45250537";"Olivarera de Espinoso del Rey S. Coop de CLM";"Toledo";"CASTILLA-LA MANCHA";26/12/2023;;
"2185";"F45254109";"Afeva S. Coop de CLM";"Toledo";"CASTILLA-LA MANCHA";26/12/2023;;
"2186";"F45286119";"Agropecuaria Bario S. Coop de CLM";"Toledo";"CASTILLA-LA MANCHA";26/12/2023;;
"2187";"F45297249";"Petroleos de Gálvez S. Coop de CLM";"Toledo";"CASTILLA-LA MANCHA";26/12/2023;;
"2188";"F45298684";"Gavalto S. Coop de CLM";"Toledo";"CASTILLA-LA MANCHA";26/12/2023;;
"2189";"F45298841";"Unión de Agricultores de Villafranca S. Coop de CLM";"Toledo";"CASTILLA-LA MANCHA";26/12/2023;;
"2190";"F45307808";"Totacer S. Coop de CLM";"Toledo";"CASTILLA-LA MANCHA";26/12/2023;;
"2191";"F45324597";"Molinos de Aceite de Toledo S. Coop de CLM";"Toledo";"CASTILLA-LA MANCHA";26/12/2023;;
"2192";"F45348935";"Poyco Productores de Ovino y Caprino de Ocaña Jesús de Cuevas S. Coop de CLM";"Toledo";"CASTILLA-LA MANCHA";26/12/2023;;
"2193";"F45364627";"Comapor S. Coop de CLM";"Toledo";"CASTILLA-LA MANCHA";26/12/2023;;
"2194";"F45385713";"Visoliva S. Coop de CLM";"Toledo";"CASTILLA-LA MANCHA";26/12/2023;;
"2195";"F45402492";"SAT Puebla";"Toledo";"CASTILLA-LA MANCHA";26/12/2023;;
"2196";"F45410404";"San Sebastián de Belvís S. Coop de CLM";"Toledo";"CASTILLA-LA MANCHA";26/12/2023;;
"2197";"F45415247";"Galporcinos S. Coop de CLM";"Toledo";"CASTILLA-LA MANCHA";26/12/2023;;
"2198";"F45421617";"Olivar del Cristo S. Coop de CLM";"Toledo";"CASTILLA-LA MANCHA";26/12/2023;;
"2199";"F45426913";"Santa Cruz de la Jara Pueblanueva S. Coop de CLM";"Toledo";"CASTILLA-LA MANCHA";26/12/2023;;
"2200";"F45429438";"Almazara Villa de Orgaz S. Coop de CLM";"Toledo";"CASTILLA-LA MANCHA";26/12/2023;;
"2201";"F45438744";"San Nicolás de Huerta S. Coop de CLM";"Toledo";"CASTILLA-LA MANCHA";26/12/2023;;
"2202";"F45467842";"Los Doce S. Coop de CLM";"Toledo";"CASTILLA-LA MANCHA";26/12/2023;;
"2203";"F45469004";"Coviolma 2000 S. Coop de CLM";"Toledo";"CASTILLA-LA MANCHA";26/12/2023;;
"2204";"F45469335";"Nuestra Señora de la Paz S. Coop de CLM";"Toledo";"CASTILLA-LA MANCHA";26/12/2023;;
"2205";"F45470325";"Agraria Miralcázar S. Coop de CLM";"Toledo";"CASTILLA-LA MANCHA";26/12/2023;;
"2206";"F45480795";"Petroleos de Fuensalida S. Coop de CLM";"Toledo";"CASTILLA-LA MANCHA";26/12/2023;;
"2207";"F45489531";"Petrojara S. Coop de CLM";"Toledo";"CASTILLA-LA MANCHA";26/12/2023;;
"2208";"F45510989";"Comarcal Ganadera Sierra de San Vicente S. Coop de CLM";"Toledo";"CASTILLA-LA MANCHA";26/12/2023;;
"2209";"F45535713";"Agricultura Ecológica Biotierra S. Coop de CLM";"Toledo";"CASTILLA-LA MANCHA";26/12/2023;;
"2210";"F45541471";"Petroleos Peñaflor S. Coop de CLM";"Toledo";"CASTILLA-LA MANCHA";26/12/2023;;
"2211";"F45562626";"Agraria Cantos Blancos S. Coop de CLM";"Toledo";"CASTILLA-LA MANCHA";26/12/2023;;
"2212";"F45594785";"Chozo Monzón S. Coop de CLM";"Toledo";"CASTILLA-LA MANCHA";26/12/2023;;
"2213";"F45598281";"Viñedos de Camarena S. Coop de CLM";"Toledo";"CASTILLA-LA MANCHA";26/12/2023;;
"2214";"F45604733";"Coopexco Alcardete S. Coop de CLM";"Toledo";"CASTILLA-LA MANCHA";26/12/2023;;
"2215";"F45621448";"Sat Siete Términos";"Toledo";"CASTILLA-LA MANCHA";26/12/2023;;
"2216";"F45632841";"El Garro S. Coop de CLM";"Toledo";"CASTILLA-LA MANCHA";26/12/2023;;
"2217";"F45669140";"Petroliva S. Coop de CLM";"Toledo";"CASTILLA-LA MANCHA";26/12/2023;;
"2218";"F45688611";"Centro Olivar S. Coop de CLM";"Toledo";"CASTILLA-LA MANCHA";26/12/2023;;
"2219";"F45700895";"Agrodesarrollo S. Coop de CLM";"Toledo";"CASTILLA-LA MANCHA";26/12/2023;;
"2220";"F45704889";"Gasoleorgaz S. Coop de CLM";"Toledo";"CASTILLA-LA MANCHA";26/12/2023;;
"2221";"F45740040";"Unidad de Lillo S. Coop de CLM";"Toledo";"CASTILLA-LA MANCHA";26/12/2023;;
"2222";"F45741329";"Uniproca S. Coop de CLM";"Toledo";"CASTILLA-LA MANCHA";26/12/2023;;
"2223";"F45742152";"Bodegas La Estación S. Coop de CLM";"Toledo";"CASTILLA-LA MANCHA";26/12/2023;;
"2224";"F45746112";"Agrícola Campo de Oro S. Coop de CLM";"Toledo";"CASTILLA-LA MANCHA";26/12/2023;;
"2225";"F45761814";"Viñedos de Toledo S. Coop de CLM";"Toledo";"CASTILLA-LA MANCHA";26/12/2023;;
"2226";"F45777760";"Casona de Alaferlay de Hermanos del Alamo Fez S. Coop de CLM";"Toledo";"CASTILLA-LA MANCHA";26/12/2023;;
"2227";"F45784121";"Dehesa La Higueruela S. Coop de CLM";"Toledo";"CASTILLA-LA MANCHA";26/12/2023;;
"2228";"F45787298";"Exporvacun S. Coop de CLM";"Toledo";"CASTILLA-LA MANCHA";26/12/2023;;
"2229";"F45797081";"Agrocruza S. Coop de CLM";"Toledo";"CASTILLA-LA MANCHA";26/12/2023;;
"2230";"F45799806";"La Espartosa S. Coop de CLM";"Toledo";"CASTILLA-LA MANCHA";26/12/2023;;
"2231";"F45822624";"Asoma S. Coop de CLM";"Toledo";"CASTILLA-LA MANCHA";26/12/2023;;
"2232";"F45869021";"Agrupación de Olivareros de Los NavalmoralesS. Coop de CLM";"Toledo";"CASTILLA-LA MANCHA";26/12/2023;;
"2233";"F45898251";"Bioazafrán S. Coop. de CLM";"Toledo";"CASTILLA-LA MANCHA";26/12/2023;;
"2234";"F46024006";"Coop. Agícola ""Sagrado Corazón de Jesús"" de Albal Coop.V.";"Valencia/València";"COMUNIDAD VALENCIANA";26/12/2023;;
"2235";"F46024014";"Agrícola San José Obrero de Albalat, Coop.V.";"Valencia/València";"COMUNIDAD VALENCIANA";26/12/2023;;
"2236";"F46024022";"Coop. Agrícola Valenciana  ""Santos de la Piedra""";"Valencia/València";"COMUNIDAD VALENCIANA";26/12/2023;;
"2237";"F46024139";"Agrícola San José de Alcásser, Coop.V.";"Valencia/València";"COMUNIDAD VALENCIANA";26/12/2023;;
"2238";"F46024196";"Coop. Hortofrutícola de Alzira-Alzicoop, Coop. V.";"Valencia/València";"COMUNIDAD VALENCIANA";26/12/2023;;
"2239";"F46024261";"Coop. Vinícola San Antonio Abad, Coop.V.";"Valencia/València";"COMUNIDAD VALENCIANA";26/12/2023;;
"2240";"F46024303";"Coop. Agrícola ""Nuestra Señora del Oreto"" Coop.V.";"Valencia/València";"COMUNIDAD VALENCIANA";26/12/2023;;
"2241";"F46024329";"Coop. Agrícola ""Virgen del Rosario"" Coop.V.";"Valencia/València";"COMUNIDAD VALENCIANA";26/12/2023;;
"2242";"F46024378";"Coop. Agrícola ""San Salvador"" Coop.V.";"Valencia/València";"COMUNIDAD VALENCIANA";26/12/2023;;
"2243";"F46024394";"Coop. Agrícola S.C.J., Coop.V. ""COPAL""";"Valencia/València";"COMUNIDAD VALENCIANA";26/12/2023;;
"2244";"F46024436";"Coop. Agrícola de Alginet, S. Coop. V. ";"Valencia/València";"COMUNIDAD VALENCIANA";26/12/2023;;
"2245";"F46024469";"Coop. Agrícola y Ganadera de Almussafes Coop.V.";"Valencia/València";"COMUNIDAD VALENCIANA";26/12/2023;;
"2246";"F46024477";"Coop. Vinícola V. ""Ntra. Sra. de la Consolación""";"Valencia/València";"COMUNIDAD VALENCIANA";26/12/2023;;
"2247";"F46024493";"""COANNA"" Coop.V.";"Valencia/València";"COMUNIDAD VALENCIANA";26/12/2023;;
"2248";"F46024519";"Cooperativa Valenciana San Marcos";"Valencia/València";"COMUNIDAD VALENCIANA";26/12/2023;;
"2249";"F46024527";"Agrícola San Engracio Mártir, Coop.V.";"Valencia/València";"COMUNIDAD VALENCIANA";26/12/2023;;
"2250";"F46024535";"Cooperativa Valenciana Agrícola La Ayorense";"Valencia/València";"COMUNIDAD VALENCIANA";26/12/2023;;
"2251";"F46024584";"Rural ""San Vicente Ferrer"" Coop.V.";"Valencia/València";"COMUNIDAD VALENCIANA";26/12/2023;;
"2252";"F46024618";"Coop. Agrícola San Juan Bautista S.C.V.";"Valencia/València";"COMUNIDAD VALENCIANA";26/12/2023;;
"2253";"F46024659";"Almazara Beata Inés, Coop.V.";"Valencia/València";"COMUNIDAD VALENCIANA";26/12/2023;;
"2254";"F46024733";"Coop. Agrícola ""San Felipe Benicio"" Coop.V.";"Valencia/València";"COMUNIDAD VALENCIANA";26/12/2023;;
"2255";"F46024758";"Coop.Valenciana del Campo ""Virgen del Fundamento"" Coop.V.";"Valencia/València";"COMUNIDAD VALENCIANA";26/12/2023;;
"2256";"F46024774";"Coop. Valenciana ""El Progreso"" Coop.V.";"Valencia/València";"COMUNIDAD VALENCIANA";26/12/2023;;
"2257";"F46024790";"Coop. Agrícola de Bolbaite Coop.V.";"Valencia/València";"COMUNIDAD VALENCIANA";26/12/2023;;
"2258";"F46024816";"Coop. Valenciana ""San Isidro"" de Bugarra Coop.V.";"Valencia/València";"COMUNIDAD VALENCIANA";26/12/2023;;
"2259";"F46025003";"Coop. Agrícola San José - Carcaixent Coop.V.";"Valencia/València";"COMUNIDAD VALENCIANA";26/12/2023;;
"2260";"F46025037";"Coop. Agrícola Sant Bernat, S.Coop.V.";"Valencia/València";"COMUNIDAD VALENCIANA";26/12/2023;;
"2261";"F46025128";"Coop. Agrícola Santa Bárbara de Casinos, Coop.V.";"Valencia/València";"COMUNIDAD VALENCIANA";26/12/2023;;
"2262";"F46025151";"CASTELDUC COOP.V.";"Valencia/València";"COMUNIDAD VALENCIANA";26/12/2023;;
"2263";"F46025193";"Coop. Agrícola ""San Isidro Labrador"" Almazara de Caudete de las Fuentes";"Valencia/València";"COMUNIDAD VALENCIANA";26/12/2023;;
"2264";"F46025201";"Coop. Valenciana del Campo Nuestra Señora de las Viñas";"Valencia/València";"COMUNIDAD VALENCIANA";26/12/2023;;
"2265";"F46025326";"Coop. Vinícola de Quatretonda Coop.V.";"Valencia/València";"COMUNIDAD VALENCIANA";26/12/2023;;
"2266";"F46025334";"CULLERCOOP, COOP.V.";"Valencia/València";"COMUNIDAD VALENCIANA";26/12/2023;;
"2267";"F46025359";"Coop. Agrícola Católica de Chelva S.Coop.V.";"Valencia/València";"COMUNIDAD VALENCIANA";26/12/2023;;
"2268";"F46025383";"Coop. Agrícola ""Nuestra Sra. de los Angeles"" Coop.V.";"Valencia/València";"COMUNIDAD VALENCIANA";26/12/2023;;
"2269";"F46025482";"La Unión Chivana, Coop. V.";"Valencia/València";"COMUNIDAD VALENCIANA";26/12/2023;;
"2270";"F46025516";"Coop. V. Agrícola ""Santa Bárbara"" de Chulilla";"Valencia/València";"COMUNIDAD VALENCIANA";26/12/2023;;
"2271";"F46025532";"Campoenguera, Coop.V.";"Valencia/València";"COMUNIDAD VALENCIANA";26/12/2023;;
"2272";"F46025649";"Coop. Vinícola La Viña, Coop.V.";"Valencia/València";"COMUNIDAD VALENCIANA";26/12/2023;;
"2273";"F46025797";"Coop. Vinícola San Pedro Apóstol Coop.V.";"Valencia/València";"COMUNIDAD VALENCIANA";26/12/2023;;
"2274";"F46025813";"Guadacoop, Coop. V.";"Valencia/València";"COMUNIDAD VALENCIANA";26/12/2023;;
"2275";"F46026068";"Coop. Vinícola de Llíria S.Coop.V.";"Valencia/València";"COMUNIDAD VALENCIANA";26/12/2023;;
"2276";"F46026076";"Coop. Agrícola V. San Sebastian Martir";"Valencia/València";"COMUNIDAD VALENCIANA";26/12/2023;;
"2277";"F46026084";"Coop. del Camp de Llutxent-Otos Coop. V.";"Valencia/València";"COMUNIDAD VALENCIANA";26/12/2023;;
"2278";"F46026118";"Coop. Agrícola del Marquesado S.C.";"Valencia/València";"COMUNIDAD VALENCIANA";26/12/2023;;
"2279";"F46026126";"S. Coop. Agrícola Valenciana Cristo del Milagro";"Valencia/València";"COMUNIDAD VALENCIANA";26/12/2023;;
"2280";"F46026142";"Coop. Agrícola Santa Bárbara de Macastre, Coop.V.";"Valencia/València";"COMUNIDAD VALENCIANA";26/12/2023;;
"2281";"F46026209";"Coop. V. Agrícola San Pedro de Massanassa";"Valencia/València";"COMUNIDAD VALENCIANA";26/12/2023;;
"2282";"F46026241";"Coop. Valenciana ""Stmo. Cristo de la Salud"" Coop.V.";"Valencia/València";"COMUNIDAD VALENCIANA";26/12/2023;;
"2283";"F46026282";"Cooperativa Valenciana San Pedro Apóstol";"Valencia/València";"COMUNIDAD VALENCIANA";26/12/2023;;
"2284";"F46026365";"Coop. Vinícola ""San Pancracio"" Coop.V.";"Valencia/València";"COMUNIDAD VALENCIANA";26/12/2023;;
"2285";"F46026399";"Agrícola Montitxelvo, S.Coop.V.";"Valencia/València";"COMUNIDAD VALENCIANA";26/12/2023;;
"2286";"F46026464";"Coop. V. Cristo de la Salud, Coop.V.";"Valencia/València";"COMUNIDAD VALENCIANA";26/12/2023;;
"2287";"F46026506";"Coop. Vinícola Onteniense Coop.V.      ";"Valencia/València";"COMUNIDAD VALENCIANA";26/12/2023;;
"2288";"F46026605";"Pedralba Vinícola S.Coop.V.";"Valencia/València";"COMUNIDAD VALENCIANA";26/12/2023;;
"2289";"F46026621";"Agro-Cítrica de Picassent Coop.V.";"Valencia/València";"COMUNIDAD VALENCIANA";26/12/2023;;
"2290";"F46026647";"Coop. Agrícola San Isidro Labrador de Picassent Coop.V.";"Valencia/València";"COMUNIDAD VALENCIANA";26/12/2023;;
"2291";"F46026696";"Vitivinícola de La Pobla del Duc, Coop.V.        ";"Valencia/València";"COMUNIDAD VALENCIANA";26/12/2023;;
"2292";"F46026779";"Cooperativa Valenciana San Isidro Labrador de Quesa";"Valencia/València";"COMUNIDAD VALENCIANA";26/12/2023;;
"2293";"F46026829";"Coop. Agrícola Valenciana ""Beato Carmelo"" Coop.V.";"Valencia/València";"COMUNIDAD VALENCIANA";26/12/2023;;
"2294";"F46026837";"Agrícola La Realense, Coop. V.";"Valencia/València";"COMUNIDAD VALENCIANA";26/12/2023;;
"2295";"F46026860";"Coop. Agrícola ""ALBOSA"" Coop.V.";"Valencia/València";"COMUNIDAD VALENCIANA";26/12/2023;;
"2296";"F46026928";"Coop. Valenciana Agrícola ""La Unión""";"Valencia/València";"COMUNIDAD VALENCIANA";26/12/2023;;
"2297";"F46026951";"Coop. Agr. Purísima Concepción";"Valencia/València";"COMUNIDAD VALENCIANA";26/12/2023;;
"2298";"F46027017";"Coop. del Campo ""San Isidro Labrador"" de Campo Arcís, Coop.V.";"Valencia/València";"COMUNIDAD VALENCIANA";26/12/2023;;
"2299";"F46027033";"Coop. Vinícola ""Nuestra Señora del Rosario""  Coop.V.";"Valencia/València";"COMUNIDAD VALENCIANA";26/12/2023;;
"2300";"F46027041";"Coop. Vinícola ""Requenense"" Coop.V.";"Valencia/València";"COMUNIDAD VALENCIANA";26/12/2023;;
"2301";"F46027058";"Coop.V. de Viticultores Ltda.";"Valencia/València";"COMUNIDAD VALENCIANA";26/12/2023;;
"2302";"F46027074";"Coop. De Viticultores y Sección de Crédito ""El Progreso"", Coop.V";"Valencia/València";"COMUNIDAD VALENCIANA";26/12/2023;;
"2303";"F46027223";"Coop. Vinícola de Siete Aguas Coop.V.";"Valencia/València";"COMUNIDAD VALENCIANA";26/12/2023;;
"2304";"F46027249";"Coop. Agrícola Valenciana La Unión de Silla Sdad. Coop. Ltda.";"Valencia/València";"COMUNIDAD VALENCIANA";26/12/2023;;
"2305";"F46027264";"Coop. Valenciana Vitivinícola La Protectora de Sinarcas";"Valencia/València";"COMUNIDAD VALENCIANA";26/12/2023;;
"2306";"F46027272";"Coop. Agrícola Arrocera Coop.V.";"Valencia/València";"COMUNIDAD VALENCIANA";26/12/2023;;
"2307";"F46027314";"Coop. V. Unión Protectora De El Perelló";"Valencia/València";"COMUNIDAD VALENCIANA";26/12/2023;;
"2308";"F46027322";"Coop. Agropecuaria ""Mareny de Barraquetes"" Coop.V.";"Valencia/València";"COMUNIDAD VALENCIANA";26/12/2023;;
"2309";"F46027330";"Coop. Valenciana del Campo ""Unio Cristiana""";"Valencia/València";"COMUNIDAD VALENCIANA";26/12/2023;;
"2310";"F46027363";"Coop. de Regantes ""Motor Santísimo Cristo"", Coop.V.";"Valencia/València";"COMUNIDAD VALENCIANA";26/12/2023;;
"2311";"F46027397";"Coop. Agrícola de Tavernes Coop.V.";"Valencia/València";"COMUNIDAD VALENCIANA";26/12/2023;;
"2312";"F46027439";"Coop. Agrícola Santa Bárbara de Titaguas,  Coop.V.";"Valencia/València";"COMUNIDAD VALENCIANA";26/12/2023;;
"2313";"F46027454";"Citruscoop-San Luis Bertrán S.C.V.";"Valencia/València";"COMUNIDAD VALENCIANA";26/12/2023;;
"2314";"F46027470";"Coop. Agrícola ""San Diego"" Coop.V.";"Valencia/València";"COMUNIDAD VALENCIANA";26/12/2023;;
"2315";"F46027488";"La Baronía de Turis, Coop. V.";"Valencia/València";"COMUNIDAD VALENCIANA";26/12/2023;;
"2316";"F46027512";"Coop. Agrícola de Utiel";"Valencia/València";"COMUNIDAD VALENCIANA";26/12/2023;;
"2317";"F46027520";"Coop. Agrícola Valenciana ""San Pedro Apóstol""";"Valencia/València";"COMUNIDAD VALENCIANA";26/12/2023;;
"2318";"F46027538";"Coop. Agric. San Antonio de Padua";"Valencia/València";"COMUNIDAD VALENCIANA";26/12/2023;;
"2319";"F46027561";"Coop. Agrícola ""Virgen de Loreto"" Coop.V.";"Valencia/València";"COMUNIDAD VALENCIANA";26/12/2023;;
"2320";"F46027587";"Coop. Valenciana del Campo San José Obrero de Las Casas de Utiel";"Valencia/València";"COMUNIDAD VALENCIANA";26/12/2023;;
"2321";"F46027652";"Coop. V. Vega Horta-Nord";"Valencia/València";"COMUNIDAD VALENCIANA";26/12/2023;;
"2322";"F46027694";"Coop. Avicultores y Ganaderos Valenciana, Coop. V.";"Valencia/València";"COMUNIDAD VALENCIANA";26/12/2023;;
"2323";"F46029039";"Coop. Agrícola Ntra. Sra. De La Fuente, Coop.V.";"Valencia/València";"COMUNIDAD VALENCIANA";26/12/2023;;
"2324";"F46029062";"Coop. del Camp de Vila Nova de Castelló Coop.V.";"Valencia/València";"COMUNIDAD VALENCIANA";26/12/2023;;
"2325";"F46029112";"Coop. Valenciana ""San Roque""";"Valencia/València";"COMUNIDAD VALENCIANA";26/12/2023;;
"2326";"F46030052";"Cooperativa Agrícola San Miguel, Coop.V.";"Valencia/València";"COMUNIDAD VALENCIANA";26/12/2023;;
"2327";"F46030938";"Coop. Agrícola ""El Porvenir"" Coop.V.";"Valencia/València";"COMUNIDAD VALENCIANA";26/12/2023;;
"2328";"F46031050";"COVIÑAS, Coop.V.";"Valencia/València";"COMUNIDAD VALENCIANA";26/12/2023;;
"2329";"F46031662";"Cooperativa Valenciana Agrícola Virgen del Carmen ";"Valencia/València";"COMUNIDAD VALENCIANA";26/12/2023;;
"2330";"F46031670";"Cooperativa Viticultores de la Vega, Coop.V.";"Valencia/València";"COMUNIDAD VALENCIANA";26/12/2023;;
"2331";"F46032058";"Coop. Agrícola Valenciana ""Apostol Santiago""";"Valencia/València";"COMUNIDAD VALENCIANA";26/12/2023;;
"2332";"F46032074";"Coop. Agrícola ""Niño Jesús"" Coop.V.";"Valencia/València";"COMUNIDAD VALENCIANA";26/12/2023;;
"2333";"F46038881";"Agrícola de Catadau S.Coop.V. Ltda.";"Valencia/València";"COMUNIDAD VALENCIANA";26/12/2023;;
"2334";"F46050050";"TA.VAL.CO.";"Valencia/València";"COMUNIDAD VALENCIANA";26/12/2023;;
"2335";"F46051025";"COHOCA, Coop. V.";"Valencia/València";"COMUNIDAD VALENCIANA";26/12/2023;;
"2336";"F46051041";"Coop. Agrícola de El Villar S.C.V.";"Valencia/València";"COMUNIDAD VALENCIANA";26/12/2023;;
"2337";"F46051066";"Coop. Agrícola Puzol C.V.";"Valencia/València";"COMUNIDAD VALENCIANA";26/12/2023;;
"2338";"F46051991";"Sdad. Coop. V. Agrícola Virgen de los Desamparados.";"Valencia/València";"COMUNIDAD VALENCIANA";26/12/2023;;
"2339";"F46054649";"Sdad. Coop. Agrovinícola de Montserrat C.V.";"Valencia/València";"COMUNIDAD VALENCIANA";26/12/2023;;
"2340";"F46074746";"COOPERATIVA AGRICOLA LA INMACULADA, COOP.V.";"Valencia/València";"COMUNIDAD VALENCIANA";26/12/2023;;
"2341";"F46076543";"Cooperativa Citrícola de la Safor, Coop.V.";"Valencia/València";"COMUNIDAD VALENCIANA";26/12/2023;;
"2342";"F46099222";"ANECOOP S.Coop.";"Valencia/València";"COMUNIDAD VALENCIANA";26/12/2023;;
"2343";"F46101192";"Coop. Agrícola La Constancia de La Pobla de Vallbona, S.Coop.V. Ltda";"Valencia/València";"COMUNIDAD VALENCIANA";26/12/2023;;
"2344";"F46108882";"Coop. Agrícola de Bétera, Coop.V.";"Valencia/València";"COMUNIDAD VALENCIANA";26/12/2023;;
"2345";"F46121794";"Sociedad Cooperativa Apícola de España";"Valencia/València";"COMUNIDAD VALENCIANA";26/12/2023;;
"2346";"F46135901";"Cooperativa Beniatjar-Oli del Benicadell, Coop. V.";"Valencia/València";"COMUNIDAD VALENCIANA";26/12/2023;;
"2347";"F46155511";"Coop. Valenciana Agrícola del Bajo Turia";"Valencia/València";"COMUNIDAD VALENCIANA";26/12/2023;;
"2348";"F46160875";"COARVAL Coop.V.";"Valencia/València";"COMUNIDAD VALENCIANA";26/12/2023;;
"2349";"F46209110";"SAT Nº 4549 Beata Ines";"Valencia/València";"COMUNIDAD VALENCIANA";26/12/2023;;
"2350";"F46219317";"COFRUDECA, Coop.V.";"Valencia/València";"COMUNIDAD VALENCIANA";26/12/2023;;
"2351";"F46230827";"Coop. ""La Turisana"" Coop.V.";"Valencia/València";"COMUNIDAD VALENCIANA";26/12/2023;;
"2352";"F46281416";"Coop. Agrícola ""La Unión"" Coop.V.Ltda.";"Valencia/València";"COMUNIDAD VALENCIANA";26/12/2023;;
"2353";"F46358792";"Cooperativa de Productores de Semillas de Arroz, S.C.L.";"Valencia/València";"COMUNIDAD VALENCIANA";26/12/2023;;
"2354";"F46394052";"FRUITSECS S.Coop.";"Valencia/València";"COMUNIDAD VALENCIANA";26/12/2023;;
"2355";"F46398244";"Coop. Agrícola de Alpuente Coop.V.";"Valencia/València";"COMUNIDAD VALENCIANA";26/12/2023;;
"2356";"F46617395";"Coop. Agrícola Valenciana 2º el Valle y la Plana";"Valencia/València";"COMUNIDAD VALENCIANA";26/12/2023;;
"2357";"F46993150";"Almazara Molino Motrotón S.Coop.Valenciana";"Valencia/València";"COMUNIDAD VALENCIANA";26/12/2023;;
"2358";"F47003959";"BODEGA 4 RAYAS, S. COOP. AGROALIMENTARIA";"Valladolid";"CASTILLA y LEÓN";26/12/2023;;
"2359";"F47003975";"BODEGA COOP. DE CIGALES";"Valladolid";"CASTILLA y LEÓN";26/12/2023;;
"2360";"F47005368";"S. COOP.  GENERAL AGROPECUARIA ACOR";"Valladolid";"CASTILLA y LEÓN";26/12/2023;;
"2361";"F47006952";"S. COOP. COCOL";"Valladolid";"CASTILLA y LEÓN";26/12/2023;;
"2362";"F47007018";"COCOPE S. COOP.";"Valladolid";"CASTILLA y LEÓN";26/12/2023;;
"2363";"F47007224";"S- COOP. COPROGA";"Valladolid";"CASTILLA y LEÓN";26/12/2023;;
"2364";"F47009642";"S. COOP. COMARCA DE TOROZOS";"Valladolid";"CASTILLA y LEÓN";26/12/2023;;
"2365";"F47010764";"S. COOP. COMARCAL DEL PISUERGA";"Valladolid";"CASTILLA y LEÓN";26/12/2023;;
"2366";"F47010806";"S. COOP. COMARCAL VALLE ESGUEVA";"Valladolid";"CASTILLA y LEÓN";26/12/2023;;
"2367";"F47010822";"S. COOP. AGRICOLA COMARCAL DEL JARAMIEL";"Valladolid";"CASTILLA y LEÓN";26/12/2023;;
"2368";"F47024310";"S. COOP. NAVARRESA COMARCAL DE CEREALES (NACOCE)";"Valladolid";"CASTILLA y LEÓN";26/12/2023;;
"2369";"F47032529";"S. COOP. COADUERO";"Valladolid";"CASTILLA y LEÓN";26/12/2023;;
"2370";"F47032818";"S. COOP. COCETRA";"Valladolid";"CASTILLA y LEÓN";26/12/2023;;
"2371";"F47033931";"S. COOP. COMARCAL DE MOTA (COCOMA)";"Valladolid";"CASTILLA y LEÓN";26/12/2023;;
"2372";"F47042767";"S. COOP. SAN AGUSTÍN";"Valladolid";"CASTILLA y LEÓN";26/12/2023;;
"2373";"F47053954";"PECUARIA TIERRA DE CAMPOS S.COOP.";"Valladolid";"CASTILLA y LEÓN";26/12/2023;;
"2374";"F47088000";"S. COOP. LTDA. ARION";"Valladolid";"CASTILLA y LEÓN";26/12/2023;;
"2375";"F47229539";"S. COOP. SERVIAGRO";"Valladolid";"CASTILLA y LEÓN";26/12/2023;;
"2376";"F47303029";"ANDRÉS, S.COOP";"Valladolid";"CASTILLA y LEÓN";26/12/2023;;
"2377";"F47478789";"S. COOP. HORCAOL";"Valladolid";"CASTILLA y LEÓN";26/12/2023;;
"2378";"F47513098";"S. COOP. COOPCYL";"Valladolid";"CASTILLA y LEÓN";26/12/2023;;
"2379";"F47522198";"S. COOP. PIÑON-SOL, CYL";"Valladolid";"CASTILLA y LEÓN";26/12/2023;;
"2380";"F47568712";"S. COOP. REINA DE CASTILLA";"Valladolid";"CASTILLA y LEÓN";26/12/2023;;
"2381";"F47576137";"ARAE, S.COOP.";"Zamora";"CASTILLA y LEÓN";26/12/2023;;
"2382";"F48022628";"Cooperativa Agrícola De Lezama S. Coop.";"Bizkaia";"PAÍS VASCO";26/12/2023;;
"2383";"F48022677";"Zamudio-Derio Agraria S. Coop.";"Bizkaia";"PAÍS VASCO";26/12/2023;;
"2384";"F48022693";"Coop. Agrícola Ganadera De Getxo S. Coop.";"Bizkaia";"PAÍS VASCO";26/12/2023;;
"2385";"F48023329";"San Isidro De Mungia S. Coop.";"Bizkaia";"PAÍS VASCO";26/12/2023;;
"2386";"F48024681";"A. Ganadera De Elorrio S. Coop.";"Bizkaia";"PAÍS VASCO";26/12/2023;;
"2387";"F48035547";"San Isidro De Gernika S. Coop.";"Bizkaia";"PAÍS VASCO";26/12/2023;;
"2388";"F48039507";"Miba S. Coop.";"Bizkaia";"PAÍS VASCO";26/12/2023;;
"2389";"F48056303";"Guvac S. Coop.";"Bizkaia";"PAÍS VASCO";26/12/2023;;
"2390";"F48112338";"Barrenetxe S. Coop.";"Bizkaia";"PAÍS VASCO";26/12/2023;;
"2391";"F48212880";"Lorra S. Coop.";"Bizkaia";"PAÍS VASCO";26/12/2023;;
"2392";"F48221717";"Gorosti S. Coop. ";"Bizkaia";"PAÍS VASCO";26/12/2023;;
"2393";"F48222459";"Garaia S. Coop.";"Bizkaia";"PAÍS VASCO";26/12/2023;;
"2394";"F48233332";"Diba S. Coop. ";"Bizkaia";"PAÍS VASCO";26/12/2023;;
"2395";"F49004310";"BODEGA COOP. VINO DE TORO ""BODEGAS COVITORO""";"Zamora";"CASTILLA y LEÓN";26/12/2023;;
"2396";"F49006554";"S. COOP. BAJO DUERO (COBADU)";"Zamora";"CASTILLA y LEÓN";26/12/2023;;
"2397";"F49006778";"S. COOP. LOS CASALES ";"Zamora";"CASTILLA y LEÓN";26/12/2023;;
"2398";"F49013089";"S. COOP. LOS ZAMORANOS";"Zamora";"CASTILLA y LEÓN";26/12/2023;;
"2399";"F49021165";"S. COOP. AGROVIPAS";"Zamora";"CASTILLA y LEÓN";26/12/2023;;
"2400";"F49027329";"S. COOP. LIMITADA AGRINZA";"Zamora";"CASTILLA y LEÓN";26/12/2023;;
"2401";"F49029713";"S.COOP.COGALA COMARCA DE TORO";"Zamora";"CASTILLA y LEÓN";26/12/2023;;
"2402";"F49104938";"S. COOP. ASOVINO";"Zamora";"CASTILLA y LEÓN";26/12/2023;;
"2403";"F49147044";"S. COOP. ALISTANA DE OVINO";"Zamora";"CASTILLA y LEÓN";26/12/2023;;
"2404";"F49197619";"S. COOP. BODEGAS EL SOTO";"Zamora";"CASTILLA y LEÓN";26/12/2023;;
"2405";"F49204654";"S. COOP. CONSORCIO DE PROMOCION DE OVINO";"Zamora";"CASTILLA y LEÓN";26/12/2023;;
"2406";"F49207954";"BODEGAS CAMPIÑA , S. COOP.";"Zamora";"CASTILLA y LEÓN";26/12/2023;;
"2407";"F49219355";"S. COOP. GANADEROS DE ALISTE-SAYAGO-SANABRIA";"Zamora";"CASTILLA y LEÓN";26/12/2023;;
"2408";"F49294382";"S. COOP. AGRARIA MANGAS";"Zamora";"CASTILLA y LEÓN";26/12/2023;;
"2409";"F50007780";"Soc. Coop. Agrícola San Lorenzo";"Zaragoza";"ARAGÓN";26/12/2023;;
"2410";"F50007798";"Sociedad Cooperativa San  Isidro";"Zaragoza";"ARAGÓN";26/12/2023;;
"2411";"F50010925";"Sociedad Coop. Agraria San Antonio";"Zaragoza";"ARAGÓN";26/12/2023;;
"2412";"F50010941";"Soc. Coop. San Roque de Alfamén Ltda.";"Zaragoza";"ARAGÓN";26/12/2023;;
"2413";"F50010958";"Cooperativa del Campo San Nicolás de Tolentino S.C.L.";"Zaragoza";"ARAGÓN";26/12/2023;;
"2414";"F50010966";"Cooperativas del Campo San Isidro";"Zaragoza";"ARAGÓN";26/12/2023;;
"2415";"F50010974";"Sociedad Coop. ""Virgen de la Peana""";"Zaragoza";"ARAGÓN";26/12/2023;;
"2416";"F50011030";"Destilerías San Valero, S. Coop.";"Zaragoza";"ARAGÓN";26/12/2023;;
"2417";"F50011048";"Bodegas San Valero Soc. Coop.";"Zaragoza";"ARAGÓN";26/12/2023;;
"2418";"F50011089";"Bodega San Bernabé Soc. Coop. Ltda.";"Zaragoza";"ARAGÓN";26/12/2023;;
"2419";"F50011097";"Sdad. Coop. Agraria Virgen de la Oliva";"Zaragoza";"ARAGÓN";26/12/2023;;
"2420";"F50011139";"San Juan Bautista Soc. Coop. Ltda.";"Zaragoza";"ARAGÓN";26/12/2023;;
"2421";"F50011188";"Sdad. Coop. Agraria San Clemente";"Zaragoza";"ARAGÓN";26/12/2023;;
"2422";"F50011204";"Bodega Cooperativa Ntra. Sra. del Olivar";"Zaragoza";"ARAGÓN";26/12/2023;;
"2423";"F50011212";"Cooperativa Agraria Santiago y San Miguel";"Zaragoza";"ARAGÓN";26/12/2023;;
"2424";"F50011253";"Santo Cristo de Magallón, S. Coop. Comarcal";"Zaragoza";"ARAGÓN";26/12/2023;;
"2425";"F50011279";"Cooperativa del Campo San Roque";"Zaragoza";"ARAGÓN";26/12/2023;;
"2426";"F50011295";"Cooperativa Vitícola San José";"Zaragoza";"ARAGÓN";26/12/2023;;
"2427";"F50011311";"Bodegas Virgen del Aguila Soc. Coop.";"Zaragoza";"ARAGÓN";26/12/2023;;
"2428";"F50011337";"Soc. Coop. Agraria ""San Cristóbal""";"Zaragoza";"ARAGÓN";26/12/2023;;
"2429";"F50011345";"Santa Ana Crianzas y Viñedos S.Coop.";"Zaragoza";"ARAGÓN";26/12/2023;;
"2430";"F50011352";"Soc. Coop. Agraria San José";"Zaragoza";"ARAGÓN";26/12/2023;;
"2431";"F50011378";"Sdad. Coop. Agraria San Sebastián Soc. Coop. Ltda.";"Zaragoza";"ARAGÓN";26/12/2023;;
"2432";"F50011386";"S.Coop. Agraria Ntra. Sra. Niño Perdido";"Zaragoza";"ARAGÓN";26/12/2023;;
"2433";"F50011394";"S. Coop. Agraria San Atilano";"Zaragoza";"ARAGÓN";26/12/2023;;
"2434";"F50011410";"Soc. Coop. Agraria ""San Miguel""";"Zaragoza";"ARAGÓN";26/12/2023;;
"2435";"F50011469";"S. Coop. Agraria San Lamberto";"Zaragoza";"ARAGÓN";26/12/2023;;
"2436";"F50011568";"Campo de Ricla Soc. Coop. de Aragón";"Zaragoza";"ARAGÓN";26/12/2023;;
"2437";"F50014570";"Coop. del Campo ""San Antonio""";"Zaragoza";"ARAGÓN";26/12/2023;;
"2438";"F50016237";"Coop. del Campo San Gregorio";"Zaragoza";"ARAGÓN";26/12/2023;;
"2439";"F50017631";"Sociedad Coop. Agraria San Isidro";"Zaragoza";"ARAGÓN";26/12/2023;;
"2440";"F50019108";"Cooperativa Agraria San Lamberto";"Zaragoza";"ARAGÓN";26/12/2023;;
"2441";"F50019116";"San Gregorio Soc. Coop. Ltda.";"Zaragoza";"ARAGÓN";26/12/2023;;
"2442";"F50019124";"Cooperativa del Campo Sta. Agueda";"Zaragoza";"ARAGÓN";26/12/2023;;
"2443";"F50019140";"Sdad. Coop. Agraria San Miguel de Fuentes de Ebro";"Zaragoza";"ARAGÓN";26/12/2023;;
"2444";"F50019157";"Soc. Coop. Agraria San Pedro";"Zaragoza";"ARAGÓN";26/12/2023;;
"2445";"F50019181";"Virgen del Mar y de la Cuesta Soc. Coop. Ltda.";"Zaragoza";"ARAGÓN";26/12/2023;;
"2446";"F50019215";"Sdad. Coop. Agraria San Mateo";"Zaragoza";"ARAGÓN";26/12/2023;;
"2447";"F50019231";"Soc. Coop. Ganaderos San Simón y San Judas Soc. Coop. Lda.";"Zaragoza";"ARAGÓN";26/12/2023;;
"2448";"F50019249";"Sociedad Cooperativa Agraria San Miguel Arcángel";"Zaragoza";"ARAGÓN";26/12/2023;;
"2449";"F50019397";"Crianzas y Viñedos Santo Cristo S. Coop.";"Zaragoza";"ARAGÓN";26/12/2023;;
"2450";"F50019405";"Sdad. Coop. Agraria ""San Sebastián""";"Zaragoza";"ARAGÓN";26/12/2023;;
"2451";"F50019462";"Ntra. Sra. Rosario Soc. Coop. Ltda.";"Zaragoza";"ARAGÓN";26/12/2023;;
"2452";"F50019496";"Bodega Santo Cristo Soc. Coop. Ltda.";"Zaragoza";"ARAGÓN";26/12/2023;;
"2453";"F50019520";"Soc. Coop. Comarcal Agraria Santo Tomás de Aquino.";"Zaragoza";"ARAGÓN";26/12/2023;;
"2454";"F50019538";"Soc. Coop. Agraria San Pedro Arbués";"Zaragoza";"ARAGÓN";26/12/2023;;
"2455";"F50019579";"Sdad. Coop. Agraria San Pedro de Gelsa";"Zaragoza";"ARAGÓN";26/12/2023;;
"2456";"F50019595";"Cooperativa Agraria San Isidro";"Zaragoza";"ARAGÓN";26/12/2023;;
"2457";"F50019611";"Soc. Coop. Vitivinícola de Longares (COVINCA)";"Zaragoza";"ARAGÓN";26/12/2023;;
"2458";"F50019629";"San Francisco de Asis Soc. Coop. Ltda.";"Zaragoza";"ARAGÓN";26/12/2023;;
"2459";"F50019637";"Cooperativa Santísimo Cristo de la Columna";"Zaragoza";"ARAGÓN";26/12/2023;;
"2460";"F50019728";"Sociedad Cooperativa Agraria Santa Ana";"Zaragoza";"ARAGÓN";26/12/2023;;
"2461";"F50019777";"Coop. Agrícola San Mateo Apóstol";"Zaragoza";"ARAGÓN";26/12/2023;;
"2462";"F50019793";"Sdad. Coop. Agraria San Antonio de Sástago";"Zaragoza";"ARAGÓN";26/12/2023;;
"2463";"F50019850";"Bodega Cooperativa Ntra. Sra. del Pilar";"Zaragoza";"ARAGÓN";26/12/2023;;
"2464";"F50019868";"Bodega  Cooperativa V irgen de la Sierra";"Zaragoza";"ARAGÓN";26/12/2023;;
"2465";"F50019959";"Sociedad Cooperativa Agraria San Licer";"Zaragoza";"ARAGÓN";26/12/2023;;
"2466";"F50022516";"SAT 75 Cariñena Vitícola";"Zaragoza";"ARAGÓN";26/12/2023;;
"2467";"F50028158";"Sociedad Cooperativa del Campo de Santa Engracia";"Zaragoza";"ARAGÓN";26/12/2023;;
"2468";"F50057355";"Soc. Coop. Agraria ""Cristo del Castillo""";"Zaragoza";"ARAGÓN";26/12/2023;;
"2469";"F50057801";"Coop. Cerealista Comarcal San Isidro SCL";"Zaragoza";"ARAGÓN";26/12/2023;;
"2470";"F50061183";"S. Coop. Niño Jesús de Aniñón";"Zaragoza";"ARAGÓN";26/12/2023;;
"2471";"F50063817";"Cooperativa del Campo San Nicolás";"Zaragoza";"ARAGÓN";26/12/2023;;
"2472";"F50071323";"Sdad. Coop. San Agustín R.L.";"Zaragoza";"ARAGÓN";26/12/2023;;
"2473";"F50082932";"San José Soc. Coop. Ltda.";"Zaragoza";"ARAGÓN";26/12/2023;;
"2474";"F50099498";"Frutícola Maellana Soc. Coop. Ltda.";"Zaragoza";"ARAGÓN";26/12/2023;;
"2475";"F50115310";"Coop. Frutícola Compromiso de Caspe S.C.L.";"Zaragoza";"ARAGÓN";26/12/2023;;
"2476";"F50133503";"Soc. Coop. de Frutas y Hortalizas San Lamberto";"Zaragoza";"ARAGÓN";26/12/2023;;
"2477";"F50145002";"Soc. Coop. Ltda. ""El Pueyo""";"Zaragoza";"ARAGÓN";26/12/2023;;
"2478";"F50155662";"Sociedad Cooperativa del Campo ""San Esteban"" de Luesia";"Zaragoza";"ARAGÓN";26/12/2023;;
"2479";"F50156330";"Cooperativa ""Virgen de la Sabina""";"Zaragoza";"ARAGÓN";26/12/2023;;
"2480";"F50158708";"Frudecas Soc. Coop. Ltda.";"Zaragoza";"ARAGÓN";26/12/2023;;
"2481";"F50165091";"S. Coop. Ltda. ""AGROMUEL""";"Zaragoza";"ARAGÓN";26/12/2023;;
"2482";"F50168038";"Coop. del Campo San Ildefonso";"Zaragoza";"ARAGÓN";26/12/2023;;
"2483";"F50364876";"Soc. Coop. Comarcal  La Cumaga";"Zaragoza";"ARAGÓN";26/12/2023;;
"2484";"F50450089";"Sergan Soc. Coop.";"Zaragoza";"ARAGÓN";26/12/2023;;
"2485";"F50464163";"Frutícola Bajo Aragonesa Soc. Coop. Ltda.";"Zaragoza";"ARAGÓN";26/12/2023;;
"2486";"F50532472";"Soc. Coop. Río Grío";"Zaragoza";"ARAGÓN";26/12/2023;;
"2487";"F50545367";"Trasca Sociedad Cooperativa";"Zaragoza";"ARAGÓN";26/12/2023;;
"2488";"F50547181";"MEQUIFRUIT Soc. Coop. Ltda.";"Zaragoza";"ARAGÓN";26/12/2023;;
"2489";"F50550854";"S.A.T. Nº9447 DRUPO";"Zaragoza";"ARAGÓN";26/12/2023;;
"2490";"F50692565";"Pastores Grupo Cooperativo";"Teruel";"ARAGÓN";26/12/2023;;
"2491";"F50722719";"S.A.T. Nº 34 ARA CALARI";"Zaragoza";"ARAGÓN";26/12/2023;;
"2492";"F50736313";"Camino del Bosque Soc. CooP.  Ltda.";"Zaragoza";"ARAGÓN";26/12/2023;;
"2493";"F50770189";"S.A.T. 45 ARA PRODEBRO";"Zaragoza";"ARAGÓN";26/12/2023;;
"2494";"F50785914";"Servicampo del Ebro SCL";"Zaragoza";"ARAGÓN";26/12/2023;;
"2495";"F50795350";"SAT nº 52 ARA GAVILL";"Zaragoza";"ARAGÓN";26/12/2023;;
"2496";"F50836337";"GANAR S. Cooperativa";"Zaragoza";"ARAGÓN";26/12/2023;;
"2497";"F50900315";"Soc. Coop. Agraria San Gregorio";"Zaragoza";"ARAGÓN";26/12/2023;;
"2498";"F54341565";"Surinver El Grupo, S.Coop.";"Alicante/Alacant";"COMUNIDAD VALENCIANA";26/12/2023;;
"2499";"F55670590";"Viticultors de Cevipe, SCoopC";"Tarragona";"CATALUÑA";26/12/2023;;
"2500";"F55735948";"Grup Unió, SCCL";"Tarragona";"CATALUÑA";26/12/2023;;
"2501";"F57082851";"COOP. MALVASIA DE BANYALBUFAR SCL";"Balears, Illes";"ISLAS BALEARES";26/12/2023;;
"2502";"F57277311";"COOP. DE PRODUCTORS D'ALIMENTS ECOLÒGICS";"Balears, Illes";"ISLAS BALEARES";26/12/2023;;
"2503";"F57398422";"VIDAUBA SCL";"Balears, Illes";"ISLAS BALEARES";26/12/2023;;
"2504";"F57658643";"CAMP MALLORQUI FRUITS, SOC. COOP.";"Balears, Illes";"ISLAS BALEARES";26/12/2023;;
"2505";"F57795411";"COOPERATIVA DEL CAMP DE MENORCA SA";"Balears, Illes";"ISLAS BALEARES";26/12/2023;;
"2506";"F57802217";"ECOFEIXES S. COOP.";"Balears, Illes";"ISLAS BALEARES";26/12/2023;;
"2507";"F58133059";"La Lliçanenca, SCCL";"Barcelona";"CATALUÑA";26/12/2023;;
"2508";"F58147240";"Agropecuària Comarcal de Martorell, SCCL";"Barcelona";"CATALUÑA";26/12/2023;;
"2509";"F58160391";"Agrícola del Prat de Llobregat, SCCL";"Barcelona";"CATALUÑA";26/12/2023;;
"2510";"F58271586";"Agrària de Torelló, SCCL";"Barcelona";"CATALUÑA";26/12/2023;;
"2511";"F58698341";"Agrícola de Vilassar de Mar, SCCL";"Barcelona";"CATALUÑA";26/12/2023;;
"2512";"F59889782";"Hortec, SCCL";"Barcelona";"CATALUÑA";26/12/2023;;
"2513";"F60122652";"Agrupació de Pagesos de Premià de Dalt, Agrudalt, SCCL";"Barcelona";"CATALUÑA";26/12/2023;;
"2514";"F60211786";"Agrícola el Progrés-Garbí, SCCL";"Barcelona";"CATALUÑA";26/12/2023;;
"2515";"F60433745";"Agrària la Baixa Tordera, SCCL";"Barcelona";"CATALUÑA";26/12/2023;;
"2516";"F63068571";"Conca de la Tordera, SCCL";"Barcelona";"CATALUÑA";26/12/2023;;
"2517";"F66097643";"EI Xarxa Agrosocial, SCCL";"Barcelona";"CATALUÑA";26/12/2023;;
"2518";"F70305032";"COREBER, S. COOP. GALEGA";"Coruña, A";"GALICIA";26/12/2023;;
"2519";"F70305818";"AGRARIA COMARCAL DE ORDES, S. COOP. GALEGA";"Coruña, A";"GALICIA";26/12/2023;;
"2520";"F70509096";"CLUN S. COOP. GALEGA";"Lugo";"GALICIA";26/12/2023;;
"2521";"F70511993";"TRES FUCIÑOS S. COOP. GALEGA";"Lugo";"GALICIA";26/12/2023;;
"2522";"F71001515";"CUMA Celeberri S.Coop";"Navarra";"NAVARRA";26/12/2023;;
"2523";"F71003628";"CUMA Pem S.Coop.";"Navarra";"NAVARRA";26/12/2023;;
"2524";"F71010037";"CUMA Mendavia S.Coop.";"Navarra";"NAVARRA";26/12/2023;;
"2525";"F71010789";"CUMA Basagate";"Navarra";"NAVARRA";26/12/2023;;
"2526";"F72197692";"SCA NTRA. SRA. DE LOS REMEDIOS-PICASAT";"Cádiz";"ANDALUCÍA";26/12/2023;;
"2527";"F73029951";"SERMUCO, S. COOP. 2º GRADO";"Murcia";"REGIÓN DE MURCIA";26/12/2023;;
"2528";"F73068231";"FRUTAS CAMPO DE BLANCA SCOOP";"Murcia";"REGIÓN DE MURCIA";26/12/2023;;
"2529";"F73080715";"UNEXPORT, S. COOP. 2º GRADO";"Murcia";"REGIÓN DE MURCIA";26/12/2023;;
"2530";"F73107245";"FRUTAS LA CARRICHOSA SCOOP";"Murcia";"REGIÓN DE MURCIA";26/12/2023;;
"2531";"F73122467";"UNILAND SCOOP";"Murcia";"REGIÓN DE MURCIA";26/12/2023;;
"2532";"F73197360";"C.D.T.A. EL MIRADOR, S.C. 2º";"Murcia";"REGIÓN DE MURCIA";26/12/2023;;
"2533";"F73203374";"EL PICARCHO SCOOP";"Murcia";"REGIÓN DE MURCIA";26/12/2023;;
"2534";"F73231409";"GANADEROS DE LORCA SCOOP ";"Murcia";"REGIÓN DE MURCIA";26/12/2023;;
"2535";"F73252926";"AGRICOLA F Y A SCOOP";"Murcia";"REGIÓN DE MURCIA";26/12/2023;;
"2536";"F73276248";"AGROYAFER SCOOP";"Murcia";"REGIÓN DE MURCIA";26/12/2023;;
"2537";"F73330904";"COACISOL SCOOP";"Murcia";"REGIÓN DE MURCIA";26/12/2023;;
"2538";"F73470015";"ALIMER, S. COOP";"Murcia";"REGIÓN DE MURCIA";26/12/2023;;
"2539";"F73606089";"PROGRAMUR SCOOP";"Murcia";"REGIÓN DE MURCIA";26/12/2023;;
"2540";"F73616575";"LOBROT, S.COOP";"Murcia";"REGIÓN DE MURCIA";26/12/2023;;
"2541";"F73639320";"AGROBRANCHA SCOOP";"Murcia";"REGIÓN DE MURCIA";26/12/2023;;
"2542";"F73669467";"LA PACHECA-SPALM SCOOP";"Murcia";"REGIÓN DE MURCIA";26/12/2023;;
"2543";"F73719924";"EXPOMERCADO SCOOP";"Murcia";"REGIÓN DE MURCIA";26/12/2023;;
"2544";"F73806390";"AGRÍCOLA TORREMATA, S. COOP.";"Murcia";"REGIÓN DE MURCIA";26/12/2023;;
"2545";"F73894495";"MEDIFRUVER";"Murcia";"REGIÓN DE MURCIA";26/12/2023;;
"2546";"F74146846";"DELAGRO SOC.COOP";"Asturias";"PRINCIPADO DE ASTURIAS";26/12/2023;;
"2547";"F74337593";"Campoastur Productos y Servicios Sociedad Coop. Asturiana";"Asturias";"PRINCIPADO DE ASTURIAS";26/12/2023;;
"2548";"F75057042";"Latxa Esnea S. Coop.";"Gipuzkoa";"PAÍS VASCO";26/12/2023;;
"2549";"F75194654";"Uneko koop";"Gipuzkoa";"PAÍS VASCO";26/12/2023;;
"2550";"F88468459";"Ganademad. Cooperativa de Ganaderos de Madrid";"Madrid";"MADRID";26/12/2023;;
"2551";"F90463100";"COOP AGRARIA OLEAND S.COOP.AND.";"Sevilla";"ANDALUCÍA";26/12/2023;;
"2552";"F91026534";"SUROLIVA SCA";"Sevilla";"ANDALUCÍA";26/12/2023;;
"2553";"F91051128";"ARBEQUISUR SCA.";"Sevilla";"ANDALUCÍA";26/12/2023;;
"2554";"F91076695";"HAZA LAS VIÑAS SCA";"Sevilla";"ANDALUCÍA";26/12/2023;;
"2555";"F91104620";"SIERRAS ANDALUZAS SCA";"Sevilla";"ANDALUCÍA";26/12/2023;;
"2556";"F91145656";"AGROQUIVIR SCA DE 2 GRADO";"Sevilla";"ANDALUCÍA";26/12/2023;;
"2557";"F91240549";"AGRICOLA EL RUBIO SCA";"Sevilla";"ANDALUCÍA";26/12/2023;;
"2558";"F91368282";"UTREACE, S. COOP. AND.";"Sevilla";"ANDALUCÍA";26/12/2023;;
"2559";"F91467084";"ARROZUA SCA";"Sevilla";"ANDALUCÍA";26/12/2023;;
"2560";"F91825992";"ZUMAN SCA";"Sevilla";"ANDALUCÍA";26/12/2023;;
"2561";"F91897546";"MANZANILLA OLIVE SCA 2º GRAD0";"Sevilla";"ANDALUCÍA";26/12/2023;;
"2562";"F91953976";"AGROJARA SCA";"Sevilla";"ANDALUCÍA";26/12/2023;;
"2563";"F92067982";"SCA ACEITES SIERRA DE YEGUAS";"Málaga";"ANDALUCÍA";26/12/2023;;
"2564";"F92092709";"SCA MARMOSA";"Málaga";"ANDALUCÍA";26/12/2023;;
"2565";"F92267525";"SCA OLIVARERA DEL TRABUCO";"Málaga";"ANDALUCÍA";26/12/2023;;
"2566";"F92283217";"SCA OLIVAREROS MONTE DEL GUADALHORCE";"Málaga";"ANDALUCÍA";26/12/2023;;
"2567";"F92334002";"SCA TOLOX AGRÍCOLA";"Málaga";"ANDALUCÍA";26/12/2023;;
"2568";"F92581214";"SCA AGRO-OLIVARERA RIOGORDO";"Málaga";"ANDALUCÍA";26/12/2023;;
"2569";"F93320638";"SCA RIBERA VERDE";"Málaga";"ANDALUCÍA";26/12/2023;;
"2570";"F95602470";"Harakai S. Coop.";"Bizkaia";"PAÍS VASCO";26/12/2023;;
"2571";"F96029574";"C.E.A.G.A. S.Coop.V.";"Valencia/València";"COMUNIDAD VALENCIANA";26/12/2023;;
"2572";"F96127949";"""Cheste Agraria"", Coop.V.";"Valencia/València";"COMUNIDAD VALENCIANA";26/12/2023;;
"2573";"F96138367";"Cooperativa Valenciana de Agricultores del Palmar Coop.V.";"Valencia/València";"COMUNIDAD VALENCIANA";26/12/2023;;
"2574";"F96660618";"Coop. Agrícola de los Montes de Serra";"Valencia/València";"COMUNIDAD VALENCIANA";26/12/2023;;
"2575";"F96697131";"El Regaixo Coop.V.";"Valencia/València";"COMUNIDAD VALENCIANA";26/12/2023;;
"2576";"F97206635";"Gestora Residuos Vinicos S.Coop. (Gestrevin)";"Valencia/València";"COMUNIDAD VALENCIANA";26/12/2023;;
"2577";"F97222079";"SAT  364 Novacitrus";"Valencia/València";"COMUNIDAD VALENCIANA";26/12/2023;;
"2578";"F97285266";"Viticultores de los Ruices, Coop.V.";"Valencia/València";"COMUNIDAD VALENCIANA";26/12/2023;;
"2579";"F97345896";"Coop.Comarcal La Vall D'Albaida";"Valencia/València";"COMUNIDAD VALENCIANA";26/12/2023;;
"2580";"F98314610";"ABN Aceites Coop. V.";"Valencia/València";"COMUNIDAD VALENCIANA";26/12/2023;;
"2581";"F99095226";"Transformaciones Ganaderas S. Coop";"Zaragoza";"ARAGÓN";26/12/2023;;
"2582";"F99211757";"S. Cooperativa Sierra Vicort";"Zaragoza";"ARAGÓN";26/12/2023;;
"2583";"G10387330";"GANADEROS ASOCIADOS PRODUCTORES DE CABRITOS ""CAPRITES""";"Cáceres";"EXTREMADURA";26/12/2023;;
"2584";"G16269896";"Sat Hermanos Peñaranda";"Cuenca";"CASTILLA-LA MANCHA";26/12/2023;;
"2585";"G17808247";"La Fageda Fundació";"Girona";"CATALUÑA";26/12/2023;;
"2586";"G22250898";"Asociación de Criadores de Raza Bovina Parda de Montaña";"Huesca";"ARAGÓN";26/12/2023;;
"2587";"G82258203";"Asociación de Horticultores de Villa del Prado";"Madrid";"MADRID";26/12/2023;;
"2588";"V01636729";"SAT 206 ARA Frutos Secos Gratal";"Huesca";"ARAGÓN";26/12/2023;;
"2589";"V02069524";"Sat Bodegas Venta de las Cuevas";"Albacete";"CASTILLA-LA MANCHA";26/12/2023;;
"2590";"V02114486";"Sat Productores de Albaricoque de Albacete";"Albacete";"CASTILLA-LA MANCHA";26/12/2023;;
"2591";"V02402477";"Sat 378 CM Pistamancha";"Ciudad Real";"CASTILLA-LA MANCHA";26/12/2023;;
"2592";"V02513935";"SAT Huerta Nature";"Albacete";"CASTILLA-LA MANCHA";26/12/2023;;
"2593";"V02526574";"SAT El Hondo";"Albacete";"CASTILLA-LA MANCHA";26/12/2023;;
"2594";"V04020533";"SAT ACRENA";"Almería";"ANDALUCÍA";26/12/2023;;
"2595";"V04188488";"SAT INDASOL";"Almería";"ANDALUCÍA";26/12/2023;;
"2596";"V04191227";"SAT CÍTRICOS DEL ANDARAX";"Almería";"ANDALUCÍA";26/12/2023;;
"2597";"V04278586";"SAT HORTOFRUTÍCOLA MABE";"Almería";"ANDALUCÍA";26/12/2023;;
"2598";"V04283032";"SAT COSTA DE NÍJAR";"Almería";"ANDALUCÍA";26/12/2023;;
"2599";"V04308565";"SAT ROMELINA";"Almería";"ANDALUCÍA";26/12/2023;;
"2600";"V04610499";"SAT BODEGAS Y VIÑEDOS LÁUJAR";"Almería";"ANDALUCÍA";26/12/2023;;
"2601";"V04646295";"SAT NÍJAR SOL";"Almería";"ANDALUCÍA";26/12/2023;;
"2602";"V04655270";"SAT BIO-SABOR";"Almería";"ANDALUCÍA";26/12/2023;;
"2603";"V04696530";"SAT CAPRINOVA";"Almería";"ANDALUCÍA";26/12/2023;;
"2604";"V06021133";"S.A.T. OLIVAS DE BARROS";"Badajoz";"EXTREMADURA";26/12/2023;;
"2605";"V06026124";"S.A.T. VITICULTORES DE BARROS ";"Badajoz";"EXTREMADURA";26/12/2023;;
"2606";"V06034235";"COMERCIAL AGROPECUARIA SAT";"Badajoz";"EXTREMADURA";26/12/2023;;
"2607";"V06037196";"SAT SANTO DOMINGO ";"Badajoz";"EXTREMADURA";26/12/2023;;
"2608";"V06041776";"FOVEX SAT";"Badajoz";"EXTREMADURA";26/12/2023;;
"2609";"V06058937";"SAT LOS HORNOS ";"Badajoz";"EXTREMADURA";26/12/2023;;
"2610";"V06110076";"S.A.T SAN FELIX ";"Badajoz";"EXTREMADURA";26/12/2023;;
"2611";"V06324875";"SAT COCHISA";"Badajoz";"EXTREMADURA";26/12/2023;;
"2612";"V06547830";"EL FRONTON SAT ";"Badajoz";"EXTREMADURA";26/12/2023;;
"2613";"V06636211";"SAT MUÑOZ RODRIGUEZ ";"Badajoz";"EXTREMADURA";26/12/2023;;
"2614";"V07334055";"AGROMALLORCA, SAT";"Balears, Illes";"ISLAS BALEARES";26/12/2023;;
"2615";"V07445844";"PRODUCTORS MALLORQUINS DE FRUITS SECS, SAT";"Balears, Illes";"ISLAS BALEARES";26/12/2023;;
"2616";"V07580012";"FRUITA BONA HORTOFRUTICOLA, SAT";"Balears, Illes";"ISLAS BALEARES";26/12/2023;;
"2617";"V07982606";"ILLACAMP, SAT";"Balears, Illes";"ISLAS BALEARES";26/12/2023;;
"2618";"V08260440";"Celler de Viticultors SAT CAT 22 RL";"Barcelona";"CATALUÑA";26/12/2023;;
"2619";"V10146561";"SAT TABACO DE TALAYUELA ";"Cáceres";"EXTREMADURA";26/12/2023;;
"2620";"V10152619";"ASOCIACIONES AGRUPADAS TAB S.A.T";"Cáceres";"EXTREMADURA";26/12/2023;;
"2621";"V10197861";"CAMPOS DEL ALAGON, SAT";"Cáceres";"EXTREMADURA";26/12/2023;;
"2622";"V13410915";"SAT Borjaro";"Ciudad Real";"CASTILLA-LA MANCHA";26/12/2023;;
"2623";"V13421292";"Sat La Encina";"Ciudad Real";"CASTILLA-LA MANCHA";26/12/2023;;
"2624";"V13433578";"SAT Campos";"Ciudad Real";"CASTILLA-LA MANCHA";26/12/2023;;
"2625";"V13521588";"Sat Ecopistacho";"Ciudad Real";"CASTILLA-LA MANCHA";26/12/2023;;
"2626";"V14061725";"S.A.T 5185. AGRUPACIÓN CORDOBESA AGRICULTORES ";"Córdoba";"ANDALUCÍA";26/12/2023;;
"2627";"V14447841";"S.A.T. SUNARÁN ";"Córdoba";"ANDALUCÍA";26/12/2023;;
"2628";"V14511190";"S.A.T. OROBAENA";"Córdoba";"ANDALUCÍA";26/12/2023;;
"2629";"V15426497";"QUEINAGA SAT";"Coruña, A";"GALICIA";26/12/2023;;
"2630";"V16008963";"Sat Castillos";"Cuenca";"CASTILLA-LA MANCHA";26/12/2023;;
"2631";"V16016750";"Sat La Morenilla";"Cuenca";"CASTILLA-LA MANCHA";26/12/2023;;
"2632";"V16017253";"Sat Río Mayor";"Cuenca";"CASTILLA-LA MANCHA";26/12/2023;;
"2633";"V16269888";"Sat La Peraleja";"Cuenca";"CASTILLA-LA MANCHA";26/12/2023;;
"2634";"V16294514";"Sat Proajo 547 CM";"Cuenca";"CASTILLA-LA MANCHA";26/12/2023;;
"2635";"V16321317";"Sat Agricola el Pedregal";"Cuenca";"CASTILLA-LA MANCHA";26/12/2023;;
"2636";"V16532681";"SON BORA S.A.T.";"Balears, Illes";"ISLAS BALEARES";26/12/2023;;
"2637";"V22383608";"SAT ARA Nº 188 R.L. Ganadera Parda de Montaña";"Huesca";"ARAGÓN";26/12/2023;;
"2638";"V22415046";"SAT nº 10038 Vallefruits";"Huesca";"ARAGÓN";26/12/2023;;
"2639";"V28355436";"SAT 1681 Virgen del Rosario";"Madrid";"MADRID";26/12/2023;;
"2640";"V29055175";"SAT TROPS Nº 2.803";"Málaga";"ANDALUCÍA";26/12/2023;;
"2641";"V30020408";"SAN CAYETANO SAT";"Murcia";"REGIÓN DE MURCIA";26/12/2023;;
"2642";"V30030753";"ALIA SAT";"Murcia";"REGIÓN DE MURCIA";26/12/2023;;
"2643";"V30033468";"AGRASA SAT";"Murcia";"REGIÓN DE MURCIA";26/12/2023;;
"2644";"V30038202";"LA RAMBLA SAT";"Murcia";"REGIÓN DE MURCIA";26/12/2023;;
"2645";"V30039093";"AGROTER SAT";"Murcia";"REGIÓN DE MURCIA";26/12/2023;;
"2646";"V30041156";"HURTADO SAT";"Murcia";"REGIÓN DE MURCIA";26/12/2023;;
"2647";"V30048995";"BLANCASOL SAT";"Murcia";"REGIÓN DE MURCIA";26/12/2023;;
"2648";"V30543524";"AGARCAMPO SAT ";"Murcia";"REGIÓN DE MURCIA";26/12/2023;;
"2649";"V41189127";"SAT LAS LUCES Nº 6.760";"Sevilla";"ANDALUCÍA";26/12/2023;;
"2650";"V43498922";"SAT Lda. Apícola el Perelló 1363 CAT";"Tarragona";"CATALUÑA";26/12/2023;;
"2651";"V43923614";"Cítrics Terres de l'Ebre, SAT 1521 CAT";"Tarragona";"CATALUÑA";26/12/2023;;
"2652";"V45619483";"Sat Palomarejo";"Toledo";"CASTILLA-LA MANCHA";26/12/2023;;
"2653";"V45738341";"Sat Villalara";"Toledo";"CASTILLA-LA MANCHA";26/12/2023;;
"2654";"V45740685";"SAT del Campo";"Toledo";"CASTILLA-LA MANCHA";26/12/2023;;
"2655";"V45805702";"Sat Apical Pistachos y Plantaciones";"Toledo";"CASTILLA-LA MANCHA";26/12/2023;;
"2656";"V45848256";"SAT Huevos Ecológicos del Pradillo";"Toledo";"CASTILLA-LA MANCHA";26/12/2023;;
"2657";"V45888690";"S.A.T Agrícola Vao de Gato";"Toledo";"CASTILLA-LA MANCHA";26/12/2023;;
"2658";"V50157510";"S.A.T.  6793  Agrícola Río Jalón Nº6793";"Zaragoza";"ARAGÓN";26/12/2023;;
"2659";"V53233102";"CITRICOS DEL SURESTE SAT";"Murcia";"REGIÓN DE MURCIA";26/12/2023;;
"2660";"V73109332";"AGRIEXPORT SAT";"Murcia";"REGIÓN DE MURCIA";26/12/2023;;
"2661";"V73121386";"CAMPOTEJAR SAT";"Murcia";"REGIÓN DE MURCIA";26/12/2023;;
"2662";"V73535486";"CAMPOSEVEN SAT";"Murcia";"REGIÓN DE MURCIA";26/12/2023;;
"2663";"V81734832";"S.A.T OVINOS PRECOCES   ";"Badajoz";"EXTREMADURA";26/12/2023;;
"2664";"V91989368";"SAT SINTESIS";"Sevilla";"ANDALUCÍA";26/12/2023;;
"2665";"V96675384";"S.A.T. Nº115 CV Marlobe";"Valencia/València";"COMUNIDAD VALENCIANA";26/12/2023;;
"2666";"V99257404";"S.A.T. nº 165 ARA CALIBRE";"Zaragoza";"ARAGÓN";26/12/2023;;
"2667";"V99418873";"DELSHIFRUT SAT 192 OPFH 1090";"Zaragoza";"ARAGÓN";26/12/2023;;
