"ID_TIPO_IG";"Tipo_IIGG";"ID_IIGG";"IIGG nombre_oficial";"Num_exp_UE";"ID_Categoría";"Categoría";"ID_Clase";"Clase";"ID_Subclase";"Subclase";"INE_COD_CA";"INE_CA";"Ámbito Territorial";"ID_IG_CCAA";"IG_CCAA";"INE_COD_PROV";"INE_PROV";Fecha de alta;Fecha de modificación;Fecha de baja
"1";"DOP";"1";"Calasparra";"PDO-ES-0073";"1";"Alimentarios";"6";"CLASE 1.6. FRUTAS, HORTALIZAS Y CEREALES FRESCOS O TRANSFORMADOS";"16";"1.6 Arroces";"07";"Comunidad Autónoma de Castilla-La Mancha";"Castilla - La Mancha, Murcia";"20";"Supraautonómica";"02";"Albacete";27/06/2023;;
"1";"DOP";"1";"Calasparra";"PDO-ES-0073";"1";"Alimentarios";"6";"CLASE 1.6. FRUTAS, HORTALIZAS Y CEREALES FRESCOS O TRANSFORMADOS";"16";"1.6 Arroces";"13";"Región de Murcia";"Castilla - La Mancha, Murcia";"20";"Supraautonómica";"30";"Murcia";27/06/2023;;
"1";"DOP";"5";"Guijuelo";"PDO-ES-0077";"1";"Alimentarios";"2";"CLASE 1.2. PRODUCTOS CÁRNICOS";"4";"1.2 Jamones Ibéricos";"08";"Comunidad Autónoma de Castilla y León";"Andalucía, Castilla - La Mancha, Castilla y León, Extremadura";"20";"Supraautonómica";"05";"Ávila";27/06/2023;;
"1";"DOP";"5";"Guijuelo";"PDO-ES-0077";"1";"Alimentarios";"2";"CLASE 1.2. PRODUCTOS CÁRNICOS";"4";"1.2 Jamones Ibéricos";"10";"Comunidad Autónoma de Extremadura";"Andalucía, Castilla - La Mancha, Castilla y León, Extremadura";"20";"Supraautonómica";"06";"Badajoz";27/06/2023;;
"1";"DOP";"5";"Guijuelo";"PDO-ES-0077";"1";"Alimentarios";"2";"CLASE 1.2. PRODUCTOS CÁRNICOS";"4";"1.2 Jamones Ibéricos";"10";"Comunidad Autónoma de Extremadura";"Andalucía, Castilla - La Mancha, Castilla y León, Extremadura";"20";"Supraautonómica";"10";"Cáceres";27/06/2023;;
"1";"DOP";"5";"Guijuelo";"PDO-ES-0077";"1";"Alimentarios";"2";"CLASE 1.2. PRODUCTOS CÁRNICOS";"4";"1.2 Jamones Ibéricos";"07";"Comunidad Autónoma de Castilla-La Mancha";"Andalucía, Castilla - La Mancha, Castilla y León, Extremadura";"20";"Supraautonómica";"13";"Ciudad Real";27/06/2023;;
"1";"DOP";"5";"Guijuelo";"PDO-ES-0077";"1";"Alimentarios";"2";"CLASE 1.2. PRODUCTOS CÁRNICOS";"4";"1.2 Jamones Ibéricos";"01";"Comunidad Autónoma de Andalucía";"Andalucía, Castilla - La Mancha, Castilla y León, Extremadura";"20";"Supraautonómica";"14";"Córdoba";27/06/2023;;
"1";"DOP";"5";"Guijuelo";"PDO-ES-0077";"1";"Alimentarios";"2";"CLASE 1.2. PRODUCTOS CÁRNICOS";"4";"1.2 Jamones Ibéricos";"01";"Comunidad Autónoma de Andalucía";"Andalucía, Castilla - La Mancha, Castilla y León, Extremadura";"20";"Supraautonómica";"21";"Huelva";27/06/2023;;
"1";"DOP";"5";"Guijuelo";"PDO-ES-0077";"1";"Alimentarios";"2";"CLASE 1.2. PRODUCTOS CÁRNICOS";"4";"1.2 Jamones Ibéricos";"08";"Comunidad Autónoma de Castilla y León";"Andalucía, Castilla - La Mancha, Castilla y León, Extremadura";"20";"Supraautonómica";"37";"Salamanca";27/06/2023;;
"1";"DOP";"5";"Guijuelo";"PDO-ES-0077";"1";"Alimentarios";"2";"CLASE 1.2. PRODUCTOS CÁRNICOS";"4";"1.2 Jamones Ibéricos";"08";"Comunidad Autónoma de Castilla y León";"Andalucía, Castilla - La Mancha, Castilla y León, Extremadura";"20";"Supraautonómica";"40";"Segovia";27/06/2023;;
"1";"DOP";"5";"Guijuelo";"PDO-ES-0077";"1";"Alimentarios";"2";"CLASE 1.2. PRODUCTOS CÁRNICOS";"4";"1.2 Jamones Ibéricos";"01";"Comunidad Autónoma de Andalucía";"Andalucía, Castilla - La Mancha, Castilla y León, Extremadura";"20";"Supraautonómica";"41";"Sevilla";27/06/2023;;
"1";"DOP";"5";"Guijuelo";"PDO-ES-0077";"1";"Alimentarios";"2";"CLASE 1.2. PRODUCTOS CÁRNICOS";"4";"1.2 Jamones Ibéricos";"07";"Comunidad Autónoma de Castilla-La Mancha";"Andalucía, Castilla - La Mancha, Castilla y León, Extremadura";"20";"Supraautonómica";"45";"Toledo";27/06/2023;;
"1";"DOP";"5";"Guijuelo";"PDO-ES-0077";"1";"Alimentarios";"2";"CLASE 1.2. PRODUCTOS CÁRNICOS";"4";"1.2 Jamones Ibéricos";"08";"Comunidad Autónoma de Castilla y León";"Andalucía, Castilla - La Mancha, Castilla y León, Extremadura";"20";"Supraautonómica";"49";"Zamora";27/06/2023;;
"1";"DOP";"6";"Jabugo";"PDO-ES-0009";"1";"Alimentarios";"2";"CLASE 1.2. PRODUCTOS CÁRNICOS";"4";"1.2 Jamones Ibéricos";"10";"Comunidad Autónoma de Extremadura";"Andalucía, Extremadura";"20";"Supraautonómica";"06";"Badajoz";27/06/2023;;
"1";"DOP";"6";"Jabugo";"PDO-ES-0009";"1";"Alimentarios";"2";"CLASE 1.2. PRODUCTOS CÁRNICOS";"4";"1.2 Jamones Ibéricos";"10";"Comunidad Autónoma de Extremadura";"Andalucía, Extremadura";"20";"Supraautonómica";"10";"Cáceres";27/06/2023;;
"1";"DOP";"6";"Jabugo";"PDO-ES-0009";"1";"Alimentarios";"2";"CLASE 1.2. PRODUCTOS CÁRNICOS";"4";"1.2 Jamones Ibéricos";"01";"Comunidad Autónoma de Andalucía";"Andalucía, Extremadura";"20";"Supraautonómica";"11";"Cádiz";27/06/2023;;
"1";"DOP";"6";"Jabugo";"PDO-ES-0009";"1";"Alimentarios";"2";"CLASE 1.2. PRODUCTOS CÁRNICOS";"4";"1.2 Jamones Ibéricos";"01";"Comunidad Autónoma de Andalucía";"Andalucía, Extremadura";"20";"Supraautonómica";"14";"Córdoba";27/06/2023;;
"1";"DOP";"6";"Jabugo";"PDO-ES-0009";"1";"Alimentarios";"2";"CLASE 1.2. PRODUCTOS CÁRNICOS";"4";"1.2 Jamones Ibéricos";"01";"Comunidad Autónoma de Andalucía";"Andalucía, Extremadura";"20";"Supraautonómica";"21";"Huelva";27/06/2023;;
"1";"DOP";"6";"Jabugo";"PDO-ES-0009";"1";"Alimentarios";"2";"CLASE 1.2. PRODUCTOS CÁRNICOS";"4";"1.2 Jamones Ibéricos";"01";"Comunidad Autónoma de Andalucía";"Andalucía, Extremadura";"20";"Supraautonómica";"29";"Málaga";27/06/2023;;
"1";"DOP";"6";"Jabugo";"PDO-ES-0009";"1";"Alimentarios";"2";"CLASE 1.2. PRODUCTOS CÁRNICOS";"4";"1.2 Jamones Ibéricos";"01";"Comunidad Autónoma de Andalucía";"Andalucía, Extremadura";"20";"Supraautonómica";"41";"Sevilla";27/06/2023;;
"1";"DOP";"8";"Idiazabal";"PDO-ES-0082";"1";"Alimentarios";"3";"CLASE 1.3. QUESOS";"9";"1.3 Quesos";"15";"Comunidad Autónoma del País Vasco";"Navarra, País Vasco";"20";"Supraautonómica";"01";"Álava";27/06/2023;;
"1";"DOP";"8";"Idiazabal";"PDO-ES-0082";"1";"Alimentarios";"3";"CLASE 1.3. QUESOS";"9";"1.3 Quesos";"15";"Comunidad Autónoma del País Vasco";"Navarra, País Vasco";"20";"Supraautonómica";"48";"Vizcaya";27/06/2023;;
"1";"DOP";"8";"Idiazabal";"PDO-ES-0082";"1";"Alimentarios";"3";"CLASE 1.3. QUESOS";"9";"1.3 Quesos";"15";"Comunidad Autónoma del País Vasco";"Navarra, País Vasco";"20";"Supraautonómica";"20";"Guipúzcoa";27/06/2023;;
"1";"DOP";"8";"Idiazabal";"PDO-ES-0082";"1";"Alimentarios";"3";"CLASE 1.3. QUESOS";"9";"1.3 Quesos";"14";"Comunidad Foral de Navarra";"Navarra, País Vasco";"20";"Supraautonómica";"31";"Navarra";27/06/2023;;
"1";"DOP";"9";"Antequera";"PDO-ES-0327";"1";"Alimentarios";"5";"CLASE 1.5. ACEITES Y GRASAS";"11";"1.5 Aceites  de Oliva Virgen";"01";"Comunidad Autónoma de Andalucía";"Andalucía";"1";"Andalucía";"14";"Córdoba";27/06/2023;;
"1";"DOP";"9";"Antequera";"PDO-ES-0327";"1";"Alimentarios";"5";"CLASE 1.5. ACEITES Y GRASAS";"11";"1.5 Aceites  de Oliva Virgen";"01";"Comunidad Autónoma de Andalucía";"Andalucía";"1";"Andalucía";"29";"Málaga";27/06/2023;;
"1";"DOP";"10";"Baena";"PDO-ES-0069";"1";"Alimentarios";"5";"CLASE 1.5. ACEITES Y GRASAS";"11";"1.5 Aceites  de Oliva Virgen";"01";"Comunidad Autónoma de Andalucía";"Andalucía";"1";"Andalucía";"14";"Córdoba";27/06/2023;;
"1";"DOP";"11";"Estepa";"PDO-ES-0341";"1";"Alimentarios";"5";"CLASE 1.5. ACEITES Y GRASAS";"11";"1.5 Aceites  de Oliva Virgen";"01";"Comunidad Autónoma de Andalucía";"Andalucía";"1";"Andalucía";"14";"Córdoba";27/06/2023;;
"1";"DOP";"11";"Estepa";"PDO-ES-0341";"1";"Alimentarios";"5";"CLASE 1.5. ACEITES Y GRASAS";"11";"1.5 Aceites  de Oliva Virgen";"01";"Comunidad Autónoma de Andalucía";"Andalucía";"1";"Andalucía";"41";"Sevilla";27/06/2023;;
"1";"DOP";"12";"Aceite de Lucena";"PDO-ES-0760";"1";"Alimentarios";"5";"CLASE 1.5. ACEITES Y GRASAS";"11";"1.5 Aceites  de Oliva Virgen";"01";"Comunidad Autónoma de Andalucía";"Andalucía";"1";"Andalucía";"14";"Córdoba";27/06/2023;;
"1";"DOP";"13";"Montes de Granada";"PDO-ES-0169";"1";"Alimentarios";"5";"CLASE 1.5. ACEITES Y GRASAS";"11";"1.5 Aceites  de Oliva Virgen";"01";"Comunidad Autónoma de Andalucía";"Andalucía";"1";"Andalucía";"18";"Granada";27/06/2023;;
"1";"DOP";"14";"Montoro-Adamuz";"PDO-ES-0658";"1";"Alimentarios";"5";"CLASE 1.5. ACEITES Y GRASAS";"11";"1.5 Aceites  de Oliva Virgen";"01";"Comunidad Autónoma de Andalucía";"Andalucía";"1";"Andalucía";"14";"Córdoba";27/06/2023;;
"1";"DOP";"15";"Poniente de Granada";"PDO-ES-0273";"1";"Alimentarios";"5";"CLASE 1.5. ACEITES Y GRASAS";"11";"1.5 Aceites  de Oliva Virgen";"01";"Comunidad Autónoma de Andalucía";"Andalucía";"1";"Andalucía";"18";"Granada";27/06/2023;;
"1";"DOP";"16";"Priego de Córdoba";"PDO-ES-0053";"1";"Alimentarios";"5";"CLASE 1.5. ACEITES Y GRASAS";"11";"1.5 Aceites  de Oliva Virgen";"01";"Comunidad Autónoma de Andalucía";"Andalucía";"1";"Andalucía";"14";"Córdoba";27/06/2023;;
"1";"DOP";"17";"Sierra de Cádiz";"PDO-ES-0219";"1";"Alimentarios";"5";"CLASE 1.5. ACEITES Y GRASAS";"11";"1.5 Aceites  de Oliva Virgen";"01";"Comunidad Autónoma de Andalucía";"Andalucía";"1";"Andalucía";"11";"Cádiz";27/06/2023;;
"1";"DOP";"17";"Sierra de Cádiz";"PDO-ES-0219";"1";"Alimentarios";"5";"CLASE 1.5. ACEITES Y GRASAS";"11";"1.5 Aceites  de Oliva Virgen";"01";"Comunidad Autónoma de Andalucía";"Andalucía";"1";"Andalucía";"41";"Sevilla";27/06/2023;;
"1";"DOP";"18";"Sierra de Cazorla";"PDO-ES-0137";"1";"Alimentarios";"5";"CLASE 1.5. ACEITES Y GRASAS";"11";"1.5 Aceites  de Oliva Virgen";"01";"Comunidad Autónoma de Andalucía";"Andalucía";"1";"Andalucía";"23";"Jaén";27/06/2023;;
"1";"DOP";"19";"Sierra de Segura";"PDO-ES-0071";"1";"Alimentarios";"5";"CLASE 1.5. ACEITES Y GRASAS";"11";"1.5 Aceites  de Oliva Virgen";"01";"Comunidad Autónoma de Andalucía";"Andalucía";"1";"Andalucía";"23";"Jaén";27/06/2023;;
"1";"DOP";"20";"Sierra Mágina";"PDO-ES-0054";"1";"Alimentarios";"5";"CLASE 1.5. ACEITES Y GRASAS";"11";"1.5 Aceites  de Oliva Virgen";"01";"Comunidad Autónoma de Andalucía";"Andalucía";"1";"Andalucía";"23";"Jaén";27/06/2023;;
"1";"DOP";"23";"Chirimoya de la Costa tropical de Granada-Málaga";"PDO-ES-0244";"1";"Alimentarios";"6";"CLASE 1.6. FRUTAS, HORTALIZAS Y CEREALES FRESCOS O TRANSFORMADOS";"13";"1.6 Frutas";"01";"Comunidad Autónoma de Andalucía";"Andalucía";"1";"Andalucía";"18";"Granada";27/06/2023;;
"1";"DOP";"23";"Chirimoya de la Costa tropical de Granada-Málaga";"PDO-ES-0244";"1";"Alimentarios";"6";"CLASE 1.6. FRUTAS, HORTALIZAS Y CEREALES FRESCOS O TRANSFORMADOS";"13";"1.6 Frutas";"01";"Comunidad Autónoma de Andalucía";"Andalucía";"1";"Andalucía";"29";"Málaga";27/06/2023;;
"1";"DOP";"24";"Aceituna Aloreña de Málaga";"PDO-ES-0785";"1";"Alimentarios";"6";"CLASE 1.6. FRUTAS, HORTALIZAS Y CEREALES FRESCOS O TRANSFORMADOS";"17";"1.6 Aceitunas";"01";"Comunidad Autónoma de Andalucía";"Andalucía";"1";"Andalucía";"29";"Málaga";27/06/2023;;
"1";"DOP";"25";"Pasas de Málaga";"PDO-ES-0849";"1";"Alimentarios";"6";"CLASE 1.6. FRUTAS, HORTALIZAS Y CEREALES FRESCOS O TRANSFORMADOS";"13";"1.6 Frutas";"01";"Comunidad Autónoma de Andalucía";"Andalucía";"1";"Andalucía";"29";"Málaga";27/06/2023;;
"1";"DOP";"27";"Los Pedroches";"PDO-ES-0506";"1";"Alimentarios";"2";"CLASE 1.2. PRODUCTOS CÁRNICOS";"4";"1.2 Jamones Ibéricos";"01";"Comunidad Autónoma de Andalucía";"Andalucía";"1";"Andalucía";"14";"Córdoba";27/06/2023;;
"1";"DOP";"34";"Miel de Granada";"PDO-ES-0243";"1";"Alimentarios";"4";"CLASE 1.4. OTROS PRODUCTOS DE ORIGEN ANIMAL";"10";"1.4 Miel";"01";"Comunidad Autónoma de Andalucía";"Andalucía";"1";"Andalucía";"18";"Granada";27/06/2023;;
"1";"DOP";"39";"Vinagre del Condado de Huelva";"PDO-ES-0724";"1";"Alimentarios";"8";"CLASE 1.8. OTROS PRODUCTOS DEL ANEXO I DEL TRATADO";"24";"1.8 Vinagres";"01";"Comunidad Autónoma de Andalucía";"Andalucía";"1";"Andalucía";"21";"Huelva";27/06/2023;;
"1";"DOP";"40";"Vinagre de Jerez";"PDO-ES-0723";"1";"Alimentarios";"8";"CLASE 1.8. OTROS PRODUCTOS DEL ANEXO I DEL TRATADO";"24";"1.8 Vinagres";"01";"Comunidad Autónoma de Andalucía";"Andalucía";"1";"Andalucía";"11";"Cádiz";27/06/2023;;
"1";"DOP";"40";"Vinagre de Jerez";"PDO-ES-0723";"1";"Alimentarios";"8";"CLASE 1.8. OTROS PRODUCTOS DEL ANEXO I DEL TRATADO";"24";"1.8 Vinagres";"01";"Comunidad Autónoma de Andalucía";"Andalucía";"1";"Andalucía";"41";"Sevilla";27/06/2023;;
"1";"DOP";"41";"Vinagre de Montilla-Moriles";"PDO-ES-0726";"1";"Alimentarios";"8";"CLASE 1.8. OTROS PRODUCTOS DEL ANEXO I DEL TRATADO";"24";"1.8 Vinagres";"01";"Comunidad Autónoma de Andalucía";"Andalucía";"1";"Andalucía";"14";"Córdoba";27/06/2023;;
"1";"DOP";"42";"Aceite del Bajo Aragón";"PDO-ES-0118";"1";"Alimentarios";"5";"CLASE 1.5. ACEITES Y GRASAS";"11";"1.5 Aceites  de Oliva Virgen";"02";"Comunidad Autónoma de Aragón";"Aragón";"2";"Aragón";"44";"Teruel";27/06/2023;;
"1";"DOP";"42";"Aceite del Bajo Aragón";"PDO-ES-0118";"1";"Alimentarios";"5";"CLASE 1.5. ACEITES Y GRASAS";"11";"1.5 Aceites  de Oliva Virgen";"02";"Comunidad Autónoma de Aragón";"Aragón";"2";"Aragón";"50";"Zaragoza";27/06/2023;;
"1";"DOP";"43";"Aceite Sierra del Moncayo";"PDO-ES-0797";"1";"Alimentarios";"5";"CLASE 1.5. ACEITES Y GRASAS";"11";"1.5 Aceites  de Oliva Virgen";"02";"Comunidad Autónoma de Aragón";"Aragón";"2";"Aragón";"50";"Zaragoza";27/06/2023;;
"1";"DOP";"45";"Melocotón de Calanda";"PDO-ES-0103";"1";"Alimentarios";"6";"CLASE 1.6. FRUTAS, HORTALIZAS Y CEREALES FRESCOS O TRANSFORMADOS";"13";"1.6 Frutas";"02";"Comunidad Autónoma de Aragón";"Aragón";"2";"Aragón";"44";"Teruel";27/06/2023;;
"1";"DOP";"45";"Melocotón de Calanda";"PDO-ES-0103";"1";"Alimentarios";"6";"CLASE 1.6. FRUTAS, HORTALIZAS Y CEREALES FRESCOS O TRANSFORMADOS";"13";"1.6 Frutas";"02";"Comunidad Autónoma de Aragón";"Aragón";"2";"Aragón";"50";"Zaragoza";27/06/2023;;
"1";"DOP";"46";"Cebolla Fuentes de Ebro";"PDO-ES-0817";"1";"Alimentarios";"6";"CLASE 1.6. FRUTAS, HORTALIZAS Y CEREALES FRESCOS O TRANSFORMADOS";"14";"1.6 Hortalizas";"02";"Comunidad Autónoma de Aragón";"Aragón";"2";"Aragón";"50";"Zaragoza";27/06/2023;;
"1";"DOP";"47";"Jamón de Teruel / Paleta de Teruel";"PDO-ES-0078";"1";"Alimentarios";"2";"CLASE 1.2. PRODUCTOS CÁRNICOS";"6";"1.2 Jamones y paletas no ibéricas";"02";"Comunidad Autónoma de Aragón";"Aragón";"2";"Aragón";"44";"Teruel";27/06/2023;;
"1";"DOP";"51";"Afuega'l Pitu";"PDO-ES-0307";"1";"Alimentarios";"3";"CLASE 1.3. QUESOS";"9";"1.3 Quesos";"03";"Principado de Asturias";"Asturias";"3";"Principado de Asturias";"33";"Asturias";27/06/2023;;
"1";"DOP";"52";"Cabrales";"PDO-ES-0081";"1";"Alimentarios";"3";"CLASE 1.3. QUESOS";"9";"1.3 Quesos";"03";"Principado de Asturias";"Asturias";"3";"Principado de Asturias";"33";"Asturias";27/06/2023;;
"1";"DOP";"53";"Gamoneu / Gamonedo";"PDO-ES-0308";"1";"Alimentarios";"3";"CLASE 1.3. QUESOS";"9";"1.3 Quesos";"03";"Principado de Asturias";"Asturias";"3";"Principado de Asturias";"33";"Asturias";27/06/2023;;
"1";"DOP";"54";"Queso Casín";"PDO-ES-0718";"1";"Alimentarios";"3";"CLASE 1.3. QUESOS";"9";"1.3 Quesos";"03";"Principado de Asturias";"Asturias";"3";"Principado de Asturias";"33";"Asturias";27/06/2023;;
"1";"DOP";"55";"Sidra de Asturias / Sidra d'Asturies";"PDO-ES-0260";"1";"Alimentarios";"8";"CLASE 1.8. OTROS PRODUCTOS DEL ANEXO I DEL TRATADO";"25";"1.8 Sidra";"03";"Principado de Asturias";"Asturias";"3";"Principado de Asturias";"33";"Asturias";27/06/2023;;
"1";"DOP";"56";"Aceite de Mallorca / Aceite mallorquín / Oli de Mallorca / Oli mallorquí";"PDO-ES-0263";"1";"Alimentarios";"5";"CLASE 1.5. ACEITES Y GRASAS";"11";"1.5 Aceites  de Oliva Virgen";"04";"Comunidad Autónoma de Illes Balears";"Baleares";"4";"Baleares";"07";"Illes Balears";27/06/2023;;
"1";"DOP";"58";"Aceituna de Mallorca / Aceituna Mallorquina / Oliva de Mallorca / Oliva Mallorquina";"PDO-ES-1051";"1";"Alimentarios";"6";"CLASE 1.6. FRUTAS, HORTALIZAS Y CEREALES FRESCOS O TRANSFORMADOS";"17";"1.6 Aceitunas";"04";"Comunidad Autónoma de Illes Balears";"Baleares";"4";"Baleares";"07";"Illes Balears";27/06/2023;;
"1";"DOP";"61";"Mahón-Menorca";"PDO-ES-9083";"1";"Alimentarios";"3";"CLASE 1.3. QUESOS";"9";"1.3 Quesos";"04";"Comunidad Autónoma de Illes Balears";"Baleares";"4";"Baleares";"07";"Illes Balears";27/06/2023;;
"1";"DOP";"68";"Manzana Reineta del Bierzo";"PDO-ES-0115";"1";"Alimentarios";"6";"CLASE 1.6. FRUTAS, HORTALIZAS Y CEREALES FRESCOS O TRANSFORMADOS";"13";"1.6 Frutas";"08";"Comunidad Autónoma de Castilla y León";"Castilla y León";"5";"Castilla y León";"24";"León";27/06/2023;;
"1";"DOP";"76";"Mantequilla de Soria";"PDO-ES-0326";"1";"Alimentarios";"5";"CLASE 1.5. ACEITES Y GRASAS";"12";"1.5 Mantequillas";"08";"Comunidad Autónoma de Castilla y León";"Castilla y León";"5";"Castilla y León";"42";"Soria";27/06/2023;;
"1";"DOP";"79";"Queso Zamorano";"PDO-ES-0089";"1";"Alimentarios";"3";"CLASE 1.3. QUESOS";"9";"1.3 Quesos";"08";"Comunidad Autónoma de Castilla y León";"Castilla y León";"5";"Castilla y León";"49";"Zamora";27/06/2023;;
"1";"DOP";"82";"Papas Antiguas de Canarias";"PDO-ES-0866";"1";"Alimentarios";"6";"CLASE 1.6. FRUTAS, HORTALIZAS Y CEREALES FRESCOS O TRANSFORMADOS";"14";"1.6 Hortalizas";"05";"Comunidad Autónoma de Canarias";"Canarias";"7";"Canarias";"35";"Las Palmas";27/06/2023;;
"1";"DOP";"82";"Papas Antiguas de Canarias";"PDO-ES-0866";"1";"Alimentarios";"6";"CLASE 1.6. FRUTAS, HORTALIZAS Y CEREALES FRESCOS O TRANSFORMADOS";"14";"1.6 Hortalizas";"05";"Comunidad Autónoma de Canarias";"Canarias";"7";"Canarias";"38";"Santa Cruz de Tenerife";27/06/2023;;
"1";"DOP";"84";"Miel de Tenerife";"PDO-ES-0943";"1";"Alimentarios";"4";"CLASE 1.4. OTROS PRODUCTOS DE ORIGEN ANIMAL";"10";"1.4 Miel";"05";"Comunidad Autónoma de Canarias";"Canarias";"7";"Canarias";"38";"Santa Cruz de Tenerife";27/06/2023;;
"1";"DOP";"85";"Cochinilla de Canarias";"PDO-ES-01302";"1";"Alimentarios";"10";"CLASE 2.12. COCHINILLA";"29";"2.12 Cochinilla";"05";"Comunidad Autónoma de Canarias";"Canarias";"7";"Canarias";"35";"Las Palmas";27/06/2023;;
"1";"DOP";"85";"Cochinilla de Canarias";"PDO-ES-01302";"1";"Alimentarios";"10";"CLASE 2.12. COCHINILLA";"29";"2.12 Cochinilla";"05";"Comunidad Autónoma de Canarias";"Canarias";"7";"Canarias";"38";"Santa Cruz de Tenerife";27/06/2023;;
"1";"DOP";"86";"Queso de Flor de Guía / Queso de Media Flor de Guía / Queso de Guía";"PDO-ES-0605";"1";"Alimentarios";"3";"CLASE 1.3. QUESOS";"9";"1.3 Quesos";"05";"Comunidad Autónoma de Canarias";"Canarias";"7";"Canarias";"35";"Las Palmas";27/06/2023;;
"1";"DOP";"87";"Queso Majorero";"PDO-ES-0045";"1";"Alimentarios";"3";"CLASE 1.3. QUESOS";"9";"1.3 Quesos";"05";"Comunidad Autónoma de Canarias";"Canarias";"7";"Canarias";"35";"Las Palmas";27/06/2023;;
"1";"DOP";"88";"Queso Palmero / Queso de la Palma";"PDO-ES-0172";"1";"Alimentarios";"3";"CLASE 1.3. QUESOS";"9";"1.3 Quesos";"05";"Comunidad Autónoma de Canarias";"Canarias";"7";"Canarias";"38";"Santa Cruz de Tenerife";27/06/2023;;
"1";"DOP";"90";"Miel de Liébana";"PDO-ES-01196";"1";"Alimentarios";"4";"CLASE 1.4. OTROS PRODUCTOS DE ORIGEN ANIMAL";"10";"1.4 Miel";"06";"Comunidad Autónoma de Cantabria";"Cantabria";"18";"Cantabria";"39";"Cantabria";27/06/2023;;
"1";"DOP";"92";"Picón Bejes-Tresviso";"PDO-ES-0084";"1";"Alimentarios";"3";"CLASE 1.3. QUESOS";"9";"1.3 Quesos";"06";"Comunidad Autónoma de Cantabria";"Cantabria";"18";"Cantabria";"39";"Cantabria";27/06/2023;;
"1";"DOP";"93";"Queso Nata de Cantabria";"PDO-ES-0085";"1";"Alimentarios";"3";"CLASE 1.3. QUESOS";"9";"1.3 Quesos";"06";"Comunidad Autónoma de Cantabria";"Cantabria";"18";"Cantabria";"39";"Cantabria";27/06/2023;;
"1";"DOP";"94";"Quesucos de Liébana";"PDO-ES-0090";"1";"Alimentarios";"3";"CLASE 1.3. QUESOS";"9";"1.3 Quesos";"06";"Comunidad Autónoma de Cantabria";"Cantabria";"18";"Cantabria";"39";"Cantabria";27/06/2023;;
"1";"DOP";"95";"Aceite de Terra Alta / Oli de Terra Alta";"PDO-ES-0245";"1";"Alimentarios";"5";"CLASE 1.5. ACEITES Y GRASAS";"11";"1.5 Aceites  de Oliva Virgen";"09";"Comunidad Autónoma de Cataluña";"Cataluña";"8";"Cataluña";"43";"Tarragona";27/06/2023;;
"1";"DOP";"96";"Aceite del Baix Ebre-Montsià / Oli del Baix Ebre-Montsià";"PDO-ES-0274";"1";"Alimentarios";"5";"CLASE 1.5. ACEITES Y GRASAS";"11";"1.5 Aceites  de Oliva Virgen";"09";"Comunidad Autónoma de Cataluña";"Cataluña";"8";"Cataluña";"43";"Tarragona";27/06/2023;;
"1";"DOP";"97";"Oli de l'Empordà / Aceite de L'Empordà";"PDO-ES-1161";"1";"Alimentarios";"5";"CLASE 1.5. ACEITES Y GRASAS";"11";"1.5 Aceites  de Oliva Virgen";"09";"Comunidad Autónoma de Cataluña";"Cataluña";"8";"Cataluña";"17";"Girona";27/06/2023;;
"1";"DOP";"98";"Les Garrigues";"PDO-ES-0070";"1";"Alimentarios";"5";"CLASE 1.5. ACEITES Y GRASAS";"11";"1.5 Aceites  de Oliva Virgen";"09";"Comunidad Autónoma de Cataluña";"Cataluña";"8";"Cataluña";"25";"Lleida";27/06/2023;;
"1";"DOP";"99";"Siurana";"PDO-ES-0072";"1";"Alimentarios";"5";"CLASE 1.5. ACEITES Y GRASAS";"11";"1.5 Aceites  de Oliva Virgen";"09";"Comunidad Autónoma de Cataluña";"Cataluña";"8";"Cataluña";"43";"Tarragona";27/06/2023;;
"1";"DOP";"100";"Arroz del Delta del Ebro / Arròs del Delta de l'Ebre";"PDO-ES-0336";"1";"Alimentarios";"6";"CLASE 1.6. FRUTAS, HORTALIZAS Y CEREALES FRESCOS O TRANSFORMADOS";"16";"1.6 Arroces";"09";"Comunidad Autónoma de Cataluña";"Cataluña";"8";"Cataluña";"43";"Tarragona";27/06/2023;;
"1";"DOP";"107";"Avellana de Reus";"PDO-ES-0046";"1";"Alimentarios";"6";"CLASE 1.6. FRUTAS, HORTALIZAS Y CEREALES FRESCOS O TRANSFORMADOS";"19";"1.6 Otros vegetales (frutos secos)";"09";"Comunidad Autónoma de Cataluña";"Cataluña";"8";"Cataluña";"43";"Tarragona";27/06/2023;;
"1";"DOP";"108";"Pera de Lleida";"PDO-ES-0698";"1";"Alimentarios";"6";"CLASE 1.6. FRUTAS, HORTALIZAS Y CEREALES FRESCOS O TRANSFORMADOS";"13";"1.6 Frutas";"09";"Comunidad Autónoma de Cataluña";"Cataluña";"8";"Cataluña";"25";"Lleida";27/06/2023;;
"1";"DOP";"111";"Fesols de Santa Pau";"PDO-ES-1226";"1";"Alimentarios";"6";"CLASE 1.6. FRUTAS, HORTALIZAS Y CEREALES FRESCOS O TRANSFORMADOS";"15";"1.6 Legumbres";"09";"Comunidad Autónoma de Cataluña";"Cataluña";"8";"Cataluña";"17";"Girona";27/06/2023;;
"1";"DOP";"112";"Mongeta del Ganxet";"PDO-ES-0636";"1";"Alimentarios";"6";"CLASE 1.6. FRUTAS, HORTALIZAS Y CEREALES FRESCOS O TRANSFORMADOS";"15";"1.6 Legumbres";"09";"Comunidad Autónoma de Cataluña";"Cataluña";"8";"Cataluña";"08";"Barcelona";27/06/2023;;
"1";"DOP";"112";"Mongeta del Ganxet";"PDO-ES-0636";"1";"Alimentarios";"6";"CLASE 1.6. FRUTAS, HORTALIZAS Y CEREALES FRESCOS O TRANSFORMADOS";"15";"1.6 Legumbres";"09";"Comunidad Autónoma de Cataluña";"Cataluña";"8";"Cataluña";"17";"Girona";27/06/2023;;
"1";"DOP";"113";"Mantequilla de l'Alt Urgell y la Cerdanya / Mantega de l'Alt Urgell i la Cerdanya";"PDO-ES-0187";"1";"Alimentarios";"5";"CLASE 1.5. ACEITES Y GRASAS";"12";"1.5 Mantequillas";"09";"Comunidad Autónoma de Cataluña";"Cataluña";"8";"Cataluña";"17";"Girona";27/06/2023;;
"1";"DOP";"113";"Mantequilla de l'Alt Urgell y la Cerdanya / Mantega de l'Alt Urgell i la Cerdanya";"PDO-ES-0187";"1";"Alimentarios";"5";"CLASE 1.5. ACEITES Y GRASAS";"12";"1.5 Mantequillas";"09";"Comunidad Autónoma de Cataluña";"Cataluña";"8";"Cataluña";"25";"Lleida";27/06/2023;;
"1";"DOP";"116";"Queso de l'Alt Urgell y la Cerdanya";"PDO-ES-0094";"1";"Alimentarios";"3";"CLASE 1.3. QUESOS";"9";"1.3 Quesos";"09";"Comunidad Autónoma de Cataluña";"Cataluña";"8";"Cataluña";"17";"Girona";27/06/2023;;
"1";"DOP";"116";"Queso de l'Alt Urgell y la Cerdanya";"PDO-ES-0094";"1";"Alimentarios";"3";"CLASE 1.3. QUESOS";"9";"1.3 Quesos";"09";"Comunidad Autónoma de Cataluña";"Cataluña";"8";"Cataluña";"25";"Lleida";27/06/2023;;
"1";"DOP";"117";"Aceite Monterrubio";"PDO-ES-0198";"1";"Alimentarios";"5";"CLASE 1.5. ACEITES Y GRASAS";"11";"1.5 Aceites  de Oliva Virgen";"10";"Comunidad Autónoma de Extremadura";"Extremadura";"10";"Extremadura";"06";"Badajoz";27/06/2023;;
"1";"DOP";"118";"Gata-Hurdes";"PDO-ES-0121";"1";"Alimentarios";"5";"CLASE 1.5. ACEITES Y GRASAS";"11";"1.5 Aceites  de Oliva Virgen";"10";"Comunidad Autónoma de Extremadura";"Extremadura";"10";"Extremadura";"10";"Cáceres";27/06/2023;;
"1";"DOP";"121";"Pimentón de la Vera";"PDO-ES-0321";"1";"Alimentarios";"8";"CLASE 1.8. OTROS PRODUCTOS DEL ANEXO I DEL TRATADO";"22";"1.8 Especias";"10";"Comunidad Autónoma de Extremadura";"Extremadura";"10";"Extremadura";"10";"Cáceres";27/06/2023;;
"1";"DOP";"122";"Cereza del Jerte";"PDO-ES-0233";"1";"Alimentarios";"6";"CLASE 1.6. FRUTAS, HORTALIZAS Y CEREALES FRESCOS O TRANSFORMADOS";"13";"1.6 Frutas";"10";"Comunidad Autónoma de Extremadura";"Extremadura";"10";"Extremadura";"10";"Cáceres";27/06/2023;;
"1";"DOP";"123";"Dehesa de Extremadura";"PDO-ES-0076";"1";"Alimentarios";"2";"CLASE 1.2. PRODUCTOS CÁRNICOS";"4";"1.2 Jamones Ibéricos";"10";"Comunidad Autónoma de Extremadura";"Extremadura";"10";"Extremadura";"06";"Badajoz";27/06/2023;;
"1";"DOP";"123";"Dehesa de Extremadura";"PDO-ES-0076";"1";"Alimentarios";"2";"CLASE 1.2. PRODUCTOS CÁRNICOS";"4";"1.2 Jamones Ibéricos";"10";"Comunidad Autónoma de Extremadura";"Extremadura";"10";"Extremadura";"10";"Cáceres";27/06/2023;;
"1";"DOP";"124";"Miel Villuercas-Ibores";"PDO-ES-01268";"1";"Alimentarios";"4";"CLASE 1.4. OTROS PRODUCTOS DE ORIGEN ANIMAL";"10";"1.4 Miel";"10";"Comunidad Autónoma de Extremadura";"Extremadura";"10";"Extremadura";"10";"Cáceres";27/06/2023;;
"1";"DOP";"125";"Queso de La Serena";"PDO-ES-0086";"1";"Alimentarios";"3";"CLASE 1.3. QUESOS";"9";"1.3 Quesos";"10";"Comunidad Autónoma de Extremadura";"Extremadura";"10";"Extremadura";"06";"Badajoz";27/06/2023;;
"1";"DOP";"126";"Queso Ibores";"PDO-ES-0261";"1";"Alimentarios";"3";"CLASE 1.3. QUESOS";"9";"1.3 Quesos";"10";"Comunidad Autónoma de Extremadura";"Extremadura";"10";"Extremadura";"10";"Cáceres";27/06/2023;;
"1";"DOP";"127";"Torta del Casar";"PDO-ES-0213";"1";"Alimentarios";"3";"CLASE 1.3. QUESOS";"9";"1.3 Quesos";"10";"Comunidad Autónoma de Extremadura";"Extremadura";"10";"Extremadura";"10";"Cáceres";27/06/2023;;
"1";"DOP";"134";"Pemento de Herbón";"PDO-ES-0509";"1";"Alimentarios";"6";"CLASE 1.6. FRUTAS, HORTALIZAS Y CEREALES FRESCOS O TRANSFORMADOS";"14";"1.6 Hortalizas";"11";"Comunidad Autónoma de Galicia";"Galicia";"11";"Galicia";"15";"A Coruña";27/06/2023;;
"1";"DOP";"134";"Pemento de Herbón";"PDO-ES-0509";"1";"Alimentarios";"6";"CLASE 1.6. FRUTAS, HORTALIZAS Y CEREALES FRESCOS O TRANSFORMADOS";"14";"1.6 Hortalizas";"11";"Comunidad Autónoma de Galicia";"Galicia";"11";"Galicia";"36";"Pontevedra";27/06/2023;;
"1";"DOP";"139";"Mejillón de Galicia / Mexillón de Galicia";"PDO-ES-0165";"1";"Alimentarios";"7";"CLASE 1.7. PESCADOS, MOLUSCOS, Y CRUSTÁCEOS FRESCOS Y PRODUCTOS DERIVADOS DE ELLOS";"21";"1.7 Moluscos";"11";"Comunidad Autónoma de Galicia";"Galicia";"11";"Galicia";"15";"A Coruña";27/06/2023;;
"1";"DOP";"139";"Mejillón de Galicia / Mexillón de Galicia";"PDO-ES-0165";"1";"Alimentarios";"7";"CLASE 1.7. PESCADOS, MOLUSCOS, Y CRUSTÁCEOS FRESCOS Y PRODUCTOS DERIVADOS DE ELLOS";"21";"1.7 Moluscos";"11";"Comunidad Autónoma de Galicia";"Galicia";"11";"Galicia";"36";"Pontevedra";27/06/2023;;
"1";"DOP";"144";"Arzùa-Ulloa";"PDO-ES-0497";"1";"Alimentarios";"3";"CLASE 1.3. QUESOS";"9";"1.3 Quesos";"11";"Comunidad Autónoma de Galicia";"Galicia";"11";"Galicia";"15";"A Coruña";27/06/2023;;
"1";"DOP";"144";"Arzùa-Ulloa";"PDO-ES-0497";"1";"Alimentarios";"3";"CLASE 1.3. QUESOS";"9";"1.3 Quesos";"11";"Comunidad Autónoma de Galicia";"Galicia";"11";"Galicia";"27";"Lugo";27/06/2023;;
"1";"DOP";"144";"Arzùa-Ulloa";"PDO-ES-0497";"1";"Alimentarios";"3";"CLASE 1.3. QUESOS";"9";"1.3 Quesos";"11";"Comunidad Autónoma de Galicia";"Galicia";"11";"Galicia";"36";"Pontevedra";27/06/2023;;
"1";"DOP";"145";"Cebreiro";"PDO-ES-0443";"1";"Alimentarios";"3";"CLASE 1.3. QUESOS";"9";"1.3 Quesos";"11";"Comunidad Autónoma de Galicia";"Galicia";"11";"Galicia";"27";"Lugo";27/06/2023;;
"1";"DOP";"146";"Queso Tetilla / Queixo Tetilla";"PDO-ES-0088";"1";"Alimentarios";"3";"CLASE 1.3. QUESOS";"9";"1.3 Quesos";"11";"Comunidad Autónoma de Galicia";"Galicia";"11";"Galicia";"15";"A Coruña";27/06/2023;;
"1";"DOP";"146";"Queso Tetilla / Queixo Tetilla";"PDO-ES-0088";"1";"Alimentarios";"3";"CLASE 1.3. QUESOS";"9";"1.3 Quesos";"11";"Comunidad Autónoma de Galicia";"Galicia";"11";"Galicia";"27";"Lugo";27/06/2023;;
"1";"DOP";"146";"Queso Tetilla / Queixo Tetilla";"PDO-ES-0088";"1";"Alimentarios";"3";"CLASE 1.3. QUESOS";"9";"1.3 Quesos";"11";"Comunidad Autónoma de Galicia";"Galicia";"11";"Galicia";"32";"Ourense";27/06/2023;;
"1";"DOP";"146";"Queso Tetilla / Queixo Tetilla";"PDO-ES-0088";"1";"Alimentarios";"3";"CLASE 1.3. QUESOS";"9";"1.3 Quesos";"11";"Comunidad Autónoma de Galicia";"Galicia";"11";"Galicia";"36";"Pontevedra";27/06/2023;;
"1";"DOP";"147";"San Simón da Costa";"PDO-ES-0359";"1";"Alimentarios";"3";"CLASE 1.3. QUESOS";"9";"1.3 Quesos";"11";"Comunidad Autónoma de Galicia";"Galicia";"11";"Galicia";"27";"Lugo";27/06/2023;;
"1";"DOP";"148";"Aceite de la Rioja";"PDO-ES-0312";"1";"Alimentarios";"5";"CLASE 1.5. ACEITES Y GRASAS";"11";"1.5 Aceites  de Oliva Virgen";"16";"Comunidad Autónoma de La Rioja";"La Rioja";"17";"La Rioja";"26";"La Rioja";27/06/2023;;
"1";"DOP";"152";"Peras de Rincón de Soto";"PDO-ES-0251";"1";"Alimentarios";"6";"CLASE 1.6. FRUTAS, HORTALIZAS Y CEREALES FRESCOS O TRANSFORMADOS";"13";"1.6 Frutas";"16";"Comunidad Autónoma de La Rioja";"La Rioja";"17";"La Rioja";"26";"La Rioja";27/06/2023;;
"1";"DOP";"153";"Queso Camerano";"PDO-ES-0767";"1";"Alimentarios";"3";"CLASE 1.3. QUESOS";"9";"1.3 Quesos";"16";"Comunidad Autónoma de La Rioja";"La Rioja";"17";"La Rioja";"26";"La Rioja";27/06/2023;;
"1";"DOP";"155";"Aceite Campo de Montiel";"PDO-ES-0590";"1";"Alimentarios";"5";"CLASE 1.5. ACEITES Y GRASAS";"11";"1.5 Aceites  de Oliva Virgen";"07";"Comunidad Autónoma de Castilla-La Mancha";"Castilla - La Mancha";"6";"Castilla - La Mancha";"13";"Ciudad Real";27/06/2023;;
"1";"DOP";"156";"Aceite Campo de Calatrava";"PDO-ES-0642";"1";"Alimentarios";"5";"CLASE 1.5. ACEITES Y GRASAS";"11";"1.5 Aceites  de Oliva Virgen";"07";"Comunidad Autónoma de Castilla-La Mancha";"Castilla - La Mancha";"6";"Castilla - La Mancha";"13";"Ciudad Real";27/06/2023;;
"1";"DOP";"157";"Aceite de La Alcarria";"PDO-ES-0562";"1";"Alimentarios";"5";"CLASE 1.5. ACEITES Y GRASAS";"11";"1.5 Aceites  de Oliva Virgen";"07";"Comunidad Autónoma de Castilla-La Mancha";"Castilla - La Mancha";"6";"Castilla - La Mancha";"16";"Cuenca";27/06/2023;;
"1";"DOP";"157";"Aceite de La Alcarria";"PDO-ES-0562";"1";"Alimentarios";"5";"CLASE 1.5. ACEITES Y GRASAS";"11";"1.5 Aceites  de Oliva Virgen";"07";"Comunidad Autónoma de Castilla-La Mancha";"Castilla - La Mancha";"6";"Castilla - La Mancha";"19";"Guadalajara";27/06/2023;;
"1";"DOP";"158";"Montes de Toledo";"PDO-ES-0083";"1";"Alimentarios";"5";"CLASE 1.5. ACEITES Y GRASAS";"11";"1.5 Aceites  de Oliva Virgen";"07";"Comunidad Autónoma de Castilla-La Mancha";"Castilla - La Mancha";"6";"Castilla - La Mancha";"13";"Ciudad Real";27/06/2023;;
"1";"DOP";"158";"Montes de Toledo";"PDO-ES-0083";"1";"Alimentarios";"5";"CLASE 1.5. ACEITES Y GRASAS";"11";"1.5 Aceites  de Oliva Virgen";"07";"Comunidad Autónoma de Castilla-La Mancha";"Castilla - La Mancha";"6";"Castilla - La Mancha";"45";"Toledo";27/06/2023;;
"1";"DOP";"160";"Azafrán de la Mancha";"PDO-ES-0112";"1";"Alimentarios";"8";"CLASE 1.8. OTROS PRODUCTOS DEL ANEXO I DEL TRATADO";"22";"1.8 Especias";"07";"Comunidad Autónoma de Castilla-La Mancha";"Castilla - La Mancha";"6";"Castilla - La Mancha";"02";"Albacete";27/06/2023;;
"1";"DOP";"160";"Azafrán de la Mancha";"PDO-ES-0112";"1";"Alimentarios";"8";"CLASE 1.8. OTROS PRODUCTOS DEL ANEXO I DEL TRATADO";"22";"1.8 Especias";"07";"Comunidad Autónoma de Castilla-La Mancha";"Castilla - La Mancha";"6";"Castilla - La Mancha";"13";"Ciudad Real";27/06/2023;;
"1";"DOP";"160";"Azafrán de la Mancha";"PDO-ES-0112";"1";"Alimentarios";"8";"CLASE 1.8. OTROS PRODUCTOS DEL ANEXO I DEL TRATADO";"22";"1.8 Especias";"07";"Comunidad Autónoma de Castilla-La Mancha";"Castilla - La Mancha";"6";"Castilla - La Mancha";"16";"Cuenca";27/06/2023;;
"1";"DOP";"160";"Azafrán de la Mancha";"PDO-ES-0112";"1";"Alimentarios";"8";"CLASE 1.8. OTROS PRODUCTOS DEL ANEXO I DEL TRATADO";"22";"1.8 Especias";"07";"Comunidad Autónoma de Castilla-La Mancha";"Castilla - La Mancha";"6";"Castilla - La Mancha";"45";"Toledo";27/06/2023;;
"1";"DOP";"164";"Miel de La Alcarria";"PDO-ES-0079";"1";"Alimentarios";"4";"CLASE 1.4. OTROS PRODUCTOS DE ORIGEN ANIMAL";"10";"1.4 Miel";"07";"Comunidad Autónoma de Castilla-La Mancha";"Castilla - La Mancha";"6";"Castilla - La Mancha";"16";"Cuenca";27/06/2023;;
"1";"DOP";"164";"Miel de La Alcarria";"PDO-ES-0079";"1";"Alimentarios";"4";"CLASE 1.4. OTROS PRODUCTOS DE ORIGEN ANIMAL";"10";"1.4 Miel";"07";"Comunidad Autónoma de Castilla-La Mancha";"Castilla - La Mancha";"6";"Castilla - La Mancha";"19";"Guadalajara";27/06/2023;;
"1";"DOP";"167";"Queso Manchego";"PDO-ES-0087";"1";"Alimentarios";"3";"CLASE 1.3. QUESOS";"9";"1.3 Quesos";"07";"Comunidad Autónoma de Castilla-La Mancha";"Castilla - La Mancha";"6";"Castilla - La Mancha";"02";"Albacete";27/06/2023;;
"1";"DOP";"167";"Queso Manchego";"PDO-ES-0087";"1";"Alimentarios";"3";"CLASE 1.3. QUESOS";"9";"1.3 Quesos";"07";"Comunidad Autónoma de Castilla-La Mancha";"Castilla - La Mancha";"6";"Castilla - La Mancha";"13";"Ciudad Real";27/06/2023;;
"1";"DOP";"167";"Queso Manchego";"PDO-ES-0087";"1";"Alimentarios";"3";"CLASE 1.3. QUESOS";"9";"1.3 Quesos";"07";"Comunidad Autónoma de Castilla-La Mancha";"Castilla - La Mancha";"6";"Castilla - La Mancha";"16";"Cuenca";27/06/2023;;
"1";"DOP";"167";"Queso Manchego";"PDO-ES-0087";"1";"Alimentarios";"3";"CLASE 1.3. QUESOS";"9";"1.3 Quesos";"07";"Comunidad Autónoma de Castilla-La Mancha";"Castilla - La Mancha";"6";"Castilla - La Mancha";"45";"Toledo";27/06/2023;;
"1";"DOP";"168";"Pimentón de Murcia";"PDO-ES-0113";"1";"Alimentarios";"8";"CLASE 1.8. OTROS PRODUCTOS DEL ANEXO I DEL TRATADO";"22";"1.8 Especias";"17";"Comunidad Valenciana";"Murcia, Valencia y Andalucía.";"14";"Murcia";"03";"Alicante";27/06/2023;;
"1";"DOP";"168";"Pimentón de Murcia";"PDO-ES-0113";"1";"Alimentarios";"8";"CLASE 1.8. OTROS PRODUCTOS DEL ANEXO I DEL TRATADO";"22";"1.8 Especias";"01";"Comunidad Autónoma de Andalucía";"Murcia, Valencia y Andalucía.";"14";"Murcia";"04";"Almería";27/06/2023;;
"1";"DOP";"168";"Pimentón de Murcia";"PDO-ES-0113";"1";"Alimentarios";"8";"CLASE 1.8. OTROS PRODUCTOS DEL ANEXO I DEL TRATADO";"22";"1.8 Especias";"01";"Comunidad Autónoma de Andalucía";"Murcia, Valencia y Andalucía.";"14";"Murcia";"18";"Granada";27/06/2023;;
"1";"DOP";"385";"Aceite de Madrid";"PDO-ES-02812";"1";"Alimentarios";"5";"CLASE 1.5. ACEITES Y GRASAS";"11";"1.5 Aceites  de Oliva Virgen";"12";"Comunidad de Madrid";"Madrid";"12";"Madrid";"28";"Madrid";02/02/2024;;
"1";"DOP";"212";"Nueces de Nerpio";"PDO-ES-02786";"1";"Alimentarios";"6";"CLASE 1.6. FRUTAS, HORTALIZAS Y CEREALES FRESCOS O TRANSFORMADOS";"19";"1.6 Otros vegetales (frutos secos)";"07";"Comunidad Autónoma de Castilla-La Mancha";"Castilla - La Mancha y Murcia";"20";"Supraautonómica";"02";"Albacete";02/02/2024;;
"1";"DOP";"212";"Nueces de Nerpio";"PDO-ES-02786";"1";"Alimentarios";"6";"CLASE 1.6. FRUTAS, HORTALIZAS Y CEREALES FRESCOS O TRANSFORMADOS";"19";"1.6 Otros vegetales (frutos secos)";"13";"Región de Murcia";"Castilla - La Mancha y Murcia";"20";"Supraautonómica";"30";"Murcia";02/02/2024;;
"1";"DOP";"386";"Aceite Villuercas Ibores Jara";"PDO-ES-02828";"1";"Alimentarios";"5";"CLASE 1.5. ACEITES Y GRASAS";"11";"1.5 Aceites  de Oliva Virgen";"10";"Comunidad Autónoma de Extremadura";"Extremadura";"10";"Extremadura";"10";"Cáceres";02/02/2024;;
"1";"DOP";"381";"Urbezo";"PDO-ES-02585";"3";"Vinos";"19";"VINOS DOP";"42";"DO: “Vino de Denominación de Origen”";"02";"Comunidad Autónoma de Aragón";"Aragón";"2";"Aragón";"50";"Zaragoza";20/03/2025;;
"1";"DOP";"389";"Miel de Ibiza / Mel d’Eivissa";"PDO-ES-02863";"1";"Alimentarios";"4";"CLASE 1.4. OTROS PRODUCTOS DE ORIGEN ANIMAL";"10";"1.4 Miel";"04";"Comunidad Autónoma de Illes Balears";"Baleares";"4";"Baleares";"07";"Illes Balears";20/03/2025;;
"1";"DOP";"390";"Campo de Calatrava";"PDO-ES-02870";"3";"Vinos";"19";"VINOS DOP";"42";"DO: “Vino de Denominación de Origen”";"07";"Comunidad Autónoma de Castilla-La Mancha";"Castilla-La Mancha";"6";"Castilla - La Mancha";"13";"Ciudad Real";20/03/2025;;
"1";"DOP";"393";"Rosalejo";"PDO-ES-02880";"3";"Vinos";"19";"VINOS DOP";"43";"VP: “Vino de Pago”";"07";"Comunidad Autónoma de Castilla-La Mancha";"Castilla-La Mancha";"6";"Castilla - La Mancha";"13";"Ciudad Real";20/03/2025;;
"1";"DOP";"393";"Rosalejo";"PDO-ES-02880";"3";"Vinos";"19";"VINOS DOP";"43";"VP: “Vino de Pago”";"07";"Comunidad Autónoma de Castilla-La Mancha";"Castilla-La Mancha";"6";"Castilla - La Mancha";"45";"Toledo";20/03/2025;;
"1";"DOP";"406";"Río Negro";"PDO-ES-03003";"3";"Vinos";"19";"VINOS DOP";"43";"VP: “Vino de Pago”";"07";"Comunidad Autónoma de Castilla-La Mancha";"Castilla-La Mancha";"6";"Castilla - La Mancha";"19";"Guadalajara";20/03/2025;;
"1";"DOP";"168";"Pimentón de Murcia";"PDO-ES-0113";"1";"Alimentarios";"8";"CLASE 1.8. OTROS PRODUCTOS DEL ANEXO I DEL TRATADO";"22";"1.8 Especias";"13";"Región de Murcia";"Murcia, Valencia y Andalucía.";"14";"Murcia";"30";"Murcia";27/06/2023;;
"1";"DOP";"169";"Pera de Jumilla";"PDO-ES-0315";"1";"Alimentarios";"6";"CLASE 1.6. FRUTAS, HORTALIZAS Y CEREALES FRESCOS O TRANSFORMADOS";"13";"1.6 Frutas";"13";"Región de Murcia";"Murcia";"14";"Murcia";"30";"Murcia";27/06/2023;;
"1";"DOP";"171";"Queso de Murcia";"PDO-ES-0168";"1";"Alimentarios";"3";"CLASE 1.3. QUESOS";"9";"1.3 Quesos";"13";"Región de Murcia";"Murcia";"14";"Murcia";"30";"Murcia";27/06/2023;;
"1";"DOP";"172";"Queso de Murcia al vino";"PDO-ES-0204";"1";"Alimentarios";"3";"CLASE 1.3. QUESOS";"9";"1.3 Quesos";"13";"Región de Murcia";"Murcia";"14";"Murcia";"30";"Murcia";27/06/2023;;
"1";"DOP";"173";"Aceite de Navarra";"PDO-ES-0695";"1";"Alimentarios";"5";"CLASE 1.5. ACEITES Y GRASAS";"11";"1.5 Aceites  de Oliva Virgen";"14";"Comunidad Foral de Navarra";"Navarra";"15";"Navarra";"31";"Navarra";27/06/2023;;
"1";"DOP";"176";"Pimientos del Piquillo de Lodosa";"PDO-ES-0080";"1";"Alimentarios";"6";"CLASE 1.6. FRUTAS, HORTALIZAS Y CEREALES FRESCOS O TRANSFORMADOS";"14";"1.6 Hortalizas";"14";"Comunidad Foral de Navarra";"Navarra";"15";"Navarra";"31";"Navarra";27/06/2023;;
"1";"DOP";"178";"Roncal";"PDO-ES-0091";"1";"Alimentarios";"3";"CLASE 1.3. QUESOS";"9";"1.3 Quesos";"14";"Comunidad Foral de Navarra";"Navarra";"15";"Navarra";"31";"Navarra";27/06/2023;;
"1";"DOP";"181";"Aceite de la Comunitat Valenciana";"PDO-ES-0720";"1";"Alimentarios";"5";"CLASE 1.5. ACEITES Y GRASAS";"11";"1.5 Aceites  de Oliva Virgen";"17";"Comunidad Valenciana";"Valencia";"19";"Valencia";"03";"Alicante";27/06/2023;;
"1";"DOP";"181";"Aceite de la Comunitat Valenciana";"PDO-ES-0720";"1";"Alimentarios";"5";"CLASE 1.5. ACEITES Y GRASAS";"11";"1.5 Aceites  de Oliva Virgen";"17";"Comunidad Valenciana";"Valencia";"19";"Valencia";"12";"Castellon";27/06/2023;;
"1";"DOP";"181";"Aceite de la Comunitat Valenciana";"PDO-ES-0720";"1";"Alimentarios";"5";"CLASE 1.5. ACEITES Y GRASAS";"11";"1.5 Aceites  de Oliva Virgen";"17";"Comunidad Valenciana";"Valencia";"19";"Valencia";"46";"Valencia";27/06/2023;;
"1";"DOP";"182";"Arroz de Valencia / Arròs de València";"PDO-ES-0151";"1";"Alimentarios";"6";"CLASE 1.6. FRUTAS, HORTALIZAS Y CEREALES FRESCOS O TRANSFORMADOS";"16";"1.6 Arroces";"17";"Comunidad Valenciana";"Valencia";"19";"Valencia";"03";"Alicante";27/06/2023;;
"1";"DOP";"182";"Arroz de Valencia / Arròs de València";"PDO-ES-0151";"1";"Alimentarios";"6";"CLASE 1.6. FRUTAS, HORTALIZAS Y CEREALES FRESCOS O TRANSFORMADOS";"16";"1.6 Arroces";"17";"Comunidad Valenciana";"Valencia";"19";"Valencia";"12";"Castellon";27/06/2023;;
"1";"DOP";"182";"Arroz de Valencia / Arròs de València";"PDO-ES-0151";"1";"Alimentarios";"6";"CLASE 1.6. FRUTAS, HORTALIZAS Y CEREALES FRESCOS O TRANSFORMADOS";"16";"1.6 Arroces";"17";"Comunidad Valenciana";"Valencia";"19";"Valencia";"46";"Valencia";27/06/2023;;
"1";"DOP";"183";"Chufa de Valencia / Xufa de València";"PDO-ES-0055";"1";"Alimentarios";"8";"CLASE 1.8. OTROS PRODUCTOS DEL ANEXO I DEL TRATADO";"23";"1.8 Frutos diversos (tubérculos, raíces, etc)";"17";"Comunidad Valenciana";"Valencia";"19";"Valencia";"46";"Valencia";27/06/2023;;
"1";"DOP";"184";"Alcachofa de Benicarló / Carxofa de Benicarló";"PDO-ES-0202";"1";"Alimentarios";"6";"CLASE 1.6. FRUTAS, HORTALIZAS Y CEREALES FRESCOS O TRANSFORMADOS";"14";"1.6 Hortalizas";"17";"Comunidad Valenciana";"Valencia";"19";"Valencia";"12";"Castellon";27/06/2023;;
"1";"DOP";"185";"Kaki Ribera del Xúquer";"PDO-ES-0114";"1";"Alimentarios";"6";"CLASE 1.6. FRUTAS, HORTALIZAS Y CEREALES FRESCOS O TRANSFORMADOS";"13";"1.6 Frutas";"17";"Comunidad Valenciana";"Valencia";"19";"Valencia";"46";"Valencia";27/06/2023;;
"1";"DOP";"186";"Nísperos Callosa d'En Sarriá";"PDO-ES-0074";"1";"Alimentarios";"6";"CLASE 1.6. FRUTAS, HORTALIZAS Y CEREALES FRESCOS O TRANSFORMADOS";"13";"1.6 Frutas";"17";"Comunidad Valenciana";"Valencia";"19";"Valencia";"03";"Alicante";27/06/2023;;
"1";"DOP";"187";"Uva de mesa embolsada del Vinalopó";"PDO-ES-0075";"1";"Alimentarios";"6";"CLASE 1.6. FRUTAS, HORTALIZAS Y CEREALES FRESCOS O TRANSFORMADOS";"13";"1.6 Frutas";"17";"Comunidad Valenciana";"Valencia";"19";"Valencia";"03";"Alicante";27/06/2023;;
"1";"DOP";"188";"Granada Mollar de Elche / Granada de Elche";"PDO-ES-01230";"1";"Alimentarios";"6";"CLASE 1.6. FRUTAS, HORTALIZAS Y CEREALES FRESCOS O TRANSFORMADOS";"13";"1.6 Frutas";"17";"Comunidad Valenciana";"Valencia";"19";"Valencia";"03";"Alicante";27/06/2023;;
"1";"DOP";"206";"Pebre bord de Mallorca / Pimentón de Mallorca";"PDO-ES-02465";"1";"Alimentarios";"8";"CLASE 1.8. OTROS PRODUCTOS DEL ANEXO I DEL TRATADO";"22";"1.8 Especias";"04";"Comunidad Autónoma de Illes Balears";"Baleares";"4";"Baleares";"07";"Illes Balears";27/06/2023;;
"1";"DOP";"238";"Abona";"PDO-ES-A0975";"3";"Vinos";"19";"VINOS DOP";"42";"DO: “Vino de Denominación de Origen”";"05";"Comunidad Autónoma de Canarias";"Canarias";"7";"Canarias";"38";"Santa Cruz de Tenerife";27/06/2023;;
"1";"DOP";"239";"Alella";"PDO-ES-A1423";"3";"Vinos";"19";"VINOS DOP";"42";"DO: “Vino de Denominación de Origen”";"09";"Comunidad Autónoma de Cataluña";"Cataluña";"8";"Cataluña";"08";"Barcelona";27/06/2023;;
"1";"DOP";"240";"Alicante";"PDO-ES-A1526";"3";"Vinos";"19";"VINOS DOP";"42";"DO: “Vino de Denominación de Origen”";"17";"Comunidad Valenciana";"Valencia";"19";"Valencia";"03";"Alicante";27/06/2023;;
"1";"DOP";"240";"Alicante";"PDO-ES-A1526";"3";"Vinos";"19";"VINOS DOP";"42";"DO: “Vino de Denominación de Origen”";"13";"Región de Murcia";"Valencia";"19";"Valencia";"30";"Murcia";27/06/2023;;
"1";"DOP";"241";"Almansa";"PDO-ES-A0044";"3";"Vinos";"19";"VINOS DOP";"42";"DO: “Vino de Denominación de Origen”";"07";"Comunidad Autónoma de Castilla-La Mancha";"Castilla - La Mancha";"6";"Castilla - La Mancha";"02";"Albacete";27/06/2023;;
"1";"DOP";"243";"Arlanza";"PDO-ES-A0613";"3";"Vinos";"19";"VINOS DOP";"42";"DO: “Vino de Denominación de Origen”";"08";"Comunidad Autónoma de Castilla y León";"Castilla y León";"5";"Castilla y León";"09";"Burgos";27/06/2023;;
"1";"DOP";"243";"Arlanza";"PDO-ES-A0613";"3";"Vinos";"19";"VINOS DOP";"42";"DO: “Vino de Denominación de Origen”";"08";"Comunidad Autónoma de Castilla y León";"Castilla y León";"5";"Castilla y León";"34";"Palencia";27/06/2023;;
"1";"DOP";"244";"Arribes";"PDO-ES-A0614";"3";"Vinos";"19";"VINOS DOP";"42";"DO: “Vino de Denominación de Origen”";"08";"Comunidad Autónoma de Castilla y León";"Castilla y León";"5";"Castilla y León";"37";"Salamanca";27/06/2023;;
"1";"DOP";"244";"Arribes";"PDO-ES-A0614";"3";"Vinos";"19";"VINOS DOP";"42";"DO: “Vino de Denominación de Origen”";"08";"Comunidad Autónoma de Castilla y León";"Castilla y León";"5";"Castilla y León";"49";"Zamora";27/06/2023;;
"1";"DOP";"245";"Aylés";"PDO-ES-A1522";"3";"Vinos";"19";"VINOS DOP";"43";"VP: “Vino de Pago”";"02";"Comunidad Autónoma de Aragón";"Aragón";"2";"Aragón";"50";"Zaragoza";27/06/2023;;
"1";"DOP";"250";"Bierzo";"PDO-ES-A0615";"3";"Vinos";"19";"VINOS DOP";"42";"DO: “Vino de Denominación de Origen”";"08";"Comunidad Autónoma de Castilla y León";"Castilla y León";"5";"Castilla y León";"24";"León";27/06/2023;;
"1";"DOP";"251";"Binissalem";"PDO-ES-A1056";"3";"Vinos";"19";"VINOS DOP";"42";"DO: “Vino de Denominación de Origen”";"04";"Comunidad Autónoma de Illes Balears";"Baleares";"4";"Baleares";"07";"Illes Balears";27/06/2023;;
"1";"DOP";"252";"Bullas";"PDO-ES-A0536";"3";"Vinos";"19";"VINOS DOP";"42";"DO: “Vino de Denominación de Origen”";"13";"Región de Murcia";"Murcia";"14";"Murcia";"30";"Murcia";27/06/2023;;
"1";"DOP";"254";"Calatayud";"PDO-ES-A0247";"3";"Vinos";"19";"VINOS DOP";"42";"DO: “Vino de Denominación de Origen”";"02";"Comunidad Autónoma de Aragón";"Aragón";"2";"Aragón";"50";"Zaragoza";27/06/2023;;
"1";"DOP";"255";"Calzadilla";"PDO-ES-A0056";"3";"Vinos";"19";"VINOS DOP";"43";"VP: “Vino de Pago”";"07";"Comunidad Autónoma de Castilla-La Mancha";"Castilla - La Mancha";"6";"Castilla - La Mancha";"16";"Cuenca";27/06/2023;;
"1";"DOP";"256";"Campo de Borja";"PDO-ES-A0180";"3";"Vinos";"19";"VINOS DOP";"42";"DO: “Vino de Denominación de Origen”";"02";"Comunidad Autónoma de Aragón";"Aragón";"2";"Aragón";"50";"Zaragoza";27/06/2023;;
"1";"DOP";"258";"Campo de La Guardia";"PDO-ES-A0055";"3";"Vinos";"19";"VINOS DOP";"43";"VP: “Vino de Pago”";"07";"Comunidad Autónoma de Castilla-La Mancha";"Castilla - La Mancha";"6";"Castilla - La Mancha";"45";"Toledo";27/06/2023;;
"1";"DOP";"259";"Cangas";"PDO-ES-A0119";"3";"Vinos";"19";"VINOS DOP";"44";"VC: ""Vino de Calidad”";"03";"Principado de Asturias";"Asturias";"3";"Principado de Asturias";"33";"Asturias";27/06/2023;;
"1";"DOP";"260";"Cariñena";"PDO-ES-A0043";"3";"Vinos";"19";"VINOS DOP";"42";"DO: “Vino de Denominación de Origen”";"02";"Comunidad Autónoma de Aragón";"Aragón";"2";"Aragón";"50";"Zaragoza";27/06/2023;;
"1";"DOP";"261";"Casa del Blanco";"PDO-ES-A0060";"3";"Vinos";"19";"VINOS DOP";"43";"VP: “Vino de Pago”";"07";"Comunidad Autónoma de Castilla-La Mancha";"Castilla - La Mancha";"6";"Castilla - La Mancha";"13";"Ciudad Real";27/06/2023;;
"1";"DOP";"265";"Cataluña / Catalunya";"PDO-ES-A1549";"3";"Vinos";"19";"VINOS DOP";"42";"DO: “Vino de Denominación de Origen”";"09";"Comunidad Autónoma de Cataluña";"Cataluña";"8";"Cataluña";"08";"Barcelona";27/06/2023;;
"1";"DOP";"265";"Cataluña / Catalunya";"PDO-ES-A1549";"3";"Vinos";"19";"VINOS DOP";"42";"DO: “Vino de Denominación de Origen”";"09";"Comunidad Autónoma de Cataluña";"Cataluña";"8";"Cataluña";"17";"Girona";27/06/2023;;
"1";"DOP";"265";"Cataluña / Catalunya";"PDO-ES-A1549";"3";"Vinos";"19";"VINOS DOP";"42";"DO: “Vino de Denominación de Origen”";"09";"Comunidad Autónoma de Cataluña";"Cataluña";"8";"Cataluña";"25";"Lleida";27/06/2023;;
"1";"DOP";"265";"Cataluña / Catalunya";"PDO-ES-A1549";"3";"Vinos";"19";"VINOS DOP";"42";"DO: “Vino de Denominación de Origen”";"09";"Comunidad Autónoma de Cataluña";"Cataluña";"8";"Cataluña";"43";"Tarragona";27/06/2023;;
"1";"DOP";"266";"Cava";"PDO-ES-A0735";"3";"Vinos";"19";"VINOS DOP";"42";"DO: “Vino de Denominación de Origen”";"15";"Comunidad Autónoma del País Vasco";"Aragón, Cataluña, Extremadura, La Rioja, Navarra, País Vasco y Valencia";"20";"Supraautonómica";"01";"Álava";27/06/2023;;
"1";"DOP";"266";"Cava";"PDO-ES-A0735";"3";"Vinos";"19";"VINOS DOP";"42";"DO: “Vino de Denominación de Origen”";"10";"Comunidad Autónoma de Extremadura";"Aragón, Cataluña, Extremadura, La Rioja, Navarra, País Vasco y Valencia";"20";"Supraautonómica";"06";"Badajoz";27/06/2023;;
"1";"DOP";"266";"Cava";"PDO-ES-A0735";"3";"Vinos";"19";"VINOS DOP";"42";"DO: “Vino de Denominación de Origen”";"09";"Comunidad Autónoma de Cataluña";"Aragón, Cataluña, Extremadura, La Rioja, Navarra, País Vasco y Valencia";"20";"Supraautonómica";"08";"Barcelona";27/06/2023;;
"1";"DOP";"266";"Cava";"PDO-ES-A0735";"3";"Vinos";"19";"VINOS DOP";"42";"DO: “Vino de Denominación de Origen”";"09";"Comunidad Autónoma de Cataluña";"Aragón, Cataluña, Extremadura, La Rioja, Navarra, País Vasco y Valencia";"20";"Supraautonómica";"17";"Girona";27/06/2023;;
"1";"DOP";"266";"Cava";"PDO-ES-A0735";"3";"Vinos";"19";"VINOS DOP";"42";"DO: “Vino de Denominación de Origen”";"09";"Comunidad Autónoma de Cataluña";"Aragón, Cataluña, Extremadura, La Rioja, Navarra, País Vasco y Valencia";"20";"Supraautonómica";"25";"Lleida";27/06/2023;;
"1";"DOP";"266";"Cava";"PDO-ES-A0735";"3";"Vinos";"19";"VINOS DOP";"42";"DO: “Vino de Denominación de Origen”";"14";"Comunidad Foral de Navarra";"Aragón, Cataluña, Extremadura, La Rioja, Navarra, País Vasco y Valencia";"20";"Supraautonómica";"31";"Navarra";27/06/2023;;
"1";"DOP";"266";"Cava";"PDO-ES-A0735";"3";"Vinos";"19";"VINOS DOP";"42";"DO: “Vino de Denominación de Origen”";"16";"Comunidad Autónoma de La Rioja";"Aragón, Cataluña, Extremadura, La Rioja, Navarra, País Vasco y Valencia";"20";"Supraautonómica";"26";"La Rioja";27/06/2023;;
"1";"DOP";"266";"Cava";"PDO-ES-A0735";"3";"Vinos";"19";"VINOS DOP";"42";"DO: “Vino de Denominación de Origen”";"09";"Comunidad Autónoma de Cataluña";"Aragón, Cataluña, Extremadura, La Rioja, Navarra, País Vasco y Valencia";"20";"Supraautonómica";"43";"Tarragona";27/06/2023;;
"1";"DOP";"266";"Cava";"PDO-ES-A0735";"3";"Vinos";"19";"VINOS DOP";"42";"DO: “Vino de Denominación de Origen”";"17";"Comunidad Valenciana";"Aragón, Cataluña, Extremadura, La Rioja, Navarra, País Vasco y Valencia";"20";"Supraautonómica";"46";"Valencia";27/06/2023;;
"1";"DOP";"266";"Cava";"PDO-ES-A0735";"3";"Vinos";"19";"VINOS DOP";"42";"DO: “Vino de Denominación de Origen”";"02";"Comunidad Autónoma de Aragón";"Aragón, Cataluña, Extremadura, La Rioja, Navarra, País Vasco y Valencia";"20";"Supraautonómica";"50";"Zaragoza";27/06/2023;;
"1";"DOP";"267";"Cebreros";"PDO-ES-02348";"3";"Vinos";"19";"VINOS DOP";"44";"VC: ""Vino de Calidad”";"08";"Comunidad Autónoma de Castilla y León";"Castilla y León";"5";"Castilla y León";"05";"Ávila";27/06/2023;;
"1";"DOP";"268";"Arabako Txakolina / Txakolí de Álava / Chacolí de Álava";"PDO-ES-A0732";"3";"Vinos";"19";"VINOS DOP";"42";"DO: “Vino de Denominación de Origen”";"15";"Comunidad Autónoma del País Vasco";"País Vasco";"16";"País Vasco";"01";"Álava";27/06/2023;;
"1";"DOP";"269";"Bizkaiko Txakolina / Chacolí de Bizkaia / Txakolí de Bizkaia";"PDO-ES-A0746";"3";"Vinos";"19";"VINOS DOP";"42";"DO: “Vino de Denominación de Origen”";"15";"Comunidad Autónoma del País Vasco";"País Vasco";"16";"País Vasco";"48";"Vizcaya";27/06/2023;;
"1";"DOP";"270";"Getariako Txakolina / Chacolí de Getaria / Txakolí de Getaria";"PDO-ES-A0741";"3";"Vinos";"19";"VINOS DOP";"42";"DO: “Vino de Denominación de Origen”";"15";"Comunidad Autónoma del País Vasco";"País Vasco";"16";"País Vasco";"20";"Guipúzcoa";27/06/2023;;
"1";"DOP";"271";"Chozas Carrascal";"PDO-ES-N1637";"3";"Vinos";"19";"VINOS DOP";"43";"VP: “Vino de Pago”";"17";"Comunidad Valenciana";"Valencia";"19";"Valencia";"46";"Valencia";27/06/2023;;
"1";"DOP";"272";"Cigales";"PDO-ES-A0622";"3";"Vinos";"19";"VINOS DOP";"42";"DO: “Vino de Denominación de Origen”";"08";"Comunidad Autónoma de Castilla y León";"Castilla y León";"5";"Castilla y León";"34";"Palencia";27/06/2023;;
"1";"DOP";"272";"Cigales";"PDO-ES-A0622";"3";"Vinos";"19";"VINOS DOP";"42";"DO: “Vino de Denominación de Origen”";"08";"Comunidad Autónoma de Castilla y León";"Castilla y León";"5";"Castilla y León";"47";"Valladolid";27/06/2023;;
"1";"DOP";"273";"Conca de Barberà";"PDO-ES-A1422";"3";"Vinos";"19";"VINOS DOP";"42";"DO: “Vino de Denominación de Origen”";"09";"Comunidad Autónoma de Cataluña";"Cataluña";"8";"Cataluña";"43";"Tarragona";27/06/2023;;
"1";"DOP";"274";"Condado de Huelva";"PDO-ES-A1485";"3";"Vinos";"19";"VINOS DOP";"42";"DO: “Vino de Denominación de Origen”";"01";"Comunidad Autónoma de Andalucía";"Andalucía";"1";"Andalucía";"21";"Huelva";27/06/2023;;
"1";"DOP";"277";"Costers del Segre";"PDO-ES-A1523";"3";"Vinos";"19";"VINOS DOP";"42";"DO: “Vino de Denominación de Origen”";"09";"Comunidad Autónoma de Cataluña";"Cataluña";"8";"Cataluña";"25";"Lleida";27/06/2023;;
"1";"DOP";"277";"Costers del Segre";"PDO-ES-A1523";"3";"Vinos";"19";"VINOS DOP";"42";"DO: “Vino de Denominación de Origen”";"09";"Comunidad Autónoma de Cataluña";"Cataluña";"8";"Cataluña";"43";"Tarragona";27/06/2023;;
"1";"DOP";"279";"Dehesa del Carrizal";"PDO-ES-A0054";"3";"Vinos";"19";"VINOS DOP";"43";"VP: “Vino de Pago”";"07";"Comunidad Autónoma de Castilla-La Mancha";"Castilla - La Mancha";"6";"Castilla - La Mancha";"13";"Ciudad Real";27/06/2023;;
"1";"DOP";"281";"Dominio de Valdepusa";"PDO-ES-A0052";"3";"Vinos";"19";"VINOS DOP";"43";"VP: “Vino de Pago”";"07";"Comunidad Autónoma de Castilla-La Mancha";"Castilla - La Mancha";"6";"Castilla - La Mancha";"45";"Toledo";27/06/2023;;
"1";"DOP";"282";"El Hierro";"PDO-ES-A1250";"3";"Vinos";"19";"VINOS DOP";"42";"DO: “Vino de Denominación de Origen”";"05";"Comunidad Autónoma de Canarias";"Canarias";"7";"Canarias";"38";"Santa Cruz de Tenerife";27/06/2023;;
"1";"DOP";"283";"El Terrerazo";"PDO-ES-A0940";"3";"Vinos";"19";"VINOS DOP";"43";"VP: “Vino de Pago”";"17";"Comunidad Valenciana";"Valencia";"19";"Valencia";"46";"Valencia";27/06/2023;;
"1";"DOP";"284";"El Vicario";"PDO-ES-N1634";"3";"Vinos";"19";"VINOS DOP";"43";"VP: “Vino de Pago”";"07";"Comunidad Autónoma de Castilla-La Mancha";"Castilla - La Mancha";"6";"Castilla - La Mancha";"13";"Ciudad Real";27/06/2023;;
"1";"DOP";"285";"Empordà";"PDO-ES-A1548";"3";"Vinos";"19";"VINOS DOP";"42";"DO: “Vino de Denominación de Origen”";"09";"Comunidad Autónoma de Cataluña";"Cataluña";"8";"Cataluña";"17";"Girona";27/06/2023;;
"1";"DOP";"287";"Finca Élez";"PDO-ES-A0053";"3";"Vinos";"19";"VINOS DOP";"43";"VP: “Vino de Pago”";"07";"Comunidad Autónoma de Castilla-La Mancha";"Castilla - La Mancha";"6";"Castilla - La Mancha";"02";"Albacete";27/06/2023;;
"1";"DOP";"289";"Gran Canaria";"PDO-ES-A0112";"3";"Vinos";"19";"VINOS DOP";"42";"DO: “Vino de Denominación de Origen”";"05";"Comunidad Autónoma de Canarias";"Canarias";"7";"Canarias";"35";"Las Palmas";27/06/2023;;
"1";"DOP";"290";"Granada";"PDO-ES-A1475";"3";"Vinos";"19";"VINOS DOP";"42";"DO: “Vino de Denominación de Origen”";"01";"Comunidad Autónoma de Andalucía";"Andalucía";"1";"Andalucía";"18";"Granada";27/06/2023;;
"1";"DOP";"291";"Guijoso";"PDO-ES-A0058";"3";"Vinos";"19";"VINOS DOP";"43";"VP: “Vino de Pago”";"07";"Comunidad Autónoma de Castilla-La Mancha";"Castilla - La Mancha";"6";"Castilla - La Mancha";"02";"Albacete";27/06/2023;;
"1";"DOP";"295";"Islas Canarias";"PDO-ES-A1511";"3";"Vinos";"19";"VINOS DOP";"44";"VC: ""Vino de Calidad”";"05";"Comunidad Autónoma de Canarias";"Canarias";"7";"Canarias";"35";"Las Palmas";27/06/2023;;
"1";"DOP";"295";"Islas Canarias";"PDO-ES-A1511";"3";"Vinos";"19";"VINOS DOP";"44";"VC: ""Vino de Calidad”";"05";"Comunidad Autónoma de Canarias";"Canarias";"7";"Canarias";"38";"Santa Cruz de Tenerife";27/06/2023;;
"1";"DOP";"296";"Jerez-Xérès-Sherry / Jerez / Xérès / Sherry";"PDO-ES-A1483";"3";"Vinos";"19";"VINOS DOP";"42";"DO: “Vino de Denominación de Origen”";"01";"Comunidad Autónoma de Andalucía";"Andalucía";"1";"Andalucía";"11";"Cádiz";27/06/2023;;
"1";"DOP";"296";"Jerez-Xérès-Sherry / Jerez / Xérès / Sherry";"PDO-ES-A1483";"3";"Vinos";"19";"VINOS DOP";"42";"DO: “Vino de Denominación de Origen”";"01";"Comunidad Autónoma de Andalucía";"Andalucía";"1";"Andalucía";"41";"Sevilla";27/06/2023;;
"1";"DOP";"297";"Jumilla";"PDO-ES-A0109";"3";"Vinos";"19";"VINOS DOP";"42";"DO: “Vino de Denominación de Origen”";"07";"Comunidad Autónoma de Castilla-La Mancha";"Murcia y Albacete";"20";"Supraautonómica";"02";"Albacete";27/06/2023;;
"1";"DOP";"297";"Jumilla";"PDO-ES-A0109";"3";"Vinos";"19";"VINOS DOP";"42";"DO: “Vino de Denominación de Origen”";"13";"Región de Murcia";"Murcia y Albacete";"20";"Supraautonómica";"30";"Murcia";27/06/2023;;
"1";"DOP";"298";"La Gomera";"PDO-ES-A0111";"3";"Vinos";"19";"VINOS DOP";"42";"DO: “Vino de Denominación de Origen”";"05";"Comunidad Autónoma de Canarias";"Canarias";"7";"Canarias";"38";"Santa Cruz de Tenerife";27/06/2023;;
"1";"DOP";"299";"La Jaraba";"PDO-ES-01895";"3";"Vinos";"19";"VINOS DOP";"43";"VP: “Vino de Pago”";"07";"Comunidad Autónoma de Castilla-La Mancha";"Castilla - La Mancha";"6";"Castilla - La Mancha";"16";"Cuenca";27/06/2023;;
"1";"DOP";"300";"La Mancha";"PDO-ES-A0045";"3";"Vinos";"19";"VINOS DOP";"42";"DO: “Vino de Denominación de Origen”";"07";"Comunidad Autónoma de Castilla-La Mancha";"Castilla - La Mancha";"6";"Castilla - La Mancha";"02";"Albacete";27/06/2023;;
"1";"DOP";"300";"La Mancha";"PDO-ES-A0045";"3";"Vinos";"19";"VINOS DOP";"42";"DO: “Vino de Denominación de Origen”";"07";"Comunidad Autónoma de Castilla-La Mancha";"Castilla - La Mancha";"6";"Castilla - La Mancha";"13";"Ciudad Real";27/06/2023;;
"1";"DOP";"300";"La Mancha";"PDO-ES-A0045";"3";"Vinos";"19";"VINOS DOP";"42";"DO: “Vino de Denominación de Origen”";"07";"Comunidad Autónoma de Castilla-La Mancha";"Castilla - La Mancha";"6";"Castilla - La Mancha";"16";"Cuenca";27/06/2023;;
"1";"DOP";"300";"La Mancha";"PDO-ES-A0045";"3";"Vinos";"19";"VINOS DOP";"42";"DO: “Vino de Denominación de Origen”";"07";"Comunidad Autónoma de Castilla-La Mancha";"Castilla - La Mancha";"6";"Castilla - La Mancha";"45";"Toledo";27/06/2023;;
"1";"DOP";"301";"La Palma";"PDO-ES-A0510";"3";"Vinos";"19";"VINOS DOP";"42";"DO: “Vino de Denominación de Origen”";"05";"Comunidad Autónoma de Canarias";"Canarias";"7";"Canarias";"38";"Santa Cruz de Tenerife";27/06/2023;;
"1";"DOP";"303";"Lanzarote";"PDO-ES-A0113";"3";"Vinos";"19";"VINOS DOP";"42";"DO: “Vino de Denominación de Origen”";"05";"Comunidad Autónoma de Canarias";"Canarias";"7";"Canarias";"35";"Las Palmas";27/06/2023;;
"1";"DOP";"305";"Lebrija";"PDO-ES-A1478";"3";"Vinos";"19";"VINOS DOP";"44";"VC: ""Vino de Calidad”";"01";"Comunidad Autónoma de Andalucía";"Andalucía";"1";"Andalucía";"41";"Sevilla";27/06/2023;;
"1";"DOP";"306";"León";"PDO-ES-A0882";"3";"Vinos";"19";"VINOS DOP";"42";"DO: “Vino de Denominación de Origen”";"08";"Comunidad Autónoma de Castilla y León";"Castilla y León";"5";"Castilla y León";"24";"León";27/06/2023;;
"1";"DOP";"306";"León";"PDO-ES-A0882";"3";"Vinos";"19";"VINOS DOP";"42";"DO: “Vino de Denominación de Origen”";"08";"Comunidad Autónoma de Castilla y León";"Castilla y León";"5";"Castilla y León";"47";"Valladolid";27/06/2023;;
"1";"DOP";"308";"Los Balagueses";"PDO-ES-A0941";"3";"Vinos";"19";"VINOS DOP";"43";"VP: “Vino de Pago”";"17";"Comunidad Valenciana";"Valencia";"19";"Valencia";"46";"Valencia";27/06/2023;;
"1";"DOP";"309";"Los Cerrillos";"PDO-ES-02228";"3";"Vinos";"19";"VINOS DOP";"43";"VP: “Vino de Pago”";"07";"Comunidad Autónoma de Castilla-La Mancha";"Castilla - La Mancha";"6";"Castilla - La Mancha";"13";"Ciudad Real";27/06/2023;;
"1";"DOP";"311";"Málaga";"PDO-ES-A1481";"3";"Vinos";"19";"VINOS DOP";"42";"DO: “Vino de Denominación de Origen”";"01";"Comunidad Autónoma de Andalucía";"Andalucía";"1";"Andalucía";"14";"Córdoba";27/06/2023;;
"1";"DOP";"311";"Málaga";"PDO-ES-A1481";"3";"Vinos";"19";"VINOS DOP";"42";"DO: “Vino de Denominación de Origen”";"01";"Comunidad Autónoma de Andalucía";"Andalucía";"1";"Andalucía";"29";"Málaga";27/06/2023;;
"1";"DOP";"313";"Manchuela";"PDO-ES-A0046";"3";"Vinos";"19";"VINOS DOP";"42";"DO: “Vino de Denominación de Origen”";"07";"Comunidad Autónoma de Castilla-La Mancha";"Castilla - La Mancha";"6";"Castilla - La Mancha";"02";"Albacete";27/06/2023;;
"1";"DOP";"313";"Manchuela";"PDO-ES-A0046";"3";"Vinos";"19";"VINOS DOP";"42";"DO: “Vino de Denominación de Origen”";"07";"Comunidad Autónoma de Castilla-La Mancha";"Castilla - La Mancha";"6";"Castilla - La Mancha";"16";"Cuenca";27/06/2023;;
"1";"DOP";"314";"Manzanilla-Sanlúcar de Barrameda / Manzanilla";"PDO-ES-A1482";"3";"Vinos";"19";"VINOS DOP";"42";"DO: “Vino de Denominación de Origen”";"01";"Comunidad Autónoma de Andalucía";"Andalucía";"1";"Andalucía";"11";"Cádiz";27/06/2023;;
"1";"DOP";"314";"Manzanilla-Sanlúcar de Barrameda / Manzanilla";"PDO-ES-A1482";"3";"Vinos";"19";"VINOS DOP";"42";"DO: “Vino de Denominación de Origen”";"01";"Comunidad Autónoma de Andalucía";"Andalucía";"1";"Andalucía";"41";"Sevilla";27/06/2023;;
"1";"DOP";"315";"Méntrida";"PDO-ES-A0047";"3";"Vinos";"19";"VINOS DOP";"42";"DO: “Vino de Denominación de Origen”";"07";"Comunidad Autónoma de Castilla-La Mancha";"Castilla - La Mancha";"6";"Castilla - La Mancha";"45";"Toledo";27/06/2023;;
"1";"DOP";"316";"Mondéjar";"PDO-ES-A0048";"3";"Vinos";"19";"VINOS DOP";"42";"DO: “Vino de Denominación de Origen”";"07";"Comunidad Autónoma de Castilla-La Mancha";"Castilla - La Mancha";"6";"Castilla - La Mancha";"19";"Guadalajara";27/06/2023;;
"1";"DOP";"317";"Monterrei";"PDO-ES-A1114";"3";"Vinos";"19";"VINOS DOP";"42";"DO: “Vino de Denominación de Origen”";"11";"Comunidad Autónoma de Galicia";"Galicia";"11";"Galicia";"32";"Ourense";27/06/2023;;
"1";"DOP";"318";"Montilla-Moriles";"PDO-ES-A1479";"3";"Vinos";"19";"VINOS DOP";"42";"DO: “Vino de Denominación de Origen”";"01";"Comunidad Autónoma de Andalucía";"Andalucía";"1";"Andalucía";"14";"Córdoba";27/06/2023;;
"1";"DOP";"319";"Montsant";"PDO-ES-A1550";"3";"Vinos";"19";"VINOS DOP";"42";"DO: “Vino de Denominación de Origen”";"09";"Comunidad Autónoma de Cataluña";"Cataluña";"8";"Cataluña";"43";"Tarragona";27/06/2023;;
"1";"DOP";"321";"Navarra";"PDO-ES-A0127";"3";"Vinos";"19";"VINOS DOP";"42";"DO: “Vino de Denominación de Origen”";"14";"Comunidad Foral de Navarra";"Navarra";"15";"Navarra";"31";"Navarra";27/06/2023;;
"1";"DOP";"323";"Pago de Arínzano";"PDO-ES-A0183";"3";"Vinos";"19";"VINOS DOP";"43";"VP: “Vino de Pago”";"14";"Comunidad Foral de Navarra";"Navarra";"15";"Navarra";"31";"Navarra";27/06/2023;;
"1";"DOP";"324";"Pago de Otazu";"PDO-ES-A0184";"3";"Vinos";"19";"VINOS DOP";"43";"VP: “Vino de Pago”";"14";"Comunidad Foral de Navarra";"Navarra";"15";"Navarra";"31";"Navarra";27/06/2023;;
"1";"DOP";"325";"Pago Florentino";"PDO-ES-A0057";"3";"Vinos";"19";"VINOS DOP";"43";"VP: “Vino de Pago”";"07";"Comunidad Autónoma de Castilla-La Mancha";"Castilla - La Mancha";"6";"Castilla - La Mancha";"13";"Ciudad Real";27/06/2023;;
"1";"DOP";"326";"Penedès";"PDO-ES-A1551";"3";"Vinos";"19";"VINOS DOP";"42";"DO: “Vino de Denominación de Origen”";"09";"Comunidad Autónoma de Cataluña";"Cataluña";"8";"Cataluña";"08";"Barcelona";27/06/2023;;
"1";"DOP";"326";"Penedès";"PDO-ES-A1551";"3";"Vinos";"19";"VINOS DOP";"42";"DO: “Vino de Denominación de Origen”";"09";"Comunidad Autónoma de Cataluña";"Cataluña";"8";"Cataluña";"43";"Tarragona";27/06/2023;;
"1";"DOP";"327";"Pla de Bages";"PDO-ES-A1557";"3";"Vinos";"19";"VINOS DOP";"42";"DO: “Vino de Denominación de Origen”";"09";"Comunidad Autónoma de Cataluña";"Cataluña";"8";"Cataluña";"08";"Barcelona";27/06/2023;;
"1";"DOP";"328";"Pla i Llevant";"PDO-ES-A1038";"3";"Vinos";"19";"VINOS DOP";"42";"DO: “Vino de Denominación de Origen”";"04";"Comunidad Autónoma de Illes Balears";"Baleares";"4";"Baleares";"07";"Illes Balears";27/06/2023;;
"1";"DOP";"329";"Prado de Irache";"PDO-ES-A0182";"3";"Vinos";"19";"VINOS DOP";"43";"VP: “Vino de Pago”";"14";"Comunidad Foral de Navarra";"Navarra";"15";"Navarra";"31";"Navarra";27/06/2023;;
"1";"DOP";"330";"Priorat / Priorato";"PDO-ES-A1560";"3";"Vinos";"19";"VINOS DOP";"41";"DOCa: “Vino de Denominación de Origen Calificada”";"09";"Comunidad Autónoma de Cataluña";"Cataluña";"8";"Cataluña";"43";"Tarragona";27/06/2023;;
"1";"DOP";"331";"Rías Baixas";"PDO-ES-A1119";"3";"Vinos";"19";"VINOS DOP";"42";"DO: “Vino de Denominación de Origen”";"11";"Comunidad Autónoma de Galicia";"Galicia";"11";"Galicia";"15";"A Coruña";27/06/2023;;
"1";"DOP";"331";"Rías Baixas";"PDO-ES-A1119";"3";"Vinos";"19";"VINOS DOP";"42";"DO: “Vino de Denominación de Origen”";"11";"Comunidad Autónoma de Galicia";"Galicia";"11";"Galicia";"36";"Pontevedra";27/06/2023;;
"1";"DOP";"332";"Ribeira Sacra";"PDO-ES-A1128";"3";"Vinos";"19";"VINOS DOP";"42";"DO: “Vino de Denominación de Origen”";"11";"Comunidad Autónoma de Galicia";"Galicia";"11";"Galicia";"27";"Lugo";27/06/2023;;
"1";"DOP";"332";"Ribeira Sacra";"PDO-ES-A1128";"3";"Vinos";"19";"VINOS DOP";"42";"DO: “Vino de Denominación de Origen”";"11";"Comunidad Autónoma de Galicia";"Galicia";"11";"Galicia";"32";"Ourense";27/06/2023;;
"1";"DOP";"334";"Ribeiro";"PDO-ES-A1123";"3";"Vinos";"19";"VINOS DOP";"42";"DO: “Vino de Denominación de Origen”";"11";"Comunidad Autónoma de Galicia";"Galicia";"11";"Galicia";"32";"Ourense";27/06/2023;;
"1";"DOP";"336";"Ribera del Duero";"PDO-ES-A0626";"3";"Vinos";"19";"VINOS DOP";"42";"DO: “Vino de Denominación de Origen”";"08";"Comunidad Autónoma de Castilla y León";"Castilla y León";"5";"Castilla y León";"09";"Burgos";27/06/2023;;
"1";"DOP";"336";"Ribera del Duero";"PDO-ES-A0626";"3";"Vinos";"19";"VINOS DOP";"42";"DO: “Vino de Denominación de Origen”";"08";"Comunidad Autónoma de Castilla y León";"Castilla y León";"5";"Castilla y León";"40";"Segovia";27/06/2023;;
"1";"DOP";"336";"Ribera del Duero";"PDO-ES-A0626";"3";"Vinos";"19";"VINOS DOP";"42";"DO: “Vino de Denominación de Origen”";"08";"Comunidad Autónoma de Castilla y León";"Castilla y León";"5";"Castilla y León";"42";"Soria";27/06/2023;;
"1";"DOP";"336";"Ribera del Duero";"PDO-ES-A0626";"3";"Vinos";"19";"VINOS DOP";"42";"DO: “Vino de Denominación de Origen”";"08";"Comunidad Autónoma de Castilla y León";"Castilla y León";"5";"Castilla y León";"47";"Valladolid";27/06/2023;;
"1";"DOP";"338";"Ribera del Guadiana";"PDO-ES-A1295";"3";"Vinos";"19";"VINOS DOP";"42";"DO: “Vino de Denominación de Origen”";"10";"Comunidad Autónoma de Extremadura";"Extremadura";"10";"Extremadura";"06";"Badajoz";27/06/2023;;
"1";"DOP";"338";"Ribera del Guadiana";"PDO-ES-A1295";"3";"Vinos";"19";"VINOS DOP";"42";"DO: “Vino de Denominación de Origen”";"10";"Comunidad Autónoma de Extremadura";"Extremadura";"10";"Extremadura";"10";"Cáceres";27/06/2023;;
"1";"DOP";"340";"Ribera del Júcar";"PDO-ES-A0049";"3";"Vinos";"19";"VINOS DOP";"42";"DO: “Vino de Denominación de Origen”";"07";"Comunidad Autónoma de Castilla-La Mancha";"Castilla - La Mancha";"6";"Castilla - La Mancha";"16";"Cuenca";27/06/2023;;
"1";"DOP";"342";"Rioja";"PDO-ES-A0117";"3";"Vinos";"19";"VINOS DOP";"41";"DOCa: “Vino de Denominación de Origen Calificada”";"15";"Comunidad Autónoma del País Vasco";"Castilla y León, La Rioja, Navarra y País Vasco";"20";"Supraautonómica";"01";"Álava";27/06/2023;;
"1";"DOP";"342";"Rioja";"PDO-ES-A0117";"3";"Vinos";"19";"VINOS DOP";"41";"DOCa: “Vino de Denominación de Origen Calificada”";"08";"Comunidad Autónoma de Castilla y León";"Castilla y León, La Rioja, Navarra y País Vasco";"20";"Supraautonómica";"09";"Burgos";27/06/2023;;
"1";"DOP";"342";"Rioja";"PDO-ES-A0117";"3";"Vinos";"19";"VINOS DOP";"41";"DOCa: “Vino de Denominación de Origen Calificada”";"14";"Comunidad Foral de Navarra";"Castilla y León, La Rioja, Navarra y País Vasco";"20";"Supraautonómica";"31";"Navarra";27/06/2023;;
"1";"DOP";"342";"Rioja";"PDO-ES-A0117";"3";"Vinos";"19";"VINOS DOP";"41";"DOCa: “Vino de Denominación de Origen Calificada”";"16";"Comunidad Autónoma de La Rioja";"Castilla y León, La Rioja, Navarra y País Vasco";"20";"Supraautonómica";"26";"La Rioja";27/06/2023;;
"1";"DOP";"343";"Rueda";"PDO-ES-A0889";"3";"Vinos";"19";"VINOS DOP";"42";"DO: “Vino de Denominación de Origen”";"08";"Comunidad Autónoma de Castilla y León";"Castilla y León";"5";"Castilla y León";"05";"Ávila";27/06/2023;;
"1";"DOP";"343";"Rueda";"PDO-ES-A0889";"3";"Vinos";"19";"VINOS DOP";"42";"DO: “Vino de Denominación de Origen”";"08";"Comunidad Autónoma de Castilla y León";"Castilla y León";"5";"Castilla y León";"40";"Segovia";27/06/2023;;
"1";"DOP";"343";"Rueda";"PDO-ES-A0889";"3";"Vinos";"19";"VINOS DOP";"42";"DO: “Vino de Denominación de Origen”";"08";"Comunidad Autónoma de Castilla y León";"Castilla y León";"5";"Castilla y León";"47";"Valladolid";27/06/2023;;
"1";"DOP";"345";"Sierra de Salamanca";"PDO-ES-A0631";"3";"Vinos";"19";"VINOS DOP";"44";"VC: ""Vino de Calidad”";"08";"Comunidad Autónoma de Castilla y León";"Castilla y León";"5";"Castilla y León";"37";"Salamanca";27/06/2023;;
"1";"DOP";"349";"Sierras de Málaga";"PDO-ES-A1480";"3";"Vinos";"19";"VINOS DOP";"42";"DO: “Vino de Denominación de Origen”";"01";"Comunidad Autónoma de Andalucía";"Andalucía";"1";"Andalucía";"14";"Córdoba";27/06/2023;;
"1";"DOP";"349";"Sierras de Málaga";"PDO-ES-A1480";"3";"Vinos";"19";"VINOS DOP";"42";"DO: “Vino de Denominación de Origen”";"01";"Comunidad Autónoma de Andalucía";"Andalucía";"1";"Andalucía";"29";"Málaga";27/06/2023;;
"1";"DOP";"350";"Somontano";"PDO-ES-A0534";"3";"Vinos";"19";"VINOS DOP";"42";"DO: “Vino de Denominación de Origen”";"02";"Comunidad Autónoma de Aragón";"Aragón";"2";"Aragón";"22";"Huesca";27/06/2023;;
"1";"DOP";"351";"Tacoronte-Acentejo";"PDO-ES-A0115";"3";"Vinos";"19";"VINOS DOP";"42";"DO: “Vino de Denominación de Origen”";"05";"Comunidad Autónoma de Canarias";"Canarias";"7";"Canarias";"38";"Santa Cruz de Tenerife";27/06/2023;;
"1";"DOP";"352";"Tarragona";"PDO-ES-A1555";"3";"Vinos";"19";"VINOS DOP";"42";"DO: “Vino de Denominación de Origen”";"09";"Comunidad Autónoma de Cataluña";"Cataluña";"8";"Cataluña";"43";"Tarragona";27/06/2023;;
"1";"DOP";"353";"Terra Alta";"PDO-ES-A1556";"3";"Vinos";"19";"VINOS DOP";"42";"DO: “Vino de Denominación de Origen”";"09";"Comunidad Autónoma de Cataluña";"Cataluña";"8";"Cataluña";"43";"Tarragona";27/06/2023;;
"1";"DOP";"354";"Tierra del Vino de Zamora";"PDO-ES-A0634";"3";"Vinos";"19";"VINOS DOP";"42";"DO: “Vino de Denominación de Origen”";"08";"Comunidad Autónoma de Castilla y León";"Castilla y León";"5";"Castilla y León";"37";"Salamanca";27/06/2023;;
"1";"DOP";"354";"Tierra del Vino de Zamora";"PDO-ES-A0634";"3";"Vinos";"19";"VINOS DOP";"42";"DO: “Vino de Denominación de Origen”";"08";"Comunidad Autónoma de Castilla y León";"Castilla y León";"5";"Castilla y León";"49";"Zamora";27/06/2023;;
"1";"DOP";"355";"Toro";"PDO-ES-A0886";"3";"Vinos";"19";"VINOS DOP";"42";"DO: “Vino de Denominación de Origen”";"08";"Comunidad Autónoma de Castilla y León";"Castilla y León";"5";"Castilla y León";"47";"Valladolid";27/06/2023;;
"1";"DOP";"355";"Toro";"PDO-ES-A0886";"3";"Vinos";"19";"VINOS DOP";"42";"DO: “Vino de Denominación de Origen”";"08";"Comunidad Autónoma de Castilla y León";"Castilla y León";"5";"Castilla y León";"49";"Zamora";27/06/2023;;
"1";"DOP";"357";"Uclés";"PDO-ES-A0050";"3";"Vinos";"19";"VINOS DOP";"42";"DO: “Vino de Denominación de Origen”";"07";"Comunidad Autónoma de Castilla-La Mancha";"Castilla - La Mancha";"6";"Castilla - La Mancha";"16";"Cuenca";27/06/2023;;
"1";"DOP";"357";"Uclés";"PDO-ES-A0050";"3";"Vinos";"19";"VINOS DOP";"42";"DO: “Vino de Denominación de Origen”";"07";"Comunidad Autónoma de Castilla-La Mancha";"Castilla - La Mancha";"6";"Castilla - La Mancha";"45";"Toledo";27/06/2023;;
"1";"DOP";"358";"Utiel-Requena";"PDO-ES-A0874";"3";"Vinos";"19";"VINOS DOP";"42";"DO: “Vino de Denominación de Origen”";"17";"Comunidad Valenciana";"Valencia";"19";"Valencia";"46";"Valencia";27/06/2023;;
"1";"DOP";"360";"Valdeorras";"PDO-ES-A1132";"3";"Vinos";"19";"VINOS DOP";"42";"DO: “Vino de Denominación de Origen”";"11";"Comunidad Autónoma de Galicia";"Galicia";"11";"Galicia";"32";"Ourense";27/06/2023;;
"1";"DOP";"361";"Valdepeñas";"PDO-ES-A0051";"3";"Vinos";"19";"VINOS DOP";"42";"DO: “Vino de Denominación de Origen”";"07";"Comunidad Autónoma de Castilla-La Mancha";"Castilla - La Mancha";"6";"Castilla - La Mancha";"13";"Ciudad Real";27/06/2023;;
"1";"DOP";"362";"Valencia";"PDO-ES-A0872";"3";"Vinos";"19";"VINOS DOP";"42";"DO: “Vino de Denominación de Origen”";"07";"Comunidad Autónoma de Castilla-La Mancha";"Valencia";"19";"Valencia";"02";"Albacete";27/06/2023;;
"1";"DOP";"362";"Valencia";"PDO-ES-A0872";"3";"Vinos";"19";"VINOS DOP";"42";"DO: “Vino de Denominación de Origen”";"17";"Comunidad Valenciana";"Valencia";"19";"Valencia";"03";"Alicante";27/06/2023;;
"1";"DOP";"362";"Valencia";"PDO-ES-A0872";"3";"Vinos";"19";"VINOS DOP";"42";"DO: “Vino de Denominación de Origen”";"17";"Comunidad Valenciana";"Valencia";"19";"Valencia";"46";"Valencia";27/06/2023;;
"1";"DOP";"363";"Valle de Güímar";"PDO-ES-A0980";"3";"Vinos";"19";"VINOS DOP";"42";"DO: “Vino de Denominación de Origen”";"05";"Comunidad Autónoma de Canarias";"Canarias";"7";"Canarias";"38";"Santa Cruz de Tenerife";27/06/2023;;
"1";"DOP";"364";"Valle de la Orotava";"PDO-ES-A1040";"3";"Vinos";"19";"VINOS DOP";"42";"DO: “Vino de Denominación de Origen”";"05";"Comunidad Autónoma de Canarias";"Canarias";"7";"Canarias";"38";"Santa Cruz de Tenerife";27/06/2023;;
"1";"DOP";"367";"Vallegarcía";"PDO-ES-02085";"3";"Vinos";"19";"VINOS DOP";"43";"VP: “Vino de Pago”";"07";"Comunidad Autónoma de Castilla-La Mancha";"Castilla - La Mancha";"6";"Castilla - La Mancha";"13";"Ciudad Real";27/06/2023;;
"1";"DOP";"368";"Valles de Benavente";"PDO-ES-A0646";"3";"Vinos";"19";"VINOS DOP";"44";"VC: ""Vino de Calidad”";"08";"Comunidad Autónoma de Castilla y León";"Castilla y León";"5";"Castilla y León";"49";"Zamora";27/06/2023;;
"1";"DOP";"370";"Valtiendas";"PDO-ES-A0747";"3";"Vinos";"19";"VINOS DOP";"44";"VC: ""Vino de Calidad”";"08";"Comunidad Autónoma de Castilla y León";"Castilla y León";"5";"Castilla y León";"40";"Segovia";27/06/2023;;
"1";"DOP";"371";"Vera de Estenas";"PDO-ES-N1665";"3";"Vinos";"19";"VINOS DOP";"43";"VP: “Vino de Pago”";"17";"Comunidad Valenciana";"Valencia";"19";"Valencia";"46";"Valencia";27/06/2023;;
"1";"DOP";"373";"Vinos de Madrid";"PDO-ES-A1525";"3";"Vinos";"19";"VINOS DOP";"42";"DO: “Vino de Denominación de Origen”";"12";"Comunidad de Madrid";"Madrid";"12";"Madrid";"28";"Madrid";27/06/2023;;
"1";"DOP";"374";"Ycoden-Daute-Isora";"PDO-ES-A0114";"3";"Vinos";"19";"VINOS DOP";"42";"DO: “Vino de Denominación de Origen”";"05";"Comunidad Autónoma de Canarias";"Canarias";"7";"Canarias";"38";"Santa Cruz de Tenerife";27/06/2023;;
"1";"DOP";"375";"Yecla";"PDO-ES-A0606";"3";"Vinos";"19";"VINOS DOP";"42";"DO: “Vino de Denominación de Origen”";"13";"Región de Murcia";"Murcia";"14";"Murcia";"30";"Murcia";27/06/2023;;
"1";"DOP";"382";"Urueña";"PDO-ES-02485";"3";"Vinos";"19";"VINOS DOP";"42";"DO: “Vino de Denominación de Origen”";"08";"Comunidad Autónoma de Castilla y León";"Castilla y León";"5";"Castilla y León";"47";"Valladolid";27/06/2023;;
"1";"DOP";"378";"Dehesa Peñalba";"PDO-ES-02592";"3";"Vinos";"19";"VINOS DOP";"42";"DO: “Vino de Denominación de Origen”";"08";"Comunidad Autónoma de Castilla y León";"Castilla y León";"5";"Castilla y León";"47";"Valladolid";27/06/2023;;
"1";"DOP";"376";"Abadía Retuerta";"PDO-ES-02481";"3";"Vinos";"19";"VINOS DOP";"42";"DO: “Vino de Denominación de Origen”";"08";"Comunidad Autónoma de Castilla y León";"Castilla y León";"5";"Castilla y León";"47";"Valladolid";27/06/2023;;
"1";"DOP";"377";"Bolandin";"PDO-ES-N1876";"3";"Vinos";"19";"VINOS DOP";"42";"DO: “Vino de Denominación de Origen”";"14";"Comunidad Foral de Navarra";"Navarra";"15";"Navarra";"31";"Navarra";27/06/2023;;
"1";"DOP";"213";"Queso de Acehúche";"PDO-ES-02621";"1";"Alimentarios";"3";"CLASE 1.3. QUESOS";"9";"1.3 Quesos";"10";"Comunidad Autónoma de Extremadura";"Extremadura";"10";"Extremadura";"10";"Cáceres";27/06/2023;;
"1";"DOP";"215";"Alubia de Anguiano";"PDO-ES-02642";"1";"Alimentarios";"6";"CLASE 1.6. FRUTAS, HORTALIZAS Y CEREALES FRESCOS O TRANSFORMADOS";"15";"1.6 Legumbres";"16";"Comunidad Autónoma de La Rioja";"La Rioja";"17";"La Rioja";"26";"La Rioja";27/06/2023;;
"1";"DOP";"214";"Nuez de Pedroso";"PDO-ES-02643";"1";"Alimentarios";"6";"CLASE 1.6. FRUTAS, HORTALIZAS Y CEREALES FRESCOS O TRANSFORMADOS";"19";"1.6 Otros vegetales (frutos secos)";"16";"Comunidad Autónoma de La Rioja";"La Rioja";"17";"La Rioja";"26";"La Rioja";27/06/2023;;
"2";"IGP";"286";"Extremadura";"PGI-ES-A1300";"3";"Vinos";"21";"VINOS IGP";"45";"VT: “Vino de la Tierra”";"10";"Comunidad Autónoma de Extremadura";"Extremadura";"10";"Extremadura";"06";"Badajoz";27/06/2023;;
"2";"IGP";"286";"Extremadura";"PGI-ES-A1300";"3";"Vinos";"21";"VINOS IGP";"45";"VT: “Vino de la Tierra”";"10";"Comunidad Autónoma de Extremadura";"Extremadura";"10";"Extremadura";"10";"Cáceres";27/06/2023;;
"2";"IGP";"288";"Formentera";"PGI-ES-A0875";"3";"Vinos";"21";"VINOS IGP";"45";"VT: “Vino de la Tierra”";"04";"Comunidad Autónoma de Illes Balears";"Baleares";"4";"Baleares";"07";"Illes Balears";27/06/2023;;
"2";"IGP";"292";"Ibiza / Eivissa";"PGI-ES-A0110";"3";"Vinos";"21";"VINOS IGP";"45";"VT: “Vino de la Tierra”";"04";"Comunidad Autónoma de Illes Balears";"Baleares";"4";"Baleares";"07";"Illes Balears";27/06/2023;;
"2";"IGP";"293";"Illes Balears";"PGI-ES-A0947";"3";"Vinos";"21";"VINOS IGP";"45";"VT: “Vino de la Tierra”";"04";"Comunidad Autónoma de Illes Balears";"Baleares";"4";"Baleares";"07";"Illes Balears";27/06/2023;;
"2";"IGP";"294";"Isla de Menorca / Illa de Menorca";"PGI-ES-A0870";"3";"Vinos";"21";"VINOS IGP";"45";"VT: “Vino de la Tierra”";"04";"Comunidad Autónoma de Illes Balears";"Baleares";"4";"Baleares";"07";"Illes Balears";27/06/2023;;
"2";"IGP";"302";"Laderas del Genil";"PGI-ES-A1409";"3";"Vinos";"21";"VINOS IGP";"45";"VT: “Vino de la Tierra”";"01";"Comunidad Autónoma de Andalucía";"Andalucía";"1";"Andalucía";"18";"Granada";27/06/2023;;
"2";"IGP";"304";"Laujar-Alpujarra";"PGI-ES-A1410";"3";"Vinos";"21";"VINOS IGP";"45";"VT: “Vino de la Tierra”";"01";"Comunidad Autónoma de Andalucía";"Andalucía";"1";"Andalucía";"04";"Almería";27/06/2023;;
"2";"IGP";"307";"Liébana";"PGI-ES-A0130";"3";"Vinos";"21";"VINOS IGP";"45";"VT: “Vino de la Tierra”";"06";"Comunidad Autónoma de Cantabria";"Cantabria";"18";"Cantabria";"39";"Cantabria";27/06/2023;;
"2";"IGP";"310";"Los Palacios";"PGI-ES-A1411";"3";"Vinos";"21";"VINOS IGP";"45";"VT: “Vino de la Tierra”";"01";"Comunidad Autónoma de Andalucía";"Andalucía";"1";"Andalucía";"41";"Sevilla";27/06/2023;;
"2";"IGP";"312";"Mallorca";"PGI-ES-A0960";"3";"Vinos";"21";"VINOS IGP";"45";"VT: “Vino de la Tierra”";"04";"Comunidad Autónoma de Illes Balears";"Baleares";"4";"Baleares";"07";"Illes Balears";27/06/2023;;
"2";"IGP";"320";"Murcia";"PGI-ES-A0608";"3";"Vinos";"21";"VINOS IGP";"45";"VT: “Vino de la Tierra”";"13";"Región de Murcia";"Murcia";"14";"Murcia";"30";"Murcia";27/06/2023;;
"2";"IGP";"322";"Norte de Almería";"PGI-ES-A1412";"3";"Vinos";"21";"VINOS IGP";"45";"VT: “Vino de la Tierra”";"01";"Comunidad Autónoma de Andalucía";"Andalucía";"1";"Andalucía";"04";"Almería";27/06/2023;;
"2";"IGP";"333";"Ribeiras do Morrazo";"PGI-ES-02238";"3";"Vinos";"21";"VINOS IGP";"45";"VT: “Vino de la Tierra”";"11";"Comunidad Autónoma de Galicia";"Galicia";"11";"Galicia";"36";"Pontevedra";27/06/2023;;
"2";"IGP";"335";"Ribera del Andarax";"PGI-ES-A1414";"3";"Vinos";"21";"VINOS IGP";"45";"VT: “Vino de la Tierra”";"01";"Comunidad Autónoma de Andalucía";"Andalucía";"1";"Andalucía";"04";"Almería";27/06/2023;;
"2";"IGP";"337";"Ribera del Gállego - Cinco Villas";"PGI-ES-A0245";"3";"Vinos";"21";"VINOS IGP";"45";"VT: “Vino de la Tierra”";"02";"Comunidad Autónoma de Aragón";"Aragón";"2";"Aragón";"22";"Huesca";27/06/2023;;
"2";"IGP";"337";"Ribera del Gállego - Cinco Villas";"PGI-ES-A0245";"3";"Vinos";"21";"VINOS IGP";"45";"VT: “Vino de la Tierra”";"02";"Comunidad Autónoma de Aragón";"Aragón";"2";"Aragón";"50";"Zaragoza";27/06/2023;;
"2";"IGP";"339";"Ribera del Jiloca";"PGI-ES-A0244";"3";"Vinos";"21";"VINOS IGP";"45";"VT: “Vino de la Tierra”";"02";"Comunidad Autónoma de Aragón";"Aragón";"2";"Aragón";"44";"Teruel";27/06/2023;;
"2";"IGP";"339";"Ribera del Jiloca";"PGI-ES-A0244";"3";"Vinos";"21";"VINOS IGP";"45";"VT: “Vino de la Tierra”";"02";"Comunidad Autónoma de Aragón";"Aragón";"2";"Aragón";"50";"Zaragoza";27/06/2023;;
"2";"IGP";"341";"Ribera del Queiles";"PGI-ES-A0083";"3";"Vinos";"21";"VINOS IGP";"45";"VT: “Vino de la Tierra”";"14";"Comunidad Foral de Navarra";"Aragón y Navarra";"20";"Supraautonómica";"31";"Navarra";27/06/2023;;
"2";"IGP";"341";"Ribera del Queiles";"PGI-ES-A0083";"3";"Vinos";"21";"VINOS IGP";"45";"VT: “Vino de la Tierra”";"02";"Comunidad Autónoma de Aragón";"Aragón y Navarra";"20";"Supraautonómica";"50";"Zaragoza";27/06/2023;;
"2";"IGP";"344";"Serra de Tramuntana-Costa Nord";"PGI-ES-A0103";"3";"Vinos";"21";"VINOS IGP";"45";"VT: “Vino de la Tierra”";"04";"Comunidad Autónoma de Illes Balears";"Baleares";"4";"Baleares";"07";"Illes Balears";27/06/2023;;
"2";"IGP";"346";"Sierra Norte de Sevilla";"PGI-ES-A1415";"3";"Vinos";"21";"VINOS IGP";"45";"VT: “Vino de la Tierra”";"01";"Comunidad Autónoma de Andalucía";"Andalucía";"1";"Andalucía";"41";"Sevilla";27/06/2023;;
"2";"IGP";"347";"Sierra Sur de Jaén";"PGI-ES-A1416";"3";"Vinos";"21";"VINOS IGP";"45";"VT: “Vino de la Tierra”";"01";"Comunidad Autónoma de Andalucía";"Andalucía";"1";"Andalucía";"23";"Jaén";27/06/2023;;
"2";"IGP";"348";"Sierras de Las Estancias y Los Filabres";"PGI-ES-A1417";"3";"Vinos";"21";"VINOS IGP";"45";"VT: “Vino de la Tierra”";"01";"Comunidad Autónoma de Andalucía";"Andalucía";"1";"Andalucía";"04";"Almería";27/06/2023;;
"2";"IGP";"356";"Torreperogil";"PGI-ES-A1418";"3";"Vinos";"21";"VINOS IGP";"45";"VT: “Vino de la Tierra”";"01";"Comunidad Autónoma de Andalucía";"Andalucía";"1";"Andalucía";"23";"Jaén";27/06/2023;;
"2";"IGP";"359";"Valdejalón";"PGI-ES-A0246";"3";"Vinos";"21";"VINOS IGP";"45";"VT: “Vino de la Tierra”";"02";"Comunidad Autónoma de Aragón";"Aragón";"2";"Aragón";"50";"Zaragoza";27/06/2023;;
"2";"IGP";"365";"Valle del Cinca";"PGI-ES-A0181";"3";"Vinos";"21";"VINOS IGP";"45";"VT: “Vino de la Tierra”";"02";"Comunidad Autónoma de Aragón";"Aragón";"2";"Aragón";"22";"Huesca";27/06/2023;;
"2";"IGP";"366";"Valle del Miño-Ourense / Val do Miño-Ourense";"PGI-ES-A1259";"3";"Vinos";"21";"VINOS IGP";"45";"VT: “Vino de la Tierra”";"11";"Comunidad Autónoma de Galicia";"Galicia";"11";"Galicia";"32";"Ourense";27/06/2023;;
"2";"IGP";"369";"Valles de Sadacia";"PGI-ES-A0511";"3";"Vinos";"21";"VINOS IGP";"45";"VT: “Vino de la Tierra”";"16";"Comunidad Autónoma de La Rioja";"La Rioja";"17";"La Rioja";"26";"La Rioja";27/06/2023;;
"2";"IGP";"372";"Villaviciosa de Córdoba";"PGI-ES-A1419";"3";"Vinos";"21";"VINOS IGP";"45";"VT: “Vino de la Tierra”";"01";"Comunidad Autónoma de Andalucía";"Andalucía";"1";"Andalucía";"14";"Córdoba";27/06/2023;;
"2";"IGP";"199";"Vaca e Boi de Galicia / Vaca y Buey de Galicia";"PGI-ES-2308";"1";"Alimentarios";"1";"CLASE 1.1. CARNES FRESCAS";"2";"1.1 Vacuno";"11";"Comunidad Autónoma de Galicia";"Galicia";"11";"Galicia";"15";"A Coruña";27/06/2023;;
"2";"IGP";"199";"Vaca e Boi de Galicia / Vaca y Buey de Galicia";"PGI-ES-2308";"1";"Alimentarios";"1";"CLASE 1.1. CARNES FRESCAS";"2";"1.1 Vacuno";"11";"Comunidad Autónoma de Galicia";"Galicia";"11";"Galicia";"27";"Lugo";27/06/2023;;
"2";"IGP";"199";"Vaca e Boi de Galicia / Vaca y Buey de Galicia";"PGI-ES-2308";"1";"Alimentarios";"1";"CLASE 1.1. CARNES FRESCAS";"2";"1.1 Vacuno";"11";"Comunidad Autónoma de Galicia";"Galicia";"11";"Galicia";"32";"Ourense";27/06/2023;;
"2";"IGP";"409";"Torrezno de Soria";"PGI-ES-03038";"1";"Alimentarios";"2";"CLASE 1.2. PRODUCTOS CÁRNICOS";"8";"1.2 Otros productos cárnicos";"08";"Comunidad Autónoma de Castilla y León";"Castilla y León";"5";"Castilla y León";"42";"Soria";20/03/2025;;
"2";"IGP";"257";"Campo de Cartagena";"PGI-ES-A0607";"3";"Vinos";"21";"VINOS IGP";"45";"VT: “Vino de la Tierra”";"13";"Región de Murcia";"Murcia";"14";"Murcia";"30";"Murcia";21/03/2025;;
"2";"IGP";"170";"Melón de Torre Pacheco-Murcia";"PGI-ES-1235";"1";"Alimentarios";"6";"CLASE 1.6. FRUTAS, HORTALIZAS Y CEREALES FRESCOS O TRANSFORMADOS";"13";"1.6 Frutas";"13";"Región de Murcia";"Murcia";"14";"Murcia";"30";"Murcia";21/03/2025;;
"2";"IGP";"199";"Vaca e Boi de Galicia / Vaca y Buey de Galicia";"PGI-ES-2308";"1";"Alimentarios";"1";"CLASE 1.1. CARNES FRESCAS";"2";"1.1 Vacuno";"11";"Comunidad Autónoma de Galicia";"Galicia";"11";"Galicia";"36";"Pontevedra";27/06/2023;;
"2";"IGP";"174";"Cordero de Navarra / Nafarroako Arkumea";"PGI-ES-0212";"1";"Alimentarios";"1";"CLASE 1.1. CARNES FRESCAS";"3";"1.1 Ovino";"14";"Comunidad Foral de Navarra";"Navarra";"15";"Navarra";"31";"Navarra";27/06/2023;;
"2";"IGP";"175";"Ternera de Navarra / Nafarroako Aratxea";"PGI-ES-0130";"1";"Alimentarios";"1";"CLASE 1.1. CARNES FRESCAS";"2";"1.1 Vacuno";"14";"Comunidad Foral de Navarra";"Navarra";"15";"Navarra";"31";"Navarra";27/06/2023;;
"2";"IGP";"177";"Alcachofa de Tudela";"PGI-ES-0139";"1";"Alimentarios";"6";"CLASE 1.6. FRUTAS, HORTALIZAS Y CEREALES FRESCOS O TRANSFORMADOS";"14";"1.6 Hortalizas";"14";"Comunidad Foral de Navarra";"Navarra";"15";"Navarra";"31";"Navarra";27/06/2023;;
"2";"IGP";"179";"Carne de Vacuno del País Vasco / Euskal Okela";"PGI-ES-0175";"1";"Alimentarios";"1";"CLASE 1.1. CARNES FRESCAS";"2";"1.1 Vacuno";"15";"Comunidad Autónoma del País Vasco";"País Vasco";"16";"País Vasco";"01";"Álava";27/06/2023;;
"2";"IGP";"179";"Carne de Vacuno del País Vasco / Euskal Okela";"PGI-ES-0175";"1";"Alimentarios";"1";"CLASE 1.1. CARNES FRESCAS";"2";"1.1 Vacuno";"15";"Comunidad Autónoma del País Vasco";"País Vasco";"16";"País Vasco";"48";"Vizcaya";27/06/2023;;
"2";"IGP";"179";"Carne de Vacuno del País Vasco / Euskal Okela";"PGI-ES-0175";"1";"Alimentarios";"1";"CLASE 1.1. CARNES FRESCAS";"2";"1.1 Vacuno";"15";"Comunidad Autónoma del País Vasco";"País Vasco";"16";"País Vasco";"20";"Guipúzcoa";27/06/2023;;
"2";"IGP";"180";"Pimiento de Gernika or Gernikako Piperra";"PGI-ES-0673";"1";"Alimentarios";"6";"CLASE 1.6. FRUTAS, HORTALIZAS Y CEREALES FRESCOS O TRANSFORMADOS";"14";"1.6 Hortalizas";"15";"Comunidad Autónoma del País Vasco";"País Vasco";"16";"País Vasco";"01";"Álava";27/06/2023;;
"2";"IGP";"180";"Pimiento de Gernika or Gernikako Piperra";"PGI-ES-0673";"1";"Alimentarios";"6";"CLASE 1.6. FRUTAS, HORTALIZAS Y CEREALES FRESCOS O TRANSFORMADOS";"14";"1.6 Hortalizas";"15";"Comunidad Autónoma del País Vasco";"País Vasco";"16";"País Vasco";"48";"Vizcaya";27/06/2023;;
"2";"IGP";"180";"Pimiento de Gernika or Gernikako Piperra";"PGI-ES-0673";"1";"Alimentarios";"6";"CLASE 1.6. FRUTAS, HORTALIZAS Y CEREALES FRESCOS O TRANSFORMADOS";"14";"1.6 Hortalizas";"15";"Comunidad Autónoma del País Vasco";"País Vasco";"16";"País Vasco";"20";"Guipúzcoa";27/06/2023;;
"2";"IGP";"189";"Cerezas de la Montaña de Alicante";"PGI-ES-0099";"1";"Alimentarios";"6";"CLASE 1.6. FRUTAS, HORTALIZAS Y CEREALES FRESCOS O TRANSFORMADOS";"13";"1.6 Frutas";"17";"Comunidad Valenciana";"Valencia";"19";"Valencia";"03";"Alicante";27/06/2023;;
"2";"IGP";"189";"Cerezas de la Montaña de Alicante";"PGI-ES-0099";"1";"Alimentarios";"6";"CLASE 1.6. FRUTAS, HORTALIZAS Y CEREALES FRESCOS O TRANSFORMADOS";"13";"1.6 Frutas";"17";"Comunidad Valenciana";"Valencia";"19";"Valencia";"46";"Valencia";27/06/2023;;
"2";"IGP";"190";"Cítricos Valencianos / Cítrics Valencians";"PGI-ES-0152";"1";"Alimentarios";"6";"CLASE 1.6. FRUTAS, HORTALIZAS Y CEREALES FRESCOS O TRANSFORMADOS";"13";"1.6 Frutas";"17";"Comunidad Valenciana";"Valencia";"19";"Valencia";"03";"Alicante";27/06/2023;;
"2";"IGP";"190";"Cítricos Valencianos / Cítrics Valencians";"PGI-ES-0152";"1";"Alimentarios";"6";"CLASE 1.6. FRUTAS, HORTALIZAS Y CEREALES FRESCOS O TRANSFORMADOS";"13";"1.6 Frutas";"17";"Comunidad Valenciana";"Valencia";"19";"Valencia";"12";"Castellon";27/06/2023;;
"2";"IGP";"190";"Cítricos Valencianos / Cítrics Valencians";"PGI-ES-0152";"1";"Alimentarios";"6";"CLASE 1.6. FRUTAS, HORTALIZAS Y CEREALES FRESCOS O TRANSFORMADOS";"13";"1.6 Frutas";"17";"Comunidad Valenciana";"Valencia";"19";"Valencia";"46";"Valencia";27/06/2023;;
"2";"IGP";"191";"Jijona";"PGI-ES-1563";"1";"Alimentarios";"9";"CLASE 2.3. PRODUCTOS DE PANADERÍA, PASTELERÍA, REPOSTERÍA Y GALLETERÍA";"26";"2.3  Turrones";"17";"Comunidad Valenciana";"Valencia";"19";"Valencia";"03";"Alicante";27/06/2023;;
"2";"IGP";"192";"Turrón de Alicante";"PGI-ES-1564";"1";"Alimentarios";"9";"CLASE 2.3. PRODUCTOS DE PANADERÍA, PASTELERÍA, REPOSTERÍA Y GALLETERÍA";"26";"2.3  Turrones";"17";"Comunidad Valenciana";"Valencia";"19";"Valencia";"03";"Alicante";27/06/2023;;
"2";"IGP";"201";"Aceite de Ibiza / Oli d'Eivissa";"PGI-ES-02459";"1";"Alimentarios";"5";"CLASE 1.5. ACEITES Y GRASAS";"11";"1.5 Aceites  de Oliva Virgen";"04";"Comunidad Autónoma de Illes Balears";"Baleares";"4";"Baleares";"07";"Illes Balears";27/06/2023;;
"2";"IGP";"202";"Aceite de Jaén";"PGI-ES-2322";"1";"Alimentarios";"5";"CLASE 1.5. ACEITES Y GRASAS";"11";"1.5 Aceites  de Oliva Virgen";"01";"Comunidad Autónoma de Andalucía";"Andalucía";"1";"Andalucía";"23";"Jaén";27/06/2023;;
"2";"IGP";"204";"Mollete de Antequera";"PGI-ES-02393";"1";"Alimentarios";"9";"CLASE 2.3. PRODUCTOS DE PANADERÍA, PASTELERÍA, REPOSTERÍA Y GALLETERÍA";"27";"2.3 Panes";"01";"Comunidad Autónoma de Andalucía";"Andalucía";"1";"Andalucía";"29";"Málaga";27/06/2023;;
"2";"IGP";"205";"Pan Galego / Pan Gallego";"PGI-ES-02321";"1";"Alimentarios";"9";"CLASE 2.3. PRODUCTOS DE PANADERÍA, PASTELERÍA, REPOSTERÍA Y GALLETERÍA";"27";"2.3 Panes";"11";"Comunidad Autónoma de Galicia";"Galicia";"11";"Galicia";"15";"A Coruña";27/06/2023;;
"2";"IGP";"205";"Pan Galego / Pan Gallego";"PGI-ES-02321";"1";"Alimentarios";"9";"CLASE 2.3. PRODUCTOS DE PANADERÍA, PASTELERÍA, REPOSTERÍA Y GALLETERÍA";"27";"2.3 Panes";"11";"Comunidad Autónoma de Galicia";"Galicia";"11";"Galicia";"27";"Lugo";27/06/2023;;
"2";"IGP";"205";"Pan Galego / Pan Gallego";"PGI-ES-02321";"1";"Alimentarios";"9";"CLASE 2.3. PRODUCTOS DE PANADERÍA, PASTELERÍA, REPOSTERÍA Y GALLETERÍA";"27";"2.3 Panes";"11";"Comunidad Autónoma de Galicia";"Galicia";"11";"Galicia";"32";"Ourense";27/06/2023;;
"2";"IGP";"205";"Pan Galego / Pan Gallego";"PGI-ES-02321";"1";"Alimentarios";"9";"CLASE 2.3. PRODUCTOS DE PANADERÍA, PASTELERÍA, REPOSTERÍA Y GALLETERÍA";"27";"2.3 Panes";"11";"Comunidad Autónoma de Galicia";"Galicia";"11";"Galicia";"36";"Pontevedra";27/06/2023;;
"2";"IGP";"207";"Queso Castellano";"PGI-ES-02307";"1";"Alimentarios";"3";"CLASE 1.3. QUESOS";"9";"1.3 Quesos";"08";"Comunidad Autónoma de Castilla y León";"Castilla y León";"5";"Castilla y León";"05";"Ávila";27/06/2023;;
"2";"IGP";"207";"Queso Castellano";"PGI-ES-02307";"1";"Alimentarios";"3";"CLASE 1.3. QUESOS";"9";"1.3 Quesos";"08";"Comunidad Autónoma de Castilla y León";"Castilla y León";"5";"Castilla y León";"09";"Burgos";27/06/2023;;
"2";"IGP";"207";"Queso Castellano";"PGI-ES-02307";"1";"Alimentarios";"3";"CLASE 1.3. QUESOS";"9";"1.3 Quesos";"08";"Comunidad Autónoma de Castilla y León";"Castilla y León";"5";"Castilla y León";"24";"León";27/06/2023;;
"2";"IGP";"207";"Queso Castellano";"PGI-ES-02307";"1";"Alimentarios";"3";"CLASE 1.3. QUESOS";"9";"1.3 Quesos";"08";"Comunidad Autónoma de Castilla y León";"Castilla y León";"5";"Castilla y León";"34";"Palencia";27/06/2023;;
"2";"IGP";"207";"Queso Castellano";"PGI-ES-02307";"1";"Alimentarios";"3";"CLASE 1.3. QUESOS";"9";"1.3 Quesos";"08";"Comunidad Autónoma de Castilla y León";"Castilla y León";"5";"Castilla y León";"37";"Salamanca";27/06/2023;;
"2";"IGP";"207";"Queso Castellano";"PGI-ES-02307";"1";"Alimentarios";"3";"CLASE 1.3. QUESOS";"9";"1.3 Quesos";"08";"Comunidad Autónoma de Castilla y León";"Castilla y León";"5";"Castilla y León";"40";"Segovia";27/06/2023;;
"2";"IGP";"207";"Queso Castellano";"PGI-ES-02307";"1";"Alimentarios";"3";"CLASE 1.3. QUESOS";"9";"1.3 Quesos";"08";"Comunidad Autónoma de Castilla y León";"Castilla y León";"5";"Castilla y León";"42";"Soria";27/06/2023;;
"2";"IGP";"207";"Queso Castellano";"PGI-ES-02307";"1";"Alimentarios";"3";"CLASE 1.3. QUESOS";"9";"1.3 Quesos";"08";"Comunidad Autónoma de Castilla y León";"Castilla y León";"5";"Castilla y León";"47";"Valladolid";27/06/2023;;
"2";"IGP";"207";"Queso Castellano";"PGI-ES-02307";"1";"Alimentarios";"3";"CLASE 1.3. QUESOS";"9";"1.3 Quesos";"08";"Comunidad Autónoma de Castilla y León";"Castilla y León";"5";"Castilla y León";"49";"Zamora";27/06/2023;;
"2";"IGP";"237";"3 Riberas";"PGI-ES-A0128";"3";"Vinos";"21";"VINOS IGP";"45";"VT: “Vino de la Tierra”";"14";"Comunidad Foral de Navarra";"Navarra";"15";"Navarra";"31";"Navarra";27/06/2023;;
"2";"IGP";"242";"Altiplano de Sierra Nevada";"PGI-ES-A1402";"3";"Vinos";"21";"VINOS IGP";"45";"VT: “Vino de la Tierra”";"01";"Comunidad Autónoma de Andalucía";"Andalucía";"1";"Andalucía";"18";"Granada";27/06/2023;;
"2";"IGP";"246";"Bailén";"PGI-ES-A1404";"3";"Vinos";"21";"VINOS IGP";"45";"VT: “Vino de la Tierra”";"01";"Comunidad Autónoma de Andalucía";"Andalucía";"1";"Andalucía";"23";"Jaén";27/06/2023;;
"2";"IGP";"247";"Bajo Aragón";"PGI-ES-A1362";"3";"Vinos";"21";"VINOS IGP";"45";"VT: “Vino de la Tierra”";"02";"Comunidad Autónoma de Aragón";"Aragón";"2";"Aragón";"44";"Teruel";27/06/2023;;
"2";"IGP";"247";"Bajo Aragón";"PGI-ES-A1362";"3";"Vinos";"21";"VINOS IGP";"45";"VT: “Vino de la Tierra”";"02";"Comunidad Autónoma de Aragón";"Aragón";"2";"Aragón";"50";"Zaragoza";27/06/2023;;
"2";"IGP";"248";"Barbanza e Iria";"PGI-ES-A1255";"3";"Vinos";"21";"VINOS IGP";"45";"VT: “Vino de la Tierra”";"11";"Comunidad Autónoma de Galicia";"Galicia";"11";"Galicia";"15";"A Coruña";27/06/2023;;
"2";"IGP";"248";"Barbanza e Iria";"PGI-ES-A1255";"3";"Vinos";"21";"VINOS IGP";"45";"VT: “Vino de la Tierra”";"11";"Comunidad Autónoma de Galicia";"Galicia";"11";"Galicia";"36";"Pontevedra";27/06/2023;;
"2";"IGP";"249";"Betanzos";"PGI-ES-A1257";"3";"Vinos";"21";"VINOS IGP";"45";"VT: “Vino de la Tierra”";"11";"Comunidad Autónoma de Galicia";"Galicia";"11";"Galicia";"15";"A Coruña";27/06/2023;;
"2";"IGP";"253";"Cádiz";"PGI-ES-A1405";"3";"Vinos";"21";"VINOS IGP";"45";"VT: “Vino de la Tierra”";"01";"Comunidad Autónoma de Andalucía";"Andalucía";"1";"Andalucía";"11";"Cádiz";27/06/2023;;
"2";"IGP";"262";"Castelló";"PGI-ES-A1173";"3";"Vinos";"21";"VINOS IGP";"45";"VT: “Vino de la Tierra”";"17";"Comunidad Valenciana";"Valencia";"19";"Valencia";"12";"Castellon";27/06/2023;;
"2";"IGP";"263";"Castilla";"PGI-ES-A0059";"3";"Vinos";"21";"VINOS IGP";"45";"VT: “Vino de la Tierra”";"07";"Comunidad Autónoma de Castilla-La Mancha";"Castilla - La Mancha";"6";"Castilla - La Mancha";"02";"Albacete";27/06/2023;;
"2";"IGP";"263";"Castilla";"PGI-ES-A0059";"3";"Vinos";"21";"VINOS IGP";"45";"VT: “Vino de la Tierra”";"07";"Comunidad Autónoma de Castilla-La Mancha";"Castilla - La Mancha";"6";"Castilla - La Mancha";"13";"Ciudad Real";27/06/2023;;
"2";"IGP";"263";"Castilla";"PGI-ES-A0059";"3";"Vinos";"21";"VINOS IGP";"45";"VT: “Vino de la Tierra”";"07";"Comunidad Autónoma de Castilla-La Mancha";"Castilla - La Mancha";"6";"Castilla - La Mancha";"16";"Cuenca";27/06/2023;;
"2";"IGP";"263";"Castilla";"PGI-ES-A0059";"3";"Vinos";"21";"VINOS IGP";"45";"VT: “Vino de la Tierra”";"07";"Comunidad Autónoma de Castilla-La Mancha";"Castilla - La Mancha";"6";"Castilla - La Mancha";"19";"Guadalajara";27/06/2023;;
"2";"IGP";"263";"Castilla";"PGI-ES-A0059";"3";"Vinos";"21";"VINOS IGP";"45";"VT: “Vino de la Tierra”";"07";"Comunidad Autónoma de Castilla-La Mancha";"Castilla - La Mancha";"6";"Castilla - La Mancha";"45";"Toledo";27/06/2023;;
"2";"IGP";"264";"Castilla y León";"PGI-ES-A0948";"3";"Vinos";"21";"VINOS IGP";"45";"VT: “Vino de la Tierra”";"08";"Comunidad Autónoma de Castilla y León";"Castilla y León";"5";"Castilla y León";"05";"Ávila";27/06/2023;;
"2";"IGP";"264";"Castilla y León";"PGI-ES-A0948";"3";"Vinos";"21";"VINOS IGP";"45";"VT: “Vino de la Tierra”";"08";"Comunidad Autónoma de Castilla y León";"Castilla y León";"5";"Castilla y León";"09";"Burgos";27/06/2023;;
"2";"IGP";"264";"Castilla y León";"PGI-ES-A0948";"3";"Vinos";"21";"VINOS IGP";"45";"VT: “Vino de la Tierra”";"08";"Comunidad Autónoma de Castilla y León";"Castilla y León";"5";"Castilla y León";"24";"León";27/06/2023;;
"2";"IGP";"264";"Castilla y León";"PGI-ES-A0948";"3";"Vinos";"21";"VINOS IGP";"45";"VT: “Vino de la Tierra”";"08";"Comunidad Autónoma de Castilla y León";"Castilla y León";"5";"Castilla y León";"34";"Palencia";27/06/2023;;
"2";"IGP";"264";"Castilla y León";"PGI-ES-A0948";"3";"Vinos";"21";"VINOS IGP";"45";"VT: “Vino de la Tierra”";"08";"Comunidad Autónoma de Castilla y León";"Castilla y León";"5";"Castilla y León";"37";"Salamanca";27/06/2023;;
"2";"IGP";"264";"Castilla y León";"PGI-ES-A0948";"3";"Vinos";"21";"VINOS IGP";"45";"VT: “Vino de la Tierra”";"08";"Comunidad Autónoma de Castilla y León";"Castilla y León";"5";"Castilla y León";"40";"Segovia";27/06/2023;;
"2";"IGP";"264";"Castilla y León";"PGI-ES-A0948";"3";"Vinos";"21";"VINOS IGP";"45";"VT: “Vino de la Tierra”";"08";"Comunidad Autónoma de Castilla y León";"Castilla y León";"5";"Castilla y León";"42";"Soria";27/06/2023;;
"2";"IGP";"264";"Castilla y León";"PGI-ES-A0948";"3";"Vinos";"21";"VINOS IGP";"45";"VT: “Vino de la Tierra”";"08";"Comunidad Autónoma de Castilla y León";"Castilla y León";"5";"Castilla y León";"47";"Valladolid";27/06/2023;;
"2";"IGP";"264";"Castilla y León";"PGI-ES-A0948";"3";"Vinos";"21";"VINOS IGP";"45";"VT: “Vino de la Tierra”";"08";"Comunidad Autónoma de Castilla y León";"Castilla y León";"5";"Castilla y León";"49";"Zamora";27/06/2023;;
"2";"IGP";"275";"Córdoba";"PGI-ES-A1406";"3";"Vinos";"21";"VINOS IGP";"45";"VT: “Vino de la Tierra”";"01";"Comunidad Autónoma de Andalucía";"Andalucía";"1";"Andalucía";"14";"Córdoba";27/06/2023;;
"2";"IGP";"276";"Costa de Cantabria";"PGI-ES-A0129";"3";"Vinos";"21";"VINOS IGP";"45";"VT: “Vino de la Tierra”";"06";"Comunidad Autónoma de Cantabria";"Cantabria";"18";"Cantabria";"39";"Cantabria";27/06/2023;;
"2";"IGP";"278";"Cumbres del Guadalfeo";"PGI-ES-A1407";"3";"Vinos";"21";"VINOS IGP";"45";"VT: “Vino de la Tierra”";"01";"Comunidad Autónoma de Andalucía";"Andalucía";"1";"Andalucía";"18";"Granada";27/06/2023;;
"2";"IGP";"280";"Desierto de Almería";"PGI-ES-A1408";"3";"Vinos";"21";"VINOS IGP";"45";"VT: “Vino de la Tierra”";"01";"Comunidad Autónoma de Andalucía";"Andalucía";"1";"Andalucía";"04";"Almería";27/06/2023;;
"2";"IGP";"130";"Grelos de Galicia";"PGI-ES-0469";"1";"Alimentarios";"6";"CLASE 1.6. FRUTAS, HORTALIZAS Y CEREALES FRESCOS O TRANSFORMADOS";"14";"1.6 Hortalizas";"11";"Comunidad Autónoma de Galicia";"Galicia";"11";"Galicia";"36";"Pontevedra";27/06/2023;;
"2";"IGP";"131";"Patata de Galicia / Pataca de Galicia";"PGI-ES-0205";"1";"Alimentarios";"6";"CLASE 1.6. FRUTAS, HORTALIZAS Y CEREALES FRESCOS O TRANSFORMADOS";"14";"1.6 Hortalizas";"11";"Comunidad Autónoma de Galicia";"Galicia";"11";"Galicia";"15";"A Coruña";27/06/2023;;
"2";"IGP";"131";"Patata de Galicia / Pataca de Galicia";"PGI-ES-0205";"1";"Alimentarios";"6";"CLASE 1.6. FRUTAS, HORTALIZAS Y CEREALES FRESCOS O TRANSFORMADOS";"14";"1.6 Hortalizas";"11";"Comunidad Autónoma de Galicia";"Galicia";"11";"Galicia";"27";"Lugo";27/06/2023;;
"2";"IGP";"131";"Patata de Galicia / Pataca de Galicia";"PGI-ES-0205";"1";"Alimentarios";"6";"CLASE 1.6. FRUTAS, HORTALIZAS Y CEREALES FRESCOS O TRANSFORMADOS";"14";"1.6 Hortalizas";"11";"Comunidad Autónoma de Galicia";"Galicia";"11";"Galicia";"32";"Ourense";27/06/2023;;
"2";"IGP";"131";"Patata de Galicia / Pataca de Galicia";"PGI-ES-0205";"1";"Alimentarios";"6";"CLASE 1.6. FRUTAS, HORTALIZAS Y CEREALES FRESCOS O TRANSFORMADOS";"14";"1.6 Hortalizas";"11";"Comunidad Autónoma de Galicia";"Galicia";"11";"Galicia";"36";"Pontevedra";27/06/2023;;
"2";"IGP";"132";"Pemento do Couto";"PGI-ES-0464";"1";"Alimentarios";"6";"CLASE 1.6. FRUTAS, HORTALIZAS Y CEREALES FRESCOS O TRANSFORMADOS";"14";"1.6 Hortalizas";"11";"Comunidad Autónoma de Galicia";"Galicia";"11";"Galicia";"15";"A Coruña";27/06/2023;;
"2";"IGP";"133";"Pemento de Oímbra";"PGI-ES-0486";"1";"Alimentarios";"6";"CLASE 1.6. FRUTAS, HORTALIZAS Y CEREALES FRESCOS O TRANSFORMADOS";"14";"1.6 Hortalizas";"11";"Comunidad Autónoma de Galicia";"Galicia";"11";"Galicia";"32";"Ourense";27/06/2023;;
"2";"IGP";"135";"Pemento da Arnoia";"PGI-ES-0510";"1";"Alimentarios";"6";"CLASE 1.6. FRUTAS, HORTALIZAS Y CEREALES FRESCOS O TRANSFORMADOS";"14";"1.6 Hortalizas";"11";"Comunidad Autónoma de Galicia";"Galicia";"11";"Galicia";"32";"Ourense";27/06/2023;;
"2";"IGP";"136";"Pemento de Mougán";"PGI-ES-1133";"1";"Alimentarios";"6";"CLASE 1.6. FRUTAS, HORTALIZAS Y CEREALES FRESCOS O TRANSFORMADOS";"14";"1.6 Hortalizas";"11";"Comunidad Autónoma de Galicia";"Galicia";"11";"Galicia";"27";"Lugo";27/06/2023;;
"2";"IGP";"137";"Castaña de Galicia";"PGI-ES-0609";"1";"Alimentarios";"6";"CLASE 1.6. FRUTAS, HORTALIZAS Y CEREALES FRESCOS O TRANSFORMADOS";"19";"1.6 Otros vegetales (frutos secos)";"11";"Comunidad Autónoma de Galicia";"Galicia";"11";"Galicia";"15";"A Coruña";27/06/2023;;
"2";"IGP";"137";"Castaña de Galicia";"PGI-ES-0609";"1";"Alimentarios";"6";"CLASE 1.6. FRUTAS, HORTALIZAS Y CEREALES FRESCOS O TRANSFORMADOS";"19";"1.6 Otros vegetales (frutos secos)";"11";"Comunidad Autónoma de Galicia";"Galicia";"11";"Galicia";"27";"Lugo";27/06/2023;;
"2";"IGP";"137";"Castaña de Galicia";"PGI-ES-0609";"1";"Alimentarios";"6";"CLASE 1.6. FRUTAS, HORTALIZAS Y CEREALES FRESCOS O TRANSFORMADOS";"19";"1.6 Otros vegetales (frutos secos)";"11";"Comunidad Autónoma de Galicia";"Galicia";"11";"Galicia";"32";"Ourense";27/06/2023;;
"2";"IGP";"137";"Castaña de Galicia";"PGI-ES-0609";"1";"Alimentarios";"6";"CLASE 1.6. FRUTAS, HORTALIZAS Y CEREALES FRESCOS O TRANSFORMADOS";"19";"1.6 Otros vegetales (frutos secos)";"11";"Comunidad Autónoma de Galicia";"Galicia";"11";"Galicia";"36";"Pontevedra";27/06/2023;;
"2";"IGP";"138";"Faba de Lourenzá";"PGI-ES-0480";"1";"Alimentarios";"6";"CLASE 1.6. FRUTAS, HORTALIZAS Y CEREALES FRESCOS O TRANSFORMADOS";"15";"1.6 Legumbres";"11";"Comunidad Autónoma de Galicia";"Galicia";"11";"Galicia";"27";"Lugo";27/06/2023;;
"2";"IGP";"140";"Miel de Galicia / Mel de Galicia";"PGI-ES-0278";"1";"Alimentarios";"4";"CLASE 1.4. OTROS PRODUCTOS DE ORIGEN ANIMAL";"10";"1.4 Miel";"11";"Comunidad Autónoma de Galicia";"Galicia";"11";"Galicia";"15";"A Coruña";27/06/2023;;
"2";"IGP";"140";"Miel de Galicia / Mel de Galicia";"PGI-ES-0278";"1";"Alimentarios";"4";"CLASE 1.4. OTROS PRODUCTOS DE ORIGEN ANIMAL";"10";"1.4 Miel";"11";"Comunidad Autónoma de Galicia";"Galicia";"11";"Galicia";"27";"Lugo";27/06/2023;;
"2";"IGP";"140";"Miel de Galicia / Mel de Galicia";"PGI-ES-0278";"1";"Alimentarios";"4";"CLASE 1.4. OTROS PRODUCTOS DE ORIGEN ANIMAL";"10";"1.4 Miel";"11";"Comunidad Autónoma de Galicia";"Galicia";"11";"Galicia";"32";"Ourense";27/06/2023;;
"2";"IGP";"140";"Miel de Galicia / Mel de Galicia";"PGI-ES-0278";"1";"Alimentarios";"4";"CLASE 1.4. OTROS PRODUCTOS DE ORIGEN ANIMAL";"10";"1.4 Miel";"11";"Comunidad Autónoma de Galicia";"Galicia";"11";"Galicia";"36";"Pontevedra";27/06/2023;;
"2";"IGP";"141";"Lacón Gallego";"PGI-ES-0104";"1";"Alimentarios";"2";"CLASE 1.2. PRODUCTOS CÁRNICOS";"8";"1.2 Otros productos cárnicos";"11";"Comunidad Autónoma de Galicia";"Galicia";"11";"Galicia";"15";"A Coruña";27/06/2023;;
"2";"IGP";"141";"Lacón Gallego";"PGI-ES-0104";"1";"Alimentarios";"2";"CLASE 1.2. PRODUCTOS CÁRNICOS";"8";"1.2 Otros productos cárnicos";"11";"Comunidad Autónoma de Galicia";"Galicia";"11";"Galicia";"27";"Lugo";27/06/2023;;
"2";"IGP";"141";"Lacón Gallego";"PGI-ES-0104";"1";"Alimentarios";"2";"CLASE 1.2. PRODUCTOS CÁRNICOS";"8";"1.2 Otros productos cárnicos";"11";"Comunidad Autónoma de Galicia";"Galicia";"11";"Galicia";"32";"Ourense";27/06/2023;;
"2";"IGP";"141";"Lacón Gallego";"PGI-ES-0104";"1";"Alimentarios";"2";"CLASE 1.2. PRODUCTOS CÁRNICOS";"8";"1.2 Otros productos cárnicos";"11";"Comunidad Autónoma de Galicia";"Galicia";"11";"Galicia";"36";"Pontevedra";27/06/2023;;
"2";"IGP";"142";"Pan de Cea";"PGI-ES-0310";"1";"Alimentarios";"9";"CLASE 2.3. PRODUCTOS DE PANADERÍA, PASTELERÍA, REPOSTERÍA Y GALLETERÍA";"27";"2.3 Panes";"11";"Comunidad Autónoma de Galicia";"Galicia";"11";"Galicia";"32";"Ourense";27/06/2023;;
"2";"IGP";"143";"Tarta de Santiago";"PGI-ES-0616";"1";"Alimentarios";"9";"CLASE 2.3. PRODUCTOS DE PANADERÍA, PASTELERÍA, REPOSTERÍA Y GALLETERÍA";"28";"2.3 Productos de pastelería y repostería";"11";"Comunidad Autónoma de Galicia";"Galicia";"11";"Galicia";"15";"A Coruña";27/06/2023;;
"2";"IGP";"143";"Tarta de Santiago";"PGI-ES-0616";"1";"Alimentarios";"9";"CLASE 2.3. PRODUCTOS DE PANADERÍA, PASTELERÍA, REPOSTERÍA Y GALLETERÍA";"28";"2.3 Productos de pastelería y repostería";"11";"Comunidad Autónoma de Galicia";"Galicia";"11";"Galicia";"27";"Lugo";27/06/2023;;
"2";"IGP";"143";"Tarta de Santiago";"PGI-ES-0616";"1";"Alimentarios";"9";"CLASE 2.3. PRODUCTOS DE PANADERÍA, PASTELERÍA, REPOSTERÍA Y GALLETERÍA";"28";"2.3 Productos de pastelería y repostería";"11";"Comunidad Autónoma de Galicia";"Galicia";"11";"Galicia";"32";"Ourense";27/06/2023;;
"2";"IGP";"143";"Tarta de Santiago";"PGI-ES-0616";"1";"Alimentarios";"9";"CLASE 2.3. PRODUCTOS DE PANADERÍA, PASTELERÍA, REPOSTERÍA Y GALLETERÍA";"28";"2.3 Productos de pastelería y repostería";"11";"Comunidad Autónoma de Galicia";"Galicia";"11";"Galicia";"36";"Pontevedra";27/06/2023;;
"2";"IGP";"149";"Chorizo Riojano";"PGI-ES-0654";"1";"Alimentarios";"2";"CLASE 1.2. PRODUCTOS CÁRNICOS";"7";"1.2 Embutidos";"16";"Comunidad Autónoma de La Rioja";"La Rioja";"17";"La Rioja";"26";"La Rioja";27/06/2023;;
"2";"IGP";"150";"Coliflor de Calahorra";"PGI-ES-0268";"1";"Alimentarios";"6";"CLASE 1.6. FRUTAS, HORTALIZAS Y CEREALES FRESCOS O TRANSFORMADOS";"14";"1.6 Hortalizas";"16";"Comunidad Autónoma de La Rioja";"La Rioja";"17";"La Rioja";"26";"La Rioja";27/06/2023;;
"2";"IGP";"151";"Pimiento Riojano";"PGI-ES-0275";"1";"Alimentarios";"6";"CLASE 1.6. FRUTAS, HORTALIZAS Y CEREALES FRESCOS O TRANSFORMADOS";"14";"1.6 Hortalizas";"16";"Comunidad Autónoma de La Rioja";"La Rioja";"17";"La Rioja";"26";"La Rioja";27/06/2023;;
"2";"IGP";"154";"Carne de la Sierra de Guadarrama";"PGI-ES-0124";"1";"Alimentarios";"1";"CLASE 1.1. CARNES FRESCAS";"2";"1.1 Vacuno";"12";"Comunidad de Madrid";"Madrid";"12";"Madrid";"28";"Madrid";27/06/2023;;
"2";"IGP";"159";"Cordero Manchego";"PGI-ES-0047";"1";"Alimentarios";"1";"CLASE 1.1. CARNES FRESCAS";"3";"1.1 Ovino";"07";"Comunidad Autónoma de Castilla-La Mancha";"Castilla - La Mancha";"6";"Castilla - La Mancha";"02";"Albacete";27/06/2023;;
"2";"IGP";"159";"Cordero Manchego";"PGI-ES-0047";"1";"Alimentarios";"1";"CLASE 1.1. CARNES FRESCAS";"3";"1.1 Ovino";"07";"Comunidad Autónoma de Castilla-La Mancha";"Castilla - La Mancha";"6";"Castilla - La Mancha";"13";"Ciudad Real";27/06/2023;;
"2";"IGP";"159";"Cordero Manchego";"PGI-ES-0047";"1";"Alimentarios";"1";"CLASE 1.1. CARNES FRESCAS";"3";"1.1 Ovino";"07";"Comunidad Autónoma de Castilla-La Mancha";"Castilla - La Mancha";"6";"Castilla - La Mancha";"16";"Cuenca";27/06/2023;;
"2";"IGP";"159";"Cordero Manchego";"PGI-ES-0047";"1";"Alimentarios";"1";"CLASE 1.1. CARNES FRESCAS";"3";"1.1 Ovino";"07";"Comunidad Autónoma de Castilla-La Mancha";"Castilla - La Mancha";"6";"Castilla - La Mancha";"45";"Toledo";27/06/2023;;
"2";"IGP";"161";"Berenjena de Almagro";"PGI-ES-0011";"1";"Alimentarios";"6";"CLASE 1.6. FRUTAS, HORTALIZAS Y CEREALES FRESCOS O TRANSFORMADOS";"14";"1.6 Hortalizas";"07";"Comunidad Autónoma de Castilla-La Mancha";"Castilla - La Mancha";"6";"Castilla - La Mancha";"13";"Ciudad Real";27/06/2023;;
"2";"IGP";"162";"Ajo Morado de Las Pedroñeras";"PGI-ES-0228";"1";"Alimentarios";"6";"CLASE 1.6. FRUTAS, HORTALIZAS Y CEREALES FRESCOS O TRANSFORMADOS";"14";"1.6 Hortalizas";"07";"Comunidad Autónoma de Castilla-La Mancha";"Castilla - La Mancha";"6";"Castilla - La Mancha";"02";"Albacete";27/06/2023;;
"2";"IGP";"162";"Ajo Morado de Las Pedroñeras";"PGI-ES-0228";"1";"Alimentarios";"6";"CLASE 1.6. FRUTAS, HORTALIZAS Y CEREALES FRESCOS O TRANSFORMADOS";"14";"1.6 Hortalizas";"07";"Comunidad Autónoma de Castilla-La Mancha";"Castilla - La Mancha";"6";"Castilla - La Mancha";"13";"Ciudad Real";27/06/2023;;
"2";"IGP";"162";"Ajo Morado de Las Pedroñeras";"PGI-ES-0228";"1";"Alimentarios";"6";"CLASE 1.6. FRUTAS, HORTALIZAS Y CEREALES FRESCOS O TRANSFORMADOS";"14";"1.6 Hortalizas";"07";"Comunidad Autónoma de Castilla-La Mancha";"Castilla - La Mancha";"6";"Castilla - La Mancha";"16";"Cuenca";27/06/2023;;
"2";"IGP";"162";"Ajo Morado de Las Pedroñeras";"PGI-ES-0228";"1";"Alimentarios";"6";"CLASE 1.6. FRUTAS, HORTALIZAS Y CEREALES FRESCOS O TRANSFORMADOS";"14";"1.6 Hortalizas";"07";"Comunidad Autónoma de Castilla-La Mancha";"Castilla - La Mancha";"6";"Castilla - La Mancha";"45";"Toledo";27/06/2023;;
"2";"IGP";"163";"Melón de La Mancha";"PGI-ES-0511";"1";"Alimentarios";"6";"CLASE 1.6. FRUTAS, HORTALIZAS Y CEREALES FRESCOS O TRANSFORMADOS";"13";"1.6 Frutas";"07";"Comunidad Autónoma de Castilla-La Mancha";"Castilla - La Mancha";"6";"Castilla - La Mancha";"13";"Ciudad Real";27/06/2023;;
"2";"IGP";"165";"Mazapán de Toledo";"PGI-ES-0291";"1";"Alimentarios";"9";"CLASE 2.3. PRODUCTOS DE PANADERÍA, PASTELERÍA, REPOSTERÍA Y GALLETERÍA";"28";"2.3 Productos de pastelería y repostería";"07";"Comunidad Autónoma de Castilla-La Mancha";"Castilla - La Mancha";"6";"Castilla - La Mancha";"45";"Toledo";27/06/2023;;
"2";"IGP";"166";"Pan de Cruz de Ciudad Real";"PGI-ES-0608";"1";"Alimentarios";"9";"CLASE 2.3. PRODUCTOS DE PANADERÍA, PASTELERÍA, REPOSTERÍA Y GALLETERÍA";"27";"2.3 Panes";"07";"Comunidad Autónoma de Castilla-La Mancha";"Castilla - La Mancha";"6";"Castilla - La Mancha";"13";"Ciudad Real";27/06/2023;;
"2";"IGP";"208";"Cebolla de la Mancha";"PGI-ES-02631";"1";"Alimentarios";"6";"CLASE 1.6. FRUTAS, HORTALIZAS Y CEREALES FRESCOS O TRANSFORMADOS";"14";"1.6 Hortalizas";"07";"Comunidad Autónoma de Castilla-La Mancha";"Castilla - La Mancha";"6";"Castilla - La Mancha";"45";"Toledo";01/02/2024;;
"2";"IGP";"208";"Cebolla de la Mancha";"PGI-ES-02631";"1";"Alimentarios";"6";"CLASE 1.6. FRUTAS, HORTALIZAS Y CEREALES FRESCOS O TRANSFORMADOS";"14";"1.6 Hortalizas";"07";"Comunidad Autónoma de Castilla-La Mancha";"Castilla - La Mancha";"6";"Castilla - La Mancha";"19";"Guadalajara";01/02/2024;;
"2";"IGP";"208";"Cebolla de la Mancha";"PGI-ES-02631";"1";"Alimentarios";"6";"CLASE 1.6. FRUTAS, HORTALIZAS Y CEREALES FRESCOS O TRANSFORMADOS";"14";"1.6 Hortalizas";"07";"Comunidad Autónoma de Castilla-La Mancha";"Castilla - La Mancha";"6";"Castilla - La Mancha";"16";"Cuenca";01/02/2024;;
"2";"IGP";"208";"Cebolla de la Mancha";"PGI-ES-02631";"1";"Alimentarios";"6";"CLASE 1.6. FRUTAS, HORTALIZAS Y CEREALES FRESCOS O TRANSFORMADOS";"14";"1.6 Hortalizas";"07";"Comunidad Autónoma de Castilla-La Mancha";"Castilla - La Mancha";"6";"Castilla - La Mancha";"13";"Ciudad Real";01/02/2024;;
"2";"IGP";"208";"Cebolla de la Mancha";"PGI-ES-02631";"1";"Alimentarios";"6";"CLASE 1.6. FRUTAS, HORTALIZAS Y CEREALES FRESCOS O TRANSFORMADOS";"14";"1.6 Hortalizas";"07";"Comunidad Autónoma de Castilla-La Mancha";"Castilla - La Mancha";"6";"Castilla - La Mancha";"02";"Albacete";01/02/2024;;
"2";"IGP";"394";"Terras do Navia";"PGI-ES-02787";"3";"Vinos";"21";"VINOS IGP";"45";"VT: “Vino de la Tierra”";"11";"Comunidad Autónoma de Galicia";"Galicia";"11";"Galicia";"27";"Lugo";02/02/2024;;
"2";"IGP";"216";"Melocotón de Cieza";"PGI-ES-02644";"1";"Alimentarios";"6";"CLASE 1.6. FRUTAS, HORTALIZAS Y CEREALES FRESCOS O TRANSFORMADOS";"13";"1.6 Frutas";"13";"Región de Murcia";"Murcia";"14";"Murcia";"30";"Murcia";02/02/2024;;
"2";"IGP";"210";"Cerdo de Teruel";"PGI-ES-2633";"1";"Alimentarios";"1";"CLASE 1.1. CARNES FRESCAS";"31";"1.1 Porcino";"02";"Comunidad Autónoma de Aragón";"Aragón";"2";"Aragón";"44";"Teruel";02/02/2024;;
"2";"IGP";"209";"Vaca de Extremadura";"PGI-ES-02619";"1";"Alimentarios";"1";"CLASE 1.1. CARNES FRESCAS";"2";"1.1 Vacuno";"10";"Comunidad Autónoma de Extremadura";"Extremadura";"10";"Extremadura";"06";"Badajoz";02/02/2024;;
"2";"IGP";"209";"Vaca de Extremadura";"PGI-ES-02619";"1";"Alimentarios";"1";"CLASE 1.1. CARNES FRESCAS";"2";"1.1 Vacuno";"10";"Comunidad Autónoma de Extremadura";"Extremadura";"10";"Extremadura";"10";"Cáceres";02/02/2024;;
"2";"IGP";"388";"Formatge Garrotxa / Queso Garrotxa";"PGI-ES-02876";"1";"Alimentarios";"3";"CLASE 1.3. QUESOS";"9";"1.3 Quesos";"09";"Comunidad Autónoma de Cataluña";"Cataluña";"8";"Cataluña";"08";"Barcelona";02/02/2024;;
"2";"IGP";"388";"Formatge Garrotxa / Queso Garrotxa";"PGI-ES-02876";"1";"Alimentarios";"3";"CLASE 1.3. QUESOS";"9";"1.3 Quesos";"09";"Comunidad Autónoma de Cataluña";"Cataluña";"8";"Cataluña";"17";"Girona";02/02/2024;;
"2";"IGP";"388";"Formatge Garrotxa / Queso Garrotxa";"PGI-ES-02876";"1";"Alimentarios";"3";"CLASE 1.3. QUESOS";"9";"1.3 Quesos";"09";"Comunidad Autónoma de Cataluña";"Cataluña";"8";"Cataluña";"25";"Lleida";02/02/2024;;
"2";"IGP";"388";"Formatge Garrotxa / Queso Garrotxa";"PGI-ES-02876";"1";"Alimentarios";"3";"CLASE 1.3. QUESOS";"9";"1.3 Quesos";"09";"Comunidad Autónoma de Cataluña";"Cataluña";"8";"Cataluña";"43";"Tarragona";02/02/2024;;
"2";"IGP";"384";"Cabrito de Extremadura";"PGI-ES-02796";"1";"Alimentarios";"1";"CLASE 1.1. CARNES FRESCAS";"3";"1.1 Ovino";"10";"Comunidad Autónoma de Extremadura";"Extremadura";"10";"Extremadura";"06";"Badajoz";02/02/2024;;
"2";"IGP";"384";"Cabrito de Extremadura";"PGI-ES-02796";"1";"Alimentarios";"1";"CLASE 1.1. CARNES FRESCAS";"3";"1.1 Ovino";"10";"Comunidad Autónoma de Extremadura";"Extremadura";"10";"Extremadura";"10";"Cáceres";02/02/2024;;
"2";"IGP";"397";"Cochinillo de Segovia";"PGI-ES-02897";"1";"Alimentarios";"1";"CLASE 1.1. CARNES FRESCAS";"31";"1.1 Porcino";"08";"Comunidad Autónoma de Castilla y León";"Castilla y León";"5";"Castilla y León";"05";"Ávila";20/03/2025;;
"2";"IGP";"397";"Cochinillo de Segovia";"PGI-ES-02897";"1";"Alimentarios";"1";"CLASE 1.1. CARNES FRESCAS";"31";"1.1 Porcino";"08";"Comunidad Autónoma de Castilla y León";"Castilla y León";"5";"Castilla y León";"40";"Segovia";20/03/2025;;
"2";"IGP";"396";"Chistorra de Navarra / Nafarroako Txistorra / Txistorra de Navarra";"PGI-ES-02959";"1";"Alimentarios";"2";"CLASE 1.2. PRODUCTOS CÁRNICOS";"7";"1.2 Embutidos";"14";"Comunidad Foral de Navarra";"Navarra";"15";"Navarra";"31";"Navarra";20/03/2025;;
"2";"IGP";"399";"Espárrago Verde de Guadalajara";"PGI-ES-02963";"1";"Alimentarios";"6";"CLASE 1.6. FRUTAS, HORTALIZAS Y CEREALES FRESCOS O TRANSFORMADOS";"14";"1.6 Hortalizas";"07";"Comunidad Autónoma de Castilla-La Mancha";"Castilla-La Mancha";"6";"Castilla - La Mancha";"19";"Guadalajara";20/03/2025;;
"2";"IGP";"407";"Oli de Menorca / Aceite de Menorca";"PGI-ES-03012";"1";"Alimentarios";"5";"CLASE 1.5. ACEITES Y GRASAS";"11";"1.5 Aceites  de Oliva Virgen";"04";"Comunidad Autónoma de Illes Balears";"Baleares";"4";"Baleares";"07";"Illes Balears";20/03/2025;;
"2";"IGP";"63";"Lechazo de Castilla y León";"PGI-ES-0069";"1";"Alimentarios";"1";"CLASE 1.1. CARNES FRESCAS";"3";"1.1 Ovino";"08";"Comunidad Autónoma de Castilla y León";"Castilla y León";"5";"Castilla y León";"05";"Ávila";27/06/2023;;
"2";"IGP";"63";"Lechazo de Castilla y León";"PGI-ES-0069";"1";"Alimentarios";"1";"CLASE 1.1. CARNES FRESCAS";"3";"1.1 Ovino";"08";"Comunidad Autónoma de Castilla y León";"Castilla y León";"5";"Castilla y León";"09";"Burgos";27/06/2023;;
"2";"IGP";"63";"Lechazo de Castilla y León";"PGI-ES-0069";"1";"Alimentarios";"1";"CLASE 1.1. CARNES FRESCAS";"3";"1.1 Ovino";"08";"Comunidad Autónoma de Castilla y León";"Castilla y León";"5";"Castilla y León";"24";"León";27/06/2023;;
"2";"IGP";"63";"Lechazo de Castilla y León";"PGI-ES-0069";"1";"Alimentarios";"1";"CLASE 1.1. CARNES FRESCAS";"3";"1.1 Ovino";"08";"Comunidad Autónoma de Castilla y León";"Castilla y León";"5";"Castilla y León";"34";"Palencia";27/06/2023;;
"2";"IGP";"63";"Lechazo de Castilla y León";"PGI-ES-0069";"1";"Alimentarios";"1";"CLASE 1.1. CARNES FRESCAS";"3";"1.1 Ovino";"08";"Comunidad Autónoma de Castilla y León";"Castilla y León";"5";"Castilla y León";"37";"Salamanca";27/06/2023;;
"2";"IGP";"63";"Lechazo de Castilla y León";"PGI-ES-0069";"1";"Alimentarios";"1";"CLASE 1.1. CARNES FRESCAS";"3";"1.1 Ovino";"08";"Comunidad Autónoma de Castilla y León";"Castilla y León";"5";"Castilla y León";"40";"Segovia";27/06/2023;;
"2";"IGP";"63";"Lechazo de Castilla y León";"PGI-ES-0069";"1";"Alimentarios";"1";"CLASE 1.1. CARNES FRESCAS";"3";"1.1 Ovino";"08";"Comunidad Autónoma de Castilla y León";"Castilla y León";"5";"Castilla y León";"42";"Soria";27/06/2023;;
"2";"IGP";"63";"Lechazo de Castilla y León";"PGI-ES-0069";"1";"Alimentarios";"1";"CLASE 1.1. CARNES FRESCAS";"3";"1.1 Ovino";"08";"Comunidad Autónoma de Castilla y León";"Castilla y León";"5";"Castilla y León";"47";"Valladolid";27/06/2023;;
"2";"IGP";"63";"Lechazo de Castilla y León";"PGI-ES-0069";"1";"Alimentarios";"1";"CLASE 1.1. CARNES FRESCAS";"3";"1.1 Ovino";"08";"Comunidad Autónoma de Castilla y León";"Castilla y León";"5";"Castilla y León";"49";"Zamora";27/06/2023;;
"2";"IGP";"64";"Ternera de Aliste";"PGI-ES-01134";"1";"Alimentarios";"1";"CLASE 1.1. CARNES FRESCAS";"2";"1.1 Vacuno";"08";"Comunidad Autónoma de Castilla y León";"Castilla y León";"5";"Castilla y León";"49";"Zamora";27/06/2023;;
"2";"IGP";"65";"Botillo del Bierzo";"PGI-ES-0138";"1";"Alimentarios";"2";"CLASE 1.2. PRODUCTOS CÁRNICOS";"7";"1.2 Embutidos";"08";"Comunidad Autónoma de Castilla y León";"Castilla y León";"5";"Castilla y León";"24";"León";27/06/2023;;
"2";"IGP";"66";"Chorizo de Cantimpalos";"PGI-ES-0632";"1";"Alimentarios";"2";"CLASE 1.2. PRODUCTOS CÁRNICOS";"7";"1.2 Embutidos";"08";"Comunidad Autónoma de Castilla y León";"Castilla y León";"5";"Castilla y León";"40";"Segovia";27/06/2023;;
"2";"IGP";"67";"Morcilla de Burgos";"PGI-ES-01282";"1";"Alimentarios";"2";"CLASE 1.2. PRODUCTOS CÁRNICOS";"7";"1.2 Embutidos";"08";"Comunidad Autónoma de Castilla y León";"Castilla y León";"5";"Castilla y León";"09";"Burgos";27/06/2023;;
"2";"IGP";"69";"Pimiento Asado del Bierzo";"PGI-ES-0262";"1";"Alimentarios";"6";"CLASE 1.6. FRUTAS, HORTALIZAS Y CEREALES FRESCOS O TRANSFORMADOS";"14";"1.6 Hortalizas";"08";"Comunidad Autónoma de Castilla y León";"Castilla y León";"5";"Castilla y León";"24";"León";27/06/2023;;
"2";"IGP";"70";"Pimiento de Fresno-Benavente";"PGI-ES-0705";"1";"Alimentarios";"6";"CLASE 1.6. FRUTAS, HORTALIZAS Y CEREALES FRESCOS O TRANSFORMADOS";"14";"1.6 Hortalizas";"08";"Comunidad Autónoma de Castilla y León";"Castilla y León";"5";"Castilla y León";"24";"León";27/06/2023;;
"2";"IGP";"70";"Pimiento de Fresno-Benavente";"PGI-ES-0705";"1";"Alimentarios";"6";"CLASE 1.6. FRUTAS, HORTALIZAS Y CEREALES FRESCOS O TRANSFORMADOS";"14";"1.6 Hortalizas";"08";"Comunidad Autónoma de Castilla y León";"Castilla y León";"5";"Castilla y León";"47";"Valladolid";27/06/2023;;
"2";"IGP";"70";"Pimiento de Fresno-Benavente";"PGI-ES-0705";"1";"Alimentarios";"6";"CLASE 1.6. FRUTAS, HORTALIZAS Y CEREALES FRESCOS O TRANSFORMADOS";"14";"1.6 Hortalizas";"08";"Comunidad Autónoma de Castilla y León";"Castilla y León";"5";"Castilla y León";"49";"Zamora";27/06/2023;;
"2";"IGP";"71";"Alubia de La Bañeza-León";"PGI-ES-0492";"1";"Alimentarios";"6";"CLASE 1.6. FRUTAS, HORTALIZAS Y CEREALES FRESCOS O TRANSFORMADOS";"15";"1.6 Legumbres";"08";"Comunidad Autónoma de Castilla y León";"Castilla y León";"5";"Castilla y León";"24";"León";27/06/2023;;
"2";"IGP";"71";"Alubia de La Bañeza-León";"PGI-ES-0492";"1";"Alimentarios";"6";"CLASE 1.6. FRUTAS, HORTALIZAS Y CEREALES FRESCOS O TRANSFORMADOS";"15";"1.6 Legumbres";"08";"Comunidad Autónoma de Castilla y León";"Castilla y León";"5";"Castilla y León";"49";"Zamora";27/06/2023;;
"2";"IGP";"72";"Garbanzo de Fuentesaúco";"PGI-ES-0264";"1";"Alimentarios";"6";"CLASE 1.6. FRUTAS, HORTALIZAS Y CEREALES FRESCOS O TRANSFORMADOS";"15";"1.6 Legumbres";"08";"Comunidad Autónoma de Castilla y León";"Castilla y León";"5";"Castilla y León";"49";"Zamora";27/06/2023;;
"2";"IGP";"73";"Judías de El Barco de Ávila";"PGI-ES-0101";"1";"Alimentarios";"6";"CLASE 1.6. FRUTAS, HORTALIZAS Y CEREALES FRESCOS O TRANSFORMADOS";"15";"1.6 Legumbres";"08";"Comunidad Autónoma de Castilla y León";"Castilla y León";"5";"Castilla y León";"05";"Ávila";27/06/2023;;
"2";"IGP";"73";"Judías de El Barco de Ávila";"PGI-ES-0101";"1";"Alimentarios";"6";"CLASE 1.6. FRUTAS, HORTALIZAS Y CEREALES FRESCOS O TRANSFORMADOS";"15";"1.6 Legumbres";"08";"Comunidad Autónoma de Castilla y León";"Castilla y León";"5";"Castilla y León";"37";"Salamanca";27/06/2023;;
"2";"IGP";"74";"Lenteja de La Armuña";"PGI-ES-0102";"1";"Alimentarios";"6";"CLASE 1.6. FRUTAS, HORTALIZAS Y CEREALES FRESCOS O TRANSFORMADOS";"15";"1.6 Legumbres";"08";"Comunidad Autónoma de Castilla y León";"Castilla y León";"5";"Castilla y León";"37";"Salamanca";27/06/2023;;
"2";"IGP";"75";"Lenteja de Tierra de Campos";"PGI-ES-0313";"1";"Alimentarios";"6";"CLASE 1.6. FRUTAS, HORTALIZAS Y CEREALES FRESCOS O TRANSFORMADOS";"15";"1.6 Legumbres";"08";"Comunidad Autónoma de Castilla y León";"Castilla y León";"5";"Castilla y León";"24";"León";27/06/2023;;
"2";"IGP";"75";"Lenteja de Tierra de Campos";"PGI-ES-0313";"1";"Alimentarios";"6";"CLASE 1.6. FRUTAS, HORTALIZAS Y CEREALES FRESCOS O TRANSFORMADOS";"15";"1.6 Legumbres";"08";"Comunidad Autónoma de Castilla y León";"Castilla y León";"5";"Castilla y León";"34";"Palencia";27/06/2023;;
"2";"IGP";"75";"Lenteja de Tierra de Campos";"PGI-ES-0313";"1";"Alimentarios";"6";"CLASE 1.6. FRUTAS, HORTALIZAS Y CEREALES FRESCOS O TRANSFORMADOS";"15";"1.6 Legumbres";"08";"Comunidad Autónoma de Castilla y León";"Castilla y León";"5";"Castilla y León";"47";"Valladolid";27/06/2023;;
"2";"IGP";"75";"Lenteja de Tierra de Campos";"PGI-ES-0313";"1";"Alimentarios";"6";"CLASE 1.6. FRUTAS, HORTALIZAS Y CEREALES FRESCOS O TRANSFORMADOS";"15";"1.6 Legumbres";"08";"Comunidad Autónoma de Castilla y León";"Castilla y León";"5";"Castilla y León";"49";"Zamora";27/06/2023;;
"2";"IGP";"77";"Cecina de León";"PGI-ES-0103";"1";"Alimentarios";"2";"CLASE 1.2. PRODUCTOS CÁRNICOS";"8";"1.2 Otros productos cárnicos";"08";"Comunidad Autónoma de Castilla y León";"Castilla y León";"5";"Castilla y León";"24";"León";27/06/2023;;
"2";"IGP";"78";"Mantecadas de Astorga";"PGI-ES-0311";"1";"Alimentarios";"9";"CLASE 2.3. PRODUCTOS DE PANADERÍA, PASTELERÍA, REPOSTERÍA Y GALLETERÍA";"28";"2.3 Productos de pastelería y repostería";"08";"Comunidad Autónoma de Castilla y León";"Castilla y León";"5";"Castilla y León";"24";"León";27/06/2023;;
"2";"IGP";"80";"Queso de Valdeón";"PGI-ES-0267";"1";"Alimentarios";"3";"CLASE 1.3. QUESOS";"9";"1.3 Quesos";"08";"Comunidad Autónoma de Castilla y León";"Castilla y León";"5";"Castilla y León";"24";"León";27/06/2023;;
"2";"IGP";"81";"Gofio Canario";"PGI-ES-0942";"1";"Alimentarios";"6";"CLASE 1.6. FRUTAS, HORTALIZAS Y CEREALES FRESCOS O TRANSFORMADOS";"18";"1.6 Cereales frescos o transformados";"05";"Comunidad Autónoma de Canarias";"Canarias";"7";"Canarias";"35";"Las Palmas";27/06/2023;;
"2";"IGP";"81";"Gofio Canario";"PGI-ES-0942";"1";"Alimentarios";"6";"CLASE 1.6. FRUTAS, HORTALIZAS Y CEREALES FRESCOS O TRANSFORMADOS";"18";"1.6 Cereales frescos o transformados";"05";"Comunidad Autónoma de Canarias";"Canarias";"7";"Canarias";"38";"Santa Cruz de Tenerife";27/06/2023;;
"2";"IGP";"83";"Plátano de Canarias";"PGI-ES-0867";"1";"Alimentarios";"6";"CLASE 1.6. FRUTAS, HORTALIZAS Y CEREALES FRESCOS O TRANSFORMADOS";"13";"1.6 Frutas";"05";"Comunidad Autónoma de Canarias";"Canarias";"7";"Canarias";"35";"Las Palmas";27/06/2023;;
"2";"IGP";"83";"Plátano de Canarias";"PGI-ES-0867";"1";"Alimentarios";"6";"CLASE 1.6. FRUTAS, HORTALIZAS Y CEREALES FRESCOS O TRANSFORMADOS";"13";"1.6 Frutas";"05";"Comunidad Autónoma de Canarias";"Canarias";"7";"Canarias";"38";"Santa Cruz de Tenerife";27/06/2023;;
"2";"IGP";"89";"Carne de Cantabria";"PGI-ES-0185";"1";"Alimentarios";"1";"CLASE 1.1. CARNES FRESCAS";"2";"1.1 Vacuno";"06";"Comunidad Autónoma de Cantabria";"Cantabria";"18";"Cantabria";"39";"Cantabria";27/06/2023;;
"2";"IGP";"91";"Sobao Pasiego";"PGI-ES-0478";"1";"Alimentarios";"9";"CLASE 2.3. PRODUCTOS DE PANADERÍA, PASTELERÍA, REPOSTERÍA Y GALLETERÍA";"28";"2.3 Productos de pastelería y repostería";"06";"Comunidad Autónoma de Cantabria";"Cantabria";"18";"Cantabria";"39";"Cantabria";27/06/2023;;
"2";"IGP";"101";"Gall del Penedès";"PGI-ES-01308";"1";"Alimentarios";"1";"CLASE 1.1. CARNES FRESCAS";"1";"1.1 Aves de corral";"09";"Comunidad Autónoma de Cataluña";"Cataluña";"8";"Cataluña";"08";"Barcelona";27/06/2023;;
"2";"IGP";"101";"Gall del Penedès";"PGI-ES-01308";"1";"Alimentarios";"1";"CLASE 1.1. CARNES FRESCAS";"1";"1.1 Aves de corral";"09";"Comunidad Autónoma de Cataluña";"Cataluña";"8";"Cataluña";"43";"Tarragona";27/06/2023;;
"2";"IGP";"102";"Pollo y Capón del Prat";"PGI-ES-0095";"1";"Alimentarios";"1";"CLASE 1.1. CARNES FRESCAS";"1";"1.1 Aves de corral";"09";"Comunidad Autónoma de Cataluña";"Cataluña";"8";"Cataluña";"08";"Barcelona";27/06/2023;;
"2";"IGP";"103";"Ternera de los Pirineos Catalanes / Vedella dels Pirineus Catalans / Vedell des Pyrénées Catalanes";"PGI-ES+FR-1042";"1";"Alimentarios";"1";"CLASE 1.1. CARNES FRESCAS";"2";"1.1 Vacuno";"09";"Comunidad Autónoma de Cataluña";"Cataluña";"8";"Cataluña";"08";"Barcelona";27/06/2023;;
"2";"IGP";"103";"Ternera de los Pirineos Catalanes / Vedella dels Pirineus Catalans / Vedell des Pyrénées Catalanes";"PGI-ES+FR-1042";"1";"Alimentarios";"1";"CLASE 1.1. CARNES FRESCAS";"2";"1.1 Vacuno";"09";"Comunidad Autónoma de Cataluña";"Cataluña";"8";"Cataluña";"17";"Girona";27/06/2023;;
"2";"IGP";"103";"Ternera de los Pirineos Catalanes / Vedella dels Pirineus Catalans / Vedell des Pyrénées Catalanes";"PGI-ES+FR-1042";"1";"Alimentarios";"1";"CLASE 1.1. CARNES FRESCAS";"2";"1.1 Vacuno";"09";"Comunidad Autónoma de Cataluña";"Cataluña";"8";"Cataluña";"25";"Lleida";27/06/2023;;
"2";"IGP";"104";"Salchichón de Vic / Llonganissa de Vic";"PGI-ES-0119";"1";"Alimentarios";"2";"CLASE 1.2. PRODUCTOS CÁRNICOS";"7";"1.2 Embutidos";"09";"Comunidad Autónoma de Cataluña";"Cataluña";"8";"Cataluña";"08";"Barcelona";27/06/2023;;
"2";"IGP";"105";"Calçot de Valls";"PGI-ES-0171";"1";"Alimentarios";"6";"CLASE 1.6. FRUTAS, HORTALIZAS Y CEREALES FRESCOS O TRANSFORMADOS";"14";"1.6 Hortalizas";"09";"Comunidad Autónoma de Cataluña";"Cataluña";"8";"Cataluña";"43";"Tarragona";27/06/2023;;
"2";"IGP";"106";"Patatas de Prades / Patates de Prades";"PGI-ES-0232";"1";"Alimentarios";"6";"CLASE 1.6. FRUTAS, HORTALIZAS Y CEREALES FRESCOS O TRANSFORMADOS";"14";"1.6 Hortalizas";"09";"Comunidad Autónoma de Cataluña";"Cataluña";"8";"Cataluña";"43";"Tarragona";27/06/2023;;
"2";"IGP";"109";"Clementinas de las Tierras del Ebro / Clementines de les Terres de l'Ebre";"PGI-ES-0173";"1";"Alimentarios";"6";"CLASE 1.6. FRUTAS, HORTALIZAS Y CEREALES FRESCOS O TRANSFORMADOS";"13";"1.6 Frutas";"09";"Comunidad Autónoma de Cataluña";"Cataluña";"8";"Cataluña";"43";"Tarragona";27/06/2023;;
"2";"IGP";"110";"Manzana de Girona / Poma de Girona";"PGI-ES-0154";"1";"Alimentarios";"6";"CLASE 1.6. FRUTAS, HORTALIZAS Y CEREALES FRESCOS O TRANSFORMADOS";"13";"1.6 Frutas";"09";"Comunidad Autónoma de Cataluña";"Cataluña";"8";"Cataluña";"17";"Girona";27/06/2023;;
"2";"IGP";"114";"Pa de Pagès Català";"PGI-ES-0880";"1";"Alimentarios";"9";"CLASE 2.3. PRODUCTOS DE PANADERÍA, PASTELERÍA, REPOSTERÍA Y GALLETERÍA";"27";"2.3 Panes";"09";"Comunidad Autónoma de Cataluña";"Cataluña";"8";"Cataluña";"08";"Barcelona";27/06/2023;;
"2";"IGP";"114";"Pa de Pagès Català";"PGI-ES-0880";"1";"Alimentarios";"9";"CLASE 2.3. PRODUCTOS DE PANADERÍA, PASTELERÍA, REPOSTERÍA Y GALLETERÍA";"27";"2.3 Panes";"09";"Comunidad Autónoma de Cataluña";"Cataluña";"8";"Cataluña";"17";"Girona";27/06/2023;;
"2";"IGP";"114";"Pa de Pagès Català";"PGI-ES-0880";"1";"Alimentarios";"9";"CLASE 2.3. PRODUCTOS DE PANADERÍA, PASTELERÍA, REPOSTERÍA Y GALLETERÍA";"27";"2.3 Panes";"09";"Comunidad Autónoma de Cataluña";"Cataluña";"8";"Cataluña";"25";"Lleida";27/06/2023;;
"2";"IGP";"114";"Pa de Pagès Català";"PGI-ES-0880";"1";"Alimentarios";"9";"CLASE 2.3. PRODUCTOS DE PANADERÍA, PASTELERÍA, REPOSTERÍA Y GALLETERÍA";"27";"2.3 Panes";"09";"Comunidad Autónoma de Cataluña";"Cataluña";"8";"Cataluña";"43";"Tarragona";27/06/2023;;
"2";"IGP";"115";"Turrón de Agramunt / Torró d'Agramunt";"PGI-ES-0167";"1";"Alimentarios";"9";"CLASE 2.3. PRODUCTOS DE PANADERÍA, PASTELERÍA, REPOSTERÍA Y GALLETERÍA";"26";"2.3  Turrones";"09";"Comunidad Autónoma de Cataluña";"Cataluña";"8";"Cataluña";"25";"Lleida";27/06/2023;;
"2";"IGP";"119";"Cordero de Extremadura";"PGI-ES-0725";"1";"Alimentarios";"1";"CLASE 1.1. CARNES FRESCAS";"3";"1.1 Ovino";"10";"Comunidad Autónoma de Extremadura";"Extremadura";"10";"Extremadura";"06";"Badajoz";27/06/2023;;
"2";"IGP";"119";"Cordero de Extremadura";"PGI-ES-0725";"1";"Alimentarios";"1";"CLASE 1.1. CARNES FRESCAS";"3";"1.1 Ovino";"10";"Comunidad Autónoma de Extremadura";"Extremadura";"10";"Extremadura";"10";"Cáceres";27/06/2023;;
"2";"IGP";"120";"Ternera de Extremadura";"PGI-ES-0220";"1";"Alimentarios";"1";"CLASE 1.1. CARNES FRESCAS";"2";"1.1 Vacuno";"10";"Comunidad Autónoma de Extremadura";"Extremadura";"10";"Extremadura";"06";"Badajoz";27/06/2023;;
"2";"IGP";"120";"Ternera de Extremadura";"PGI-ES-0220";"1";"Alimentarios";"1";"CLASE 1.1. CARNES FRESCAS";"2";"1.1 Vacuno";"10";"Comunidad Autónoma de Extremadura";"Extremadura";"10";"Extremadura";"10";"Cáceres";27/06/2023;;
"2";"IGP";"128";"Capón de Vilalba";"PGI-ES-01355";"1";"Alimentarios";"1";"CLASE 1.1. CARNES FRESCAS";"1";"1.1 Aves de corral";"11";"Comunidad Autónoma de Galicia";"Galicia";"11";"Galicia";"27";"Lugo";27/06/2023;;
"2";"IGP";"129";"Ternera Gallega";"PGI-ES-0012";"1";"Alimentarios";"1";"CLASE 1.1. CARNES FRESCAS";"2";"1.1 Vacuno";"11";"Comunidad Autónoma de Galicia";"Galicia";"11";"Galicia";"15";"A Coruña";27/06/2023;;
"2";"IGP";"129";"Ternera Gallega";"PGI-ES-0012";"1";"Alimentarios";"1";"CLASE 1.1. CARNES FRESCAS";"2";"1.1 Vacuno";"11";"Comunidad Autónoma de Galicia";"Galicia";"11";"Galicia";"27";"Lugo";27/06/2023;;
"2";"IGP";"129";"Ternera Gallega";"PGI-ES-0012";"1";"Alimentarios";"1";"CLASE 1.1. CARNES FRESCAS";"2";"1.1 Vacuno";"11";"Comunidad Autónoma de Galicia";"Galicia";"11";"Galicia";"32";"Ourense";27/06/2023;;
"2";"IGP";"129";"Ternera Gallega";"PGI-ES-0012";"1";"Alimentarios";"1";"CLASE 1.1. CARNES FRESCAS";"2";"1.1 Vacuno";"11";"Comunidad Autónoma de Galicia";"Galicia";"11";"Galicia";"36";"Pontevedra";27/06/2023;;
"2";"IGP";"130";"Grelos de Galicia";"PGI-ES-0469";"1";"Alimentarios";"6";"CLASE 1.6. FRUTAS, HORTALIZAS Y CEREALES FRESCOS O TRANSFORMADOS";"14";"1.6 Hortalizas";"11";"Comunidad Autónoma de Galicia";"Galicia";"11";"Galicia";"15";"A Coruña";27/06/2023;;
"2";"IGP";"130";"Grelos de Galicia";"PGI-ES-0469";"1";"Alimentarios";"6";"CLASE 1.6. FRUTAS, HORTALIZAS Y CEREALES FRESCOS O TRANSFORMADOS";"14";"1.6 Hortalizas";"11";"Comunidad Autónoma de Galicia";"Galicia";"11";"Galicia";"27";"Lugo";27/06/2023;;
"2";"IGP";"130";"Grelos de Galicia";"PGI-ES-0469";"1";"Alimentarios";"6";"CLASE 1.6. FRUTAS, HORTALIZAS Y CEREALES FRESCOS O TRANSFORMADOS";"14";"1.6 Hortalizas";"11";"Comunidad Autónoma de Galicia";"Galicia";"11";"Galicia";"32";"Ourense";27/06/2023;;
"2";"IGP";"2";"Cordero Segureño";"PGI-ES-0871";"1";"Alimentarios";"1";"CLASE 1.1. CARNES FRESCAS";"3";"1.1 Ovino";"07";"Comunidad Autónoma de Castilla-La Mancha";"Andalucía, Castilla - La Mancha, Murcia";"20";"Supraautonómica";"02";"Albacete";27/06/2023;;
"2";"IGP";"2";"Cordero Segureño";"PGI-ES-0871";"1";"Alimentarios";"1";"CLASE 1.1. CARNES FRESCAS";"3";"1.1 Ovino";"01";"Comunidad Autónoma de Andalucía";"Andalucía, Castilla - La Mancha, Murcia";"20";"Supraautonómica";"04";"Almería";27/06/2023;;
"2";"IGP";"2";"Cordero Segureño";"PGI-ES-0871";"1";"Alimentarios";"1";"CLASE 1.1. CARNES FRESCAS";"3";"1.1 Ovino";"01";"Comunidad Autónoma de Andalucía";"Andalucía, Castilla - La Mancha, Murcia";"20";"Supraautonómica";"18";"Granada";27/06/2023;;
"2";"IGP";"2";"Cordero Segureño";"PGI-ES-0871";"1";"Alimentarios";"1";"CLASE 1.1. CARNES FRESCAS";"3";"1.1 Ovino";"01";"Comunidad Autónoma de Andalucía";"Andalucía, Castilla - La Mancha, Murcia";"20";"Supraautonómica";"23";"Jaén";27/06/2023;;
"2";"IGP";"2";"Cordero Segureño";"PGI-ES-0871";"1";"Alimentarios";"1";"CLASE 1.1. CARNES FRESCAS";"3";"1.1 Ovino";"13";"Región de Murcia";"Andalucía, Castilla - La Mancha, Murcia";"20";"Supraautonómica";"30";"Murcia";27/06/2023;;
"2";"IGP";"3";"Carne de Ávila";"PGI-ES-0093";"1";"Alimentarios";"1";"CLASE 1.1. CARNES FRESCAS";"2";"1.1 Vacuno";"08";"Comunidad Autónoma de Castilla y León";"Andalucía, Aragón, Castilla - La Mancha, Castilla y León, Extremadura, La Rioja, Madrid";"20";"Supraautonómica";"05";"Ávila";27/06/2023;;
"2";"IGP";"3";"Carne de Ávila";"PGI-ES-0093";"1";"Alimentarios";"1";"CLASE 1.1. CARNES FRESCAS";"2";"1.1 Vacuno";"10";"Comunidad Autónoma de Extremadura";"Andalucía, Aragón, Castilla - La Mancha, Castilla y León, Extremadura, La Rioja, Madrid";"20";"Supraautonómica";"06";"Badajoz";27/06/2023;;
"2";"IGP";"3";"Carne de Ávila";"PGI-ES-0093";"1";"Alimentarios";"1";"CLASE 1.1. CARNES FRESCAS";"2";"1.1 Vacuno";"08";"Comunidad Autónoma de Castilla y León";"Andalucía, Aragón, Castilla - La Mancha, Castilla y León, Extremadura, La Rioja, Madrid";"20";"Supraautonómica";"09";"Burgos";27/06/2023;;
"2";"IGP";"3";"Carne de Ávila";"PGI-ES-0093";"1";"Alimentarios";"1";"CLASE 1.1. CARNES FRESCAS";"2";"1.1 Vacuno";"10";"Comunidad Autónoma de Extremadura";"Andalucía, Aragón, Castilla - La Mancha, Castilla y León, Extremadura, La Rioja, Madrid";"20";"Supraautonómica";"10";"Cáceres";27/06/2023;;
"2";"IGP";"3";"Carne de Ávila";"PGI-ES-0093";"1";"Alimentarios";"1";"CLASE 1.1. CARNES FRESCAS";"2";"1.1 Vacuno";"07";"Comunidad Autónoma de Castilla-La Mancha";"Andalucía, Aragón, Castilla - La Mancha, Castilla y León, Extremadura, La Rioja, Madrid";"20";"Supraautonómica";"13";"Ciudad Real";27/06/2023;;
"2";"IGP";"3";"Carne de Ávila";"PGI-ES-0093";"1";"Alimentarios";"1";"CLASE 1.1. CARNES FRESCAS";"2";"1.1 Vacuno";"01";"Comunidad Autónoma de Andalucía";"Andalucía, Aragón, Castilla - La Mancha, Castilla y León, Extremadura, La Rioja, Madrid";"20";"Supraautonómica";"14";"Córdoba";27/06/2023;;
"2";"IGP";"3";"Carne de Ávila";"PGI-ES-0093";"1";"Alimentarios";"1";"CLASE 1.1. CARNES FRESCAS";"2";"1.1 Vacuno";"07";"Comunidad Autónoma de Castilla-La Mancha";"Andalucía, Aragón, Castilla - La Mancha, Castilla y León, Extremadura, La Rioja, Madrid";"20";"Supraautonómica";"19";"Guadalajara";27/06/2023;;
"2";"IGP";"3";"Carne de Ávila";"PGI-ES-0093";"1";"Alimentarios";"1";"CLASE 1.1. CARNES FRESCAS";"2";"1.1 Vacuno";"01";"Comunidad Autónoma de Andalucía";"Andalucía, Aragón, Castilla - La Mancha, Castilla y León, Extremadura, La Rioja, Madrid";"20";"Supraautonómica";"21";"Huelva";27/06/2023;;
"2";"IGP";"3";"Carne de Ávila";"PGI-ES-0093";"1";"Alimentarios";"1";"CLASE 1.1. CARNES FRESCAS";"2";"1.1 Vacuno";"01";"Comunidad Autónoma de Andalucía";"Andalucía, Aragón, Castilla - La Mancha, Castilla y León, Extremadura, La Rioja, Madrid";"20";"Supraautonómica";"23";"Jaén";27/06/2023;;
"2";"IGP";"3";"Carne de Ávila";"PGI-ES-0093";"1";"Alimentarios";"1";"CLASE 1.1. CARNES FRESCAS";"2";"1.1 Vacuno";"08";"Comunidad Autónoma de Castilla y León";"Andalucía, Aragón, Castilla - La Mancha, Castilla y León, Extremadura, La Rioja, Madrid";"20";"Supraautonómica";"24";"León";27/06/2023;;
"2";"IGP";"3";"Carne de Ávila";"PGI-ES-0093";"1";"Alimentarios";"1";"CLASE 1.1. CARNES FRESCAS";"2";"1.1 Vacuno";"12";"Comunidad de Madrid";"Andalucía, Aragón, Castilla - La Mancha, Castilla y León, Extremadura, La Rioja, Madrid";"20";"Supraautonómica";"28";"Madrid";27/06/2023;;
"2";"IGP";"3";"Carne de Ávila";"PGI-ES-0093";"1";"Alimentarios";"1";"CLASE 1.1. CARNES FRESCAS";"2";"1.1 Vacuno";"08";"Comunidad Autónoma de Castilla y León";"Andalucía, Aragón, Castilla - La Mancha, Castilla y León, Extremadura, La Rioja, Madrid";"20";"Supraautonómica";"34";"Palencia";27/06/2023;;
"2";"IGP";"3";"Carne de Ávila";"PGI-ES-0093";"1";"Alimentarios";"1";"CLASE 1.1. CARNES FRESCAS";"2";"1.1 Vacuno";"16";"Comunidad Autónoma de La Rioja";"Andalucía, Aragón, Castilla - La Mancha, Castilla y León, Extremadura, La Rioja, Madrid";"20";"Supraautonómica";"26";"La Rioja";27/06/2023;;
"2";"IGP";"3";"Carne de Ávila";"PGI-ES-0093";"1";"Alimentarios";"1";"CLASE 1.1. CARNES FRESCAS";"2";"1.1 Vacuno";"08";"Comunidad Autónoma de Castilla y León";"Andalucía, Aragón, Castilla - La Mancha, Castilla y León, Extremadura, La Rioja, Madrid";"20";"Supraautonómica";"37";"Salamanca";27/06/2023;;
"2";"IGP";"3";"Carne de Ávila";"PGI-ES-0093";"1";"Alimentarios";"1";"CLASE 1.1. CARNES FRESCAS";"2";"1.1 Vacuno";"08";"Comunidad Autónoma de Castilla y León";"Andalucía, Aragón, Castilla - La Mancha, Castilla y León, Extremadura, La Rioja, Madrid";"20";"Supraautonómica";"40";"Segovia";27/06/2023;;
"2";"IGP";"3";"Carne de Ávila";"PGI-ES-0093";"1";"Alimentarios";"1";"CLASE 1.1. CARNES FRESCAS";"2";"1.1 Vacuno";"01";"Comunidad Autónoma de Andalucía";"Andalucía, Aragón, Castilla - La Mancha, Castilla y León, Extremadura, La Rioja, Madrid";"20";"Supraautonómica";"41";"Sevilla";27/06/2023;;
"2";"IGP";"3";"Carne de Ávila";"PGI-ES-0093";"1";"Alimentarios";"1";"CLASE 1.1. CARNES FRESCAS";"2";"1.1 Vacuno";"08";"Comunidad Autónoma de Castilla y León";"Andalucía, Aragón, Castilla - La Mancha, Castilla y León, Extremadura, La Rioja, Madrid";"20";"Supraautonómica";"42";"Soria";27/06/2023;;
"2";"IGP";"3";"Carne de Ávila";"PGI-ES-0093";"1";"Alimentarios";"1";"CLASE 1.1. CARNES FRESCAS";"2";"1.1 Vacuno";"02";"Comunidad Autónoma de Aragón";"Andalucía, Aragón, Castilla - La Mancha, Castilla y León, Extremadura, La Rioja, Madrid";"20";"Supraautonómica";"44";"Teruel";27/06/2023;;
"2";"IGP";"3";"Carne de Ávila";"PGI-ES-0093";"1";"Alimentarios";"1";"CLASE 1.1. CARNES FRESCAS";"2";"1.1 Vacuno";"07";"Comunidad Autónoma de Castilla-La Mancha";"Andalucía, Aragón, Castilla - La Mancha, Castilla y León, Extremadura, La Rioja, Madrid";"20";"Supraautonómica";"45";"Toledo";27/06/2023;;
"2";"IGP";"3";"Carne de Ávila";"PGI-ES-0093";"1";"Alimentarios";"1";"CLASE 1.1. CARNES FRESCAS";"2";"1.1 Vacuno";"08";"Comunidad Autónoma de Castilla y León";"Andalucía, Aragón, Castilla - La Mancha, Castilla y León, Extremadura, La Rioja, Madrid";"20";"Supraautonómica";"47";"Valladolid";27/06/2023;;
"2";"IGP";"3";"Carne de Ávila";"PGI-ES-0093";"1";"Alimentarios";"1";"CLASE 1.1. CARNES FRESCAS";"2";"1.1 Vacuno";"08";"Comunidad Autónoma de Castilla y León";"Andalucía, Aragón, Castilla - La Mancha, Castilla y León, Extremadura, La Rioja, Madrid";"20";"Supraautonómica";"49";"Zamora";27/06/2023;;
"2";"IGP";"4";"Espárrago de Navarra";"PGI-ES-0098";"1";"Alimentarios";"6";"CLASE 1.6. FRUTAS, HORTALIZAS Y CEREALES FRESCOS O TRANSFORMADOS";"14";"1.6 Hortalizas";"02";"Comunidad Autónoma de Aragón";"Aragón, La Rioja, Navarra";"20";"Supraautonómica";"22";"Huesca";27/06/2023;;
"2";"IGP";"4";"Espárrago de Navarra";"PGI-ES-0098";"1";"Alimentarios";"6";"CLASE 1.6. FRUTAS, HORTALIZAS Y CEREALES FRESCOS O TRANSFORMADOS";"14";"1.6 Hortalizas";"14";"Comunidad Foral de Navarra";"Aragón, La Rioja, Navarra";"20";"Supraautonómica";"31";"Navarra";27/06/2023;;
"2";"IGP";"4";"Espárrago de Navarra";"PGI-ES-0098";"1";"Alimentarios";"6";"CLASE 1.6. FRUTAS, HORTALIZAS Y CEREALES FRESCOS O TRANSFORMADOS";"14";"1.6 Hortalizas";"16";"Comunidad Autónoma de La Rioja";"Aragón, La Rioja, Navarra";"20";"Supraautonómica";"26";"La Rioja";27/06/2023;;
"2";"IGP";"4";"Espárrago de Navarra";"PGI-ES-0098";"1";"Alimentarios";"6";"CLASE 1.6. FRUTAS, HORTALIZAS Y CEREALES FRESCOS O TRANSFORMADOS";"14";"1.6 Hortalizas";"02";"Comunidad Autónoma de Aragón";"Aragón, La Rioja, Navarra";"20";"Supraautonómica";"50";"Zaragoza";27/06/2023;;
"2";"IGP";"7";"Queso Los Beyos";"PGI-ES-0806";"1";"Alimentarios";"3";"CLASE 1.3. QUESOS";"9";"1.3 Quesos";"03";"Principado de Asturias";"Asturias, Castilla y León";"20";"Supraautonómica";"33";"Asturias";27/06/2023;;
"2";"IGP";"7";"Queso Los Beyos";"PGI-ES-0806";"1";"Alimentarios";"3";"CLASE 1.3. QUESOS";"9";"1.3 Quesos";"08";"Comunidad Autónoma de Castilla y León";"Asturias, Castilla y León";"20";"Supraautonómica";"24";"León";27/06/2023;;
"2";"IGP";"21";"Tomate La Cañada";"PGI-ES-0664";"1";"Alimentarios";"6";"CLASE 1.6. FRUTAS, HORTALIZAS Y CEREALES FRESCOS O TRANSFORMADOS";"14";"1.6 Hortalizas";"01";"Comunidad Autónoma de Andalucía";"Andalucía";"1";"Andalucía";"04";"Almería";27/06/2023;;
"2";"IGP";"22";"Espárrago de Huétor-Tájar";"PGI-ES-0056";"1";"Alimentarios";"6";"CLASE 1.6. FRUTAS, HORTALIZAS Y CEREALES FRESCOS O TRANSFORMADOS";"14";"1.6 Hortalizas";"01";"Comunidad Autónoma de Andalucía";"Andalucía";"1";"Andalucía";"18";"Granada";27/06/2023;;
"2";"IGP";"26";"Jamón de Trevélez";"PGI-ES-0309";"1";"Alimentarios";"2";"CLASE 1.2. PRODUCTOS CÁRNICOS";"5";"1.2 Jamones no ibéricos";"01";"Comunidad Autónoma de Andalucía";"Andalucía";"1";"Andalucía";"18";"Granada";27/06/2023;;
"2";"IGP";"28";"Jamón de Serón";"PGI-ES-1052";"1";"Alimentarios";"2";"CLASE 1.2. PRODUCTOS CÁRNICOS";"5";"1.2 Jamones no ibéricos";"01";"Comunidad Autónoma de Andalucía";"Andalucía";"1";"Andalucía";"04";"Almería";27/06/2023;;
"2";"IGP";"29";"Garbanzo de Escacena";"PGI-ES-0945";"1";"Alimentarios";"6";"CLASE 1.6. FRUTAS, HORTALIZAS Y CEREALES FRESCOS O TRANSFORMADOS";"15";"1.6 Legumbres";"01";"Comunidad Autónoma de Andalucía";"Andalucía";"1";"Andalucía";"21";"Huelva";27/06/2023;;
"2";"IGP";"29";"Garbanzo de Escacena";"PGI-ES-0945";"1";"Alimentarios";"6";"CLASE 1.6. FRUTAS, HORTALIZAS Y CEREALES FRESCOS O TRANSFORMADOS";"15";"1.6 Legumbres";"01";"Comunidad Autónoma de Andalucía";"Andalucía";"1";"Andalucía";"41";"Sevilla";27/06/2023;;
"2";"IGP";"30";"Caballa de Andalucia";"PGI-ES-0281";"1";"Alimentarios";"7";"CLASE 1.7. PESCADOS, MOLUSCOS, Y CRUSTÁCEOS FRESCOS Y PRODUCTOS DERIVADOS DE ELLOS";"20";"1.7 Pescados";"01";"Comunidad Autónoma de Andalucía";"Andalucía";"1";"Andalucía";"04";"Almería";27/06/2023;;
"2";"IGP";"30";"Caballa de Andalucia";"PGI-ES-0281";"1";"Alimentarios";"7";"CLASE 1.7. PESCADOS, MOLUSCOS, Y CRUSTÁCEOS FRESCOS Y PRODUCTOS DERIVADOS DE ELLOS";"20";"1.7 Pescados";"01";"Comunidad Autónoma de Andalucía";"Andalucía";"1";"Andalucía";"11";"Cádiz";27/06/2023;;
"2";"IGP";"30";"Caballa de Andalucia";"PGI-ES-0281";"1";"Alimentarios";"7";"CLASE 1.7. PESCADOS, MOLUSCOS, Y CRUSTÁCEOS FRESCOS Y PRODUCTOS DERIVADOS DE ELLOS";"20";"1.7 Pescados";"01";"Comunidad Autónoma de Andalucía";"Andalucía";"1";"Andalucía";"18";"Granada";27/06/2023;;
"2";"IGP";"30";"Caballa de Andalucia";"PGI-ES-0281";"1";"Alimentarios";"7";"CLASE 1.7. PESCADOS, MOLUSCOS, Y CRUSTÁCEOS FRESCOS Y PRODUCTOS DERIVADOS DE ELLOS";"20";"1.7 Pescados";"01";"Comunidad Autónoma de Andalucía";"Andalucía";"1";"Andalucía";"21";"Huelva";27/06/2023;;
"2";"IGP";"30";"Caballa de Andalucia";"PGI-ES-0281";"1";"Alimentarios";"7";"CLASE 1.7. PESCADOS, MOLUSCOS, Y CRUSTÁCEOS FRESCOS Y PRODUCTOS DERIVADOS DE ELLOS";"20";"1.7 Pescados";"01";"Comunidad Autónoma de Andalucía";"Andalucía";"1";"Andalucía";"29";"Málaga";27/06/2023;;
"2";"IGP";"31";"Melva de Andalucia";"PGI-ES-0280";"1";"Alimentarios";"7";"CLASE 1.7. PESCADOS, MOLUSCOS, Y CRUSTÁCEOS FRESCOS Y PRODUCTOS DERIVADOS DE ELLOS";"20";"1.7 Pescados";"01";"Comunidad Autónoma de Andalucía";"Andalucía";"1";"Andalucía";"04";"Almería";27/06/2023;;
"2";"IGP";"31";"Melva de Andalucia";"PGI-ES-0280";"1";"Alimentarios";"7";"CLASE 1.7. PESCADOS, MOLUSCOS, Y CRUSTÁCEOS FRESCOS Y PRODUCTOS DERIVADOS DE ELLOS";"20";"1.7 Pescados";"01";"Comunidad Autónoma de Andalucía";"Andalucía";"1";"Andalucía";"11";"Cádiz";27/06/2023;;
"2";"IGP";"31";"Melva de Andalucia";"PGI-ES-0280";"1";"Alimentarios";"7";"CLASE 1.7. PESCADOS, MOLUSCOS, Y CRUSTÁCEOS FRESCOS Y PRODUCTOS DERIVADOS DE ELLOS";"20";"1.7 Pescados";"01";"Comunidad Autónoma de Andalucía";"Andalucía";"1";"Andalucía";"18";"Granada";27/06/2023;;
"2";"IGP";"31";"Melva de Andalucia";"PGI-ES-0280";"1";"Alimentarios";"7";"CLASE 1.7. PESCADOS, MOLUSCOS, Y CRUSTÁCEOS FRESCOS Y PRODUCTOS DERIVADOS DE ELLOS";"20";"1.7 Pescados";"01";"Comunidad Autónoma de Andalucía";"Andalucía";"1";"Andalucía";"21";"Huelva";27/06/2023;;
"2";"IGP";"31";"Melva de Andalucia";"PGI-ES-0280";"1";"Alimentarios";"7";"CLASE 1.7. PESCADOS, MOLUSCOS, Y CRUSTÁCEOS FRESCOS Y PRODUCTOS DERIVADOS DE ELLOS";"20";"1.7 Pescados";"01";"Comunidad Autónoma de Andalucía";"Andalucía";"1";"Andalucía";"29";"Málaga";27/06/2023;;
"2";"IGP";"32";"Mojama de Barbate";"PGI-ES-01210";"1";"Alimentarios";"7";"CLASE 1.7. PESCADOS, MOLUSCOS, Y CRUSTÁCEOS FRESCOS Y PRODUCTOS DERIVADOS DE ELLOS";"20";"1.7 Pescados";"01";"Comunidad Autónoma de Andalucía";"Andalucía";"1";"Andalucía";"11";"Cádiz";27/06/2023;;
"2";"IGP";"33";"Mojama de Isla Cristina";"PGI-ES-01211";"1";"Alimentarios";"7";"CLASE 1.7. PESCADOS, MOLUSCOS, Y CRUSTÁCEOS FRESCOS Y PRODUCTOS DERIVADOS DE ELLOS";"20";"1.7 Pescados";"01";"Comunidad Autónoma de Andalucía";"Andalucía";"1";"Andalucía";"21";"Huelva";27/06/2023;;
"2";"IGP";"35";"Alfajor de Medina Sidonia";"PGI-ES-0346";"1";"Alimentarios";"9";"CLASE 2.3. PRODUCTOS DE PANADERÍA, PASTELERÍA, REPOSTERÍA Y GALLETERÍA";"28";"2.3 Productos de pastelería y repostería";"01";"Comunidad Autónoma de Andalucía";"Andalucía";"1";"Andalucía";"11";"Cádiz";27/06/2023;;
"2";"IGP";"36";"Mantecados de Estepa";"PGI-ES-0761";"1";"Alimentarios";"9";"CLASE 2.3. PRODUCTOS DE PANADERÍA, PASTELERÍA, REPOSTERÍA Y GALLETERÍA";"28";"2.3 Productos de pastelería y repostería";"01";"Comunidad Autónoma de Andalucía";"Andalucía";"1";"Andalucía";"41";"Sevilla";27/06/2023;;
"2";"IGP";"37";"Pan de Alfacar";"PGI-ES-0890";"1";"Alimentarios";"9";"CLASE 2.3. PRODUCTOS DE PANADERÍA, PASTELERÍA, REPOSTERÍA Y GALLETERÍA";"27";"2.3 Panes";"01";"Comunidad Autónoma de Andalucía";"Andalucía";"1";"Andalucía";"18";"Granada";27/06/2023;;
"2";"IGP";"38";"Polvorones de Estepa";"PGI-ES-01218";"1";"Alimentarios";"9";"CLASE 2.3. PRODUCTOS DE PANADERÍA, PASTELERÍA, REPOSTERÍA Y GALLETERÍA";"28";"2.3 Productos de pastelería y repostería";"01";"Comunidad Autónoma de Andalucía";"Andalucía";"1";"Andalucía";"41";"Sevilla";27/06/2023;;
"2";"IGP";"44";"Ternasco de Aragón";"PGI-ES-0096";"1";"Alimentarios";"1";"CLASE 1.1. CARNES FRESCAS";"3";"1.1 Ovino";"02";"Comunidad Autónoma de Aragón";"Aragón";"2";"Aragón";"22";"Huesca";27/06/2023;;
"2";"IGP";"44";"Ternasco de Aragón";"PGI-ES-0096";"1";"Alimentarios";"1";"CLASE 1.1. CARNES FRESCAS";"3";"1.1 Ovino";"02";"Comunidad Autónoma de Aragón";"Aragón";"2";"Aragón";"44";"Teruel";27/06/2023;;
"2";"IGP";"44";"Ternasco de Aragón";"PGI-ES-0096";"1";"Alimentarios";"1";"CLASE 1.1. CARNES FRESCAS";"3";"1.1 Ovino";"02";"Comunidad Autónoma de Aragón";"Aragón";"2";"Aragón";"50";"Zaragoza";27/06/2023;;
"2";"IGP";"48";"Ternera Asturiana";"PGI-ES-0182";"1";"Alimentarios";"1";"CLASE 1.1. CARNES FRESCAS";"2";"1.1 Vacuno";"03";"Principado de Asturias";"Asturias";"3";"Principado de Asturias";"33";"Asturias";27/06/2023;;
"2";"IGP";"49";"Chosco de Tineo";"PGI-ES-0696";"1";"Alimentarios";"2";"CLASE 1.2. PRODUCTOS CÁRNICOS";"7";"1.2 Embutidos";"03";"Principado de Asturias";"Asturias";"3";"Principado de Asturias";"33";"Asturias";27/06/2023;;
"2";"IGP";"50";"Faba Asturiana";"PGI-ES-0100";"1";"Alimentarios";"6";"CLASE 1.6. FRUTAS, HORTALIZAS Y CEREALES FRESCOS O TRANSFORMADOS";"15";"1.6 Legumbres";"03";"Principado de Asturias";"Asturias";"3";"Principado de Asturias";"33";"Asturias";27/06/2023;;
"2";"IGP";"57";"Sobrasada de Mallorca";"PGI-ES-0097";"1";"Alimentarios";"2";"CLASE 1.2. PRODUCTOS CÁRNICOS";"7";"1.2 Embutidos";"04";"Comunidad Autónoma de Illes Balears";"Baleares";"4";"Baleares";"07";"Illes Balears";27/06/2023;;
"2";"IGP";"59";"Almendra de Mallorca / Almendra Mallorquina / Ametlla de Mallorca / Ametlla Mallorquina";"PGI-ES-1037";"1";"Alimentarios";"6";"CLASE 1.6. FRUTAS, HORTALIZAS Y CEREALES FRESCOS O TRANSFORMADOS";"19";"1.6 Otros vegetales (frutos secos)";"04";"Comunidad Autónoma de Illes Balears";"Baleares";"4";"Baleares";"07";"Illes Balears";27/06/2023;;
"2";"IGP";"60";"Ensaimada de Mallorca / Ensaimada mallorquina";"PGI-ES-0277";"1";"Alimentarios";"9";"CLASE 2.3. PRODUCTOS DE PANADERÍA, PASTELERÍA, REPOSTERÍA Y GALLETERÍA";"28";"2.3 Productos de pastelería y repostería";"04";"Comunidad Autónoma de Illes Balears";"Baleares";"4";"Baleares";"07";"Illes Balears";27/06/2023;;
"2";"IGP";"62";"Carne de Salamanca";"PGI-ES-01174";"1";"Alimentarios";"1";"CLASE 1.1. CARNES FRESCAS";"2";"1.1 Vacuno";"08";"Comunidad Autónoma de Castilla y León";"Castilla y León";"5";"Castilla y León";"37";"Salamanca";27/06/2023;;
"5";"IG";"217";"Ronmiel de Canarias";"PGI-ES-01943";"2";"Espirituosos";"11";"ESPIRITUOSOS";"39";"47. Otras bebidas espirituosas";"05";"Comunidad Autónoma de Canarias";"Canarias";"7";"Canarias";"35";"Las Palmas";27/06/2023;;
"5";"IG";"217";"Ronmiel de Canarias";"PGI-ES-01943";"2";"Espirituosos";"11";"ESPIRITUOSOS";"39";"47. Otras bebidas espirituosas";"05";"Comunidad Autónoma de Canarias";"Canarias";"7";"Canarias";"38";"Santa Cruz de Tenerife";27/06/2023;;
"5";"IG";"218";"Hierbas Ibicencas";"PGI-ES-01973";"2";"Espirituosos";"11";"ESPIRITUOSOS";"36";"25. Bebidas espirituosas anisadas";"04";"Comunidad Autónoma de Illes Balears";"Baleares";"4";"Baleares";"07";"Illes Balears";27/06/2023;;
"5";"IG";"219";"Aguardiente de hierbas de Galicia";"PGI-ES-01913";"2";"Espirituosos";"11";"ESPIRITUOSOS";"39";"47. Otras bebidas espirituosas";"11";"Comunidad Autónoma de Galicia";"Galicia";"11";"Galicia";"15";"A Coruña";27/06/2023;;
"5";"IG";"219";"Aguardiente de hierbas de Galicia";"PGI-ES-01913";"2";"Espirituosos";"11";"ESPIRITUOSOS";"39";"47. Otras bebidas espirituosas";"11";"Comunidad Autónoma de Galicia";"Galicia";"11";"Galicia";"27";"Lugo";27/06/2023;;
"5";"IG";"219";"Aguardiente de hierbas de Galicia";"PGI-ES-01913";"2";"Espirituosos";"11";"ESPIRITUOSOS";"39";"47. Otras bebidas espirituosas";"11";"Comunidad Autónoma de Galicia";"Galicia";"11";"Galicia";"32";"Ourense";27/06/2023;;
"5";"IG";"219";"Aguardiente de hierbas de Galicia";"PGI-ES-01913";"2";"Espirituosos";"11";"ESPIRITUOSOS";"39";"47. Otras bebidas espirituosas";"11";"Comunidad Autónoma de Galicia";"Galicia";"11";"Galicia";"36";"Pontevedra";27/06/2023;;
"5";"IG";"220";"Herbero de la Sierra de Mariola";"PGI-ES-01894";"2";"Espirituosos";"11";"ESPIRITUOSOS";"39";"47. Otras bebidas espirituosas";"17";"Comunidad Valenciana";"Valencia";"19";"Valencia";"03";"Alicante";27/06/2023;;
"5";"IG";"221";"Anís Paloma Monforte del Cid";"PGI-ES-01893";"2";"Espirituosos";"11";"ESPIRITUOSOS";"36";"25. Bebidas espirituosas anisadas";"17";"Comunidad Valenciana";"Valencia";"19";"Valencia";"03";"Alicante";27/06/2023;;
"5";"IG";"222";"Aperitivo Café de Alcoy";"PGI-ES-01891";"2";"Espirituosos";"11";"ESPIRITUOSOS";"39";"47. Otras bebidas espirituosas";"17";"Comunidad Valenciana";"Valencia";"19";"Valencia";"03";"Alicante";27/06/2023;;
"5";"IG";"223";"Cantueso Alicantino";"PGI-ES-01892";"2";"Espirituosos";"11";"ESPIRITUOSOS";"37";"32. Licor";"17";"Comunidad Valenciana";"Valencia";"19";"Valencia";"03";"Alicante";27/06/2023;;
"5";"IG";"224";"Hierbas de Mallorca";"PGI-ES-01869";"2";"Espirituosos";"11";"ESPIRITUOSOS";"36";"25. Bebidas espirituosas anisadas";"04";"Comunidad Autónoma de Illes Balears";"Baleares";"4";"Baleares";"07";"Illes Balears";27/06/2023;;
"5";"IG";"225";"Licor café de Galicia";"PGI-ES-01911";"2";"Espirituosos";"11";"ESPIRITUOSOS";"37";"32. Licor";"11";"Comunidad Autónoma de Galicia";"Galicia";"11";"Galicia";"15";"A Coruña";27/06/2023;;
"5";"IG";"225";"Licor café de Galicia";"PGI-ES-01911";"2";"Espirituosos";"11";"ESPIRITUOSOS";"37";"32. Licor";"11";"Comunidad Autónoma de Galicia";"Galicia";"11";"Galicia";"27";"Lugo";27/06/2023;;
"5";"IG";"225";"Licor café de Galicia";"PGI-ES-01911";"2";"Espirituosos";"11";"ESPIRITUOSOS";"37";"32. Licor";"11";"Comunidad Autónoma de Galicia";"Galicia";"11";"Galicia";"32";"Ourense";27/06/2023;;
"5";"IG";"225";"Licor café de Galicia";"PGI-ES-01911";"2";"Espirituosos";"11";"ESPIRITUOSOS";"37";"32. Licor";"11";"Comunidad Autónoma de Galicia";"Galicia";"11";"Galicia";"36";"Pontevedra";27/06/2023;;
"5";"IG";"226";"Licor de hierbas de Galicia";"PGI-ES-01912";"2";"Espirituosos";"11";"ESPIRITUOSOS";"37";"32. Licor";"11";"Comunidad Autónoma de Galicia";"Galicia";"11";"Galicia";"15";"A Coruña";27/06/2023;;
"5";"IG";"226";"Licor de hierbas de Galicia";"PGI-ES-01912";"2";"Espirituosos";"11";"ESPIRITUOSOS";"37";"32. Licor";"11";"Comunidad Autónoma de Galicia";"Galicia";"11";"Galicia";"27";"Lugo";27/06/2023;;
"5";"IG";"226";"Licor de hierbas de Galicia";"PGI-ES-01912";"2";"Espirituosos";"11";"ESPIRITUOSOS";"37";"32. Licor";"11";"Comunidad Autónoma de Galicia";"Galicia";"11";"Galicia";"32";"Ourense";27/06/2023;;
"5";"IG";"226";"Licor de hierbas de Galicia";"PGI-ES-01912";"2";"Espirituosos";"11";"ESPIRITUOSOS";"37";"32. Licor";"11";"Comunidad Autónoma de Galicia";"Galicia";"11";"Galicia";"36";"Pontevedra";27/06/2023;;
"5";"IG";"227";"Palo de Mallorca";"PGI-ES-01868";"2";"Espirituosos";"11";"ESPIRITUOSOS";"37";"32. Licor";"04";"Comunidad Autónoma de Illes Balears";"Baleares";"4";"Baleares";"07";"Illes Balears";27/06/2023;;
"5";"IG";"228";"Orujo de Galicia";"PGI-ES-01914";"2";"Espirituosos";"11";"ESPIRITUOSOS";"33";"6. Aguardiente de orujo u orujo";"11";"Comunidad Autónoma de Galicia";"Galicia";"11";"Galicia";"15";"A Coruña";27/06/2023;;
"5";"IG";"228";"Orujo de Galicia";"PGI-ES-01914";"2";"Espirituosos";"11";"ESPIRITUOSOS";"33";"6. Aguardiente de orujo u orujo";"11";"Comunidad Autónoma de Galicia";"Galicia";"11";"Galicia";"27";"Lugo";27/06/2023;;
"5";"IG";"228";"Orujo de Galicia";"PGI-ES-01914";"2";"Espirituosos";"11";"ESPIRITUOSOS";"33";"6. Aguardiente de orujo u orujo";"11";"Comunidad Autónoma de Galicia";"Galicia";"11";"Galicia";"32";"Ourense";27/06/2023;;
"5";"IG";"228";"Orujo de Galicia";"PGI-ES-01914";"2";"Espirituosos";"11";"ESPIRITUOSOS";"33";"6. Aguardiente de orujo u orujo";"11";"Comunidad Autónoma de Galicia";"Galicia";"11";"Galicia";"36";"Pontevedra";27/06/2023;;
"5";"IG";"229";"Ratafia catalana";"PGI-ES-01945";"2";"Espirituosos";"11";"ESPIRITUOSOS";"37";"32. Licor";"09";"Comunidad Autónoma de Cataluña";"Cataluña";"8";"Cataluña";"08";"Barcelona";27/06/2023;;
"5";"IG";"229";"Ratafia catalana";"PGI-ES-01945";"2";"Espirituosos";"11";"ESPIRITUOSOS";"37";"32. Licor";"09";"Comunidad Autónoma de Cataluña";"Cataluña";"8";"Cataluña";"17";"Girona";27/06/2023;;
"5";"IG";"229";"Ratafia catalana";"PGI-ES-01945";"2";"Espirituosos";"11";"ESPIRITUOSOS";"37";"32. Licor";"09";"Comunidad Autónoma de Cataluña";"Cataluña";"8";"Cataluña";"25";"Lleida";27/06/2023;;
"5";"IG";"229";"Ratafia catalana";"PGI-ES-01945";"2";"Espirituosos";"11";"ESPIRITUOSOS";"37";"32. Licor";"09";"Comunidad Autónoma de Cataluña";"Cataluña";"8";"Cataluña";"43";"Tarragona";27/06/2023;;
"5";"IG";"230";"Brandy de Jerez";"PGI-ES-01944";"2";"Espirituosos";"11";"ESPIRITUOSOS";"32";"5. Brandy o Weinbrand";"01";"Comunidad Autónoma de Andalucía";"Andalucía";"1";"Andalucía";"11";"Cádiz";27/06/2023;;
"5";"IG";"231";"Aguardiente de sidra de Asturias";"PGI-ES-02058";"2";"Espirituosos";"11";"ESPIRITUOSOS";"34";"10. Aguardiente de sidra y aguardiente de perada";"03";"Principado de Asturias";"Asturias";"3";"Principado de Asturias";"33";"Asturias";27/06/2023;;
"5";"IG";"232";"Brandy del Penedés";"PGI-ES-01946";"2";"Espirituosos";"11";"ESPIRITUOSOS";"32";"5. Brandy o Weinbrand";"09";"Comunidad Autónoma de Cataluña";"Cataluña";"8";"Cataluña";"08";"Barcelona";27/06/2023;;
"5";"IG";"232";"Brandy del Penedés";"PGI-ES-01946";"2";"Espirituosos";"11";"ESPIRITUOSOS";"32";"5. Brandy o Weinbrand";"09";"Comunidad Autónoma de Cataluña";"Cataluña";"8";"Cataluña";"43";"Tarragona";27/06/2023;;
"5";"IG";"233";"Gin de Mahón";"PGI-ES-01953";"2";"Espirituosos";"11";"ESPIRITUOSOS";"35";"19. Bebidas espirituosas aromatizadas con enebro";"04";"Comunidad Autónoma de Illes Balears";"Baleares";"4";"Baleares";"07";"Illes Balears";27/06/2023;;
"5";"IG";"234";"Pacharán navarro";"PGI-ES-01878";"2";"Espirituosos";"11";"ESPIRITUOSOS";"38";"37bis. Bebida espirituosa aromatizada a base de endrinas o pacharán";"14";"Comunidad Foral de Navarra";"Navarra";"15";"Navarra";"31";"Navarra";27/06/2023;;
"5";"IG";"235";"Chinchón";"PGI-ES-02017";"2";"Espirituosos";"11";"ESPIRITUOSOS";"36";"25. Bebidas espirituosas anisadas";"12";"Comunidad de Madrid";"Madrid";"12";"Madrid";"28";"Madrid";27/06/2023;;
"5";"IG";"236";"Vino Naranja del Condado de Huelva";"PGI-ES-02343";"4";"Aromatizados";"20";"VINOS AROMATIZADOS";"40";"Vinos aromatizados";"01";"Comunidad Autónoma de Andalucía";"Andalucía";"1";"Andalucía";"21";"Huelva";27/06/2023;;
